{"type": "FeatureCollection", "features": [{"id": "1", "type": "Feature", "properties": {"cell_id": 1, "row": 1, "col": 2, "cell_area_m2": 10000.0, "building_count": 13.0, "building_area": 863.4200988811873, "building_density": 0.08634200988811873, "mean_building_area": 66.41693068316826, "footprint_cv": 0.5547923035661917, "compactness": 0.7344304742274576, "rectangularity": 0.9992812495013349, "small_bldg_frac": 0.46153846153846156, "mean_nn_dist": 10.009249662912143, "road_density": 284.1008448579471, "road_segments": 8.0, "dist_major_road": 192.39813239729, "blue": 0.1180390003323555, "green": 0.14023300066590308, "red": 0.15595300026237965, "nir": 0.2214779995381832, "swir1": 0.2600199979543686, "ndvi": 0.17520561639219523, "ndbi": 0.08392922490020283, "ndwi": -0.22676880560815335, "vegetation_fraction": 0.03, "impervious_fraction": 0.71, "water_fraction": 0.0, "ndvi_std": 0.09097079631817662, "ndbi_std": 0.06158819140484858, "nir_std": 0.03175097084531011, "open_space_fraction": 0.9136579901118813, "building_irregularity": 0.5547923035661917, "small_building_fraction": 0.46153846153846156, "building_spacing_score": 0.9734423314426492, "footprint_irregularity": 0.26556952577254245, "building_density_norm": 0.041054482680830645, "building_irregularity_norm": 0.2508377753812815, "small_building_fraction_norm": 0.46153846153846156, "building_spacing_norm": 0.9734423314426492, "footprint_irregularity_norm": 0.22207719123599173, "impervious_fraction_norm": 0.71, "ndbi_norm": 0.7488924382361537, "imi": 0.9984720349311829, "built_gate": true, "predicted_class": "informal", "informal_probability": 0.38101659660883924, "confidence": 0.9984720349311829, "explanation": "built-up intensity: 0.75; impervious surface: 0.71; building irregularity: 0.25; building density: 0.04", "year": 2025, "cell_uid": "2025_80.26058_13.11029", "label": "informal"}, "geometry": {"type": "Polygon", "coordinates": [[[419800.0, 1449400.0], [419800.0, 1449500.0], [419900.0, 1449500.0], [419900.0, 1449400.0], [419800.0, 1449400.0]]]}}, {"id": "6", "type": "Feature", "properties": {"cell_id": 6, "row": 1, "col": 7, "cell_area_m2": 9909.382921946235, "building_count": 0.0, "building_area": 0.0, "building_density": 0.0, "mean_building_area": 0.0, "footprint_cv": 0.0, "compactness": 0.0, "rectangularity": 0.0, "small_bldg_frac": 0.0, "mean_nn_dist": 100.0, "road_density": 203.3515154064841, "road_segments": 2.0, "dist_major_road": 532.9752422405891, "blue": 0.08358650043606758, "green": 0.1062185000628233, "red": 0.10972099967300891, "nir": 0.22549999967217446, "swir1": 0.21850000202655792, "ndvi": 0.3454282690957189, "ndbi": -0.01309873590245843, "ndwi": -0.3567426480352879, "vegetation_fraction": 0.31, "impervious_fraction": 0.14, "water_fraction": 0.0, "ndvi_std": 0.1533384966736992, "ndbi_std": 0.0810777789171583, "nir_std": 0.035905762228379164, "open_space_fraction": 1.0, "building_irregularity": 0.0, "small_building_fraction": 0.0, "building_spacing_score": 0.7195837350260872, "footprint_irregularity": 1.0, "building_density_norm": 0.0, "building_irregularity_norm": 0.0, "small_building_fraction_norm": 0.0, "building_spacing_norm": 0.7195837350260872, "footprint_irregularity_norm": 1.0, "impervious_fraction_norm": 0.14, "ndbi_norm": 0.5514945040764211, "imi": 0.009620950557291508, "built_gate": false, "predicted_class": "sparse_low_development", "informal_probability": 0.0, "confidence": 0.9900184869766235, "explanation": "built-up intensity: 0.55; impervious surface: 0.14; building density: 0.00; building irregularity: 0.00", "year": 2025, "cell_uid": "2025_80.26519_13.11030", "label": "sparse_low_development"}, "geometry": {"type": "Polygon", "coordinates": [[[420400.0, 1449400.0], [420300.0, 1449400.0], [420300.0, 1449499.2373508099], [420400.0, 1449498.950307629], [420400.0, 1449400.0]]]}}, {"id": "7", "type": "Feature", "properties": {"cell_id": 7, "row": 1, "col": 8, "cell_area_m2": 9880.678603856359, "building_count": 0.0, "building_area": 0.0, "building_density": 0.0, "mean_building_area": 0.0, "footprint_cv": 0.0, "compactness": 0.0, "rectangularity": 0.0, "small_bldg_frac": 0.0, "mean_nn_dist": 100.0, "road_density": 225.6208683498229, "road_segments": 7.0, "dist_major_road": 457.6345171074846, "blue": 0.0738995000347495, "green": 0.09451899982988834, "red": 0.09649800024926662, "nir": 0.20433199897408486, "swir1": 0.1959019994735718, "ndvi": 0.33985884580761194, "ndbi": -0.0058449228969402614, "ndwi": -0.3474558487534523, "vegetation_fraction": 0.37, "impervious_fraction": 0.33, "water_fraction": 0.0, "ndvi_std": 0.2092594727537556, "ndbi_std": 0.10819278229686122, "nir_std": 0.05213730330632037, "open_space_fraction": 1.0, "building_irregularity": 0.0, "small_building_fraction": 0.0, "building_spacing_score": 0.7195837350260872, "footprint_irregularity": 1.0, "building_density_norm": 0.0, "building_irregularity_norm": 0.0, "small_building_fraction_norm": 0.0, "building_spacing_norm": 0.7195837350260872, "footprint_irregularity_norm": 1.0, "impervious_fraction_norm": 0.33, "ndbi_norm": 0.5662519790375048, "imi": 0.004489827901124954, "built_gate": false, "predicted_class": "sparse_low_development", "informal_probability": 0.0, "confidence": 0.9953664541244507, "explanation": "built-up intensity: 0.57; impervious surface: 0.33; building density: 0.00; building irregularity: 0.00", "year": 2025, "cell_uid": "2025_80.26612_13.11030", "label": "sparse_low_development"}, "geometry": {"type": "Polygon", "coordinates": [[[420500.0, 1449400.0], [420400.0, 1449400.0], [420400.0, 1449498.950307629], [420500.0, 1449498.663264448], [420500.0, 1449400.0]]]}}, {"id": "8", "type": "Feature", "properties": {"cell_id": 8, "row": 1, "col": 9, "cell_area_m2": 9851.974285766482, "building_count": 2.0, "building_area": 119.50492062798632, "building_density": 0.011950492062798633, "mean_building_area": 59.75246031399316, "footprint_cv": 0.14484611636243194, "compactness": 0.7389783371448713, "rectangularity": 0.9996800229060923, "small_bldg_frac": 0.0, "mean_nn_dist": 58.218421180910816, "road_density": 210.90174654526476, "road_segments": 5.0, "dist_major_road": 393.4413640986429, "blue": 0.06853249989449978, "green": 0.0918120001256466, "red": 0.08487149968743324, "nir": 0.2666339989006519, "swir1": 0.20793400168418885, "ndvi": 0.507219897210598, "ndbi": -0.11339754048734903, "ndwi": -0.4756092704832554, "vegetation_fraction": 0.63, "impervious_fraction": 0.06, "water_fraction": 0.0, "ndvi_std": 0.20617860338238292, "ndbi_std": 0.11082213673231926, "nir_std": 0.054090508743627384, "open_space_fraction": 0.9880495079372014, "building_irregularity": 0.14484611636243194, "small_building_fraction": 0.0, "building_spacing_score": 0.8374471033761857, "footprint_irregularity": 0.26102166285512873, "building_density_norm": 0.0056823007717253, "building_irregularity_norm": 0.06548915218798783, "small_building_fraction_norm": 0.0, "building_spacing_norm": 0.8374471033761857, "footprint_irregularity_norm": 0.21726000782825033, "impervious_fraction_norm": 0.06, "ndbi_norm": 0.347442222033562, "imi": 0.00036795713822357357, "built_gate": false, "predicted_class": "sparse_low_development", "informal_probability": 0.0, "confidence": 0.9392688274383545, "explanation": "built-up intensity: 0.35; building irregularity: 0.07; impervious surface: 0.06; building density: 0.01", "year": 2025, "cell_uid": "2025_80.26704_13.11030", "label": "sparse_low_development"}, "geometry": {"type": "Polygon", "coordinates": [[[420600.0, 1449400.0], [420500.0, 1449400.0], [420500.0, 1449498.663264448], [420600.0, 1449498.3762212673], [420600.0, 1449400.0]]]}}, {"id": "9", "type": "Feature", "properties": {"cell_id": 9, "row": 1, "col": 10, "cell_area_m2": 9823.269967688248, "building_count": 0.0, "building_area": 0.0, "building_density": 0.0, "mean_building_area": 0.0, "footprint_cv": 0.0, "compactness": 0.0, "rectangularity": 0.0, "small_bldg_frac": 0.0, "mean_nn_dist": 100.0, "road_density": 204.04374651581247, "road_segments": 2.0, "dist_major_road": 346.64517276913625, "blue": 0.07209000017493963, "green": 0.09563599988818168, "red": 0.08908500015735626, "nir": 0.286336001008749, "swir1": 0.22721399903297423, "ndvi": 0.519734645485878, "ndbi": -0.10847728709690273, "ndwi": -0.4914793902635574, "vegetation_fraction": 0.73, "impervious_fraction": 0.02, "water_fraction": 0.0, "ndvi_std": 0.17786220568594385, "ndbi_std": 0.09170817569133369, "nir_std": 0.04783019634015511, "open_space_fraction": 1.0, "building_irregularity": 0.0, "small_building_fraction": 0.0, "building_spacing_score": 0.7195837350260872, "footprint_irregularity": 1.0, "building_density_norm": 0.0, "building_irregularity_norm": 0.0, "small_building_fraction_norm": 0.0, "building_spacing_norm": 0.7195837350260872, "footprint_irregularity_norm": 1.0, "impervious_fraction_norm": 0.02, "ndbi_norm": 0.3574522010827133, "imi": 0.00013122661039233208, "built_gate": false, "predicted_class": "open_vegetated", "informal_probability": 0.0, "confidence": 0.999582827091217, "explanation": "built-up intensity: 0.36; impervious surface: 0.02; building density: 0.00; building irregularity: 0.00", "year": 2025, "cell_uid": "2025_80.26796_13.11031", "label": "open_vegetated"}, "geometry": {"type": "Polygon", "coordinates": [[[420700.0, 1449400.0], [420600.0, 1449400.0], [420600.0, 1449498.3762212673], [420700.0, 1449498.0891780865], [420700.0, 1449400.0]]]}}, {"id": "10", "type": "Feature", "properties": {"cell_id": 10, "row": 1, "col": 11, "cell_area_m2": 9794.565649610013, "building_count": 0.0, "building_area": 0.0, "building_density": 0.0, "mean_building_area": 0.0, "footprint_cv": 0.0, "compactness": 0.0, "rectangularity": 0.0, "small_bldg_frac": 0.0, "mean_nn_dist": 100.0, "road_density": 204.04374651581247, "road_segments": 2.0, "dist_major_road": 324.85328605651944, "blue": 0.07050699997693301, "green": 0.09391150008887053, "red": 0.08524200025945902, "nir": 0.28959700018167495, "swir1": 0.21363200068473817, "ndvi": 0.5421356928348541, "ndbi": -0.1437739244790282, "ndwi": -0.5040189617872238, "vegetation_fraction": 0.69, "impervious_fraction": 0.04, "water_fraction": 0.0, "ndvi_std": 0.20739440383610475, "ndbi_std": 0.12044860847050558, "nir_std": 0.05198087271451259, "open_space_fraction": 1.0, "building_irregularity": 0.0, "small_building_fraction": 0.0, "building_spacing_score": 0.7195837350260872, "footprint_irregularity": 1.0, "building_density_norm": 0.0, "building_irregularity_norm": 0.0, "small_building_fraction_norm": 0.0, "building_spacing_norm": 0.7195837350260872, "footprint_irregularity_norm": 1.0, "impervious_fraction_norm": 0.04, "ndbi_norm": 0.28564317568036085, "imi": 0.00019268691539764404, "built_gate": false, "predicted_class": "open_vegetated", "informal_probability": 0.0, "confidence": 0.9993873834609985, "explanation": "built-up intensity: 0.29; impervious surface: 0.04; building density: 0.00; building irregularity: 0.00", "year": 2025, "cell_uid": "2025_80.26888_13.11031", "label": "open_vegetated"}, "geometry": {"type": "Polygon", "coordinates": [[[420800.0, 1449400.0], [420700.0, 1449400.0], [420700.0, 1449498.0891780865], [420800.0, 1449497.8021349057], [420800.0, 1449400.0]]]}}, {"id": "11", "type": "Feature", "properties": {"cell_id": 11, "row": 1, "col": 12, "cell_area_m2": 9765.861331531778, "building_count": 0.0, "building_area": 0.0, "building_density": 0.0, "mean_building_area": 0.0, "footprint_cv": 0.0, "compactness": 0.0, "rectangularity": 0.0, "small_bldg_frac": 0.0, "mean_nn_dist": 100.0, "road_density": 103.47038272431004, "road_segments": 2.0, "dist_major_road": 333.0111885604686, "blue": 0.053429999761283396, "green": 0.07742499992251396, "red": 0.06344750018790364, "nir": 0.23901750054210424, "swir1": 0.17143600136041642, "ndvi": 0.5605485437810421, "ndbi": -0.13863610241212881, "ndwi": -0.4732000278681517, "vegetation_fraction": 0.86, "impervious_fraction": 0.01, "water_fraction": 0.0, "ndvi_std": 0.1618256909164458, "ndbi_std": 0.12986771108543224, "nir_std": 0.08719753509952671, "open_space_fraction": 1.0, "building_irregularity": 0.0, "small_building_fraction": 0.0, "building_spacing_score": 0.7195837350260872, "footprint_irregularity": 1.0, "building_density_norm": 0.0, "building_irregularity_norm": 0.0, "small_building_fraction_norm": 0.0, "building_spacing_norm": 0.7195837350260872, "footprint_irregularity_norm": 1.0, "impervious_fraction_norm": 0.01, "ndbi_norm": 0.2960957859763655, "imi": 0.00013122661039233208, "built_gate": false, "predicted_class": "open_vegetated", "informal_probability": 0.0, "confidence": 0.999582827091217, "explanation": "built-up intensity: 0.30; impervious surface: 0.01; building density: 0.00; building irregularity: 0.00", "year": 2025, "cell_uid": "2025_80.26981_13.11031", "label": "open_vegetated"}, "geometry": {"type": "Polygon", "coordinates": [[[420900.0, 1449400.0], [420800.0, 1449400.0], [420800.0, 1449497.8021349057], [420900.0, 1449497.515091725], [420900.0, 1449400.0]]]}}, {"id": "12", "type": "Feature", "properties": {"cell_id": 12, "row": 1, "col": 13, "cell_area_m2": 9737.157013453543, "building_count": 0.0, "building_area": 0.0, "building_density": 0.0, "mean_building_area": 0.0, "footprint_cv": 0.0, "compactness": 0.0, "rectangularity": 0.0, "small_bldg_frac": 0.0, "mean_nn_dist": 100.0, "road_density": 255.8379027192936, "road_segments": 10.0, "dist_major_road": 299.0058191390208, "blue": 0.08291450029239059, "green": 0.1032005000859499, "red": 0.09924599964171649, "nir": 0.21754250183701515, "swir1": 0.19347199887037278, "ndvi": 0.3858743472024798, "ndbi": -0.045508292717859146, "ndwi": -0.34688155457377434, "vegetation_fraction": 0.42, "impervious_fraction": 0.1, "water_fraction": 0.0, "ndvi_std": 0.14346868717116135, "ndbi_std": 0.10787497972896075, "nir_std": 0.08844634666065591, "open_space_fraction": 1.0, "building_irregularity": 0.0, "small_building_fraction": 0.0, "building_spacing_score": 0.7195837350260872, "footprint_irregularity": 1.0, "building_density_norm": 0.0, "building_irregularity_norm": 0.0, "small_building_fraction_norm": 0.0, "building_spacing_norm": 0.7195837350260872, "footprint_irregularity_norm": 1.0, "impervious_fraction_norm": 0.1, "ndbi_norm": 0.48555908185927077, "imi": 0.020095041021704674, "built_gate": false, "predicted_class": "sparse_low_development", "informal_probability": 0.0, "confidence": 0.9796596169471741, "explanation": "built-up intensity: 0.49; impervious surface: 0.10; building density: 0.00; building irregularity: 0.00", "year": 2025, "cell_uid": "2025_80.27073_13.11031", "label": "sparse_low_development"}, "geometry": {"type": "Polygon", "coordinates": [[[421000.0, 1449400.0], [420900.0, 1449400.0], [420900.0, 1449497.515091725], [421000.0, 1449497.2280485441], [421000.0, 1449400.0]]]}}, {"id": "13", "type": "Feature", "properties": {"cell_id": 13, "row": 1, "col": 14, "cell_area_m2": 9708.452695375308, "building_count": 11.0, "building_area": 933.1463658232651, "building_density": 0.09499345624142166, "mean_building_area": 84.831487802115, "footprint_cv": 0.5191357138584797, "compactness": 0.715337360541904, "rectangularity": 0.8704467928841221, "small_bldg_frac": 0.36363636363636365, "mean_nn_dist": 13.52380814348328, "road_density": 407.3345481403088, "road_segments": 4.0, "dist_major_road": 207.52861677289036, "blue": 0.0, "green": 0.0, "red": 0.0, "nir": 0.0, "swir1": 0.0, "ndvi": 0.0, "ndbi": 0.0, "ndwi": 0.0, "vegetation_fraction": 0.0, "impervious_fraction": 0.0, "water_fraction": 0.0, "ndvi_std": 0.0, "ndbi_std": 0.0, "nir_std": 0.0, "open_space_fraction": 0.9050065437585784, "building_irregularity": 0.5191357138584797, "small_building_fraction": 0.36363636363636365, "building_spacing_score": 0.9635279693603275, "footprint_irregularity": 0.284662639458096, "building_density_norm": 0.04516813089142999, "building_irregularity_norm": 0.2347163916085189, "small_building_fraction_norm": 0.36363636363636365, "building_spacing_norm": 0.9635279693603275, "footprint_irregularity_norm": 0.24230098252398272, "impervious_fraction_norm": 0.0, "ndbi_norm": 0.5781431462395603, "imi": 0.968702495098114, "built_gate": true, "predicted_class": "informal", "informal_probability": 0.2660067234550641, "confidence": 0.968702495098114, "explanation": "built-up intensity: 0.58; building irregularity: 0.23; building density: 0.05; impervious surface: 0.00", "year": 2025, "cell_uid": "2025_80.27165_13.11031", "label": "informal"}, "geometry": {"type": "Polygon", "coordinates": [[[421100.0, 1449400.0], [421000.0, 1449400.0], [421000.0, 1449497.2280485441], [421100.0, 1449496.9410053634], [421100.0, 1449400.0]]]}}, {"id": "14", "type": "Feature", "properties": {"cell_id": 14, "row": 1, "col": 15, "cell_area_m2": 9679.748377297074, "building_count": 0.0, "building_area": 0.0, "building_density": 0.0, "mean_building_area": 0.0, "footprint_cv": 0.0, "compactness": 0.0, "rectangularity": 0.0, "small_bldg_frac": 0.0, "mean_nn_dist": 100.0, "road_density": 290.3199053411441, "road_segments": 12.0, "dist_major_road": 116.363424619401, "blue": 0.10752699986100196, "green": 0.12665650025010108, "red": 0.12770300023257733, "nir": 0.25410600036382675, "swir1": 0.24023200035095216, "ndvi": 0.3495845629647374, "ndbi": -0.02609501322498545, "ndwi": -0.34876811619848014, "vegetation_fraction": 0.4, "impervious_fraction": 0.2, "water_fraction": 0.0, "ndvi_std": 0.17449736833605906, "ndbi_std": 0.08409256336804477, "nir_std": 0.03787817369429696, "open_space_fraction": 1.0, "building_irregularity": 0.0, "small_building_fraction": 0.0, "building_spacing_score": 0.7195837350260872, "footprint_irregularity": 1.0, "building_density_norm": 0.0, "building_irregularity_norm": 0.0, "small_building_fraction_norm": 0.0, "building_spacing_norm": 0.7195837350260872, "footprint_irregularity_norm": 1.0, "impervious_fraction_norm": 0.2, "ndbi_norm": 0.5250543081369075, "imi": 0.8631300926208496, "built_gate": false, "predicted_class": "informal", "informal_probability": 0.0, "confidence": 0.8631300926208496, "explanation": "built-up intensity: 0.53; impervious surface: 0.20; building density: 0.00; building irregularity: 0.00", "year": 2025, "cell_uid": "2025_80.27257_13.11031", "label": "informal"}, "geometry": {"type": "Polygon", "coordinates": [[[421200.0, 1449400.0], [421100.0, 1449400.0], [421100.0, 1449496.9410053634], [421200.0, 1449496.6539621826], [421200.0, 1449400.0]]]}}, {"id": "15", "type": "Feature", "properties": {"cell_id": 15, "row": 1, "col": 16, "cell_area_m2": 9651.044059207197, "building_count": 0.0, "building_area": 0.0, "building_density": 0.0, "mean_building_area": 0.0, "footprint_cv": 0.0, "compactness": 0.0, "rectangularity": 0.0, "small_bldg_frac": 0.0, "mean_nn_dist": 100.0, "road_density": 290.1150771017207, "road_segments": 10.0, "dist_major_road": 26.469849192677522, "blue": 0.08865049991756678, "green": 0.10837049961090088, "red": 0.11531150005757809, "nir": 0.22075999915599823, "swir1": 0.22003400027751924, "ndvi": 0.32325294088572265, "ndbi": -0.0012515406687452924, "ndwi": -0.34555815368890763, "vegetation_fraction": 0.29, "impervious_fraction": 0.26, "water_fraction": 0.0, "ndvi_std": 0.15725802767038008, "ndbi_std": 0.08041073759567924, "nir_std": 0.03243383679998867, "open_space_fraction": 1.0, "building_irregularity": 0.0, "small_building_fraction": 0.0, "building_spacing_score": 0.7195837350260872, "footprint_irregularity": 1.0, "building_density_norm": 0.0, "building_irregularity_norm": 0.0, "small_building_fraction_norm": 0.0, "building_spacing_norm": 0.7195837350260872, "footprint_irregularity_norm": 1.0, "impervious_fraction_norm": 0.26, "ndbi_norm": 0.575596957074257, "imi": 0.8815022110939026, "built_gate": false, "predicted_class": "informal", "informal_probability": 0.0, "confidence": 0.8815022110939026, "explanation": "built-up intensity: 0.58; impervious surface: 0.26; building density: 0.00; building irregularity: 0.00", "year": 2025, "cell_uid": "2025_80.27350_13.11031", "label": "informal"}, "geometry": {"type": "Polygon", "coordinates": [[[421300.0, 1449400.0], [421200.0, 1449400.0], [421200.0, 1449496.6539621826], [421300.0, 1449496.3669190016], [421300.0, 1449400.0]]]}}, {"id": "16", "type": "Feature", "properties": {"cell_id": 16, "row": 1, "col": 17, "cell_area_m2": 9622.339741117321, "building_count": 0.0, "building_area": 0.0, "building_density": 0.0, "mean_building_area": 0.0, "footprint_cv": 0.0, "compactness": 0.0, "rectangularity": 0.0, "small_bldg_frac": 0.0, "mean_nn_dist": 100.0, "road_density": 0.0, "road_segments": 0.0, "dist_major_road": 77.06390060144449, "blue": 0.07058499995619058, "green": 0.09357349984347821, "red": 0.09002800039947033, "nir": 0.2417220003902912, "swir1": 0.2072000002861023, "ndvi": 0.44623190551996234, "ndbi": -0.06804413257457781, "ndwi": -0.42991695046424866, "vegetation_fraction": 0.59, "impervious_fraction": 0.12, "water_fraction": 0.0, "ndvi_std": 0.17838744739736714, "ndbi_std": 0.10488023762446247, "nir_std": 0.053351872081296575, "open_space_fraction": 1.0, "building_irregularity": 0.0, "small_building_fraction": 0.0, "building_spacing_score": 0.7195837350260872, "footprint_irregularity": 1.0, "building_density_norm": 0.0, "building_irregularity_norm": 0.0, "small_building_fraction_norm": 0.0, "building_spacing_norm": 0.7195837350260872, "footprint_irregularity_norm": 1.0, "impervious_fraction_norm": 0.12, "ndbi_norm": 0.4397111819810244, "imi": 0.000672453548759222, "built_gate": false, "predicted_class": "sparse_low_development", "informal_probability": 0.0, "confidence": 0.9984708428382874, "explanation": "built-up intensity: 0.44; impervious surface: 0.12; building density: 0.00; building irregularity: 0.00", "year": 2025, "cell_uid": "2025_80.27442_13.11032", "label": "sparse_low_development"}, "geometry": {"type": "Polygon", "coordinates": [[[421400.0, 1449400.0], [421300.0, 1449400.0], [421300.0, 1449496.3669190016], [421400.0, 1449496.0798758208], [421400.0, 1449400.0]]]}}, {"id": "17", "type": "Feature", "properties": {"cell_id": 17, "row": 1, "col": 18, "cell_area_m2": 9593.635423039086, "building_count": 0.0, "building_area": 0.0, "building_density": 0.0, "mean_building_area": 0.0, "footprint_cv": 0.0, "compactness": 0.0, "rectangularity": 0.0, "small_bldg_frac": 0.0, "mean_nn_dist": 100.0, "road_density": 0.0, "road_segments": 0.0, "dist_major_road": 176.57023255416416, "blue": 0.08444499973207713, "green": 0.10566200003027916, "red": 0.10400750052183866, "nir": 0.26195900097489355, "swir1": 0.2327740013599396, "ndvi": 0.42751606479287146, "ndbi": -0.051943806648487224, "ndwi": -0.4182977496087551, "vegetation_fraction": 0.56, "impervious_fraction": 0.1, "water_fraction": 0.0, "ndvi_std": 0.1835670542566714, "ndbi_std": 0.11128201281449349, "nir_std": 0.05321733631267977, "open_space_fraction": 1.0, "building_irregularity": 0.0, "small_building_fraction": 0.0, "building_spacing_score": 0.7195837350260872, "footprint_irregularity": 1.0, "building_density_norm": 0.0, "building_irregularity_norm": 0.0, "small_building_fraction_norm": 0.0, "building_spacing_norm": 0.7195837350260872, "footprint_irregularity_norm": 1.0, "impervious_fraction_norm": 0.1, "ndbi_norm": 0.4724663903850487, "imi": 0.0014144042506814003, "built_gate": false, "predicted_class": "sparse_low_development", "informal_probability": 0.0, "confidence": 0.9983236193656921, "explanation": "built-up intensity: 0.47; impervious surface: 0.10; building density: 0.00; building irregularity: 0.00", "year": 2025, "cell_uid": "2025_80.27534_13.11032", "label": "sparse_low_development"}, "geometry": {"type": "Polygon", "coordinates": [[[421500.0, 1449400.0], [421400.0, 1449400.0], [421400.0, 1449496.0798758208], [421500.0, 1449495.79283264], [421500.0, 1449400.0]]]}}, {"id": "19", "type": "Feature", "properties": {"cell_id": 19, "row": 1, "col": 20, "cell_area_m2": 9536.226786882617, "building_count": 0.0, "building_area": 0.0, "building_density": 0.0, "mean_building_area": 0.0, "footprint_cv": 0.0, "compactness": 0.0, "rectangularity": 0.0, "small_bldg_frac": 0.0, "mean_nn_dist": 100.0, "road_density": 0.0, "road_segments": 0.0, "dist_major_road": 251.34165444094836, "blue": 0.06708549998700619, "green": 0.08811950005590916, "red": 0.0805535002425313, "nir": 0.27651700034737586, "swir1": 0.21381999909877777, "ndvi": 0.5444412348419427, "ndbi": -0.12173545756872045, "ndwi": -0.5097448898851872, "vegetation_fraction": 0.79, "impervious_fraction": 0.06, "water_fraction": 0.0, "ndvi_std": 0.1810934771625837, "ndbi_std": 0.10081824664379427, "nir_std": 0.04787332694382652, "open_space_fraction": 1.0, "building_irregularity": 0.0, "small_building_fraction": 0.0, "building_spacing_score": 0.7195837350260872, "footprint_irregularity": 1.0, "building_density_norm": 0.0, "building_irregularity_norm": 0.0, "small_building_fraction_norm": 0.0, "building_spacing_norm": 0.7195837350260872, "footprint_irregularity_norm": 1.0, "impervious_fraction_norm": 0.06, "ndbi_norm": 0.33047919824699257, "imi": 0.0005797372432425618, "built_gate": false, "predicted_class": "open_vegetated", "informal_probability": 0.0, "confidence": 0.9981568455696106, "explanation": "built-up intensity: 0.33; impervious surface: 0.06; building density: 0.00; building irregularity: 0.00", "year": 2025, "cell_uid": "2025_80.27719_13.11032", "label": "open_vegetated"}, "geometry": {"type": "Polygon", "coordinates": [[[421700.0, 1449400.0], [421600.0, 1449400.0], [421600.0, 1449495.5057894592], [421700.0, 1449495.2187462784], [421700.0, 1449400.0]]]}}, {"id": "20", "type": "Feature", "properties": {"cell_id": 20, "row": 1, "col": 21, "cell_area_m2": 9507.522468804382, "building_count": 0.0, "building_area": 0.0, "building_density": 0.0, "mean_building_area": 0.0, "footprint_cv": 0.0, "compactness": 0.0, "rectangularity": 0.0, "small_bldg_frac": 0.0, "mean_nn_dist": 100.0, "road_density": 0.0, "road_segments": 0.0, "dist_major_road": 152.1004687780118, "blue": 0.06753571434136556, "green": 0.09220714243699094, "red": 0.09743367375007697, "nir": 0.2428551034963861, "swir1": 0.2133663257165831, "ndvi": 0.40943553838498736, "ndbi": -0.05241881486750683, "ndwi": -0.43084603008262967, "vegetation_fraction": 0.6326530612244898, "impervious_fraction": 0.20408163265306123, "water_fraction": 0.0, "ndvi_std": 0.1770172822096938, "ndbi_std": 0.09181007937722067, "nir_std": 0.054631706336583596, "open_space_fraction": 1.0, "building_irregularity": 0.0, "small_building_fraction": 0.0, "building_spacing_score": 0.7195837350260872, "footprint_irregularity": 1.0, "building_density_norm": 0.0, "building_irregularity_norm": 0.0, "small_building_fraction_norm": 0.0, "building_spacing_norm": 0.7195837350260872, "footprint_irregularity_norm": 1.0, "impervious_fraction_norm": 0.20408163265306123, "ndbi_norm": 0.4715000128546163, "imi": 0.0003719843807630241, "built_gate": false, "predicted_class": "sparse_low_development", "informal_probability": 0.0, "confidence": 0.9995906949043274, "explanation": "built-up intensity: 0.47; impervious surface: 0.20; building density: 0.00; building irregularity: 0.00", "year": 2025, "cell_uid": "2025_80.27811_13.11032", "label": "sparse_low_development"}, "geometry": {"type": "Polygon", "coordinates": [[[421800.0, 1449400.0], [421700.0, 1449400.0], [421700.0, 1449495.2187462784], [421800.0, 1449494.9317030977], [421800.0, 1449400.0]]]}}, {"id": "23", "type": "Feature", "properties": {"cell_id": 23, "row": 1, "col": 24, "cell_area_m2": 9421.409514558036, "building_count": 0.0, "building_area": 0.0, "building_density": 0.0, "mean_building_area": 0.0, "footprint_cv": 0.0, "compactness": 0.0, "rectangularity": 0.0, "small_bldg_frac": 0.0, "mean_nn_dist": 100.0, "road_density": 439.6527400172424, "road_segments": 12.0, "dist_major_road": 34.48355918386822, "blue": 0.0, "green": 0.0, "red": 0.0, "nir": 0.0, "swir1": 0.0, "ndvi": 0.0, "ndbi": 0.0, "ndwi": 0.0, "vegetation_fraction": 0.0, "impervious_fraction": 0.0, "water_fraction": 0.0, "ndvi_std": 0.0, "ndbi_std": 0.0, "nir_std": 0.0, "open_space_fraction": 1.0, "building_irregularity": 0.0, "small_building_fraction": 0.0, "building_spacing_score": 0.7195837350260872, "footprint_irregularity": 1.0, "building_density_norm": 0.0, "building_irregularity_norm": 0.0, "small_building_fraction_norm": 0.0, "building_spacing_norm": 0.7195837350260872, "footprint_irregularity_norm": 1.0, "impervious_fraction_norm": 0.0, "ndbi_norm": 0.5781431462395603, "imi": 0.059135839343070984, "built_gate": false, "predicted_class": "sparse_low_development", "informal_probability": 0.0, "confidence": 0.9399369955062866, "explanation": "built-up intensity: 0.58; building density: 0.00; building irregularity: 0.00; impervious surface: 0.00", "year": 2025, "cell_uid": "2025_80.28088_13.11032", "label": "sparse_low_development"}, "geometry": {"type": "Polygon", "coordinates": [[[422100.0, 1449400.0], [422000.0, 1449400.0], [422000.0, 1449494.357616736], [422100.0, 1449494.070573555], [422100.0, 1449400.0]]]}}, {"id": "29", "type": "Feature", "properties": {"cell_id": 29, "row": 1, "col": 30, "cell_area_m2": 9249.183606076986, "building_count": 0.0, "building_area": 0.0, "building_density": 0.0, "mean_building_area": 0.0, "footprint_cv": 0.0, "compactness": 0.0, "rectangularity": 0.0, "small_bldg_frac": 0.0, "mean_nn_dist": 100.0, "road_density": 602.0424534413346, "road_segments": 16.0, "dist_major_road": 129.27984634425152, "blue": 0.12022944440444311, "green": 0.13901944392257268, "red": 0.1618722215294838, "nir": 0.21673333313730028, "swir1": 0.27664888832304213, "ndvi": 0.14878804667128456, "ndbi": 0.12639956082631315, "ndwi": -0.22247686088085175, "vegetation_fraction": 0.03333333333333333, "impervious_fraction": 0.8222222222222222, "water_fraction": 0.0, "ndvi_std": 0.08836971781991487, "ndbi_std": 0.07330426458070802, "nir_std": 0.035122228510454045, "open_space_fraction": 1.0, "building_irregularity": 0.0, "small_building_fraction": 0.0, "building_spacing_score": 0.7195837350260872, "footprint_irregularity": 1.0, "building_density_norm": 0.0, "building_irregularity_norm": 0.0, "small_building_fraction_norm": 0.0, "building_spacing_norm": 0.7195837350260872, "footprint_irregularity_norm": 1.0, "impervious_fraction_norm": 0.8222222222222222, "ndbi_norm": 0.835295950229308, "imi": 0.9927623867988586, "built_gate": false, "predicted_class": "informal", "informal_probability": 0.0, "confidence": 0.9927623867988586, "explanation": "built-up intensity: 0.84; impervious surface: 0.82; building density: 0.00; building irregularity: 0.00", "year": 2025, "cell_uid": "2025_80.28641_13.11033", "label": "informal"}, "geometry": {"type": "Polygon", "coordinates": [[[422700.0, 1449400.0], [422600.0, 1449400.0], [422600.0, 1449492.6353576512], [422700.0, 1449492.3483144704], [422700.0, 1449400.0]]]}}, {"id": "30", "type": "Feature", "properties": {"cell_id": 30, "row": 1, "col": 31, "cell_area_m2": 9220.47928799875, "building_count": 0.0, "building_area": 0.0, "building_density": 0.0, "mean_building_area": 0.0, "footprint_cv": 0.0, "compactness": 0.0, "rectangularity": 0.0, "small_bldg_frac": 0.0, "mean_nn_dist": 100.0, "road_density": 596.4379567145907, "road_segments": 20.0, "dist_major_road": 160.96208791544777, "blue": 0.12240777789718575, "green": 0.13929166686203745, "red": 0.15458333293596904, "nir": 0.22106111082765792, "swir1": 0.27143333355585736, "ndvi": 0.18639795955063568, "ndbi": 0.10566475005147771, "ndwi": -0.23686688455442587, "vegetation_fraction": 0.08888888888888889, "impervious_fraction": 0.6666666666666666, "water_fraction": 0.0, "ndvi_std": 0.11965776417389969, "ndbi_std": 0.06981212434819631, "nir_std": 0.034019495442934665, "open_space_fraction": 1.0, "building_irregularity": 0.0, "small_building_fraction": 0.0, "building_spacing_score": 0.7195837350260872, "footprint_irregularity": 1.0, "building_density_norm": 0.0, "building_irregularity_norm": 0.0, "small_building_fraction_norm": 0.0, "building_spacing_norm": 0.7195837350260872, "footprint_irregularity_norm": 1.0, "impervious_fraction_norm": 0.6666666666666666, "ndbi_norm": 0.7931121428166181, "imi": 0.9927623867988586, "built_gate": false, "predicted_class": "informal", "informal_probability": 0.0, "confidence": 0.9927623867988586, "explanation": "built-up intensity: 0.79; impervious surface: 0.67; building density: 0.00; building irregularity: 0.00", "year": 2025, "cell_uid": "2025_80.28733_13.11033", "label": "informal"}, "geometry": {"type": "Polygon", "coordinates": [[[422800.0, 1449400.0], [422700.0, 1449400.0], [422700.0, 1449492.3483144704], [422800.0, 1449492.0612712896], [422800.0, 1449400.0]]]}}, {"id": "33", "type": "Feature", "properties": {"cell_id": 33, "row": 1, "col": 34, "cell_area_m2": 9134.366333740763, "building_count": 0.0, "building_area": 0.0, "building_density": 0.0, "mean_building_area": 0.0, "footprint_cv": 0.0, "compactness": 0.0, "rectangularity": 0.0, "small_bldg_frac": 0.0, "mean_nn_dist": 100.0, "road_density": 468.54217364939285, "road_segments": 14.0, "dist_major_road": 238.36055449499932, "blue": 0.0, "green": 0.0, "red": 0.0, "nir": 0.0, "swir1": 0.0, "ndvi": 0.0, "ndbi": 0.0, "ndwi": 0.0, "vegetation_fraction": 0.0, "impervious_fraction": 0.0, "water_fraction": 0.0, "ndvi_std": 0.0, "ndbi_std": 0.0, "nir_std": 0.0, "open_space_fraction": 1.0, "building_irregularity": 0.0, "small_building_fraction": 0.0, "building_spacing_score": 0.7195837350260872, "footprint_irregularity": 1.0, "building_density_norm": 0.0, "building_irregularity_norm": 0.0, "small_building_fraction_norm": 0.0, "building_spacing_norm": 0.7195837350260872, "footprint_irregularity_norm": 1.0, "impervious_fraction_norm": 0.0, "ndbi_norm": 0.5781431462395603, "imi": 0.059135839343070984, "built_gate": false, "predicted_class": "sparse_low_development", "informal_probability": 0.0, "confidence": 0.9399369955062866, "explanation": "built-up intensity: 0.58; building density: 0.00; building irregularity: 0.00; impervious surface: 0.00", "year": 2025, "cell_uid": "2025_80.29010_13.11034", "label": "sparse_low_development"}, "geometry": {"type": "Polygon", "coordinates": [[[423100.0, 1449400.0], [423000.0, 1449400.0], [423000.0, 1449491.4871849278], [423100.0, 1449491.200141747], [423100.0, 1449400.0]]]}}, {"id": "35", "type": "Feature", "properties": {"cell_id": 35, "row": 2, "col": 1, "cell_area_m2": 10000.0, "building_count": 0.0, "building_area": 0.0, "building_density": 0.0, "mean_building_area": 0.0, "footprint_cv": 0.0, "compactness": 0.0, "rectangularity": 0.0, "small_bldg_frac": 0.0, "mean_nn_dist": 100.0, "road_density": 271.5999788743318, "road_segments": 6.0, "dist_major_road": 96.1497588832313, "blue": 0.09348999999463559, "green": 0.1150899999588728, "red": 0.12384649988263846, "nir": 0.22175499945878982, "swir1": 0.22333600103855134, "ndvi": 0.2781655154004693, "ndbi": 0.010209082702640444, "ndwi": -0.30986960396170615, "vegetation_fraction": 0.19, "impervious_fraction": 0.34, "water_fraction": 0.0, "ndvi_std": 0.1478833280615798, "ndbi_std": 0.09369991219326052, "nir_std": 0.04291770187185272, "open_space_fraction": 1.0, "building_irregularity": 0.0, "small_building_fraction": 0.0, "building_spacing_score": 0.7195837350260872, "footprint_irregularity": 1.0, "building_density_norm": 0.0, "building_irregularity_norm": 0.0, "small_building_fraction_norm": 0.0, "building_spacing_norm": 0.7195837350260872, "footprint_irregularity_norm": 1.0, "impervious_fraction_norm": 0.34, "ndbi_norm": 0.5989129513400279, "imi": 0.014449812471866608, "built_gate": false, "predicted_class": "sparse_low_development", "informal_probability": 0.0, "confidence": 0.985121488571167, "explanation": "built-up intensity: 0.60; impervious surface: 0.34; building density: 0.00; building irregularity: 0.00", "year": 2025, "cell_uid": "2025_80.25966_13.10939", "label": "sparse_low_development"}, "geometry": {"type": "Polygon", "coordinates": [[[419700.0, 1449300.0], [419700.0, 1449400.0], [419800.0, 1449400.0], [419800.0, 1449300.0], [419700.0, 1449300.0]]]}}, {"id": "36", "type": "Feature", "properties": {"cell_id": 36, "row": 2, "col": 2, "cell_area_m2": 10000.0, "building_count": 1.0, "building_area": 52.56648677881937, "building_density": 0.005256648677881936, "mean_building_area": 52.56648677881937, "footprint_cv": 0.0, "compactness": 0.5983625669903319, "rectangularity": 0.9997722200131592, "small_bldg_frac": 0.0, "mean_nn_dist": 15.417990334350598, "road_density": 200.98408266350944, "road_segments": 2.0, "dist_major_road": 100.5008726521312, "blue": 0.08540950004011393, "green": 0.10941099993884564, "red": 0.11083100005984306, "nir": 0.24131100095808505, "swir1": 0.22306400179862976, "ndvi": 0.36133172988891604, "ndbi": -0.02938465444545727, "ndwi": -0.3659460984170437, "vegetation_fraction": 0.47, "impervious_fraction": 0.18, "water_fraction": 0.0, "ndvi_std": 0.15001331563314274, "ndbi_std": 0.1000958527360005, "nir_std": 0.052738796980163094, "open_space_fraction": 0.9947433513221181, "building_irregularity": 0.0, "small_building_fraction": 0.0, "building_spacing_score": 0.9581845931741123, "footprint_irregularity": 0.40163743300966814, "building_density_norm": 0.002499466857268655, "building_irregularity_norm": 0.0, "small_building_fraction_norm": 0.0, "building_spacing_norm": 0.9581845931741123, "footprint_irregularity_norm": 0.36620292171019164, "impervious_fraction_norm": 0.18, "ndbi_norm": 0.5183617179219224, "imi": 0.0010064425878226757, "built_gate": false, "predicted_class": "sparse_low_development", "informal_probability": 0.0, "confidence": 0.9989557266235352, "explanation": "built-up intensity: 0.52; impervious surface: 0.18; building density: 0.00; building irregularity: 0.00", "year": 2025, "cell_uid": "2025_80.26058_13.10939", "label": "sparse_low_development"}, "geometry": {"type": "Polygon", "coordinates": [[[419800.0, 1449300.0], [419800.0, 1449400.0], [419900.0, 1449400.0], [419900.0, 1449300.0], [419800.0, 1449300.0]]]}}, {"id": "38", "type": "Feature", "properties": {"cell_id": 38, "row": 2, "col": 4, "cell_area_m2": 10000.0, "building_count": 0.0, "building_area": 0.0, "building_density": 0.0, "mean_building_area": 0.0, "footprint_cv": 0.0, "compactness": 0.0, "rectangularity": 0.0, "small_bldg_frac": 0.0, "mean_nn_dist": 100.0, "road_density": 485.91579563900643, "road_segments": 10.0, "dist_major_road": 261.2540996452419, "blue": 0.0, "green": 0.0, "red": 0.0, "nir": 0.0, "swir1": 0.0, "ndvi": 0.0, "ndbi": 0.0, "ndwi": 0.0, "vegetation_fraction": 0.0, "impervious_fraction": 0.0, "water_fraction": 0.0, "ndvi_std": 0.0, "ndbi_std": 0.0, "nir_std": 0.0, "open_space_fraction": 1.0, "building_irregularity": 0.0, "small_building_fraction": 0.0, "building_spacing_score": 0.7195837350260872, "footprint_irregularity": 1.0, "building_density_norm": 0.0, "building_irregularity_norm": 0.0, "small_building_fraction_norm": 0.0, "building_spacing_norm": 0.7195837350260872, "footprint_irregularity_norm": 1.0, "impervious_fraction_norm": 0.0, "ndbi_norm": 0.5781431462395603, "imi": 0.059135839343070984, "built_gate": false, "predicted_class": "sparse_low_development", "informal_probability": 0.0, "confidence": 0.9399369955062866, "explanation": "built-up intensity: 0.58; building density: 0.00; building irregularity: 0.00; impervious surface: 0.00", "year": 2025, "cell_uid": "2025_80.26243_13.10939", "label": "sparse_low_development"}, "geometry": {"type": "Polygon", "coordinates": [[[420000.0, 1449300.0], [420000.0, 1449400.0], [420100.0, 1449400.0], [420100.0, 1449300.0], [420000.0, 1449300.0]]]}}, {"id": "39", "type": "Feature", "properties": {"cell_id": 39, "row": 2, "col": 5, "cell_area_m2": 10000.0, "building_count": 0.0, "building_area": 0.0, "building_density": 0.0, "mean_building_area": 0.0, "footprint_cv": 0.0, "compactness": 0.0, "rectangularity": 0.0, "small_bldg_frac": 0.0, "mean_nn_dist": 100.0, "road_density": 304.44934668341875, "road_segments": 10.0, "dist_major_road": 350.9047494957377, "blue": 0.10390300035476685, "green": 0.12274449981749058, "red": 0.13228800021111964, "nir": 0.2171610002219677, "swir1": 0.23190199911594392, "ndvi": 0.24640374682843685, "ndbi": 0.03511260658618994, "ndwi": -0.27928469628095626, "vegetation_fraction": 0.06, "impervious_fraction": 0.35, "water_fraction": 0.0, "ndvi_std": 0.09774291891805605, "ndbi_std": 0.060443737123769964, "nir_std": 0.04054053835744164, "open_space_fraction": 1.0, "building_irregularity": 0.0, "small_building_fraction": 0.0, "building_spacing_score": 0.7195837350260872, "footprint_irregularity": 1.0, "building_density_norm": 0.0, "building_irregularity_norm": 0.0, "small_building_fraction_norm": 0.0, "building_spacing_norm": 0.7195837350260872, "footprint_irregularity_norm": 1.0, "impervious_fraction_norm": 0.35, "ndbi_norm": 0.6495777713284471, "imi": 0.9606235027313232, "built_gate": false, "predicted_class": "informal", "informal_probability": 0.0, "confidence": 0.9606235027313232, "explanation": "built-up intensity: 0.65; impervious surface: 0.35; building density: 0.00; building irregularity: 0.00", "year": 2025, "cell_uid": "2025_80.26335_13.10940", "label": "informal"}, "geometry": {"type": "Polygon", "coordinates": [[[420100.0, 1449300.0], [420100.0, 1449400.0], [420200.0, 1449400.0], [420200.0, 1449300.0], [420100.0, 1449300.0]]]}}, {"id": "40", "type": "Feature", "properties": {"cell_id": 40, "row": 2, "col": 6, "cell_area_m2": 10000.0, "building_count": 0.0, "building_area": 0.0, "building_density": 0.0, "mean_building_area": 0.0, "footprint_cv": 0.0, "compactness": 0.0, "rectangularity": 0.0, "small_bldg_frac": 0.0, "mean_nn_dist": 100.0, "road_density": 971.9726382912563, "road_segments": 40.0, "dist_major_road": 442.3700024476629, "blue": 0.09865849990397692, "green": 0.11953449998050929, "red": 0.12765400029718876, "nir": 0.22663199976086618, "swir1": 0.22893200159072877, "ndvi": 0.28453621968626974, "ndbi": 0.008743210032116621, "ndwi": -0.31246999084949495, "vegetation_fraction": 0.22, "impervious_fraction": 0.36, "water_fraction": 0.0, "ndvi_std": 0.15165089113931393, "ndbi_std": 0.09445583964942031, "nir_std": 0.042945075569205376, "open_space_fraction": 1.0, "building_irregularity": 0.0, "small_building_fraction": 0.0, "building_spacing_score": 0.7195837350260872, "footprint_irregularity": 1.0, "building_density_norm": 0.0, "building_irregularity_norm": 0.0, "small_building_fraction_norm": 0.0, "building_spacing_norm": 0.7195837350260872, "footprint_irregularity_norm": 1.0, "impervious_fraction_norm": 0.36, "ndbi_norm": 0.595930715760625, "imi": 0.962699830532074, "built_gate": false, "predicted_class": "informal", "informal_probability": 0.0, "confidence": 0.962699830532074, "explanation": "built-up intensity: 0.60; impervious surface: 0.36; building density: 0.00; building irregularity: 0.00", "year": 2025, "cell_uid": "2025_80.26427_13.10940", "label": "informal"}, "geometry": {"type": "Polygon", "coordinates": [[[420200.0, 1449300.0], [420200.0, 1449400.0], [420300.0, 1449400.0], [420300.0, 1449300.0], [420200.0, 1449300.0]]]}}, {"id": "41", "type": "Feature", "properties": {"cell_id": 41, "row": 2, "col": 7, "cell_area_m2": 10000.0, "building_count": 0.0, "building_area": 0.0, "building_density": 0.0, "mean_building_area": 0.0, "footprint_cv": 0.0, "compactness": 0.0, "rectangularity": 0.0, "small_bldg_frac": 0.0, "mean_nn_dist": 100.0, "road_density": 351.8236537409564, "road_segments": 6.0, "dist_major_road": 478.8729516924897, "blue": 0.07897650044411421, "green": 0.10276050016283989, "red": 0.10610550012439489, "nir": 0.22880500063300133, "swir1": 0.22214999794960022, "ndvi": 0.3581397294998169, "ndbi": -0.0070488278985430955, "ndwi": -0.3704685093462467, "vegetation_fraction": 0.4, "impervious_fraction": 0.22, "water_fraction": 0.0, "ndvi_std": 0.16758393735143207, "ndbi_std": 0.09895329221364396, "nir_std": 0.04920307782081155, "open_space_fraction": 1.0, "building_irregularity": 0.0, "small_building_fraction": 0.0, "building_spacing_score": 0.7195837350260872, "footprint_irregularity": 1.0, "building_density_norm": 0.0, "building_irregularity_norm": 0.0, "small_building_fraction_norm": 0.0, "building_spacing_norm": 0.7195837350260872, "footprint_irregularity_norm": 1.0, "impervious_fraction_norm": 0.22, "ndbi_norm": 0.5638027019603095, "imi": 0.008467916399240494, "built_gate": false, "predicted_class": "sparse_low_development", "informal_probability": 0.0, "confidence": 0.9913579225540161, "explanation": "built-up intensity: 0.56; impervious surface: 0.22; building density: 0.00; building irregularity: 0.00", "year": 2025, "cell_uid": "2025_80.26520_13.10940", "label": "sparse_low_development"}, "geometry": {"type": "Polygon", "coordinates": [[[420300.0, 1449300.0], [420300.0, 1449400.0], [420400.0, 1449400.0], [420400.0, 1449300.0], [420300.0, 1449300.0]]]}}, {"id": "42", "type": "Feature", "properties": {"cell_id": 42, "row": 2, "col": 8, "cell_area_m2": 10000.0, "building_count": 0.0, "building_area": 0.0, "building_density": 0.0, "mean_building_area": 0.0, "footprint_cv": 0.0, "compactness": 0.0, "rectangularity": 0.0, "small_bldg_frac": 0.0, "mean_nn_dist": 100.0, "road_density": 65.7023121880316, "road_segments": 3.0, "dist_major_road": 393.4259674955428, "blue": 0.06878950010985135, "green": 0.09131749972701073, "red": 0.08846150014549493, "nir": 0.24391300052404405, "swir1": 0.20887800097465514, "ndvi": 0.44925214260816576, "ndbi": -0.06414640057599172, "ndwi": -0.4380082574486732, "vegetation_fraction": 0.58, "impervious_fraction": 0.08, "water_fraction": 0.0, "ndvi_std": 0.18413457204202754, "ndbi_std": 0.11717295382808114, "nir_std": 0.06000623194088716, "open_space_fraction": 1.0, "building_irregularity": 0.0, "small_building_fraction": 0.0, "building_spacing_score": 0.7195837350260872, "footprint_irregularity": 1.0, "building_density_norm": 0.0, "building_irregularity_norm": 0.0, "small_building_fraction_norm": 0.0, "building_spacing_norm": 0.7195837350260872, "footprint_irregularity_norm": 1.0, "impervious_fraction_norm": 0.08, "ndbi_norm": 0.44764089871488444, "imi": 0.004321746993809938, "built_gate": false, "predicted_class": "sparse_low_development", "informal_probability": 0.0, "confidence": 0.9907576441764832, "explanation": "built-up intensity: 0.45; impervious surface: 0.08; building density: 0.00; building irregularity: 0.00", "year": 2025, "cell_uid": "2025_80.26612_13.10940", "label": "sparse_low_development"}, "geometry": {"type": "Polygon", "coordinates": [[[420400.0, 1449300.0], [420400.0, 1449400.0], [420500.0, 1449400.0], [420500.0, 1449300.0], [420400.0, 1449300.0]]]}}, {"id": "44", "type": "Feature", "properties": {"cell_id": 44, "row": 2, "col": 10, "cell_area_m2": 10000.0, "building_count": 0.0, "building_area": 0.0, "building_density": 0.0, "mean_building_area": 0.0, "footprint_cv": 0.0, "compactness": 0.0, "rectangularity": 0.0, "small_bldg_frac": 0.0, "mean_nn_dist": 100.0, "road_density": 3.5479851274777356, "road_segments": 1.0, "dist_major_road": 256.34618775019175, "blue": 0.05045199999585748, "green": 0.07983299981802702, "red": 0.07088650029152632, "nir": 0.30352000027894976, "swir1": 0.23130200028419495, "ndvi": 0.6171054017543792, "ndbi": -0.13071528101572766, "ndwi": -0.5787074309587479, "vegetation_fraction": 0.96, "impervious_fraction": 0.0, "water_fraction": 0.0, "ndvi_std": 0.11764792727155014, "ndbi_std": 0.07308426989278106, "nir_std": 0.04357802996341336, "open_space_fraction": 1.0, "building_irregularity": 0.0, "small_building_fraction": 0.0, "building_spacing_score": 0.7195837350260872, "footprint_irregularity": 1.0, "building_density_norm": 0.0, "building_irregularity_norm": 0.0, "small_building_fraction_norm": 0.0, "building_spacing_norm": 0.7195837350260872, "footprint_irregularity_norm": 1.0, "impervious_fraction_norm": 0.0, "ndbi_norm": 0.3122102520288656, "imi": 0.00013122661039233208, "built_gate": false, "predicted_class": "open_vegetated", "informal_probability": 0.0, "confidence": 0.999582827091217, "explanation": "built-up intensity: 0.31; building density: 0.00; building irregularity: 0.00; impervious surface: 0.00", "year": 2025, "cell_uid": "2025_80.26796_13.10941", "label": "open_vegetated"}, "geometry": {"type": "Polygon", "coordinates": [[[420600.0, 1449300.0], [420600.0, 1449400.0], [420700.0, 1449400.0], [420700.0, 1449300.0], [420600.0, 1449300.0]]]}}, {"id": "45", "type": "Feature", "properties": {"cell_id": 45, "row": 2, "col": 11, "cell_area_m2": 10000.0, "building_count": 0.0, "building_area": 0.0, "building_density": 0.0, "mean_building_area": 0.0, "footprint_cv": 0.0, "compactness": 0.0, "rectangularity": 0.0, "small_bldg_frac": 0.0, "mean_nn_dist": 100.0, "road_density": 0.0, "road_segments": 0.0, "dist_major_road": 226.22567496016643, "blue": 0.03828450012952089, "green": 0.0653795000910759, "red": 0.04524500010535121, "nir": 0.3049229997396469, "swir1": 0.20246399998664855, "ndvi": 0.7402798676490784, "ndbi": -0.19870226330589502, "ndwi": -0.6451322478055954, "vegetation_fraction": 1.0, "impervious_fraction": 0.0, "water_fraction": 0.0, "ndvi_std": 0.09247488222400833, "ndbi_std": 0.06876753521818348, "nir_std": 0.0363216476426532, "open_space_fraction": 1.0, "building_irregularity": 0.0, "small_building_fraction": 0.0, "building_spacing_score": 0.7195837350260872, "footprint_irregularity": 1.0, "building_density_norm": 0.0, "building_irregularity_norm": 0.0, "small_building_fraction_norm": 0.0, "building_spacing_norm": 0.7195837350260872, "footprint_irregularity_norm": 1.0, "impervious_fraction_norm": 0.0, "ndbi_norm": 0.17389455681263397, "imi": 0.00013122661039233208, "built_gate": false, "predicted_class": "open_vegetated", "informal_probability": 0.0, "confidence": 0.999582827091217, "explanation": "built-up intensity: 0.17; building density: 0.00; building irregularity: 0.00; impervious surface: 0.00", "year": 2025, "cell_uid": "2025_80.26889_13.10941", "label": "open_vegetated"}, "geometry": {"type": "Polygon", "coordinates": [[[420700.0, 1449300.0], [420700.0, 1449400.0], [420800.0, 1449400.0], [420800.0, 1449300.0], [420700.0, 1449300.0]]]}}, {"id": "46", "type": "Feature", "properties": {"cell_id": 46, "row": 2, "col": 12, "cell_area_m2": 10000.0, "building_count": 0.0, "building_area": 0.0, "building_density": 0.0, "mean_building_area": 0.0, "footprint_cv": 0.0, "compactness": 0.0, "rectangularity": 0.0, "small_bldg_frac": 0.0, "mean_nn_dist": 100.0, "road_density": 0.0, "road_segments": 0.0, "dist_major_road": 237.99736143140157, "blue": 0.04996000023558736, "green": 0.08040700014680624, "red": 0.0625985000655055, "nir": 0.3149404989928007, "swir1": 0.2064080011844635, "ndvi": 0.652330428659916, "ndbi": -0.19369760455563664, "ndwi": -0.5788643702864646, "vegetation_fraction": 0.93, "impervious_fraction": 0.0, "water_fraction": 0.0, "ndvi_std": 0.13404137370026017, "ndbi_std": 0.10872767995321991, "nir_std": 0.07181584458211146, "open_space_fraction": 1.0, "building_irregularity": 0.0, "small_building_fraction": 0.0, "building_spacing_score": 0.7195837350260872, "footprint_irregularity": 1.0, "building_density_norm": 0.0, "building_irregularity_norm": 0.0, "small_building_fraction_norm": 0.0, "building_spacing_norm": 0.7195837350260872, "footprint_irregularity_norm": 1.0, "impervious_fraction_norm": 0.0, "ndbi_norm": 0.18407625382350568, "imi": 0.00013122661039233208, "built_gate": false, "predicted_class": "open_vegetated", "informal_probability": 0.0, "confidence": 0.999582827091217, "explanation": "built-up intensity: 0.18; building density: 0.00; building irregularity: 0.00; impervious surface: 0.00", "year": 2025, "cell_uid": "2025_80.26981_13.10942", "label": "open_vegetated"}, "geometry": {"type": "Polygon", "coordinates": [[[420800.0, 1449300.0], [420800.0, 1449400.0], [420900.0, 1449400.0], [420900.0, 1449300.0], [420800.0, 1449300.0]]]}}, {"id": "47", "type": "Feature", "properties": {"cell_id": 47, "row": 2, "col": 13, "cell_area_m2": 10000.0, "building_count": 0.0, "building_area": 0.0, "building_density": 0.0, "mean_building_area": 0.0, "footprint_cv": 0.0, "compactness": 0.0, "rectangularity": 0.0, "small_bldg_frac": 0.0, "mean_nn_dist": 100.0, "road_density": 86.41865621620495, "road_segments": 6.0, "dist_major_road": 250.8552187378954, "blue": 0.04438149977475405, "green": 0.055691500436514614, "red": 0.049893500041216614, "nir": 0.11604799937456846, "swir1": 0.10411799997091294, "ndvi": 0.34580787740647795, "ndbi": 0.008866076050326228, "ndwi": -0.2668953973427415, "vegetation_fraction": 0.25, "impervious_fraction": 0.12, "water_fraction": 0.0, "ndvi_std": 0.17083415705175786, "ndbi_std": 0.17481450535516654, "nir_std": 0.10394419382216824, "open_space_fraction": 1.0, "building_irregularity": 0.0, "small_building_fraction": 0.0, "building_spacing_score": 0.7195837350260872, "footprint_irregularity": 1.0, "building_density_norm": 0.0, "building_irregularity_norm": 0.0, "small_building_fraction_norm": 0.0, "building_spacing_norm": 0.7195837350260872, "footprint_irregularity_norm": 1.0, "impervious_fraction_norm": 0.12, "ndbi_norm": 0.5961806797707141, "imi": 0.005172871984541416, "built_gate": false, "predicted_class": "sparse_low_development", "informal_probability": 0.0, "confidence": 0.9941064119338989, "explanation": "built-up intensity: 0.60; impervious surface: 0.12; building density: 0.00; building irregularity: 0.00", "year": 2025, "cell_uid": "2025_80.27073_13.10942", "label": "sparse_low_development"}, "geometry": {"type": "Polygon", "coordinates": [[[420900.0, 1449300.0], [420900.0, 1449400.0], [421000.0, 1449400.0], [421000.0, 1449300.0], [420900.0, 1449300.0]]]}}, {"id": "48", "type": "Feature", "properties": {"cell_id": 48, "row": 2, "col": 14, "cell_area_m2": 10000.0, "building_count": 3.0, "building_area": 402.796170057692, "building_density": 0.04100428588266558, "mean_building_area": 134.26539001923067, "footprint_cv": 0.15534361698665547, "compactness": 0.7454916272212214, "rectangularity": 0.8956946304507468, "small_bldg_frac": 0.0, "mean_nn_dist": 22.47766149342463, "road_density": 737.749380184369, "road_segments": 14.0, "dist_major_road": 162.93990461244667, "blue": 0.0, "green": 0.0, "red": 0.0, "nir": 0.0, "swir1": 0.0, "ndvi": 0.0, "ndbi": 0.0, "ndwi": 0.0, "vegetation_fraction": 0.0, "impervious_fraction": 0.0, "water_fraction": 0.0, "ndvi_std": 0.0, "ndbi_std": 0.0, "nir_std": 0.0, "open_space_fraction": 0.9589957141173344, "building_irregularity": 0.15534361698665547, "small_building_fraction": 0.0, "building_spacing_score": 0.9382696774200827, "footprint_irregularity": 0.2545083727787786, "building_density_norm": 0.019496995110387993, "building_irregularity_norm": 0.0702353782742509, "small_building_fraction_norm": 0.0, "building_spacing_norm": 0.9382696774200827, "footprint_irregularity_norm": 0.21036100637298144, "impervious_fraction_norm": 0.0, "ndbi_norm": 0.5781431462395603, "imi": 0.9545881748199463, "built_gate": true, "predicted_class": "informal", "informal_probability": 0.17445693215673622, "confidence": 0.9545881748199463, "explanation": "built-up intensity: 0.58; building irregularity: 0.07; building density: 0.02; impervious surface: 0.00", "year": 2025, "cell_uid": "2025_80.27165_13.10942", "label": "informal"}, "geometry": {"type": "Polygon", "coordinates": [[[421000.0, 1449300.0], [421000.0, 1449400.0], [421100.0, 1449400.0], [421100.0, 1449300.0], [421000.0, 1449300.0]]]}}, {"id": "49", "type": "Feature", "properties": {"cell_id": 49, "row": 2, "col": 15, "cell_area_m2": 10000.0, "building_count": 0.0, "building_area": 0.0, "building_density": 0.0, "mean_building_area": 0.0, "footprint_cv": 0.0, "compactness": 0.0, "rectangularity": 0.0, "small_bldg_frac": 0.0, "mean_nn_dist": 100.0, "road_density": 738.4018300267685, "road_segments": 32.0, "dist_major_road": 76.1364555809575, "blue": 0.13221949972212316, "green": 0.1511609996855259, "red": 0.17215500012040139, "nir": 0.21675000011920928, "swir1": 0.2722059988975525, "ndvi": 0.11804100073873997, "ndbi": 0.11505879100877792, "ndwi": -0.18162862792611123, "vegetation_fraction": 0.0, "impervious_fraction": 0.91, "water_fraction": 0.0, "ndvi_std": 0.04632246622727553, "ndbi_std": 0.04553779775748923, "nir_std": 0.020755149442923625, "open_space_fraction": 1.0, "building_irregularity": 0.0, "small_building_fraction": 0.0, "building_spacing_score": 0.7195837350260872, "footprint_irregularity": 1.0, "building_density_norm": 0.0, "building_irregularity_norm": 0.0, "small_building_fraction_norm": 0.0, "building_spacing_norm": 0.7195837350260872, "footprint_irregularity_norm": 1.0, "impervious_fraction_norm": 0.91, "ndbi_norm": 0.8122237912841609, "imi": 0.9927623867988586, "built_gate": false, "predicted_class": "informal", "informal_probability": 0.0, "confidence": 0.9927623867988586, "explanation": "impervious surface: 0.91; built-up intensity: 0.81; building density: 0.00; building irregularity: 0.00", "year": 2025, "cell_uid": "2025_80.27258_13.10942", "label": "informal"}, "geometry": {"type": "Polygon", "coordinates": [[[421100.0, 1449300.0], [421100.0, 1449400.0], [421200.0, 1449400.0], [421200.0, 1449300.0], [421100.0, 1449300.0]]]}}, {"id": "50", "type": "Feature", "properties": {"cell_id": 50, "row": 2, "col": 16, "cell_area_m2": 10000.0, "building_count": 0.0, "building_area": 0.0, "building_density": 0.0, "mean_building_area": 0.0, "footprint_cv": 0.0, "compactness": 0.0, "rectangularity": 0.0, "small_bldg_frac": 0.0, "mean_nn_dist": 100.0, "road_density": 633.6315153242664, "road_segments": 24.0, "dist_major_road": 14.830994588509752, "blue": 0.07576299974694849, "green": 0.10590699974447489, "red": 0.09990300036966801, "nir": 0.2578850008547306, "swir1": 0.22173400163650514, "ndvi": 0.4223061983659864, "ndbi": -0.05646954278694466, "ndwi": -0.39694255076348783, "vegetation_fraction": 0.49, "impervious_fraction": 0.26, "water_fraction": 0.0, "ndvi_std": 0.2518741146405015, "ndbi_std": 0.14365815492403236, "nir_std": 0.07786223313496571, "open_space_fraction": 1.0, "building_irregularity": 0.0, "small_building_fraction": 0.0, "building_spacing_score": 0.7195837350260872, "footprint_irregularity": 1.0, "building_density_norm": 0.0, "building_irregularity_norm": 0.0, "small_building_fraction_norm": 0.0, "building_spacing_norm": 0.7195837350260872, "footprint_irregularity_norm": 1.0, "impervious_fraction_norm": 0.26, "ndbi_norm": 0.4632590345167695, "imi": 0.0003313222841825336, "built_gate": false, "predicted_class": "sparse_low_development", "informal_probability": 0.0, "confidence": 0.9996354579925537, "explanation": "built-up intensity: 0.46; impervious surface: 0.26; building density: 0.00; building irregularity: 0.00", "year": 2025, "cell_uid": "2025_80.27350_13.10943", "label": "sparse_low_development"}, "geometry": {"type": "Polygon", "coordinates": [[[421200.0, 1449300.0], [421200.0, 1449400.0], [421300.0, 1449400.0], [421300.0, 1449300.0], [421200.0, 1449300.0]]]}}, {"id": "51", "type": "Feature", "properties": {"cell_id": 51, "row": 2, "col": 17, "cell_area_m2": 10000.0, "building_count": 0.0, "building_area": 0.0, "building_density": 0.0, "mean_building_area": 0.0, "footprint_cv": 0.0, "compactness": 0.0, "rectangularity": 0.0, "small_bldg_frac": 0.0, "mean_nn_dist": 100.0, "road_density": 0.0, "road_segments": 0.0, "dist_major_road": 106.55348236312965, "blue": 0.05986399991437793, "green": 0.09431649968028069, "red": 0.09211099993437528, "nir": 0.2698740001022816, "swir1": 0.24605199873447417, "ndvi": 0.4747141905128956, "ndbi": -0.036910985467256976, "ndwi": -0.4622954648733139, "vegetation_fraction": 0.59, "impervious_fraction": 0.21, "water_fraction": 0.0, "ndvi_std": 0.2365728160768765, "ndbi_std": 0.17412469654191998, "nir_std": 0.06589163641455334, "open_space_fraction": 1.0, "building_irregularity": 0.0, "small_building_fraction": 0.0, "building_spacing_score": 0.7195837350260872, "footprint_irregularity": 1.0, "building_density_norm": 0.0, "building_irregularity_norm": 0.0, "small_building_fraction_norm": 0.0, "building_spacing_norm": 0.7195837350260872, "footprint_irregularity_norm": 1.0, "impervious_fraction_norm": 0.21, "ndbi_norm": 0.5030498203697602, "imi": 0.0009004215826280415, "built_gate": false, "predicted_class": "sparse_low_development", "informal_probability": 0.0, "confidence": 0.9988811612129211, "explanation": "built-up intensity: 0.50; impervious surface: 0.21; building density: 0.00; building irregularity: 0.00", "year": 2025, "cell_uid": "2025_80.27442_13.10943", "label": "sparse_low_development"}, "geometry": {"type": "Polygon", "coordinates": [[[421300.0, 1449300.0], [421300.0, 1449400.0], [421400.0, 1449400.0], [421400.0, 1449300.0], [421300.0, 1449300.0]]]}}, {"id": "52", "type": "Feature", "properties": {"cell_id": 52, "row": 2, "col": 18, "cell_area_m2": 10000.0, "building_count": 0.0, "building_area": 0.0, "building_density": 0.0, "mean_building_area": 0.0, "footprint_cv": 0.0, "compactness": 0.0, "rectangularity": 0.0, "small_bldg_frac": 0.0, "mean_nn_dist": 100.0, "road_density": 0.0, "road_segments": 0.0, "dist_major_road": 196.3840646724304, "blue": 0.05880300004035235, "green": 0.08962400007992982, "red": 0.07959099989384413, "nir": 0.2652640014886856, "swir1": 0.2108619999885559, "ndvi": 0.5268671250343323, "ndbi": -0.10525604787777411, "ndwi": -0.4838773918151855, "vegetation_fraction": 0.82, "impervious_fraction": 0.0, "water_fraction": 0.0, "ndvi_std": 0.1344955732886224, "ndbi_std": 0.08597244194484027, "nir_std": 0.05829924936091754, "open_space_fraction": 1.0, "building_irregularity": 0.0, "small_building_fraction": 0.0, "building_spacing_score": 0.7195837350260872, "footprint_irregularity": 1.0, "building_density_norm": 0.0, "building_irregularity_norm": 0.0, "small_building_fraction_norm": 0.0, "building_spacing_norm": 0.7195837350260872, "footprint_irregularity_norm": 1.0, "impervious_fraction_norm": 0.0, "ndbi_norm": 0.36400563126953905, "imi": 0.00013122661039233208, "built_gate": false, "predicted_class": "open_vegetated", "informal_probability": 0.0, "confidence": 0.999582827091217, "explanation": "built-up intensity: 0.36; building density: 0.00; building irregularity: 0.00; impervious surface: 0.00", "year": 2025, "cell_uid": "2025_80.27534_13.10943", "label": "open_vegetated"}, "geometry": {"type": "Polygon", "coordinates": [[[421400.0, 1449300.0], [421400.0, 1449400.0], [421500.0, 1449400.0], [421500.0, 1449300.0], [421400.0, 1449300.0]]]}}, {"id": "53", "type": "Feature", "properties": {"cell_id": 53, "row": 2, "col": 19, "cell_area_m2": 10000.0, "building_count": 0.0, "building_area": 0.0, "building_density": 0.0, "mean_building_area": 0.0, "footprint_cv": 0.0, "compactness": 0.0, "rectangularity": 0.0, "small_bldg_frac": 0.0, "mean_nn_dist": 100.0, "road_density": 0.0, "road_segments": 0.0, "dist_major_road": 289.50533359093777, "blue": 0.06483700010925532, "green": 0.09184950016438961, "red": 0.08558300033211708, "nir": 0.24709800004959107, "swir1": 0.22029600143432618, "ndvi": 0.4850997903943062, "ndbi": -0.05652279931964586, "ndwi": -0.45577920153737067, "vegetation_fraction": 0.78, "impervious_fraction": 0.0, "water_fraction": 0.0, "ndvi_std": 0.10537737363086144, "ndbi_std": 0.07287654384272789, "nir_std": 0.02834566513776501, "open_space_fraction": 1.0, "building_irregularity": 0.0, "small_building_fraction": 0.0, "building_spacing_score": 0.7195837350260872, "footprint_irregularity": 1.0, "building_density_norm": 0.0, "building_irregularity_norm": 0.0, "small_building_fraction_norm": 0.0, "building_spacing_norm": 0.7195837350260872, "footprint_irregularity_norm": 1.0, "impervious_fraction_norm": 0.0, "ndbi_norm": 0.4631506870935241, "imi": 0.002055830555036664, "built_gate": false, "predicted_class": "open_vegetated", "informal_probability": 0.0, "confidence": 0.9871958494186401, "explanation": "built-up intensity: 0.46; building density: 0.00; building irregularity: 0.00; impervious surface: 0.00", "year": 2025, "cell_uid": "2025_80.27627_13.10943", "label": "open_vegetated"}, "geometry": {"type": "Polygon", "coordinates": [[[421500.0, 1449300.0], [421500.0, 1449400.0], [421600.0, 1449400.0], [421600.0, 1449300.0], [421500.0, 1449300.0]]]}}, {"id": "54", "type": "Feature", "properties": {"cell_id": 54, "row": 2, "col": 20, "cell_area_m2": 10000.0, "building_count": 1.0, "building_area": 311.9467619191317, "building_density": 0.032711759995916245, "mean_building_area": 311.9467619191317, "footprint_cv": 0.0, "compactness": 0.38892967759453373, "rectangularity": 0.5543192430618172, "small_bldg_frac": 0.0, "mean_nn_dist": 40.6105815975843, "road_density": 482.29695806302607, "road_segments": 14.0, "dist_major_road": 260.64737128740995, "blue": 0.07066449996083975, "green": 0.09710650034248829, "red": 0.09236449975520372, "nir": 0.2760599987208843, "swir1": 0.22497399866580964, "ndvi": 0.4914191509783268, "ndbi": -0.09345601022709162, "ndwi": -0.4729918548464775, "vegetation_fraction": 0.62, "impervious_fraction": 0.0, "water_fraction": 0.0, "ndvi_std": 0.1593481524729831, "ndbi_std": 0.07180681801865646, "nir_std": 0.05341466547045404, "open_space_fraction": 0.9672882400040838, "building_irregularity": 0.0, "small_building_fraction": 0.0, "building_spacing_score": 0.8871177798157961, "footprint_irregularity": 0.6110703224054663, "building_density_norm": 0.01555400883013998, "building_irregularity_norm": 0.0, "small_building_fraction_norm": 0.0, "building_spacing_norm": 0.8871177798157961, "footprint_irregularity_norm": 0.5880382448396116, "impervious_fraction_norm": 0.0, "ndbi_norm": 0.38801214481452845, "imi": 0.00038285524351522326, "built_gate": false, "predicted_class": "sparse_low_development", "informal_probability": 0.0, "confidence": 0.9097852110862732, "explanation": "built-up intensity: 0.39; building density: 0.02; building irregularity: 0.00; impervious surface: 0.00", "year": 2025, "cell_uid": "2025_80.27719_13.10944", "label": "sparse_low_development"}, "geometry": {"type": "Polygon", "coordinates": [[[421600.0, 1449300.0], [421600.0, 1449400.0], [421700.0, 1449400.0], [421700.0, 1449300.0], [421600.0, 1449300.0]]]}}, {"id": "55", "type": "Feature", "properties": {"cell_id": 55, "row": 2, "col": 21, "cell_area_m2": 10000.0, "building_count": 1.0, "building_area": 1125.9582456788733, "building_density": 0.11807167245934888, "mean_building_area": 1125.9582456788733, "footprint_cv": 0.0, "compactness": 0.6891280040325845, "rectangularity": 0.9745396460949299, "small_bldg_frac": 0.0, "mean_nn_dist": 27.369181261751816, "road_density": 350.4492579783669, "road_segments": 6.0, "dist_major_road": 167.06571009086423, "blue": 0.0638590001501143, "green": 0.0915420002490282, "red": 0.09236800007522106, "nir": 0.26634800016880034, "swir1": 0.2151879984140396, "ndvi": 0.4675873976945877, "ndbi": -0.0911391048785299, "ndwi": -0.4711478395760059, "vegetation_fraction": 0.61, "impervious_fraction": 0.08, "water_fraction": 0.0, "ndvi_std": 0.17773134271732757, "ndbi_std": 0.099635439147661, "nir_std": 0.06460783455363245, "open_space_fraction": 0.8819283275406511, "building_irregularity": 0.0, "small_building_fraction": 0.0, "building_spacing_score": 0.9244709887984184, "footprint_irregularity": 0.31087199596741555, "building_density_norm": 0.0561415171868275, "building_irregularity_norm": 0.0, "small_building_fraction_norm": 0.0, "building_spacing_norm": 0.9244709887984184, "footprint_irregularity_norm": 0.2700624343524543, "impervious_fraction_norm": 0.08, "ndbi_norm": 0.39272575855706493, "imi": 0.0011167105985805392, "built_gate": false, "predicted_class": "sparse_low_development", "informal_probability": 0.0, "confidence": 0.9942375421524048, "explanation": "built-up intensity: 0.39; impervious surface: 0.08; building density: 0.06; building irregularity: 0.00", "year": 2025, "cell_uid": "2025_80.27811_13.10944", "label": "sparse_low_development"}, "geometry": {"type": "Polygon", "coordinates": [[[421700.0, 1449300.0], [421700.0, 1449400.0], [421800.0, 1449400.0], [421800.0, 1449300.0], [421700.0, 1449300.0]]]}}, {"id": "56", "type": "Feature", "properties": {"cell_id": 56, "row": 2, "col": 22, "cell_area_m2": 10000.0, "building_count": 0.0, "building_area": 0.0, "building_density": 0.0, "mean_building_area": 0.0, "footprint_cv": 0.0, "compactness": 0.0, "rectangularity": 0.0, "small_bldg_frac": 0.0, "mean_nn_dist": 100.0, "road_density": 206.82462179315112, "road_segments": 4.0, "dist_major_road": 88.79668246782893, "blue": 0.08832599990069866, "green": 0.11317700035870075, "red": 0.12113900002092123, "nir": 0.22675199836492538, "swir1": 0.22460800230503083, "ndvi": 0.30813423793762923, "ndbi": -0.0005495565533055924, "ndwi": -0.33481873482465746, "vegetation_fraction": 0.24, "impervious_fraction": 0.29, "water_fraction": 0.0, "ndvi_std": 0.1584140628150384, "ndbi_std": 0.0760280608143237, "nir_std": 0.04371178063848543, "open_space_fraction": 1.0, "building_irregularity": 0.0, "small_building_fraction": 0.0, "building_spacing_score": 0.7195837350260872, "footprint_irregularity": 1.0, "building_density_norm": 0.0, "building_irregularity_norm": 0.0, "small_building_fraction_norm": 0.0, "building_spacing_norm": 0.7195837350260872, "footprint_irregularity_norm": 1.0, "impervious_fraction_norm": 0.29, "ndbi_norm": 0.5770251043119649, "imi": 0.04351434111595154, "built_gate": false, "predicted_class": "sparse_low_development", "informal_probability": 0.0, "confidence": 0.9561510682106018, "explanation": "built-up intensity: 0.58; impervious surface: 0.29; building density: 0.00; building irregularity: 0.00", "year": 2025, "cell_uid": "2025_80.27903_13.10944", "label": "sparse_low_development"}, "geometry": {"type": "Polygon", "coordinates": [[[421800.0, 1449300.0], [421800.0, 1449400.0], [421900.0, 1449400.0], [421900.0, 1449300.0], [421800.0, 1449300.0]]]}}, {"id": "58", "type": "Feature", "properties": {"cell_id": 58, "row": 2, "col": 24, "cell_area_m2": 10000.0, "building_count": 1.0, "building_area": 291.8144435640644, "building_density": 0.0306006191007815, "mean_building_area": 291.8144435640644, "footprint_cv": 0.0, "compactness": 0.7788777098905727, "rectangularity": 0.99592864790919, "small_bldg_frac": 0.0, "mean_nn_dist": 80.23518081522546, "road_density": 202.54221021335212, "road_segments": 2.0, "dist_major_road": 10.69935690018656, "blue": 0.0, "green": 0.0, "red": 0.0, "nir": 0.0, "swir1": 0.0, "ndvi": 0.0, "ndbi": 0.0, "ndwi": 0.0, "vegetation_fraction": 0.0, "impervious_fraction": 0.0, "water_fraction": 0.0, "ndvi_std": 0.0, "ndbi_std": 0.0, "nir_std": 0.0, "open_space_fraction": 0.9693993808992185, "building_irregularity": 0.0, "small_building_fraction": 0.0, "building_spacing_score": 0.7753391236396896, "footprint_irregularity": 0.2211222901094273, "building_density_norm": 0.014550189282408681, "building_irregularity_norm": 0.0, "small_building_fraction_norm": 0.0, "building_spacing_norm": 0.7753391236396896, "footprint_irregularity_norm": 0.17499782889714388, "impervious_fraction_norm": 0.0, "ndbi_norm": 0.5781431462395603, "imi": 0.010619291104376316, "built_gate": false, "predicted_class": "sparse_low_development", "informal_probability": 0.0, "confidence": 0.9890474677085876, "explanation": "built-up intensity: 0.58; building density: 0.01; building irregularity: 0.00; impervious surface: 0.00", "year": 2025, "cell_uid": "2025_80.28088_13.10945", "label": "sparse_low_development"}, "geometry": {"type": "Polygon", "coordinates": [[[422000.0, 1449300.0], [422000.0, 1449400.0], [422100.0, 1449400.0], [422100.0, 1449300.0], [422000.0, 1449300.0]]]}}, {"id": "59", "type": "Feature", "properties": {"cell_id": 59, "row": 2, "col": 25, "cell_area_m2": 10000.0, "building_count": 0.0, "building_area": 0.0, "building_density": 0.0, "mean_building_area": 0.0, "footprint_cv": 0.0, "compactness": 0.0, "rectangularity": 0.0, "small_bldg_frac": 0.0, "mean_nn_dist": 100.0, "road_density": 126.0057666604512, "road_segments": 2.0, "dist_major_road": 93.87533557974696, "blue": 0.07016849998384714, "green": 0.09565000027418137, "red": 0.09301749967038632, "nir": 0.2701010002195835, "swir1": 0.2233699995279312, "ndvi": 0.5104578759521246, "ndbi": -0.09345111777423881, "ndwi": -0.4868176284432411, "vegetation_fraction": 0.66, "impervious_fraction": 0.19, "water_fraction": 0.0, "ndvi_std": 0.25404428470572105, "ndbi_std": 0.12641316824627757, "nir_std": 0.048896201653765375, "open_space_fraction": 1.0, "building_irregularity": 0.0, "small_building_fraction": 0.0, "building_spacing_score": 0.7195837350260872, "footprint_irregularity": 1.0, "building_density_norm": 0.0, "building_irregularity_norm": 0.0, "small_building_fraction_norm": 0.0, "building_spacing_norm": 0.7195837350260872, "footprint_irregularity_norm": 1.0, "impervious_fraction_norm": 0.19, "ndbi_norm": 0.3880220982349459, "imi": 0.0012891278602182865, "built_gate": false, "predicted_class": "open_vegetated", "informal_probability": 0.0, "confidence": 0.9727758765220642, "explanation": "built-up intensity: 0.39; impervious surface: 0.19; building density: 0.00; building irregularity: 0.00", "year": 2025, "cell_uid": "2025_80.28180_13.10945", "label": "open_vegetated"}, "geometry": {"type": "Polygon", "coordinates": [[[422100.0, 1449300.0], [422100.0, 1449400.0], [422200.0, 1449400.0], [422200.0, 1449300.0], [422100.0, 1449300.0]]]}}, {"id": "67", "type": "Feature", "properties": {"cell_id": 67, "row": 2, "col": 33, "cell_area_m2": 10000.0, "building_count": 0.0, "building_area": 0.0, "building_density": 0.0, "mean_building_area": 0.0, "footprint_cv": 0.0, "compactness": 0.0, "rectangularity": 0.0, "small_bldg_frac": 0.0, "mean_nn_dist": 100.0, "road_density": 453.6015942578561, "road_segments": 6.0, "dist_major_road": 120.13713432605908, "blue": 0.09579450022429228, "green": 0.11752700053155422, "red": 0.13211200021207334, "nir": 0.23345700055360794, "swir1": 0.2476759994029999, "ndvi": 0.2865758407488465, "ndbi": 0.03201766144746216, "ndwi": -0.3346072620153427, "vegetation_fraction": 0.23, "impervious_fraction": 0.3, "water_fraction": 0.0, "ndvi_std": 0.15848478269694766, "ndbi_std": 0.07864140589339319, "nir_std": 0.03060266524339909, "open_space_fraction": 1.0, "building_irregularity": 0.0, "small_building_fraction": 0.0, "building_spacing_score": 0.7195837350260872, "footprint_irregularity": 1.0, "building_density_norm": 0.0, "building_irregularity_norm": 0.0, "small_building_fraction_norm": 0.0, "building_spacing_norm": 0.7195837350260872, "footprint_irregularity_norm": 1.0, "impervious_fraction_norm": 0.3, "ndbi_norm": 0.6432812793516126, "imi": 0.008443213067948818, "built_gate": false, "predicted_class": "sparse_low_development", "informal_probability": 0.0, "confidence": 0.9912601113319397, "explanation": "built-up intensity: 0.64; impervious surface: 0.30; building density: 0.00; building irregularity: 0.00", "year": 2025, "cell_uid": "2025_80.28918_13.10947", "label": "sparse_low_development"}, "geometry": {"type": "Polygon", "coordinates": [[[422900.0, 1449300.0], [422900.0, 1449400.0], [423000.0, 1449400.0], [423000.0, 1449300.0], [422900.0, 1449300.0]]]}}, {"id": "68", "type": "Feature", "properties": {"cell_id": 68, "row": 2, "col": 34, "cell_area_m2": 10000.0, "building_count": 0.0, "building_area": 0.0, "building_density": 0.0, "mean_building_area": 0.0, "footprint_cv": 0.0, "compactness": 0.0, "rectangularity": 0.0, "small_bldg_frac": 0.0, "mean_nn_dist": 100.0, "road_density": 632.264211584536, "road_segments": 18.0, "dist_major_road": 144.45275323020186, "blue": 0.0, "green": 0.0, "red": 0.0, "nir": 0.0, "swir1": 0.0, "ndvi": 0.0, "ndbi": 0.0, "ndwi": 0.0, "vegetation_fraction": 0.0, "impervious_fraction": 0.0, "water_fraction": 0.0, "ndvi_std": 0.0, "ndbi_std": 0.0, "nir_std": 0.0, "open_space_fraction": 1.0, "building_irregularity": 0.0, "small_building_fraction": 0.0, "building_spacing_score": 0.7195837350260872, "footprint_irregularity": 1.0, "building_density_norm": 0.0, "building_irregularity_norm": 0.0, "small_building_fraction_norm": 0.0, "building_spacing_norm": 0.7195837350260872, "footprint_irregularity_norm": 1.0, "impervious_fraction_norm": 0.0, "ndbi_norm": 0.5781431462395603, "imi": 0.059135839343070984, "built_gate": false, "predicted_class": "sparse_low_development", "informal_probability": 0.0, "confidence": 0.9399369955062866, "explanation": "built-up intensity: 0.58; building density: 0.00; building irregularity: 0.00; impervious surface: 0.00", "year": 2025, "cell_uid": "2025_80.29010_13.10947", "label": "sparse_low_development"}, "geometry": {"type": "Polygon", "coordinates": [[[423000.0, 1449300.0], [423000.0, 1449400.0], [423100.0, 1449400.0], [423100.0, 1449300.0], [423000.0, 1449300.0]]]}}, {"id": "70", "type": "Feature", "properties": {"cell_id": 70, "row": 3, "col": 1, "cell_area_m2": 10000.0, "building_count": 0.0, "building_area": 0.0, "building_density": 0.0, "mean_building_area": 0.0, "footprint_cv": 0.0, "compactness": 0.0, "rectangularity": 0.0, "small_bldg_frac": 0.0, "mean_nn_dist": 100.0, "road_density": 34.50775042671753, "road_segments": 4.0, "dist_major_road": 42.800773205973655, "blue": 0.11432500004768371, "green": 0.14137500070035458, "red": 0.14926399946212768, "nir": 0.2917349991202354, "swir1": 0.25972400009632113, "ndvi": 0.3349562810710631, "ndbi": -0.05266660039778799, "ndwi": -0.35298007432371376, "vegetation_fraction": 0.36, "impervious_fraction": 0.27, "water_fraction": 0.0, "ndvi_std": 0.2259945096679112, "ndbi_std": 0.11624547115530477, "nir_std": 0.050659017455020584, "open_space_fraction": 1.0, "building_irregularity": 0.0, "small_building_fraction": 0.0, "building_spacing_score": 0.7195837350260872, "footprint_irregularity": 1.0, "building_density_norm": 0.0, "building_irregularity_norm": 0.0, "small_building_fraction_norm": 0.0, "building_spacing_norm": 0.7195837350260872, "footprint_irregularity_norm": 1.0, "impervious_fraction_norm": 0.27, "ndbi_norm": 0.4709959071165636, "imi": 0.0015119300223886967, "built_gate": false, "predicted_class": "sparse_low_development", "informal_probability": 0.0, "confidence": 0.9984636306762695, "explanation": "built-up intensity: 0.47; impervious surface: 0.27; building density: 0.00; building irregularity: 0.00", "year": 2025, "cell_uid": "2025_80.25966_13.10848", "label": "sparse_low_development"}, "geometry": {"type": "Polygon", "coordinates": [[[419700.0, 1449200.0], [419700.0, 1449300.0], [419800.0, 1449300.0], [419800.0, 1449200.0], [419700.0, 1449200.0]]]}}, {"id": "73", "type": "Feature", "properties": {"cell_id": 73, "row": 3, "col": 4, "cell_area_m2": 10000.0, "building_count": 1.0, "building_area": 320.7653525302224, "building_density": 0.03207653525302224, "mean_building_area": 320.7653525302224, "footprint_cv": 0.0, "compactness": 0.5623712903182088, "rectangularity": 0.9988422197090923, "small_bldg_frac": 0.0, "mean_nn_dist": 172.51719432074609, "road_density": 592.6599082428518, "road_segments": 18.0, "dist_major_road": 219.43561174068452, "blue": 0.0, "green": 0.0, "red": 0.0, "nir": 0.0, "swir1": 0.0, "ndvi": 0.0, "ndbi": 0.0, "ndwi": 0.0, "vegetation_fraction": 0.0, "impervious_fraction": 0.0, "water_fraction": 0.0, "ndvi_std": 0.0, "ndbi_std": 0.0, "nir_std": 0.0, "open_space_fraction": 0.9679234647469778, "building_irregularity": 0.0, "small_building_fraction": 0.0, "building_spacing_score": 0.5150170090306405, "footprint_irregularity": 0.43762870968179124, "building_density_norm": 0.015251967874186213, "building_irregularity_norm": 0.0, "small_building_fraction_norm": 0.0, "building_spacing_norm": 0.5150170090306405, "footprint_irregularity_norm": 0.4043255705139901, "impervious_fraction_norm": 0.0, "ndbi_norm": 0.5781431462395603, "imi": 0.010988505557179451, "built_gate": false, "predicted_class": "sparse_low_development", "informal_probability": 0.0, "confidence": 0.9886666536331177, "explanation": "built-up intensity: 0.58; building density: 0.02; building irregularity: 0.00; impervious surface: 0.00", "year": 2025, "cell_uid": "2025_80.26243_13.10849", "label": "sparse_low_development"}, "geometry": {"type": "Polygon", "coordinates": [[[420000.0, 1449200.0], [420000.0, 1449300.0], [420100.0, 1449300.0], [420100.0, 1449200.0], [420000.0, 1449200.0]]]}}, {"id": "74", "type": "Feature", "properties": {"cell_id": 74, "row": 3, "col": 5, "cell_area_m2": 10000.0, "building_count": 0.0, "building_area": 0.0, "building_density": 0.0, "mean_building_area": 0.0, "footprint_cv": 0.0, "compactness": 0.0, "rectangularity": 0.0, "small_bldg_frac": 0.0, "mean_nn_dist": 100.0, "road_density": 1104.0226151537065, "road_segments": 44.0, "dist_major_road": 314.1207579912316, "blue": 0.10980600014328956, "green": 0.13406350053846836, "red": 0.1492720003798604, "nir": 0.22977400049567223, "swir1": 0.25905199885368346, "ndvi": 0.2235463702492416, "ndbi": 0.06264985790476203, "ndwi": -0.2697975815832615, "vegetation_fraction": 0.18, "impervious_fraction": 0.58, "water_fraction": 0.0, "ndvi_std": 0.1646760630260218, "ndbi_std": 0.08427324445679904, "nir_std": 0.03199306665283795, "open_space_fraction": 1.0, "building_irregularity": 0.0, "small_building_fraction": 0.0, "building_spacing_score": 0.7195837350260872, "footprint_irregularity": 1.0, "building_density_norm": 0.0, "building_irregularity_norm": 0.0, "small_building_fraction_norm": 0.0, "building_spacing_norm": 0.7195837350260872, "footprint_irregularity_norm": 1.0, "impervious_fraction_norm": 0.58, "ndbi_norm": 0.7056007617917736, "imi": 0.9936214089393616, "built_gate": false, "predicted_class": "informal", "informal_probability": 0.0, "confidence": 0.9936214089393616, "explanation": "built-up intensity: 0.71; impervious surface: 0.58; building density: 0.00; building irregularity: 0.00", "year": 2025, "cell_uid": "2025_80.26335_13.10849", "label": "informal"}, "geometry": {"type": "Polygon", "coordinates": [[[420100.0, 1449200.0], [420100.0, 1449300.0], [420200.0, 1449300.0], [420200.0, 1449200.0], [420100.0, 1449200.0]]]}}, {"id": "75", "type": "Feature", "properties": {"cell_id": 75, "row": 3, "col": 6, "cell_area_m2": 10000.0, "building_count": 6.0, "building_area": 468.10223673888777, "building_density": 0.046810223673888776, "mean_building_area": 78.0170394564813, "footprint_cv": 0.16512278695473157, "compactness": 0.773451289137845, "rectangularity": 0.9992520021184138, "small_bldg_frac": 0.0, "mean_nn_dist": 18.61170301873535, "road_density": 1090.7711597419905, "road_segments": 38.0, "dist_major_road": 410.6563436774931, "blue": 0.13009249955415725, "green": 0.1503665002435446, "red": 0.1667970000207424, "nir": 0.22706700041890143, "swir1": 0.27237600207328794, "ndvi": 0.15640345465391875, "ndbi": 0.09249338797759264, "ndwi": -0.2057437378168106, "vegetation_fraction": 0.02, "impervious_fraction": 0.77, "water_fraction": 0.0, "ndvi_std": 0.08240197248567546, "ndbi_std": 0.049115188569813555, "nir_std": 0.022304152901699147, "open_space_fraction": 0.9531897763261112, "building_irregularity": 0.16512278695473157, "small_building_fraction": 0.0, "building_spacing_score": 0.9491753181499708, "footprint_irregularity": 0.226548710862155, "building_density_norm": 0.022257641669399274, "building_irregularity_norm": 0.07465682612797907, "small_building_fraction_norm": 0.0, "building_spacing_norm": 0.9491753181499708, "footprint_irregularity_norm": 0.18074559757182698, "impervious_fraction_norm": 0.77, "ndbi_norm": 0.7663157467886451, "imi": 0.9975305199623108, "built_gate": true, "predicted_class": "informal", "informal_probability": 0.28115568247368034, "confidence": 0.9975305199623108, "explanation": "impervious surface: 0.77; built-up intensity: 0.77; building irregularity: 0.07; building density: 0.02", "year": 2025, "cell_uid": "2025_80.26428_13.10850", "label": "informal"}, "geometry": {"type": "Polygon", "coordinates": [[[420200.0, 1449200.0], [420200.0, 1449300.0], [420300.0, 1449300.0], [420300.0, 1449200.0], [420200.0, 1449200.0]]]}}, {"id": "77", "type": "Feature", "properties": {"cell_id": 77, "row": 3, "col": 8, "cell_area_m2": 10000.0, "building_count": 0.0, "building_area": 0.0, "building_density": 0.0, "mean_building_area": 0.0, "footprint_cv": 0.0, "compactness": 0.0, "rectangularity": 0.0, "small_bldg_frac": 0.0, "mean_nn_dist": 100.0, "road_density": 1210.5729473570264, "road_segments": 64.0, "dist_major_road": 346.07331244577074, "blue": 0.10405149977654218, "green": 0.1260570003837347, "red": 0.1371525003761053, "nir": 0.23382599979639054, "swir1": 0.24654199957847595, "ndvi": 0.2655544911324978, "ndbi": 0.0279281335597625, "ndwi": -0.3017572358995676, "vegetation_fraction": 0.16, "impervious_fraction": 0.36, "water_fraction": 0.0, "ndvi_std": 0.1354752232235728, "ndbi_std": 0.08118812842259221, "nir_std": 0.027942661508196277, "open_space_fraction": 1.0, "building_irregularity": 0.0, "small_building_fraction": 0.0, "building_spacing_score": 0.7195837350260872, "footprint_irregularity": 1.0, "building_density_norm": 0.0, "building_irregularity_norm": 0.0, "small_building_fraction_norm": 0.0, "building_spacing_norm": 0.7195837350260872, "footprint_irregularity_norm": 1.0, "impervious_fraction_norm": 0.36, "ndbi_norm": 0.6349613646585441, "imi": 0.9649228453636169, "built_gate": false, "predicted_class": "informal", "informal_probability": 0.0, "confidence": 0.9649228453636169, "explanation": "built-up intensity: 0.63; impervious surface: 0.36; building density: 0.00; building irregularity: 0.00", "year": 2025, "cell_uid": "2025_80.26612_13.10850", "label": "informal"}, "geometry": {"type": "Polygon", "coordinates": [[[420400.0, 1449200.0], [420400.0, 1449300.0], [420500.0, 1449300.0], [420500.0, 1449200.0], [420400.0, 1449200.0]]]}}, {"id": "78", "type": "Feature", "properties": {"cell_id": 78, "row": 3, "col": 9, "cell_area_m2": 10000.0, "building_count": 0.0, "building_area": 0.0, "building_density": 0.0, "mean_building_area": 0.0, "footprint_cv": 0.0, "compactness": 0.0, "rectangularity": 0.0, "small_bldg_frac": 0.0, "mean_nn_dist": 100.0, "road_density": 461.96660874751444, "road_segments": 24.0, "dist_major_road": 255.40443540454496, "blue": 0.07592250015586614, "green": 0.0974049998819828, "red": 0.09656449973583221, "nir": 0.2254760004580021, "swir1": 0.19591600120067595, "ndvi": 0.3839779682457447, "ndbi": -0.05739031249657273, "ndwi": -0.3804727999866009, "vegetation_fraction": 0.45, "impervious_fraction": 0.19, "water_fraction": 0.0, "ndvi_std": 0.18248207683999862, "ndbi_std": 0.12436485752009512, "nir_std": 0.058188839056878335, "open_space_fraction": 1.0, "building_irregularity": 0.0, "small_building_fraction": 0.0, "building_spacing_score": 0.7195837350260872, "footprint_irregularity": 1.0, "building_density_norm": 0.0, "building_irregularity_norm": 0.0, "small_building_fraction_norm": 0.0, "building_spacing_norm": 0.7195837350260872, "footprint_irregularity_norm": 1.0, "impervious_fraction_norm": 0.19, "ndbi_norm": 0.46138578028145577, "imi": 0.0030042766593396664, "built_gate": false, "predicted_class": "sparse_low_development", "informal_probability": 0.0, "confidence": 0.9968919157981873, "explanation": "built-up intensity: 0.46; impervious surface: 0.19; building density: 0.00; building irregularity: 0.00", "year": 2025, "cell_uid": "2025_80.26704_13.10850", "label": "sparse_low_development"}, "geometry": {"type": "Polygon", "coordinates": [[[420500.0, 1449200.0], [420500.0, 1449300.0], [420600.0, 1449300.0], [420600.0, 1449200.0], [420500.0, 1449200.0]]]}}, {"id": "80", "type": "Feature", "properties": {"cell_id": 80, "row": 3, "col": 11, "cell_area_m2": 10000.0, "building_count": 0.0, "building_area": 0.0, "building_density": 0.0, "mean_building_area": 0.0, "footprint_cv": 0.0, "compactness": 0.0, "rectangularity": 0.0, "small_bldg_frac": 0.0, "mean_nn_dist": 100.0, "road_density": 7.175355695838522, "road_segments": 1.0, "dist_major_road": 127.12514188219035, "blue": 0.054867000132799146, "green": 0.08025699984282256, "red": 0.0779100002348423, "nir": 0.2697980010509491, "swir1": 0.22418799996376038, "ndvi": 0.5572985574603081, "ndbi": -0.0914572326047346, "ndwi": -0.5411606934666634, "vegetation_fraction": 0.87, "impervious_fraction": 0.0, "water_fraction": 0.0, "ndvi_std": 0.1294121536279281, "ndbi_std": 0.06410209315958011, "nir_std": 0.03376549089715095, "open_space_fraction": 1.0, "building_irregularity": 0.0, "small_building_fraction": 0.0, "building_spacing_score": 0.7195837350260872, "footprint_irregularity": 1.0, "building_density_norm": 0.0, "building_irregularity_norm": 0.0, "small_building_fraction_norm": 0.0, "building_spacing_norm": 0.7195837350260872, "footprint_irregularity_norm": 1.0, "impervious_fraction_norm": 0.0, "ndbi_norm": 0.39207854557400057, "imi": 0.00019478033937048167, "built_gate": false, "predicted_class": "open_vegetated", "informal_probability": 0.0, "confidence": 0.9993194341659546, "explanation": "built-up intensity: 0.39; building density: 0.00; building irregularity: 0.00; impervious surface: 0.00", "year": 2025, "cell_uid": "2025_80.26889_13.10851", "label": "open_vegetated"}, "geometry": {"type": "Polygon", "coordinates": [[[420700.0, 1449200.0], [420700.0, 1449300.0], [420800.0, 1449300.0], [420800.0, 1449200.0], [420700.0, 1449200.0]]]}}, {"id": "81", "type": "Feature", "properties": {"cell_id": 81, "row": 3, "col": 12, "cell_area_m2": 10000.0, "building_count": 0.0, "building_area": 0.0, "building_density": 0.0, "mean_building_area": 0.0, "footprint_cv": 0.0, "compactness": 0.0, "rectangularity": 0.0, "small_bldg_frac": 0.0, "mean_nn_dist": 100.0, "road_density": 0.0, "road_segments": 0.0, "dist_major_road": 147.05607684041266, "blue": 0.0620465000718832, "green": 0.08373650006949901, "red": 0.08746649973094463, "nir": 0.19392599999904633, "swir1": 0.20208400070667268, "ndvi": 0.36597757786512375, "ndbi": 0.028855706501926762, "ndwi": -0.3852043475210667, "vegetation_fraction": 0.36, "impervious_fraction": 0.01, "water_fraction": 0.0, "ndvi_std": 0.10467804659641093, "ndbi_std": 0.06860319585531512, "nir_std": 0.041232903079483636, "open_space_fraction": 1.0, "building_irregularity": 0.0, "small_building_fraction": 0.0, "building_spacing_score": 0.7195837350260872, "footprint_irregularity": 1.0, "building_density_norm": 0.0, "building_irregularity_norm": 0.0, "small_building_fraction_norm": 0.0, "building_spacing_norm": 0.7195837350260872, "footprint_irregularity_norm": 1.0, "impervious_fraction_norm": 0.01, "ndbi_norm": 0.6368484596881727, "imi": 0.007891902700066566, "built_gate": false, "predicted_class": "sparse_low_development", "informal_probability": 0.0, "confidence": 0.9881309270858765, "explanation": "built-up intensity: 0.64; impervious surface: 0.01; building density: 0.00; building irregularity: 0.00", "year": 2025, "cell_uid": "2025_80.26981_13.10851", "label": "sparse_low_development"}, "geometry": {"type": "Polygon", "coordinates": [[[420800.0, 1449200.0], [420800.0, 1449300.0], [420900.0, 1449300.0], [420900.0, 1449200.0], [420800.0, 1449200.0]]]}}, {"id": "82", "type": "Feature", "properties": {"cell_id": 82, "row": 3, "col": 13, "cell_area_m2": 10000.0, "building_count": 0.0, "building_area": 0.0, "building_density": 0.0, "mean_building_area": 0.0, "footprint_cv": 0.0, "compactness": 0.0, "rectangularity": 0.0, "small_bldg_frac": 0.0, "mean_nn_dist": 100.0, "road_density": 0.0, "road_segments": 0.0, "dist_major_road": 207.3954627298335, "blue": 0.037468499932438136, "green": 0.06298199975863099, "red": 0.043166499845683576, "nir": 0.2401910000666976, "swir1": 0.15875800013542174, "ndvi": 0.644404453933239, "ndbi": -0.17202385199954734, "ndwi": -0.5229478411376476, "vegetation_fraction": 0.85, "impervious_fraction": 0.0, "water_fraction": 0.0, "ndvi_std": 0.16334130968353874, "ndbi_std": 0.13663385896614, "nir_std": 0.1066751238787088, "open_space_fraction": 1.0, "building_irregularity": 0.0, "small_building_fraction": 0.0, "building_spacing_score": 0.7195837350260872, "footprint_irregularity": 1.0, "building_density_norm": 0.0, "building_irregularity_norm": 0.0, "small_building_fraction_norm": 0.0, "building_spacing_norm": 0.7195837350260872, "footprint_irregularity_norm": 1.0, "impervious_fraction_norm": 0.0, "ndbi_norm": 0.22817028553012592, "imi": 0.00013122661039233208, "built_gate": false, "predicted_class": "open_vegetated", "informal_probability": 0.0, "confidence": 0.999582827091217, "explanation": "built-up intensity: 0.23; building density: 0.00; building irregularity: 0.00; impervious surface: 0.00", "year": 2025, "cell_uid": "2025_80.27073_13.10851", "label": "open_vegetated"}, "geometry": {"type": "Polygon", "coordinates": [[[420900.0, 1449200.0], [420900.0, 1449300.0], [421000.0, 1449300.0], [421000.0, 1449200.0], [420900.0, 1449200.0]]]}}, {"id": "83", "type": "Feature", "properties": {"cell_id": 83, "row": 3, "col": 14, "cell_area_m2": 10000.0, "building_count": 1.0, "building_area": 119.9558577261843, "building_density": 0.012211397846211697, "mean_building_area": 119.9558577261843, "footprint_cv": 0.0, "compactness": 0.7374198444443246, "rectangularity": 0.851991696625774, "small_bldg_frac": 0.0, "mean_nn_dist": 48.67937190112182, "road_density": 333.8632116519013, "road_segments": 6.0, "dist_major_road": 116.56394007999614, "blue": 0.0, "green": 0.0, "red": 0.0, "nir": 0.0, "swir1": 0.0, "ndvi": 0.0, "ndbi": 0.0, "ndwi": 0.0, "vegetation_fraction": 0.0, "impervious_fraction": 0.0, "water_fraction": 0.0, "ndvi_std": 0.0, "ndbi_std": 0.0, "nir_std": 0.0, "open_space_fraction": 0.9877886021537883, "building_irregularity": 0.0, "small_building_fraction": 0.0, "building_spacing_score": 0.8643561985025728, "footprint_irregularity": 0.2625801555556754, "building_density_norm": 0.005806358017790569, "building_irregularity_norm": 0.0, "small_building_fraction_norm": 0.0, "building_spacing_norm": 0.8643561985025728, "footprint_irregularity_norm": 0.21891079311234787, "impervious_fraction_norm": 0.0, "ndbi_norm": 0.5781431462395603, "imi": 0.8058533668518066, "built_gate": false, "predicted_class": "informal", "informal_probability": 0.0, "confidence": 0.8058533668518066, "explanation": "built-up intensity: 0.58; building density: 0.01; building irregularity: 0.00; impervious surface: 0.00", "year": 2025, "cell_uid": "2025_80.27166_13.10852", "label": "informal"}, "geometry": {"type": "Polygon", "coordinates": [[[421000.0, 1449200.0], [421000.0, 1449300.0], [421100.0, 1449300.0], [421100.0, 1449200.0], [421000.0, 1449200.0]]]}}, {"id": "84", "type": "Feature", "properties": {"cell_id": 84, "row": 3, "col": 15, "cell_area_m2": 10000.0, "building_count": 7.0, "building_area": 1034.7149634527057, "building_density": 0.10626458647252689, "mean_building_area": 147.81642335038651, "footprint_cv": 0.47724154532048557, "compactness": 0.7670584596156971, "rectangularity": 0.8985299651466125, "small_bldg_frac": 0.0, "mean_nn_dist": 17.142412488922794, "road_density": 896.9207184122148, "road_segments": 28.0, "dist_major_road": 27.29585068759748, "blue": 0.11474200021475553, "green": 0.13666999980807304, "red": 0.15414050031453372, "nir": 0.22480399921536445, "swir1": 0.25722199976444243, "ndvi": 0.1992290037870407, "ndbi": 0.06726314631407149, "ndwi": -0.25266657896339895, "vegetation_fraction": 0.1, "impervious_fraction": 0.65, "water_fraction": 0.0, "ndvi_std": 0.14170486321463158, "ndbi_std": 0.0743503025373734, "nir_std": 0.02668009209646941, "open_space_fraction": 0.8937354135274731, "building_irregularity": 0.47724154532048557, "small_building_fraction": 0.0, "building_spacing_score": 0.9533201000328777, "footprint_irregularity": 0.23294154038430293, "building_density_norm": 0.0505274041057772, "building_irregularity_norm": 0.21577481659031908, "small_building_fraction_norm": 0.0, "building_spacing_norm": 0.9533201000328777, "footprint_irregularity_norm": 0.18751700490354206, "impervious_fraction_norm": 0.65, "ndbi_norm": 0.7149862378354559, "imi": 0.9990293979644775, "built_gate": true, "predicted_class": "informal", "informal_probability": 0.288586016582163, "confidence": 0.9990293979644775, "explanation": "built-up intensity: 0.71; impervious surface: 0.65; building irregularity: 0.22; building density: 0.05", "year": 2025, "cell_uid": "2025_80.27258_13.10852", "label": "informal"}, "geometry": {"type": "Polygon", "coordinates": [[[421100.0, 1449200.0], [421100.0, 1449300.0], [421200.0, 1449300.0], [421200.0, 1449200.0], [421100.0, 1449200.0]]]}}, {"id": "86", "type": "Feature", "properties": {"cell_id": 86, "row": 3, "col": 17, "cell_area_m2": 10000.0, "building_count": 0.0, "building_area": 0.0, "building_density": 0.0, "mean_building_area": 0.0, "footprint_cv": 0.0, "compactness": 0.0, "rectangularity": 0.0, "small_bldg_frac": 0.0, "mean_nn_dist": 100.0, "road_density": 227.15964126997937, "road_segments": 2.0, "dist_major_road": 147.33898322430696, "blue": 0.0785999995842576, "green": 0.11174100063741207, "red": 0.10805850010365248, "nir": 0.28197599947452545, "swir1": 0.24141000092029571, "ndvi": 0.4487943237274885, "ndbi": -0.0747889237164054, "ndwi": -0.4303096017241478, "vegetation_fraction": 0.62, "impervious_fraction": 0.03, "water_fraction": 0.0, "ndvi_std": 0.1516050954681247, "ndbi_std": 0.08387575510912841, "nir_std": 0.039866574814320134, "open_space_fraction": 1.0, "building_irregularity": 0.0, "small_building_fraction": 0.0, "building_spacing_score": 0.7195837350260872, "footprint_irregularity": 1.0, "building_density_norm": 0.0, "building_irregularity_norm": 0.0, "small_building_fraction_norm": 0.0, "building_spacing_norm": 0.7195837350260872, "footprint_irregularity_norm": 1.0, "impervious_fraction_norm": 0.03, "ndbi_norm": 0.4259892833991971, "imi": 0.004853649064898491, "built_gate": false, "predicted_class": "sparse_low_development", "informal_probability": 0.0, "confidence": 0.9491617679595947, "explanation": "built-up intensity: 0.43; impervious surface: 0.03; building density: 0.00; building irregularity: 0.00", "year": 2025, "cell_uid": "2025_80.27442_13.10852", "label": "sparse_low_development"}, "geometry": {"type": "Polygon", "coordinates": [[[421300.0, 1449200.0], [421300.0, 1449300.0], [421400.0, 1449300.0], [421400.0, 1449200.0], [421300.0, 1449200.0]]]}}, {"id": "88", "type": "Feature", "properties": {"cell_id": 88, "row": 3, "col": 19, "cell_area_m2": 10000.0, "building_count": 1.0, "building_area": 104.20437813123671, "building_density": 0.010701725153169512, "mean_building_area": 104.20437813123671, "footprint_cv": 0.0, "compactness": 0.7018242091585573, "rectangularity": 0.9967368966748544, "small_bldg_frac": 0.0, "mean_nn_dist": 68.94018579840088, "road_density": 223.98781031828466, "road_segments": 2.0, "dist_major_road": 330.1517210988357, "blue": 0.04204000011086464, "green": 0.07032550003379584, "red": 0.055399000104516746, "nir": 0.3032509998977184, "swir1": 0.20747599840164185, "ndvi": 0.6797228559851647, "ndbi": -0.1786755956336856, "ndwi": -0.6117187036573887, "vegetation_fraction": 0.96, "impervious_fraction": 0.0, "water_fraction": 0.0, "ndvi_std": 0.12293721880831837, "ndbi_std": 0.08351056528627408, "nir_std": 0.05247800619211888, "open_space_fraction": 0.9892982748468305, "building_irregularity": 0.0, "small_building_fraction": 0.0, "building_spacing_score": 0.8072016380732584, "footprint_irregularity": 0.29817579084144274, "building_density_norm": 0.005088528637740985, "building_irregularity_norm": 0.0, "small_building_fraction_norm": 0.0, "building_spacing_norm": 0.8072016380732584, "footprint_irregularity_norm": 0.2566143709906637, "impervious_fraction_norm": 0.0, "ndbi_norm": 0.21463768687426474, "imi": 9.091748506762087e-05, "built_gate": false, "predicted_class": "open_vegetated", "informal_probability": 0.0, "confidence": 0.9961383938789368, "explanation": "built-up intensity: 0.21; building density: 0.01; building irregularity: 0.00; impervious surface: 0.00", "year": 2025, "cell_uid": "2025_80.27627_13.10853", "label": "open_vegetated"}, "geometry": {"type": "Polygon", "coordinates": [[[421500.0, 1449200.0], [421500.0, 1449300.0], [421600.0, 1449300.0], [421600.0, 1449200.0], [421500.0, 1449200.0]]]}}, {"id": "99", "type": "Feature", "properties": {"cell_id": 99, "row": 3, "col": 30, "cell_area_m2": 10000.0, "building_count": 0.0, "building_area": 0.0, "building_density": 0.0, "mean_building_area": 0.0, "footprint_cv": 0.0, "compactness": 0.0, "rectangularity": 0.0, "small_bldg_frac": 0.0, "mean_nn_dist": 100.0, "road_density": 1337.9484807048625, "road_segments": 40.0, "dist_major_road": 55.96633999731515, "blue": 0.07323249991983176, "green": 0.09574649959802628, "red": 0.10126400005072356, "nir": 0.22698600053787232, "swir1": 0.20805599868297578, "ndvi": 0.39171490289270877, "ndbi": -0.04242163967544912, "ndwi": -0.4095526388287544, "vegetation_fraction": 0.42, "impervious_fraction": 0.05, "water_fraction": 0.0, "ndvi_std": 0.15033778987837865, "ndbi_std": 0.07327335828703228, "nir_std": 0.03092001470076878, "open_space_fraction": 1.0, "building_irregularity": 0.0, "small_building_fraction": 0.0, "building_spacing_score": 0.7195837350260872, "footprint_irregularity": 1.0, "building_density_norm": 0.0, "building_irregularity_norm": 0.0, "small_building_fraction_norm": 0.0, "building_spacing_norm": 0.7195837350260872, "footprint_irregularity_norm": 1.0, "impervious_fraction_norm": 0.05, "ndbi_norm": 0.49183870403208757, "imi": 0.029983198270201683, "built_gate": false, "predicted_class": "sparse_low_development", "informal_probability": 0.0, "confidence": 0.9693974256515503, "explanation": "built-up intensity: 0.49; impervious surface: 0.05; building density: 0.00; building irregularity: 0.00", "year": 2025, "cell_uid": "2025_80.28642_13.10856", "label": "sparse_low_development"}, "geometry": {"type": "Polygon", "coordinates": [[[422600.0, 1449200.0], [422600.0, 1449300.0], [422700.0, 1449300.0], [422700.0, 1449200.0], [422600.0, 1449200.0]]]}}, {"id": "100", "type": "Feature", "properties": {"cell_id": 100, "row": 3, "col": 31, "cell_area_m2": 10000.0, "building_count": 0.0, "building_area": 0.0, "building_density": 0.0, "mean_building_area": 0.0, "footprint_cv": 0.0, "compactness": 0.0, "rectangularity": 0.0, "small_bldg_frac": 0.0, "mean_nn_dist": 100.0, "road_density": 224.02423338956189, "road_segments": 2.0, "dist_major_road": 28.31542434254052, "blue": 0.05571749996393919, "green": 0.08709799982607365, "red": 0.09400500044226646, "nir": 0.2785920013487339, "swir1": 0.24536600053310395, "ndvi": 0.5060601613670588, "ndbi": -0.06527681572712027, "ndwi": -0.524322222173214, "vegetation_fraction": 0.89, "impervious_fraction": 0.05, "water_fraction": 0.0, "ndvi_std": 0.1430916591878526, "ndbi_std": 0.07862774186124522, "nir_std": 0.029728952917746514, "open_space_fraction": 1.0, "building_irregularity": 0.0, "small_building_fraction": 0.0, "building_spacing_score": 0.7195837350260872, "footprint_irregularity": 1.0, "building_density_norm": 0.0, "building_irregularity_norm": 0.0, "small_building_fraction_norm": 0.0, "building_spacing_norm": 0.7195837350260872, "footprint_irregularity_norm": 1.0, "impervious_fraction_norm": 0.05, "ndbi_norm": 0.4453411326090145, "imi": 0.004200927913188934, "built_gate": false, "predicted_class": "open_vegetated", "informal_probability": 0.0, "confidence": 0.950614333152771, "explanation": "built-up intensity: 0.45; impervious surface: 0.05; building density: 0.00; building irregularity: 0.00", "year": 2025, "cell_uid": "2025_80.28734_13.10856", "label": "open_vegetated"}, "geometry": {"type": "Polygon", "coordinates": [[[422700.0, 1449200.0], [422700.0, 1449300.0], [422800.0, 1449300.0], [422800.0, 1449200.0], [422700.0, 1449200.0]]]}}, {"id": "101", "type": "Feature", "properties": {"cell_id": 101, "row": 3, "col": 32, "cell_area_m2": 10000.0, "building_count": 0.0, "building_area": 0.0, "building_density": 0.0, "mean_building_area": 0.0, "footprint_cv": 0.0, "compactness": 0.0, "rectangularity": 0.0, "small_bldg_frac": 0.0, "mean_nn_dist": 100.0, "road_density": 788.9579781040106, "road_segments": 24.0, "dist_major_road": 2.2752823333930743, "blue": 0.08100100044161081, "green": 0.10434299975633621, "red": 0.10193549992516637, "nir": 0.2608679996430874, "swir1": 0.23061599910259248, "ndvi": 0.4805299517995445, "ndbi": -0.06275371163152159, "ndwi": -0.46634290875867007, "vegetation_fraction": 0.62, "impervious_fraction": 0.14, "water_fraction": 0.0, "ndvi_std": 0.26040898356206066, "ndbi_std": 0.15598792855721558, "nir_std": 0.05603691398318649, "open_space_fraction": 1.0, "building_irregularity": 0.0, "small_building_fraction": 0.0, "building_spacing_score": 0.7195837350260872, "footprint_irregularity": 1.0, "building_density_norm": 0.0, "building_irregularity_norm": 0.0, "small_building_fraction_norm": 0.0, "building_spacing_norm": 0.7195837350260872, "footprint_irregularity_norm": 1.0, "impervious_fraction_norm": 0.14, "ndbi_norm": 0.4504742461158942, "imi": 0.0019284832524135709, "built_gate": false, "predicted_class": "sparse_low_development", "informal_probability": 0.0, "confidence": 0.9928634762763977, "explanation": "built-up intensity: 0.45; impervious surface: 0.14; building density: 0.00; building irregularity: 0.00", "year": 2025, "cell_uid": "2025_80.28826_13.10856", "label": "sparse_low_development"}, "geometry": {"type": "Polygon", "coordinates": [[[422800.0, 1449200.0], [422800.0, 1449300.0], [422900.0, 1449300.0], [422900.0, 1449200.0], [422800.0, 1449200.0]]]}}, {"id": "102", "type": "Feature", "properties": {"cell_id": 102, "row": 3, "col": 33, "cell_area_m2": 10000.0, "building_count": 1.0, "building_area": 1225.9773451228489, "building_density": 0.1325497900503722, "mean_building_area": 1225.9773451228489, "footprint_cv": 0.0, "compactness": 0.1907841477311777, "rectangularity": 0.5382451178510536, "small_bldg_frac": 0.0, "mean_nn_dist": 245.6242134972546, "road_density": 796.1976874932653, "road_segments": 22.0, "dist_major_road": 23.52234630797399, "blue": 0.0772230001911521, "green": 0.09854450028389693, "red": 0.10675849966704845, "nir": 0.23882399946451188, "swir1": 0.23396200120449065, "ndvi": 0.3934040620923042, "ndbi": -0.006688073938712478, "ndwi": -0.4201095321774483, "vegetation_fraction": 0.45, "impervious_fraction": 0.16, "water_fraction": 0.0, "ndvi_std": 0.20863575413566957, "ndbi_std": 0.12419761561928042, "nir_std": 0.04299971546158986, "open_space_fraction": 0.8674502099496277, "building_irregularity": 0.0, "small_building_fraction": 0.0, "building_spacing_score": 0.3087864219221953, "footprint_irregularity": 0.8092158522688223, "building_density_norm": 0.06302567043577206, "building_irregularity_norm": 0.0, "small_building_fraction_norm": 0.0, "building_spacing_norm": 0.3087864219221953, "footprint_irregularity_norm": 0.7979177808126735, "impervious_fraction_norm": 0.16, "ndbi_norm": 0.5645366356204772, "imi": 0.0007301763980649412, "built_gate": false, "predicted_class": "sparse_low_development", "informal_probability": 0.0, "confidence": 0.9992352724075317, "explanation": "built-up intensity: 0.56; impervious surface: 0.16; building density: 0.06; building irregularity: 0.00", "year": 2025, "cell_uid": "2025_80.28918_13.10857", "label": "sparse_low_development"}, "geometry": {"type": "Polygon", "coordinates": [[[422900.0, 1449200.0], [422900.0, 1449300.0], [423000.0, 1449300.0], [423000.0, 1449200.0], [422900.0, 1449200.0]]]}}, {"id": "103", "type": "Feature", "properties": {"cell_id": 103, "row": 3, "col": 34, "cell_area_m2": 10000.0, "building_count": 0.0, "building_area": 0.0, "building_density": 0.0, "mean_building_area": 0.0, "footprint_cv": 0.0, "compactness": 0.0, "rectangularity": 0.0, "small_bldg_frac": 0.0, "mean_nn_dist": 100.0, "road_density": 570.0334426304859, "road_segments": 14.0, "dist_major_road": 46.70929174090795, "blue": 0.0, "green": 0.0, "red": 0.0, "nir": 0.0, "swir1": 0.0, "ndvi": 0.0, "ndbi": 0.0, "ndwi": 0.0, "vegetation_fraction": 0.0, "impervious_fraction": 0.0, "water_fraction": 0.0, "ndvi_std": 0.0, "ndbi_std": 0.0, "nir_std": 0.0, "open_space_fraction": 1.0, "building_irregularity": 0.0, "small_building_fraction": 0.0, "building_spacing_score": 0.7195837350260872, "footprint_irregularity": 1.0, "building_density_norm": 0.0, "building_irregularity_norm": 0.0, "small_building_fraction_norm": 0.0, "building_spacing_norm": 0.7195837350260872, "footprint_irregularity_norm": 1.0, "impervious_fraction_norm": 0.0, "ndbi_norm": 0.5781431462395603, "imi": 0.059135839343070984, "built_gate": false, "predicted_class": "sparse_low_development", "informal_probability": 0.0, "confidence": 0.9399369955062866, "explanation": "built-up intensity: 0.58; building density: 0.00; building irregularity: 0.00; impervious surface: 0.00", "year": 2025, "cell_uid": "2025_80.29011_13.10857", "label": "sparse_low_development"}, "geometry": {"type": "Polygon", "coordinates": [[[423000.0, 1449200.0], [423000.0, 1449300.0], [423100.0, 1449300.0], [423100.0, 1449200.0], [423000.0, 1449200.0]]]}}, {"id": "105", "type": "Feature", "properties": {"cell_id": 105, "row": 4, "col": 1, "cell_area_m2": 10000.0, "building_count": 0.0, "building_area": 0.0, "building_density": 0.0, "mean_building_area": 0.0, "footprint_cv": 0.0, "compactness": 0.0, "rectangularity": 0.0, "small_bldg_frac": 0.0, "mean_nn_dist": 100.0, "road_density": 0.0, "road_segments": 0.0, "dist_major_road": 90.10384946821439, "blue": 0.0686565002426505, "green": 0.09784499995410442, "red": 0.09238499987870455, "nir": 0.3170949983596802, "swir1": 0.23852799952030182, "ndvi": 0.5531547546386719, "ndbi": -0.1398725062230369, "ndwi": -0.5284203100204468, "vegetation_fraction": 0.83, "impervious_fraction": 0.04, "water_fraction": 0.0, "ndvi_std": 0.16630397565765373, "ndbi_std": 0.0866176169590953, "nir_std": 0.034719075484560755, "open_space_fraction": 1.0, "building_irregularity": 0.0, "small_building_fraction": 0.0, "building_spacing_score": 0.7195837350260872, "footprint_irregularity": 1.0, "building_density_norm": 0.0, "building_irregularity_norm": 0.0, "small_building_fraction_norm": 0.0, "building_spacing_norm": 0.7195837350260872, "footprint_irregularity_norm": 1.0, "impervious_fraction_norm": 0.04, "ndbi_norm": 0.2935803918977775, "imi": 0.00019268691539764404, "built_gate": false, "predicted_class": "open_vegetated", "informal_probability": 0.0, "confidence": 0.9993873834609985, "explanation": "built-up intensity: 0.29; impervious surface: 0.04; building density: 0.00; building irregularity: 0.00", "year": 2025, "cell_uid": "2025_80.25967_13.10758", "label": "open_vegetated"}, "geometry": {"type": "Polygon", "coordinates": [[[419700.0, 1449100.0], [419700.0, 1449200.0], [419800.0, 1449200.0], [419800.0, 1449100.0], [419700.0, 1449100.0]]]}}, {"id": "108", "type": "Feature", "properties": {"cell_id": 108, "row": 4, "col": 4, "cell_area_m2": 10000.0, "building_count": 0.0, "building_area": 0.0, "building_density": 0.0, "mean_building_area": 0.0, "footprint_cv": 0.0, "compactness": 0.0, "rectangularity": 0.0, "small_bldg_frac": 0.0, "mean_nn_dist": 100.0, "road_density": 608.8751195839768, "road_segments": 16.0, "dist_major_road": 195.18935263257725, "blue": 0.0, "green": 0.0, "red": 0.0, "nir": 0.0, "swir1": 0.0, "ndvi": 0.0, "ndbi": 0.0, "ndwi": 0.0, "vegetation_fraction": 0.0, "impervious_fraction": 0.0, "water_fraction": 0.0, "ndvi_std": 0.0, "ndbi_std": 0.0, "nir_std": 0.0, "open_space_fraction": 1.0, "building_irregularity": 0.0, "small_building_fraction": 0.0, "building_spacing_score": 0.7195837350260872, "footprint_irregularity": 1.0, "building_density_norm": 0.0, "building_irregularity_norm": 0.0, "small_building_fraction_norm": 0.0, "building_spacing_norm": 0.7195837350260872, "footprint_irregularity_norm": 1.0, "impervious_fraction_norm": 0.0, "ndbi_norm": 0.5781431462395603, "imi": 0.059135839343070984, "built_gate": false, "predicted_class": "sparse_low_development", "informal_probability": 0.0, "confidence": 0.9399369955062866, "explanation": "built-up intensity: 0.58; building density: 0.00; building irregularity: 0.00; impervious surface: 0.00", "year": 2025, "cell_uid": "2025_80.26243_13.10759", "label": "sparse_low_development"}, "geometry": {"type": "Polygon", "coordinates": [[[420000.0, 1449100.0], [420000.0, 1449200.0], [420100.0, 1449200.0], [420100.0, 1449100.0], [420000.0, 1449100.0]]]}}, {"id": "109", "type": "Feature", "properties": {"cell_id": 109, "row": 4, "col": 5, "cell_area_m2": 10000.0, "building_count": 5.0, "building_area": 656.1178802194023, "building_density": 0.06561178802194023, "mean_building_area": 131.22357604388046, "footprint_cv": 0.5768629503182328, "compactness": 0.6975661904512812, "rectangularity": 0.9993626071397989, "small_bldg_frac": 0.0, "mean_nn_dist": 13.166328076163714, "road_density": 818.3672464262634, "road_segments": 26.0, "dist_major_road": 294.08611441337234, "blue": 0.12784299992024897, "green": 0.14631800033152104, "red": 0.1675389999896288, "nir": 0.20919299975037575, "swir1": 0.27219599902629854, "ndvi": 0.11385137422010302, "ndbi": 0.13312079452909528, "ndwi": -0.18149664629250764, "vegetation_fraction": 0.01, "impervious_fraction": 0.92, "water_fraction": 0.0, "ndvi_std": 0.061632128436754814, "ndbi_std": 0.04634553345926751, "nir_std": 0.02395280274126214, "open_space_fraction": 0.9343882119780598, "building_irregularity": 0.5768629503182328, "small_building_fraction": 0.0, "building_spacing_score": 0.9645363995356145, "footprint_irregularity": 0.3024338095487188, "building_density_norm": 0.031197536616248533, "building_irregularity_norm": 0.26081655824636785, "small_building_fraction_norm": 0.0, "building_spacing_norm": 0.9645363995356145, "footprint_irregularity_norm": 0.26112454586598893, "impervious_fraction_norm": 0.92, "ndbi_norm": 0.8489699225251123, "imi": 0.998923122882843, "built_gate": true, "predicted_class": "informal", "informal_probability": 0.34301356308758557, "confidence": 0.998923122882843, "explanation": "impervious surface: 0.92; built-up intensity: 0.85; building irregularity: 0.26; building density: 0.03", "year": 2025, "cell_uid": "2025_80.26336_13.10759", "label": "informal"}, "geometry": {"type": "Polygon", "coordinates": [[[420100.0, 1449100.0], [420100.0, 1449200.0], [420200.0, 1449200.0], [420200.0, 1449100.0], [420100.0, 1449100.0]]]}}, {"id": "110", "type": "Feature", "properties": {"cell_id": 110, "row": 4, "col": 6, "cell_area_m2": 10000.0, "building_count": 9.0, "building_area": 711.5870383504027, "building_density": 0.07115870383504028, "mean_building_area": 79.06522648337808, "footprint_cv": 0.2321605230435167, "compactness": 0.7250905577922911, "rectangularity": 0.9993142357638427, "small_bldg_frac": 0.1111111111111111, "mean_nn_dist": 20.648338907931304, "road_density": 822.3453759008762, "road_segments": 24.0, "dist_major_road": 393.1934652823478, "blue": 0.13041150003671645, "green": 0.15190349981188775, "red": 0.1755319993197918, "nir": 0.218420999199152, "swir1": 0.2780619990825653, "ndvi": 0.11280767001677304, "ndbi": 0.12293809563852846, "ndwi": -0.18411308951675892, "vegetation_fraction": 0.0, "impervious_fraction": 0.88, "water_fraction": 0.0, "ndvi_std": 0.059664742217419776, "ndbi_std": 0.04926416409404962, "nir_std": 0.02744550515757629, "open_space_fraction": 0.9288412961649597, "building_irregularity": 0.2321605230435167, "small_building_fraction": 0.1111111111111111, "building_spacing_score": 0.9434300884868528, "footprint_irregularity": 0.27490944220770885, "building_density_norm": 0.033835021653671526, "building_irregularity_norm": 0.10496654109521647, "small_building_fraction_norm": 0.1111111111111111, "building_spacing_norm": 0.9434300884868528, "footprint_irregularity_norm": 0.23197020940698818, "impervious_fraction_norm": 0.88, "ndbi_norm": 0.828253793807777, "imi": 0.9987571239471436, "built_gate": true, "predicted_class": "informal", "informal_probability": 0.32796373072277524, "confidence": 0.9987571239471436, "explanation": "impervious surface: 0.88; built-up intensity: 0.83; building irregularity: 0.10; building density: 0.03", "year": 2025, "cell_uid": "2025_80.26428_13.10759", "label": "informal"}, "geometry": {"type": "Polygon", "coordinates": [[[420200.0, 1449100.0], [420200.0, 1449200.0], [420300.0, 1449200.0], [420300.0, 1449100.0], [420200.0, 1449100.0]]]}}, {"id": "112", "type": "Feature", "properties": {"cell_id": 112, "row": 4, "col": 8, "cell_area_m2": 10000.0, "building_count": 0.0, "building_area": 0.0, "building_density": 0.0, "mean_building_area": 0.0, "footprint_cv": 0.0, "compactness": 0.0, "rectangularity": 0.0, "small_bldg_frac": 0.0, "mean_nn_dist": 100.0, "road_density": 1029.945124712408, "road_segments": 42.0, "dist_major_road": 323.6502483771211, "blue": 0.12160700038075448, "green": 0.1417960000038147, "red": 0.1584679999947548, "nir": 0.2242720001935959, "swir1": 0.2720160007476807, "ndvi": 0.1774746812134981, "ndbi": 0.09778905910439789, "ndwi": -0.22787789449095727, "vegetation_fraction": 0.12, "impervious_fraction": 0.76, "water_fraction": 0.0, "ndvi_std": 0.1293422470174209, "ndbi_std": 0.06795395934194856, "nir_std": 0.025496191177058813, "open_space_fraction": 1.0, "building_irregularity": 0.0, "small_building_fraction": 0.0, "building_spacing_score": 0.7195837350260872, "footprint_irregularity": 1.0, "building_density_norm": 0.0, "building_irregularity_norm": 0.0, "small_building_fraction_norm": 0.0, "building_spacing_norm": 0.7195837350260872, "footprint_irregularity_norm": 1.0, "impervious_fraction_norm": 0.76, "ndbi_norm": 0.7770894921273395, "imi": 0.9927623867988586, "built_gate": false, "predicted_class": "informal", "informal_probability": 0.0, "confidence": 0.9927623867988586, "explanation": "built-up intensity: 0.78; impervious surface: 0.76; building density: 0.00; building irregularity: 0.00", "year": 2025, "cell_uid": "2025_80.26612_13.10760", "label": "informal"}, "geometry": {"type": "Polygon", "coordinates": [[[420400.0, 1449100.0], [420400.0, 1449200.0], [420500.0, 1449200.0], [420500.0, 1449100.0], [420400.0, 1449100.0]]]}}, {"id": "113", "type": "Feature", "properties": {"cell_id": 113, "row": 4, "col": 9, "cell_area_m2": 10000.0, "building_count": 0.0, "building_area": 0.0, "building_density": 0.0, "mean_building_area": 0.0, "footprint_cv": 0.0, "compactness": 0.0, "rectangularity": 0.0, "small_bldg_frac": 0.0, "mean_nn_dist": 100.0, "road_density": 522.2431799001763, "road_segments": 26.0, "dist_major_road": 224.08518762224898, "blue": 0.06304099984467029, "green": 0.08808050006628036, "red": 0.08881850022822618, "nir": 0.27368600010871885, "swir1": 0.2290779995918274, "ndvi": 0.519188218191266, "ndbi": -0.08413059829268604, "ndwi": -0.5082617312669754, "vegetation_fraction": 0.57, "impervious_fraction": 0.24, "water_fraction": 0.0, "ndvi_std": 0.2890887139148805, "ndbi_std": 0.1502347114878344, "nir_std": 0.04727835477848211, "open_space_fraction": 1.0, "building_irregularity": 0.0, "small_building_fraction": 0.0, "building_spacing_score": 0.7195837350260872, "footprint_irregularity": 1.0, "building_density_norm": 0.0, "building_irregularity_norm": 0.0, "small_building_fraction_norm": 0.0, "building_spacing_norm": 0.7195837350260872, "footprint_irregularity_norm": 1.0, "impervious_fraction_norm": 0.24, "ndbi_norm": 0.406984171391322, "imi": 0.002474643522873521, "built_gate": false, "predicted_class": "sparse_low_development", "informal_probability": 0.0, "confidence": 0.9860646724700928, "explanation": "built-up intensity: 0.41; impervious surface: 0.24; building density: 0.00; building irregularity: 0.00", "year": 2025, "cell_uid": "2025_80.26705_13.10760", "label": "sparse_low_development"}, "geometry": {"type": "Polygon", "coordinates": [[[420500.0, 1449100.0], [420500.0, 1449200.0], [420600.0, 1449200.0], [420600.0, 1449100.0], [420500.0, 1449100.0]]]}}, {"id": "114", "type": "Feature", "properties": {"cell_id": 114, "row": 4, "col": 10, "cell_area_m2": 10000.0, "building_count": 0.0, "building_area": 0.0, "building_density": 0.0, "mean_building_area": 0.0, "footprint_cv": 0.0, "compactness": 0.0, "rectangularity": 0.0, "small_bldg_frac": 0.0, "mean_nn_dist": 100.0, "road_density": 78.64903721921083, "road_segments": 3.0, "dist_major_road": 125.21525206149951, "blue": 0.051927999779582026, "green": 0.07553000025451183, "red": 0.0634774999693036, "nir": 0.25878100015223027, "swir1": 0.17896399974823, "ndvi": 0.5726313353329897, "ndbi": -0.15768967633950523, "ndwi": -0.5171118046343327, "vegetation_fraction": 0.69, "impervious_fraction": 0.12, "water_fraction": 0.0, "ndvi_std": 0.2430668026181407, "ndbi_std": 0.1327626654936568, "nir_std": 0.07440153090223262, "open_space_fraction": 1.0, "building_irregularity": 0.0, "small_building_fraction": 0.0, "building_spacing_score": 0.7195837350260872, "footprint_irregularity": 1.0, "building_density_norm": 0.0, "building_irregularity_norm": 0.0, "small_building_fraction_norm": 0.0, "building_spacing_norm": 0.7195837350260872, "footprint_irregularity_norm": 1.0, "impervious_fraction_norm": 0.12, "ndbi_norm": 0.2573323604595356, "imi": 0.0005167880444787443, "built_gate": false, "predicted_class": "open_vegetated", "informal_probability": 0.0, "confidence": 0.9956549406051636, "explanation": "built-up intensity: 0.26; impervious surface: 0.12; building density: 0.00; building irregularity: 0.00", "year": 2025, "cell_uid": "2025_80.26797_13.10760", "label": "open_vegetated"}, "geometry": {"type": "Polygon", "coordinates": [[[420600.0, 1449100.0], [420600.0, 1449200.0], [420700.0, 1449200.0], [420700.0, 1449100.0], [420600.0, 1449100.0]]]}}, {"id": "116", "type": "Feature", "properties": {"cell_id": 116, "row": 4, "col": 12, "cell_area_m2": 10000.0, "building_count": 0.0, "building_area": 0.0, "building_density": 0.0, "mean_building_area": 0.0, "footprint_cv": 0.0, "compactness": 0.0, "rectangularity": 0.0, "small_bldg_frac": 0.0, "mean_nn_dist": 100.0, "road_density": 0.0, "road_segments": 0.0, "dist_major_road": 73.53518669490194, "blue": 0.04307650016620755, "green": 0.06717349994927645, "red": 0.05773200022056699, "nir": 0.25483199924230576, "swir1": 0.20146399974822998, "ndvi": 0.6155105516314506, "ndbi": -0.10553096468211151, "ndwi": -0.5688649493455887, "vegetation_fraction": 0.91, "impervious_fraction": 0.0, "water_fraction": 0.0, "ndvi_std": 0.14353949701835425, "ndbi_std": 0.09980162632542933, "nir_std": 0.0533538306320617, "open_space_fraction": 1.0, "building_irregularity": 0.0, "small_building_fraction": 0.0, "building_spacing_score": 0.7195837350260872, "footprint_irregularity": 1.0, "building_density_norm": 0.0, "building_irregularity_norm": 0.0, "small_building_fraction_norm": 0.0, "building_spacing_norm": 0.7195837350260872, "footprint_irregularity_norm": 1.0, "impervious_fraction_norm": 0.0, "ndbi_norm": 0.3634463284789509, "imi": 0.00013122661039233208, "built_gate": false, "predicted_class": "open_vegetated", "informal_probability": 0.0, "confidence": 0.999582827091217, "explanation": "built-up intensity: 0.36; building density: 0.00; building irregularity: 0.00; impervious surface: 0.00", "year": 2025, "cell_uid": "2025_80.26981_13.10761", "label": "open_vegetated"}, "geometry": {"type": "Polygon", "coordinates": [[[420800.0, 1449100.0], [420800.0, 1449200.0], [420900.0, 1449200.0], [420900.0, 1449100.0], [420800.0, 1449100.0]]]}}, {"id": "117", "type": "Feature", "properties": {"cell_id": 117, "row": 4, "col": 13, "cell_area_m2": 10000.0, "building_count": 0.0, "building_area": 0.0, "building_density": 0.0, "mean_building_area": 0.0, "footprint_cv": 0.0, "compactness": 0.0, "rectangularity": 0.0, "small_bldg_frac": 0.0, "mean_nn_dist": 100.0, "road_density": 0.0, "road_segments": 0.0, "dist_major_road": 146.1796971552366, "blue": 0.043426000084728, "green": 0.07697100020945072, "red": 0.05088150015100837, "nir": 0.29046699970960616, "swir1": 0.17617999792098998, "ndvi": 0.6930234059691429, "ndbi": -0.24076863107271493, "ndwi": -0.5733406561613082, "vegetation_fraction": 1.0, "impervious_fraction": 0.0, "water_fraction": 0.0, "ndvi_std": 0.09978088717503081, "ndbi_std": 0.06954225228540407, "nir_std": 0.04703510856533527, "open_space_fraction": 1.0, "building_irregularity": 0.0, "small_building_fraction": 0.0, "building_spacing_score": 0.7195837350260872, "footprint_irregularity": 1.0, "building_density_norm": 0.0, "building_irregularity_norm": 0.0, "small_building_fraction_norm": 0.0, "building_spacing_norm": 0.7195837350260872, "footprint_irregularity_norm": 1.0, "impervious_fraction_norm": 0.0, "ndbi_norm": 0.0883128953402014, "imi": 0.00013122661039233208, "built_gate": false, "predicted_class": "open_vegetated", "informal_probability": 0.0, "confidence": 0.999582827091217, "explanation": "built-up intensity: 0.09; building density: 0.00; building irregularity: 0.00; impervious surface: 0.00", "year": 2025, "cell_uid": "2025_80.27074_13.10761", "label": "open_vegetated"}, "geometry": {"type": "Polygon", "coordinates": [[[420900.0, 1449100.0], [420900.0, 1449200.0], [421000.0, 1449200.0], [421000.0, 1449100.0], [420900.0, 1449100.0]]]}}, {"id": "120", "type": "Feature", "properties": {"cell_id": 120, "row": 4, "col": 16, "cell_area_m2": 10000.0, "building_count": 4.0, "building_area": 691.572474462156, "building_density": 0.07102406518726469, "mean_building_area": 172.893118615539, "footprint_cv": 0.48079771557581313, "compactness": 0.7037503076737566, "rectangularity": 0.8525525513683494, "small_bldg_frac": 0.0, "mean_nn_dist": 34.357566534060034, "road_density": 945.923513971657, "road_segments": 24.0, "dist_major_road": 106.92773767535517, "blue": 0.11821250010281802, "green": 0.1373675002902746, "red": 0.15115750007331372, "nir": 0.21942399993538855, "swir1": 0.24982400119304657, "ndvi": 0.18946745079010724, "ndbi": 0.06683807422989048, "ndwi": -0.2329649481922388, "vegetation_fraction": 0.11, "impervious_fraction": 0.7, "water_fraction": 0.0, "ndvi_std": 0.1287402719605779, "ndbi_std": 0.06520815313767189, "nir_std": 0.02831392799878901, "open_space_fraction": 0.9289759348127353, "building_irregularity": 0.48079771557581313, "small_building_fraction": 0.0, "building_spacing_score": 0.9047571663244303, "footprint_irregularity": 0.29624969232624343, "building_density_norm": 0.03377100275904033, "building_irregularity_norm": 0.2173826648427003, "small_building_fraction_norm": 0.0, "building_spacing_norm": 0.9047571663244303, "footprint_irregularity_norm": 0.25457421059498275, "impervious_fraction_norm": 0.7, "ndbi_norm": 0.7141214525653937, "imi": 0.9992105960845947, "built_gate": true, "predicted_class": "informal", "informal_probability": 0.2935752074717781, "confidence": 0.9992105960845947, "explanation": "built-up intensity: 0.71; impervious surface: 0.70; building irregularity: 0.22; building density: 0.03", "year": 2025, "cell_uid": "2025_80.27350_13.10762", "label": "informal"}, "geometry": {"type": "Polygon", "coordinates": [[[421200.0, 1449100.0], [421200.0, 1449200.0], [421300.0, 1449200.0], [421300.0, 1449100.0], [421200.0, 1449100.0]]]}}, {"id": "121", "type": "Feature", "properties": {"cell_id": 121, "row": 4, "col": 17, "cell_area_m2": 10000.0, "building_count": 0.0, "building_area": 0.0, "building_density": 0.0, "mean_building_area": 0.0, "footprint_cv": 0.0, "compactness": 0.0, "rectangularity": 0.0, "small_bldg_frac": 0.0, "mean_nn_dist": 100.0, "road_density": 759.2206437266158, "road_segments": 28.0, "dist_major_road": 196.26463718974873, "blue": 0.0805280003324151, "green": 0.11107049979269505, "red": 0.11179950017482042, "nir": 0.2580660003423691, "swir1": 0.24397999942302703, "ndvi": 0.3943707725405693, "ndbi": -0.02429423902234703, "ndwi": -0.394044675976038, "vegetation_fraction": 0.47, "impervious_fraction": 0.07, "water_fraction": 0.0, "ndvi_std": 0.13520878235474118, "ndbi_std": 0.08016205122447248, "nir_std": 0.0358243509732019, "open_space_fraction": 1.0, "building_irregularity": 0.0, "small_building_fraction": 0.0, "building_spacing_score": 0.7195837350260872, "footprint_irregularity": 1.0, "building_density_norm": 0.0, "building_irregularity_norm": 0.0, "small_building_fraction_norm": 0.0, "building_spacing_norm": 0.7195837350260872, "footprint_irregularity_norm": 1.0, "impervious_fraction_norm": 0.07, "ndbi_norm": 0.5287178820649624, "imi": 0.017743254080414772, "built_gate": false, "predicted_class": "sparse_low_development", "informal_probability": 0.0, "confidence": 0.9811066389083862, "explanation": "built-up intensity: 0.53; impervious surface: 0.07; building density: 0.00; building irregularity: 0.00", "year": 2025, "cell_uid": "2025_80.27443_13.10762", "label": "sparse_low_development"}, "geometry": {"type": "Polygon", "coordinates": [[[421300.0, 1449100.0], [421300.0, 1449200.0], [421400.0, 1449200.0], [421400.0, 1449100.0], [421300.0, 1449100.0]]]}}, {"id": "122", "type": "Feature", "properties": {"cell_id": 122, "row": 4, "col": 18, "cell_area_m2": 10000.0, "building_count": 1.0, "building_area": 170.12243687965943, "building_density": 0.01747146899701897, "mean_building_area": 170.12243687965943, "footprint_cv": 0.0, "compactness": 0.6482230132594032, "rectangularity": 0.9988951908312046, "small_bldg_frac": 0.0, "mean_nn_dist": 68.94018579840088, "road_density": 811.1114338303609, "road_segments": 28.0, "dist_major_road": 283.0838982158322, "blue": 0.0680315001308918, "green": 0.09820250000804663, "red": 0.08987500015646219, "nir": 0.2960800002515316, "swir1": 0.23743599712848662, "ndvi": 0.5343341493606567, "ndbi": -0.10653944298042915, "ndwi": -0.5002719455957413, "vegetation_fraction": 0.8, "impervious_fraction": 0.0, "water_fraction": 0.0, "ndvi_std": 0.1402299830888823, "ndbi_std": 0.07851938570590558, "nir_std": 0.03758964879055077, "open_space_fraction": 0.982528531002981, "building_irregularity": 0.0, "small_building_fraction": 0.0, "building_spacing_score": 0.8072016380732584, "footprint_irregularity": 0.35177698674059676, "building_density_norm": 0.008307452215627517, "building_irregularity_norm": 0.0, "small_building_fraction_norm": 0.0, "building_spacing_norm": 0.8072016380732584, "footprint_irregularity_norm": 0.3133897831368456, "impervious_fraction_norm": 0.0, "ndbi_norm": 0.3613946360483772, "imi": 6.731686880812049e-05, "built_gate": false, "predicted_class": "open_vegetated", "informal_probability": 0.0, "confidence": 0.9992853999137878, "explanation": "built-up intensity: 0.36; building density: 0.01; building irregularity: 0.00; impervious surface: 0.00", "year": 2025, "cell_uid": "2025_80.27535_13.10762", "label": "open_vegetated"}, "geometry": {"type": "Polygon", "coordinates": [[[421400.0, 1449100.0], [421400.0, 1449200.0], [421500.0, 1449200.0], [421500.0, 1449100.0], [421400.0, 1449100.0]]]}}, {"id": "125", "type": "Feature", "properties": {"cell_id": 125, "row": 4, "col": 21, "cell_area_m2": 10000.0, "building_count": 0.0, "building_area": 0.0, "building_density": 0.0, "mean_building_area": 0.0, "footprint_cv": 0.0, "compactness": 0.0, "rectangularity": 0.0, "small_bldg_frac": 0.0, "mean_nn_dist": 100.0, "road_density": 641.7954017618991, "road_segments": 14.0, "dist_major_road": 246.1152444439545, "blue": 0.09312149997800588, "green": 0.11963000047951937, "red": 0.12127150006592274, "nir": 0.27434499979019167, "swir1": 0.24857400238513946, "ndvi": 0.39829340860247614, "ndbi": -0.04685776199679822, "ndwi": -0.4010907253623009, "vegetation_fraction": 0.49, "impervious_fraction": 0.07, "water_fraction": 0.0, "ndvi_std": 0.17449988790197873, "ndbi_std": 0.07360167065647605, "nir_std": 0.03497409777474055, "open_space_fraction": 1.0, "building_irregularity": 0.0, "small_building_fraction": 0.0, "building_spacing_score": 0.7195837350260872, "footprint_irregularity": 1.0, "building_density_norm": 0.0, "building_irregularity_norm": 0.0, "small_building_fraction_norm": 0.0, "building_spacing_norm": 0.7195837350260872, "footprint_irregularity_norm": 1.0, "impervious_fraction_norm": 0.07, "ndbi_norm": 0.48281366243922985, "imi": 0.8556836247444153, "built_gate": false, "predicted_class": "informal", "informal_probability": 0.0, "confidence": 0.8556836247444153, "explanation": "built-up intensity: 0.48; impervious surface: 0.07; building density: 0.00; building irregularity: 0.00", "year": 2025, "cell_uid": "2025_80.27812_13.10763", "label": "informal"}, "geometry": {"type": "Polygon", "coordinates": [[[421700.0, 1449100.0], [421700.0, 1449200.0], [421800.0, 1449200.0], [421800.0, 1449100.0], [421700.0, 1449100.0]]]}}, {"id": "126", "type": "Feature", "properties": {"cell_id": 126, "row": 4, "col": 22, "cell_area_m2": 10000.0, "building_count": 0.0, "building_area": 0.0, "building_density": 0.0, "mean_building_area": 0.0, "footprint_cv": 0.0, "compactness": 0.0, "rectangularity": 0.0, "small_bldg_frac": 0.0, "mean_nn_dist": 100.0, "road_density": 387.69017125239253, "road_segments": 20.0, "dist_major_road": 174.7508830606957, "blue": 0.09362499993294478, "green": 0.12191799990832805, "red": 0.11419100046157837, "nir": 0.3022050002217293, "swir1": 0.25108399987220764, "ndvi": 0.5007755593769252, "ndbi": -0.09329422079725191, "ndwi": -0.46786365534062496, "vegetation_fraction": 0.72, "impervious_fraction": 0.05, "water_fraction": 0.0, "ndvi_std": 0.2165246576152692, "ndbi_std": 0.07400027195571891, "nir_std": 0.04289329908888805, "open_space_fraction": 1.0, "building_irregularity": 0.0, "small_building_fraction": 0.0, "building_spacing_score": 0.7195837350260872, "footprint_irregularity": 1.0, "building_density_norm": 0.0, "building_irregularity_norm": 0.0, "small_building_fraction_norm": 0.0, "building_spacing_norm": 0.7195837350260872, "footprint_irregularity_norm": 1.0, "impervious_fraction_norm": 0.05, "ndbi_norm": 0.38834129631843556, "imi": 0.0002309323608642444, "built_gate": false, "predicted_class": "open_vegetated", "informal_probability": 0.0, "confidence": 0.9969773292541504, "explanation": "built-up intensity: 0.39; impervious surface: 0.05; building density: 0.00; building irregularity: 0.00", "year": 2025, "cell_uid": "2025_80.27904_13.10763", "label": "open_vegetated"}, "geometry": {"type": "Polygon", "coordinates": [[[421800.0, 1449100.0], [421800.0, 1449200.0], [421900.0, 1449200.0], [421900.0, 1449100.0], [421800.0, 1449100.0]]]}}, {"id": "127", "type": "Feature", "properties": {"cell_id": 127, "row": 4, "col": 23, "cell_area_m2": 10000.0, "building_count": 0.0, "building_area": 0.0, "building_density": 0.0, "mean_building_area": 0.0, "footprint_cv": 0.0, "compactness": 0.0, "rectangularity": 0.0, "small_bldg_frac": 0.0, "mean_nn_dist": 100.0, "road_density": 663.2752017053916, "road_segments": 24.0, "dist_major_road": 143.1887869676897, "blue": 0.1013969999179244, "green": 0.12533500000834466, "red": 0.13133600000292062, "nir": 0.25878400027751924, "swir1": 0.24001599848270416, "ndvi": 0.34122467463836076, "ndbi": -0.033997165554901586, "ndwi": -0.35756060790270566, "vegetation_fraction": 0.39, "impervious_fraction": 0.24, "water_fraction": 0.0, "ndvi_std": 0.18627252308266096, "ndbi_std": 0.09509865060785738, "nir_std": 0.048913570208264236, "open_space_fraction": 1.0, "building_irregularity": 0.0, "small_building_fraction": 0.0, "building_spacing_score": 0.7195837350260872, "footprint_irregularity": 1.0, "building_density_norm": 0.0, "building_irregularity_norm": 0.0, "small_building_fraction_norm": 0.0, "building_spacing_norm": 0.7195837350260872, "footprint_irregularity_norm": 1.0, "impervious_fraction_norm": 0.24, "ndbi_norm": 0.5089778232511386, "imi": 0.016699468716979027, "built_gate": false, "predicted_class": "sparse_low_development", "informal_probability": 0.0, "confidence": 0.9832656383514404, "explanation": "built-up intensity: 0.51; impervious surface: 0.24; building density: 0.00; building irregularity: 0.00", "year": 2025, "cell_uid": "2025_80.27996_13.10764", "label": "sparse_low_development"}, "geometry": {"type": "Polygon", "coordinates": [[[421900.0, 1449100.0], [421900.0, 1449200.0], [422000.0, 1449200.0], [422000.0, 1449100.0], [421900.0, 1449100.0]]]}}, {"id": "128", "type": "Feature", "properties": {"cell_id": 128, "row": 4, "col": 24, "cell_area_m2": 10000.0, "building_count": 0.0, "building_area": 0.0, "building_density": 0.0, "mean_building_area": 0.0, "footprint_cv": 0.0, "compactness": 0.0, "rectangularity": 0.0, "small_bldg_frac": 0.0, "mean_nn_dist": 100.0, "road_density": 391.4634002737202, "road_segments": 12.0, "dist_major_road": 170.78645161213603, "blue": 0.0, "green": 0.0, "red": 0.0, "nir": 0.0, "swir1": 0.0, "ndvi": 0.0, "ndbi": 0.0, "ndwi": 0.0, "vegetation_fraction": 0.0, "impervious_fraction": 0.0, "water_fraction": 0.0, "ndvi_std": 0.0, "ndbi_std": 0.0, "nir_std": 0.0, "open_space_fraction": 1.0, "building_irregularity": 0.0, "small_building_fraction": 0.0, "building_spacing_score": 0.7195837350260872, "footprint_irregularity": 1.0, "building_density_norm": 0.0, "building_irregularity_norm": 0.0, "small_building_fraction_norm": 0.0, "building_spacing_norm": 0.7195837350260872, "footprint_irregularity_norm": 1.0, "impervious_fraction_norm": 0.0, "ndbi_norm": 0.5781431462395603, "imi": 0.059135839343070984, "built_gate": false, "predicted_class": "sparse_low_development", "informal_probability": 0.0, "confidence": 0.9399369955062866, "explanation": "built-up intensity: 0.58; building density: 0.00; building irregularity: 0.00; impervious surface: 0.00", "year": 2025, "cell_uid": "2025_80.28088_13.10764", "label": "sparse_low_development"}, "geometry": {"type": "Polygon", "coordinates": [[[422000.0, 1449100.0], [422000.0, 1449200.0], [422100.0, 1449200.0], [422100.0, 1449100.0], [422000.0, 1449100.0]]]}}, {"id": "133", "type": "Feature", "properties": {"cell_id": 133, "row": 4, "col": 29, "cell_area_m2": 10000.0, "building_count": 1.0, "building_area": 139.7468406218347, "building_density": 0.01478784733143027, "mean_building_area": 139.7468406218347, "footprint_cv": 0.0, "compactness": 0.6742710543126905, "rectangularity": 0.9981684221711373, "small_bldg_frac": 0.0, "mean_nn_dist": 63.311963901161036, "road_density": 328.38191187794666, "road_segments": 14.0, "dist_major_road": 182.40614661589598, "blue": 0.10963949967175722, "green": 0.1291779999434948, "red": 0.1381265003606677, "nir": 0.23706300005316736, "swir1": 0.24792399883270264, "ndvi": 0.28821011203341185, "ndbi": 0.02710203124443069, "ndwi": -0.3190122227370739, "vegetation_fraction": 0.21, "impervious_fraction": 0.26, "water_fraction": 0.0, "ndvi_std": 0.1461418506225489, "ndbi_std": 0.07998145786581247, "nir_std": 0.061775527718821235, "open_space_fraction": 0.9852121526685698, "building_irregularity": 0.0, "small_building_fraction": 0.0, "building_spacing_score": 0.8230785199283642, "footprint_irregularity": 0.3257289456873095, "building_density_norm": 0.007031425640214498, "building_irregularity_norm": 0.0, "small_building_fraction_norm": 0.0, "building_spacing_norm": 0.8230785199283642, "footprint_irregularity_norm": 0.2857991997255454, "impervious_fraction_norm": 0.26, "ndbi_norm": 0.6332807059174753, "imi": 0.0293086189776659, "built_gate": false, "predicted_class": "sparse_low_development", "informal_probability": 0.0, "confidence": 0.9700092673301697, "explanation": "built-up intensity: 0.63; impervious surface: 0.26; building density: 0.01; building irregularity: 0.00", "year": 2025, "cell_uid": "2025_80.28550_13.10765", "label": "sparse_low_development"}, "geometry": {"type": "Polygon", "coordinates": [[[422500.0, 1449100.0], [422500.0, 1449200.0], [422600.0, 1449200.0], [422600.0, 1449100.0], [422500.0, 1449100.0]]]}}, {"id": "134", "type": "Feature", "properties": {"cell_id": 134, "row": 4, "col": 30, "cell_area_m2": 10000.0, "building_count": 0.0, "building_area": 0.0, "building_density": 0.0, "mean_building_area": 0.0, "footprint_cv": 0.0, "compactness": 0.0, "rectangularity": 0.0, "small_bldg_frac": 0.0, "mean_nn_dist": 100.0, "road_density": 527.4770207117132, "road_segments": 6.0, "dist_major_road": 150.97816342803395, "blue": 0.07166149973869324, "green": 0.09048349961638451, "red": 0.09608150012791157, "nir": 0.22431499987840653, "swir1": 0.21164400041103362, "ndvi": 0.39957660004496576, "ndbi": -0.02460650732537033, "ndwi": -0.41978556871414185, "vegetation_fraction": 0.46, "impervious_fraction": 0.16, "water_fraction": 0.0, "ndvi_std": 0.17887684652546385, "ndbi_std": 0.11063331769449707, "nir_std": 0.04773293982065384, "open_space_fraction": 1.0, "building_irregularity": 0.0, "small_building_fraction": 0.0, "building_spacing_score": 0.7195837350260872, "footprint_irregularity": 1.0, "building_density_norm": 0.0, "building_irregularity_norm": 0.0, "small_building_fraction_norm": 0.0, "building_spacing_norm": 0.7195837350260872, "footprint_irregularity_norm": 1.0, "impervious_fraction_norm": 0.16, "ndbi_norm": 0.528082589749114, "imi": 0.0012504258193075657, "built_gate": false, "predicted_class": "sparse_low_development", "informal_probability": 0.0, "confidence": 0.9981799125671387, "explanation": "built-up intensity: 0.53; impervious surface: 0.16; building density: 0.00; building irregularity: 0.00", "year": 2025, "cell_uid": "2025_80.28642_13.10765", "label": "sparse_low_development"}, "geometry": {"type": "Polygon", "coordinates": [[[422600.0, 1449100.0], [422600.0, 1449200.0], [422700.0, 1449200.0], [422700.0, 1449100.0], [422600.0, 1449100.0]]]}}, {"id": "135", "type": "Feature", "properties": {"cell_id": 135, "row": 4, "col": 31, "cell_area_m2": 10000.0, "building_count": 0.0, "building_area": 0.0, "building_density": 0.0, "mean_building_area": 0.0, "footprint_cv": 0.0, "compactness": 0.0, "rectangularity": 0.0, "small_bldg_frac": 0.0, "mean_nn_dist": 100.0, "road_density": 0.0, "road_segments": 0.0, "dist_major_road": 124.83859847117114, "blue": 0.04837950000539422, "green": 0.07435500003397465, "red": 0.07030750039964914, "nir": 0.2766800010204315, "swir1": 0.22407999992370606, "ndvi": 0.5952572187781334, "ndbi": -0.1031093281507492, "ndwi": -0.5746521827578545, "vegetation_fraction": 0.92, "impervious_fraction": 0.01, "water_fraction": 0.0, "ndvi_std": 0.13704024291770558, "ndbi_std": 0.077213835733361, "nir_std": 0.03551631729370818, "open_space_fraction": 1.0, "building_irregularity": 0.0, "small_building_fraction": 0.0, "building_spacing_score": 0.7195837350260872, "footprint_irregularity": 1.0, "building_density_norm": 0.0, "building_irregularity_norm": 0.0, "small_building_fraction_norm": 0.0, "building_spacing_norm": 0.7195837350260872, "footprint_irregularity_norm": 1.0, "impervious_fraction_norm": 0.01, "ndbi_norm": 0.36837301192795063, "imi": 0.00013122661039233208, "built_gate": false, "predicted_class": "open_vegetated", "informal_probability": 0.0, "confidence": 0.999582827091217, "explanation": "built-up intensity: 0.37; impervious surface: 0.01; building density: 0.00; building irregularity: 0.00", "year": 2025, "cell_uid": "2025_80.28734_13.10766", "label": "open_vegetated"}, "geometry": {"type": "Polygon", "coordinates": [[[422700.0, 1449100.0], [422700.0, 1449200.0], [422800.0, 1449200.0], [422800.0, 1449100.0], [422700.0, 1449100.0]]]}}, {"id": "136", "type": "Feature", "properties": {"cell_id": 136, "row": 4, "col": 32, "cell_area_m2": 10000.0, "building_count": 0.0, "building_area": 0.0, "building_density": 0.0, "mean_building_area": 0.0, "footprint_cv": 0.0, "compactness": 0.0, "rectangularity": 0.0, "small_bldg_frac": 0.0, "mean_nn_dist": 100.0, "road_density": 448.45679459976805, "road_segments": 12.0, "dist_major_road": 98.89072668743118, "blue": 0.03553800009191036, "green": 0.06336649980396032, "red": 0.048109500277787445, "nir": 0.323502998650074, "swir1": 0.20018999934196471, "ndvi": 0.7407468602061271, "ndbi": -0.23367709548212587, "ndwi": -0.6710476630926132, "vegetation_fraction": 0.98, "impervious_fraction": 0.0, "water_fraction": 0.0, "ndvi_std": 0.10514354258219753, "ndbi_std": 0.06179872289448328, "nir_std": 0.03224166219530734, "open_space_fraction": 1.0, "building_irregularity": 0.0, "small_building_fraction": 0.0, "building_spacing_score": 0.7195837350260872, "footprint_irregularity": 1.0, "building_density_norm": 0.0, "building_irregularity_norm": 0.0, "small_building_fraction_norm": 0.0, "building_spacing_norm": 0.7195837350260872, "footprint_irregularity_norm": 1.0, "impervious_fraction_norm": 0.0, "ndbi_norm": 0.10274022601913395, "imi": 0.00013122661039233208, "built_gate": false, "predicted_class": "open_vegetated", "informal_probability": 0.0, "confidence": 0.999582827091217, "explanation": "built-up intensity: 0.10; building density: 0.00; building irregularity: 0.00; impervious surface: 0.00", "year": 2025, "cell_uid": "2025_80.28826_13.10766", "label": "open_vegetated"}, "geometry": {"type": "Polygon", "coordinates": [[[422800.0, 1449100.0], [422800.0, 1449200.0], [422900.0, 1449200.0], [422900.0, 1449100.0], [422800.0, 1449100.0]]]}}, {"id": "137", "type": "Feature", "properties": {"cell_id": 137, "row": 4, "col": 33, "cell_area_m2": 10000.0, "building_count": 0.0, "building_area": 0.0, "building_density": 0.0, "mean_building_area": 0.0, "footprint_cv": 0.0, "compactness": 0.0, "rectangularity": 0.0, "small_bldg_frac": 0.0, "mean_nn_dist": 100.0, "road_density": 274.5324284132738, "road_segments": 10.0, "dist_major_road": 73.0963805045094, "blue": 0.0833690001256764, "green": 0.1028474996984005, "red": 0.10857150005176663, "nir": 0.25479599833488464, "swir1": 0.23344200015068053, "ndvi": 0.40959686547517776, "ndbi": -0.03866038350388408, "ndwi": -0.42402229867875574, "vegetation_fraction": 0.43, "impervious_fraction": 0.27, "water_fraction": 0.0, "ndvi_std": 0.2669608828956546, "ndbi_std": 0.14493642090689912, "nir_std": 0.04592497464322386, "open_space_fraction": 1.0, "building_irregularity": 0.0, "small_building_fraction": 0.0, "building_spacing_score": 0.7195837350260872, "footprint_irregularity": 1.0, "building_density_norm": 0.0, "building_irregularity_norm": 0.0, "small_building_fraction_norm": 0.0, "building_spacing_norm": 0.7195837350260872, "footprint_irregularity_norm": 1.0, "impervious_fraction_norm": 0.27, "ndbi_norm": 0.4994907683645797, "imi": 0.00033794002956710756, "built_gate": false, "predicted_class": "sparse_low_development", "informal_probability": 0.0, "confidence": 0.9996331930160522, "explanation": "built-up intensity: 0.50; impervious surface: 0.27; building density: 0.00; building irregularity: 0.00", "year": 2025, "cell_uid": "2025_80.28919_13.10766", "label": "sparse_low_development"}, "geometry": {"type": "Polygon", "coordinates": [[[422900.0, 1449100.0], [422900.0, 1449200.0], [423000.0, 1449200.0], [423000.0, 1449100.0], [422900.0, 1449100.0]]]}}, {"id": "138", "type": "Feature", "properties": {"cell_id": 138, "row": 4, "col": 34, "cell_area_m2": 10000.0, "building_count": 0.0, "building_area": 0.0, "building_density": 0.0, "mean_building_area": 0.0, "footprint_cv": 0.0, "compactness": 0.0, "rectangularity": 0.0, "small_bldg_frac": 0.0, "mean_nn_dist": 100.0, "road_density": 871.9978521493057, "road_segments": 26.0, "dist_major_road": 50.43438356961307, "blue": 0.0, "green": 0.0, "red": 0.0, "nir": 0.0, "swir1": 0.0, "ndvi": 0.0, "ndbi": 0.0, "ndwi": 0.0, "vegetation_fraction": 0.0, "impervious_fraction": 0.0, "water_fraction": 0.0, "ndvi_std": 0.0, "ndbi_std": 0.0, "nir_std": 0.0, "open_space_fraction": 1.0, "building_irregularity": 0.0, "small_building_fraction": 0.0, "building_spacing_score": 0.7195837350260872, "footprint_irregularity": 1.0, "building_density_norm": 0.0, "building_irregularity_norm": 0.0, "small_building_fraction_norm": 0.0, "building_spacing_norm": 0.7195837350260872, "footprint_irregularity_norm": 1.0, "impervious_fraction_norm": 0.0, "ndbi_norm": 0.5781431462395603, "imi": 0.059135839343070984, "built_gate": false, "predicted_class": "sparse_low_development", "informal_probability": 0.0, "confidence": 0.9399369955062866, "explanation": "built-up intensity: 0.58; building density: 0.00; building irregularity: 0.00; impervious surface: 0.00", "year": 2025, "cell_uid": "2025_80.29011_13.10766", "label": "sparse_low_development"}, "geometry": {"type": "Polygon", "coordinates": [[[423000.0, 1449100.0], [423000.0, 1449200.0], [423100.0, 1449200.0], [423100.0, 1449100.0], [423000.0, 1449100.0]]]}}, {"id": "139", "type": "Feature", "properties": {"cell_id": 139, "row": 4, "col": 35, "cell_area_m2": 4658.180823698058, "building_count": 0.0, "building_area": 0.0, "building_density": 0.0, "mean_building_area": 0.0, "footprint_cv": 0.0, "compactness": 0.0, "rectangularity": 0.0, "small_bldg_frac": 0.0, "mean_nn_dist": 100.0, "road_density": 351.63270857074383, "road_segments": 8.0, "dist_major_road": 37.801603823461136, "blue": 0.102387999817729, "green": 0.12258600056171418, "red": 0.13353600084781647, "nir": 0.23136200100183488, "swir1": 0.23705599784851075, "ndvi": 0.29289150387048724, "ndbi": 0.01528538681799546, "ndwi": -0.32652639046311377, "vegetation_fraction": 0.3, "impervious_fraction": 0.3, "water_fraction": 0.0, "ndvi_std": 0.17604408991008802, "ndbi_std": 0.07880935876380525, "nir_std": 0.036881944099791016, "open_space_fraction": 1.0, "building_irregularity": 0.0, "small_building_fraction": 0.0, "building_spacing_score": 0.7195837350260872, "footprint_irregularity": 1.0, "building_density_norm": 0.0, "building_irregularity_norm": 0.0, "small_building_fraction_norm": 0.0, "building_spacing_norm": 0.7195837350260872, "footprint_irregularity_norm": 1.0, "impervious_fraction_norm": 0.3, "ndbi_norm": 0.6092404068203676, "imi": 0.009906027466058731, "built_gate": false, "predicted_class": "sparse_low_development", "informal_probability": 0.0, "confidence": 0.9898316860198975, "explanation": "built-up intensity: 0.61; impervious surface: 0.30; building density: 0.00; building irregularity: 0.00", "year": 2025, "cell_uid": "2025_80.29079_13.10767", "label": "sparse_low_development"}, "geometry": {"type": "Polygon", "coordinates": [[[423100.0, 1449100.0], [423100.0, 1449200.0], [423146.72199645283, 1449200.0], [423146.4416200211, 1449100.0], [423100.0, 1449100.0]]]}}, {"id": "140", "type": "Feature", "properties": {"cell_id": 140, "row": 5, "col": 1, "cell_area_m2": 10000.0, "building_count": 1.0, "building_area": 1440.4708730240627, "building_density": 0.14404708730240628, "mean_building_area": 1440.4708730240627, "footprint_cv": 0.0, "compactness": 0.21018033672214242, "rectangularity": 0.6091657912727881, "small_bldg_frac": 0.0, "mean_nn_dist": 118.58090398777352, "road_density": 574.0926196346754, "road_segments": 8.0, "dist_major_road": 109.0381309096703, "blue": 0.0, "green": 0.0, "red": 0.0, "nir": 0.0, "swir1": 0.0, "ndvi": 0.0, "ndbi": 0.0, "ndwi": 0.0, "vegetation_fraction": 0.0, "impervious_fraction": 0.0, "water_fraction": 0.0, "ndvi_std": 0.0, "ndbi_std": 0.0, "nir_std": 0.0, "open_space_fraction": 0.8559529126975938, "building_irregularity": 0.0, "small_building_fraction": 0.0, "building_spacing_score": 0.6671681013213073, "footprint_irregularity": 0.7898196632778576, "building_density_norm": 0.06849248307450527, "building_irregularity_norm": 0.0, "small_building_fraction_norm": 0.0, "building_spacing_norm": 0.6671681013213073, "footprint_irregularity_norm": 0.7773729663630272, "impervious_fraction_norm": 0.0, "ndbi_norm": 0.5781431462395603, "imi": 0.009569905698299408, "built_gate": false, "predicted_class": "sparse_low_development", "informal_probability": 0.0, "confidence": 0.9902482628822327, "explanation": "built-up intensity: 0.58; building density: 0.07; building irregularity: 0.00; impervious surface: 0.00", "year": 2025, "cell_uid": "2025_80.25967_13.10667", "label": "sparse_low_development"}, "geometry": {"type": "Polygon", "coordinates": [[[419700.0, 1449000.0], [419700.0, 1449100.0], [419800.0, 1449100.0], [419800.0, 1449000.0], [419700.0, 1449000.0]]]}}, {"id": "141", "type": "Feature", "properties": {"cell_id": 141, "row": 5, "col": 2, "cell_area_m2": 10000.0, "building_count": 0.0, "building_area": 0.0, "building_density": 0.0, "mean_building_area": 0.0, "footprint_cv": 0.0, "compactness": 0.0, "rectangularity": 0.0, "small_bldg_frac": 0.0, "mean_nn_dist": 100.0, "road_density": 451.86140737307693, "road_segments": 12.0, "dist_major_road": 9.887805759696455, "blue": 0.0, "green": 0.0, "red": 0.0, "nir": 0.0, "swir1": 0.0, "ndvi": 0.0, "ndbi": 0.0, "ndwi": 0.0, "vegetation_fraction": 0.0, "impervious_fraction": 0.0, "water_fraction": 0.0, "ndvi_std": 0.0, "ndbi_std": 0.0, "nir_std": 0.0, "open_space_fraction": 1.0, "building_irregularity": 0.0, "small_building_fraction": 0.0, "building_spacing_score": 0.7195837350260872, "footprint_irregularity": 1.0, "building_density_norm": 0.0, "building_irregularity_norm": 0.0, "small_building_fraction_norm": 0.0, "building_spacing_norm": 0.7195837350260872, "footprint_irregularity_norm": 1.0, "impervious_fraction_norm": 0.0, "ndbi_norm": 0.5781431462395603, "imi": 0.059135839343070984, "built_gate": false, "predicted_class": "sparse_low_development", "informal_probability": 0.0, "confidence": 0.9399369955062866, "explanation": "built-up intensity: 0.58; building density: 0.00; building irregularity: 0.00; impervious surface: 0.00", "year": 2025, "cell_uid": "2025_80.26059_13.10668", "label": "sparse_low_development"}, "geometry": {"type": "Polygon", "coordinates": [[[419800.0, 1449000.0], [419800.0, 1449100.0], [419900.0, 1449100.0], [419900.0, 1449000.0], [419800.0, 1449000.0]]]}}, {"id": "142", "type": "Feature", "properties": {"cell_id": 142, "row": 5, "col": 3, "cell_area_m2": 10000.0, "building_count": 0.0, "building_area": 0.0, "building_density": 0.0, "mean_building_area": 0.0, "footprint_cv": 0.0, "compactness": 0.0, "rectangularity": 0.0, "small_bldg_frac": 0.0, "mean_nn_dist": 100.0, "road_density": 92.4442195437066, "road_segments": 2.0, "dist_major_road": 82.949202667723, "blue": 0.0, "green": 0.0, "red": 0.0, "nir": 0.0, "swir1": 0.0, "ndvi": 0.0, "ndbi": 0.0, "ndwi": 0.0, "vegetation_fraction": 0.0, "impervious_fraction": 0.0, "water_fraction": 0.0, "ndvi_std": 0.0, "ndbi_std": 0.0, "nir_std": 0.0, "open_space_fraction": 1.0, "building_irregularity": 0.0, "small_building_fraction": 0.0, "building_spacing_score": 0.7195837350260872, "footprint_irregularity": 1.0, "building_density_norm": 0.0, "building_irregularity_norm": 0.0, "small_building_fraction_norm": 0.0, "building_spacing_norm": 0.7195837350260872, "footprint_irregularity_norm": 1.0, "impervious_fraction_norm": 0.0, "ndbi_norm": 0.5781431462395603, "imi": 0.059135839343070984, "built_gate": false, "predicted_class": "sparse_low_development", "informal_probability": 0.0, "confidence": 0.9399369955062866, "explanation": "built-up intensity: 0.58; building density: 0.00; building irregularity: 0.00; impervious surface: 0.00", "year": 2025, "cell_uid": "2025_80.26151_13.10668", "label": "sparse_low_development"}, "geometry": {"type": "Polygon", "coordinates": [[[419900.0, 1449000.0], [419900.0, 1449100.0], [420000.0, 1449100.0], [420000.0, 1449000.0], [419900.0, 1449000.0]]]}}, {"id": "143", "type": "Feature", "properties": {"cell_id": 143, "row": 5, "col": 4, "cell_area_m2": 10000.0, "building_count": 0.0, "building_area": 0.0, "building_density": 0.0, "mean_building_area": 0.0, "footprint_cv": 0.0, "compactness": 0.0, "rectangularity": 0.0, "small_bldg_frac": 0.0, "mean_nn_dist": 100.0, "road_density": 352.63229357334603, "road_segments": 8.0, "dist_major_road": 182.09500831291376, "blue": 0.0, "green": 0.0, "red": 0.0, "nir": 0.0, "swir1": 0.0, "ndvi": 0.0, "ndbi": 0.0, "ndwi": 0.0, "vegetation_fraction": 0.0, "impervious_fraction": 0.0, "water_fraction": 0.0, "ndvi_std": 0.0, "ndbi_std": 0.0, "nir_std": 0.0, "open_space_fraction": 1.0, "building_irregularity": 0.0, "small_building_fraction": 0.0, "building_spacing_score": 0.7195837350260872, "footprint_irregularity": 1.0, "building_density_norm": 0.0, "building_irregularity_norm": 0.0, "small_building_fraction_norm": 0.0, "building_spacing_norm": 0.7195837350260872, "footprint_irregularity_norm": 1.0, "impervious_fraction_norm": 0.0, "ndbi_norm": 0.5781431462395603, "imi": 0.059135839343070984, "built_gate": false, "predicted_class": "sparse_low_development", "informal_probability": 0.0, "confidence": 0.9399369955062866, "explanation": "built-up intensity: 0.58; building density: 0.00; building irregularity: 0.00; impervious surface: 0.00", "year": 2025, "cell_uid": "2025_80.26244_13.10668", "label": "informal"}, "geometry": {"type": "Polygon", "coordinates": [[[420000.0, 1449000.0], [420000.0, 1449100.0], [420100.0, 1449100.0], [420100.0, 1449000.0], [420000.0, 1449000.0]]]}}, {"id": "144", "type": "Feature", "properties": {"cell_id": 144, "row": 5, "col": 5, "cell_area_m2": 10000.0, "building_count": 1.0, "building_area": 524.2050840671643, "building_density": 0.05242050840671643, "mean_building_area": 524.2050840671643, "footprint_cv": 0.0, "compactness": 0.7804016049116435, "rectangularity": 0.9997671947788147, "small_bldg_frac": 0.0, "mean_nn_dist": 20.727246526784217, "road_density": 709.7678621857067, "road_segments": 24.0, "dist_major_road": 281.2357605038153, "blue": 0.0, "green": 0.0, "red": 0.0, "nir": 0.0, "swir1": 0.0, "ndvi": 0.0, "ndbi": 0.0, "ndwi": 0.0, "vegetation_fraction": 0.0, "impervious_fraction": 0.0, "water_fraction": 0.0, "ndvi_std": 0.0, "ndbi_std": 0.0, "nir_std": 0.0, "open_space_fraction": 0.9475794915932836, "building_irregularity": 0.0, "small_building_fraction": 0.0, "building_spacing_score": 0.9432074947503462, "footprint_irregularity": 0.21959839508835655, "building_density_norm": 0.024925257789256312, "building_irregularity_norm": 0.0, "small_building_fraction_norm": 0.0, "building_spacing_norm": 0.9432074947503462, "footprint_irregularity_norm": 0.1733836901370389, "impervious_fraction_norm": 0.0, "ndbi_norm": 0.5781431462395603, "imi": 0.8303213715553284, "built_gate": false, "predicted_class": "informal", "informal_probability": 0.0, "confidence": 0.8303213715553284, "explanation": "built-up intensity: 0.58; building density: 0.02; building irregularity: 0.00; impervious surface: 0.00", "year": 2025, "cell_uid": "2025_80.26336_13.10668", "label": "informal"}, "geometry": {"type": "Polygon", "coordinates": [[[420100.0, 1449000.0], [420100.0, 1449100.0], [420200.0, 1449100.0], [420200.0, 1449000.0], [420100.0, 1449000.0]]]}}, {"id": "145", "type": "Feature", "properties": {"cell_id": 145, "row": 5, "col": 6, "cell_area_m2": 10000.0, "building_count": 1.0, "building_area": 389.90627764112446, "building_density": 0.03899062776411245, "mean_building_area": 389.90627764112446, "footprint_cv": 0.0, "compactness": 0.7336447772217196, "rectangularity": 0.9996299791764565, "small_bldg_frac": 0.0, "mean_nn_dist": 20.727246526784217, "road_density": 911.0266943026467, "road_segments": 28.0, "dist_major_road": 380.33297795181693, "blue": 0.0, "green": 0.0, "red": 0.0, "nir": 0.0, "swir1": 0.0, "ndvi": 0.0, "ndbi": 0.0, "ndwi": 0.0, "vegetation_fraction": 0.0, "impervious_fraction": 0.0, "water_fraction": 0.0, "ndvi_std": 0.0, "ndbi_std": 0.0, "nir_std": 0.0, "open_space_fraction": 0.9610093722358876, "building_irregularity": 0.0, "small_building_fraction": 0.0, "building_spacing_score": 0.9432074947503462, "footprint_irregularity": 0.2663552227782804, "building_density_norm": 0.01853952733241553, "building_irregularity_norm": 0.0, "small_building_fraction_norm": 0.0, "building_spacing_norm": 0.9432074947503462, "footprint_irregularity_norm": 0.22290941653571675, "impervious_fraction_norm": 0.0, "ndbi_norm": 0.5781431462395603, "imi": 0.8469743728637695, "built_gate": false, "predicted_class": "informal", "informal_probability": 0.0, "confidence": 0.8469743728637695, "explanation": "built-up intensity: 0.58; building density: 0.02; building irregularity: 0.00; impervious surface: 0.00", "year": 2025, "cell_uid": "2025_80.26428_13.10669", "label": "informal"}, "geometry": {"type": "Polygon", "coordinates": [[[420200.0, 1449000.0], [420200.0, 1449100.0], [420300.0, 1449100.0], [420300.0, 1449000.0], [420200.0, 1449000.0]]]}}, {"id": "146", "type": "Feature", "properties": {"cell_id": 146, "row": 5, "col": 7, "cell_area_m2": 10000.0, "building_count": 0.0, "building_area": 0.0, "building_density": 0.0, "mean_building_area": 0.0, "footprint_cv": 0.0, "compactness": 0.0, "rectangularity": 0.0, "small_bldg_frac": 0.0, "mean_nn_dist": 100.0, "road_density": 901.4625521836517, "road_segments": 40.0, "dist_major_road": 429.26395251037565, "blue": 0.0, "green": 0.0, "red": 0.0, "nir": 0.0, "swir1": 0.0, "ndvi": 0.0, "ndbi": 0.0, "ndwi": 0.0, "vegetation_fraction": 0.0, "impervious_fraction": 0.0, "water_fraction": 0.0, "ndvi_std": 0.0, "ndbi_std": 0.0, "nir_std": 0.0, "open_space_fraction": 1.0, "building_irregularity": 0.0, "small_building_fraction": 0.0, "building_spacing_score": 0.7195837350260872, "footprint_irregularity": 1.0, "building_density_norm": 0.0, "building_irregularity_norm": 0.0, "small_building_fraction_norm": 0.0, "building_spacing_norm": 0.7195837350260872, "footprint_irregularity_norm": 1.0, "impervious_fraction_norm": 0.0, "ndbi_norm": 0.5781431462395603, "imi": 0.059135839343070984, "built_gate": false, "predicted_class": "sparse_low_development", "informal_probability": 0.0, "confidence": 0.9399369955062866, "explanation": "built-up intensity: 0.58; building density: 0.00; building irregularity: 0.00; impervious surface: 0.00", "year": 2025, "cell_uid": "2025_80.26520_13.10669", "label": "informal"}, "geometry": {"type": "Polygon", "coordinates": [[[420300.0, 1449000.0], [420300.0, 1449100.0], [420400.0, 1449100.0], [420400.0, 1449000.0], [420300.0, 1449000.0]]]}}, {"id": "147", "type": "Feature", "properties": {"cell_id": 147, "row": 5, "col": 8, "cell_area_m2": 10000.0, "building_count": 0.0, "building_area": 0.0, "building_density": 0.0, "mean_building_area": 0.0, "footprint_cv": 0.0, "compactness": 0.0, "rectangularity": 0.0, "small_bldg_frac": 0.0, "mean_nn_dist": 100.0, "road_density": 1200.9145921842053, "road_segments": 46.0, "dist_major_road": 330.43066282646515, "blue": 0.0, "green": 0.0, "red": 0.0, "nir": 0.0, "swir1": 0.0, "ndvi": 0.0, "ndbi": 0.0, "ndwi": 0.0, "vegetation_fraction": 0.0, "impervious_fraction": 0.0, "water_fraction": 0.0, "ndvi_std": 0.0, "ndbi_std": 0.0, "nir_std": 0.0, "open_space_fraction": 1.0, "building_irregularity": 0.0, "small_building_fraction": 0.0, "building_spacing_score": 0.7195837350260872, "footprint_irregularity": 1.0, "building_density_norm": 0.0, "building_irregularity_norm": 0.0, "small_building_fraction_norm": 0.0, "building_spacing_norm": 0.7195837350260872, "footprint_irregularity_norm": 1.0, "impervious_fraction_norm": 0.0, "ndbi_norm": 0.5781431462395603, "imi": 0.059135839343070984, "built_gate": false, "predicted_class": "sparse_low_development", "informal_probability": 0.0, "confidence": 0.9399369955062866, "explanation": "built-up intensity: 0.58; building density: 0.00; building irregularity: 0.00; impervious surface: 0.00", "year": 2025, "cell_uid": "2025_80.26613_13.10669", "label": "informal"}, "geometry": {"type": "Polygon", "coordinates": [[[420400.0, 1449000.0], [420400.0, 1449100.0], [420500.0, 1449100.0], [420500.0, 1449000.0], [420400.0, 1449000.0]]]}}, {"id": "148", "type": "Feature", "properties": {"cell_id": 148, "row": 5, "col": 9, "cell_area_m2": 10000.0, "building_count": 0.0, "building_area": 0.0, "building_density": 0.0, "mean_building_area": 0.0, "footprint_cv": 0.0, "compactness": 0.0, "rectangularity": 0.0, "small_bldg_frac": 0.0, "mean_nn_dist": 100.0, "road_density": 505.954785282403, "road_segments": 8.0, "dist_major_road": 232.3600663913904, "blue": 0.0, "green": 0.0, "red": 0.0, "nir": 0.0, "swir1": 0.0, "ndvi": 0.0, "ndbi": 0.0, "ndwi": 0.0, "vegetation_fraction": 0.0, "impervious_fraction": 0.0, "water_fraction": 0.0, "ndvi_std": 0.0, "ndbi_std": 0.0, "nir_std": 0.0, "open_space_fraction": 1.0, "building_irregularity": 0.0, "small_building_fraction": 0.0, "building_spacing_score": 0.7195837350260872, "footprint_irregularity": 1.0, "building_density_norm": 0.0, "building_irregularity_norm": 0.0, "small_building_fraction_norm": 0.0, "building_spacing_norm": 0.7195837350260872, "footprint_irregularity_norm": 1.0, "impervious_fraction_norm": 0.0, "ndbi_norm": 0.5781431462395603, "imi": 0.059135839343070984, "built_gate": false, "predicted_class": "sparse_low_development", "informal_probability": 0.0, "confidence": 0.9399369955062866, "explanation": "built-up intensity: 0.58; building density: 0.00; building irregularity: 0.00; impervious surface: 0.00", "year": 2025, "cell_uid": "2025_80.26705_13.10669", "label": "sparse_low_development"}, "geometry": {"type": "Polygon", "coordinates": [[[420500.0, 1449000.0], [420500.0, 1449100.0], [420600.0, 1449100.0], [420600.0, 1449000.0], [420500.0, 1449000.0]]]}}, {"id": "149", "type": "Feature", "properties": {"cell_id": 149, "row": 5, "col": 10, "cell_area_m2": 10000.0, "building_count": 0.0, "building_area": 0.0, "building_density": 0.0, "mean_building_area": 0.0, "footprint_cv": 0.0, "compactness": 0.0, "rectangularity": 0.0, "small_bldg_frac": 0.0, "mean_nn_dist": 100.0, "road_density": 200.09511953364557, "road_segments": 2.0, "dist_major_road": 137.1057182282548, "blue": 0.0, "green": 0.0, "red": 0.0, "nir": 0.0, "swir1": 0.0, "ndvi": 0.0, "ndbi": 0.0, "ndwi": 0.0, "vegetation_fraction": 0.0, "impervious_fraction": 0.0, "water_fraction": 0.0, "ndvi_std": 0.0, "ndbi_std": 0.0, "nir_std": 0.0, "open_space_fraction": 1.0, "building_irregularity": 0.0, "small_building_fraction": 0.0, "building_spacing_score": 0.7195837350260872, "footprint_irregularity": 1.0, "building_density_norm": 0.0, "building_irregularity_norm": 0.0, "small_building_fraction_norm": 0.0, "building_spacing_norm": 0.7195837350260872, "footprint_irregularity_norm": 1.0, "impervious_fraction_norm": 0.0, "ndbi_norm": 0.5781431462395603, "imi": 0.059135839343070984, "built_gate": false, "predicted_class": "sparse_low_development", "informal_probability": 0.0, "confidence": 0.9399369955062866, "explanation": "built-up intensity: 0.58; building density: 0.00; building irregularity: 0.00; impervious surface: 0.00", "year": 2025, "cell_uid": "2025_80.26797_13.10670", "label": "sparse_low_development"}, "geometry": {"type": "Polygon", "coordinates": [[[420600.0, 1449000.0], [420600.0, 1449100.0], [420700.0, 1449100.0], [420700.0, 1449000.0], [420600.0, 1449000.0]]]}}, {"id": "150", "type": "Feature", "properties": {"cell_id": 150, "row": 5, "col": 11, "cell_area_m2": 10000.0, "building_count": 0.0, "building_area": 0.0, "building_density": 0.0, "mean_building_area": 0.0, "footprint_cv": 0.0, "compactness": 0.0, "rectangularity": 0.0, "small_bldg_frac": 0.0, "mean_nn_dist": 100.0, "road_density": 33.89698100421775, "road_segments": 2.0, "dist_major_road": 56.62694703053415, "blue": 0.0, "green": 0.0, "red": 0.0, "nir": 0.0, "swir1": 0.0, "ndvi": 0.0, "ndbi": 0.0, "ndwi": 0.0, "vegetation_fraction": 0.0, "impervious_fraction": 0.0, "water_fraction": 0.0, "ndvi_std": 0.0, "ndbi_std": 0.0, "nir_std": 0.0, "open_space_fraction": 1.0, "building_irregularity": 0.0, "small_building_fraction": 0.0, "building_spacing_score": 0.7195837350260872, "footprint_irregularity": 1.0, "building_density_norm": 0.0, "building_irregularity_norm": 0.0, "small_building_fraction_norm": 0.0, "building_spacing_norm": 0.7195837350260872, "footprint_irregularity_norm": 1.0, "impervious_fraction_norm": 0.0, "ndbi_norm": 0.5781431462395603, "imi": 0.059135839343070984, "built_gate": false, "predicted_class": "sparse_low_development", "informal_probability": 0.0, "confidence": 0.9399369955062866, "explanation": "built-up intensity: 0.58; building density: 0.00; building irregularity: 0.00; impervious surface: 0.00", "year": 2025, "cell_uid": "2025_80.26889_13.10670", "label": "sparse_low_development"}, "geometry": {"type": "Polygon", "coordinates": [[[420700.0, 1449000.0], [420700.0, 1449100.0], [420800.0, 1449100.0], [420800.0, 1449000.0], [420700.0, 1449000.0]]]}}, {"id": "151", "type": "Feature", "properties": {"cell_id": 151, "row": 5, "col": 12, "cell_area_m2": 10000.0, "building_count": 0.0, "building_area": 0.0, "building_density": 0.0, "mean_building_area": 0.0, "footprint_cv": 0.0, "compactness": 0.0, "rectangularity": 0.0, "small_bldg_frac": 0.0, "mean_nn_dist": 100.0, "road_density": 244.8103230781427, "road_segments": 2.0, "dist_major_road": 4.786974791642161, "blue": 0.0, "green": 0.0, "red": 0.0, "nir": 0.0, "swir1": 0.0, "ndvi": 0.0, "ndbi": 0.0, "ndwi": 0.0, "vegetation_fraction": 0.0, "impervious_fraction": 0.0, "water_fraction": 0.0, "ndvi_std": 0.0, "ndbi_std": 0.0, "nir_std": 0.0, "open_space_fraction": 1.0, "building_irregularity": 0.0, "small_building_fraction": 0.0, "building_spacing_score": 0.7195837350260872, "footprint_irregularity": 1.0, "building_density_norm": 0.0, "building_irregularity_norm": 0.0, "small_building_fraction_norm": 0.0, "building_spacing_norm": 0.7195837350260872, "footprint_irregularity_norm": 1.0, "impervious_fraction_norm": 0.0, "ndbi_norm": 0.5781431462395603, "imi": 0.059135839343070984, "built_gate": false, "predicted_class": "sparse_low_development", "informal_probability": 0.0, "confidence": 0.9399369955062866, "explanation": "built-up intensity: 0.58; building density: 0.00; building irregularity: 0.00; impervious surface: 0.00", "year": 2025, "cell_uid": "2025_80.26982_13.10670", "label": "sparse_low_development"}, "geometry": {"type": "Polygon", "coordinates": [[[420800.0, 1449000.0], [420800.0, 1449100.0], [420900.0, 1449100.0], [420900.0, 1449000.0], [420800.0, 1449000.0]]]}}, {"id": "152", "type": "Feature", "properties": {"cell_id": 152, "row": 5, "col": 13, "cell_area_m2": 10000.0, "building_count": 0.0, "building_area": 0.0, "building_density": 0.0, "mean_building_area": 0.0, "footprint_cv": 0.0, "compactness": 0.0, "rectangularity": 0.0, "small_bldg_frac": 0.0, "mean_nn_dist": 100.0, "road_density": 0.0, "road_segments": 0.0, "dist_major_road": 76.90619072810634, "blue": 0.0, "green": 0.0, "red": 0.0, "nir": 0.0, "swir1": 0.0, "ndvi": 0.0, "ndbi": 0.0, "ndwi": 0.0, "vegetation_fraction": 0.0, "impervious_fraction": 0.0, "water_fraction": 0.0, "ndvi_std": 0.0, "ndbi_std": 0.0, "nir_std": 0.0, "open_space_fraction": 1.0, "building_irregularity": 0.0, "small_building_fraction": 0.0, "building_spacing_score": 0.7195837350260872, "footprint_irregularity": 1.0, "building_density_norm": 0.0, "building_irregularity_norm": 0.0, "small_building_fraction_norm": 0.0, "building_spacing_norm": 0.7195837350260872, "footprint_irregularity_norm": 1.0, "impervious_fraction_norm": 0.0, "ndbi_norm": 0.5781431462395603, "imi": 0.059135839343070984, "built_gate": false, "predicted_class": "sparse_low_development", "informal_probability": 0.0, "confidence": 0.9399369955062866, "explanation": "built-up intensity: 0.58; building density: 0.00; building irregularity: 0.00; impervious surface: 0.00", "year": 2025, "cell_uid": "2025_80.27074_13.10671", "label": "sparse_low_development"}, "geometry": {"type": "Polygon", "coordinates": [[[420900.0, 1449000.0], [420900.0, 1449100.0], [421000.0, 1449100.0], [421000.0, 1449000.0], [420900.0, 1449000.0]]]}}, {"id": "153", "type": "Feature", "properties": {"cell_id": 153, "row": 5, "col": 14, "cell_area_m2": 10000.0, "building_count": 0.0, "building_area": 0.0, "building_density": 0.0, "mean_building_area": 0.0, "footprint_cv": 0.0, "compactness": 0.0, "rectangularity": 0.0, "small_bldg_frac": 0.0, "mean_nn_dist": 100.0, "road_density": 0.0, "road_segments": 0.0, "dist_major_road": 71.13612012697055, "blue": 0.0, "green": 0.0, "red": 0.0, "nir": 0.0, "swir1": 0.0, "ndvi": 0.0, "ndbi": 0.0, "ndwi": 0.0, "vegetation_fraction": 0.0, "impervious_fraction": 0.0, "water_fraction": 0.0, "ndvi_std": 0.0, "ndbi_std": 0.0, "nir_std": 0.0, "open_space_fraction": 1.0, "building_irregularity": 0.0, "small_building_fraction": 0.0, "building_spacing_score": 0.7195837350260872, "footprint_irregularity": 1.0, "building_density_norm": 0.0, "building_irregularity_norm": 0.0, "small_building_fraction_norm": 0.0, "building_spacing_norm": 0.7195837350260872, "footprint_irregularity_norm": 1.0, "impervious_fraction_norm": 0.0, "ndbi_norm": 0.5781431462395603, "imi": 0.059135839343070984, "built_gate": false, "predicted_class": "sparse_low_development", "informal_probability": 0.0, "confidence": 0.9399369955062866, "explanation": "built-up intensity: 0.58; building density: 0.00; building irregularity: 0.00; impervious surface: 0.00", "year": 2025, "cell_uid": "2025_80.27166_13.10671", "label": "sparse_low_development"}, "geometry": {"type": "Polygon", "coordinates": [[[421000.0, 1449000.0], [421000.0, 1449100.0], [421100.0, 1449100.0], [421100.0, 1449000.0], [421000.0, 1449000.0]]]}}, {"id": "154", "type": "Feature", "properties": {"cell_id": 154, "row": 5, "col": 15, "cell_area_m2": 10000.0, "building_count": 0.0, "building_area": 0.0, "building_density": 0.0, "mean_building_area": 0.0, "footprint_cv": 0.0, "compactness": 0.0, "rectangularity": 0.0, "small_bldg_frac": 0.0, "mean_nn_dist": 100.0, "road_density": 523.2153910872096, "road_segments": 8.0, "dist_major_road": 22.019794798683606, "blue": 0.0, "green": 0.0, "red": 0.0, "nir": 0.0, "swir1": 0.0, "ndvi": 0.0, "ndbi": 0.0, "ndwi": 0.0, "vegetation_fraction": 0.0, "impervious_fraction": 0.0, "water_fraction": 0.0, "ndvi_std": 0.0, "ndbi_std": 0.0, "nir_std": 0.0, "open_space_fraction": 1.0, "building_irregularity": 0.0, "small_building_fraction": 0.0, "building_spacing_score": 0.7195837350260872, "footprint_irregularity": 1.0, "building_density_norm": 0.0, "building_irregularity_norm": 0.0, "small_building_fraction_norm": 0.0, "building_spacing_norm": 0.7195837350260872, "footprint_irregularity_norm": 1.0, "impervious_fraction_norm": 0.0, "ndbi_norm": 0.5781431462395603, "imi": 0.059135839343070984, "built_gate": false, "predicted_class": "sparse_low_development", "informal_probability": 0.0, "confidence": 0.9399369955062866, "explanation": "built-up intensity: 0.58; building density: 0.00; building irregularity: 0.00; impervious surface: 0.00", "year": 2025, "cell_uid": "2025_80.27258_13.10671", "label": "sparse_low_development"}, "geometry": {"type": "Polygon", "coordinates": [[[421100.0, 1449000.0], [421100.0, 1449100.0], [421200.0, 1449100.0], [421200.0, 1449000.0], [421100.0, 1449000.0]]]}}, {"id": "155", "type": "Feature", "properties": {"cell_id": 155, "row": 5, "col": 16, "cell_area_m2": 10000.0, "building_count": 9.0, "building_area": 586.6422466792579, "building_density": 0.05866422466792579, "mean_building_area": 65.18247185325089, "footprint_cv": 0.4628377534171244, "compactness": 0.7086241988423245, "rectangularity": 0.8815937541447451, "small_bldg_frac": 0.3333333333333333, "mean_nn_dist": 14.917335502647168, "road_density": 860.2290713623918, "road_segments": 20.0, "dist_major_road": 96.58337338551169, "blue": 0.0, "green": 0.0, "red": 0.0, "nir": 0.0, "swir1": 0.0, "ndvi": 0.0, "ndbi": 0.0, "ndwi": 0.0, "vegetation_fraction": 0.0, "impervious_fraction": 0.0, "water_fraction": 0.0, "ndvi_std": 0.0, "ndbi_std": 0.0, "nir_std": 0.0, "open_space_fraction": 0.9413357753320742, "building_irregularity": 0.4628377534171244, "small_building_fraction": 0.3333333333333333, "building_spacing_score": 0.9595969109110946, "footprint_irregularity": 0.2913758011576755, "building_density_norm": 0.027894062215305628, "building_irregularity_norm": 0.2092624423290511, "small_building_fraction_norm": 0.3333333333333333, "building_spacing_norm": 0.9595969109110946, "footprint_irregularity_norm": 0.24941169182634, "impervious_fraction_norm": 0.0, "ndbi_norm": 0.5781431462395603, "imi": 0.986610472202301, "built_gate": true, "predicted_class": "informal", "informal_probability": 0.2548033184310638, "confidence": 0.986610472202301, "explanation": "built-up intensity: 0.58; building irregularity: 0.21; building density: 0.03; impervious surface: 0.00", "year": 2025, "cell_uid": "2025_80.27351_13.10671", "label": "informal"}, "geometry": {"type": "Polygon", "coordinates": [[[421200.0, 1449000.0], [421200.0, 1449100.0], [421300.0, 1449100.0], [421300.0, 1449000.0], [421200.0, 1449000.0]]]}}, {"id": "156", "type": "Feature", "properties": {"cell_id": 156, "row": 5, "col": 17, "cell_area_m2": 10000.0, "building_count": 1.0, "building_area": 41.23645707822415, "building_density": 0.004123645707822415, "mean_building_area": 41.23645707822415, "footprint_cv": 0.0, "compactness": 0.7779672141025195, "rectangularity": 0.886973427629778, "small_bldg_frac": 1.0, "mean_nn_dist": 19.287676778531708, "road_density": 466.25578873841755, "road_segments": 14.0, "dist_major_road": 161.02398079637834, "blue": 0.0, "green": 0.0, "red": 0.0, "nir": 0.0, "swir1": 0.0, "ndvi": 0.0, "ndbi": 0.0, "ndwi": 0.0, "vegetation_fraction": 0.0, "impervious_fraction": 0.0, "water_fraction": 0.0, "ndvi_std": 0.0, "ndbi_std": 0.0, "nir_std": 0.0, "open_space_fraction": 0.9958763542921776, "building_irregularity": 0.0, "small_building_fraction": 1.0, "building_spacing_score": 0.9472684360622724, "footprint_irregularity": 0.22203278589748054, "building_density_norm": 0.0019607389440325393, "building_irregularity_norm": 0.0, "small_building_fraction_norm": 1.0, "building_spacing_norm": 0.9472684360622724, "footprint_irregularity_norm": 0.17596224345463515, "impervious_fraction_norm": 0.0, "ndbi_norm": 0.5781431462395603, "imi": 0.7804710268974304, "built_gate": false, "predicted_class": "informal", "informal_probability": 0.0, "confidence": 0.7804710268974304, "explanation": "built-up intensity: 0.58; building density: 0.00; building irregularity: 0.00; impervious surface: 0.00", "year": 2025, "cell_uid": "2025_80.27443_13.10672", "label": "informal"}, "geometry": {"type": "Polygon", "coordinates": [[[421300.0, 1449000.0], [421300.0, 1449100.0], [421400.0, 1449100.0], [421400.0, 1449000.0], [421300.0, 1449000.0]]]}}, {"id": "157", "type": "Feature", "properties": {"cell_id": 157, "row": 5, "col": 18, "cell_area_m2": 10000.0, "building_count": 1.0, "building_area": 116.00229581561649, "building_density": 0.01160022958156165, "mean_building_area": 116.00229581561649, "footprint_cv": 0.0, "compactness": 0.6739129735438786, "rectangularity": 0.9976794766467915, "small_bldg_frac": 0.0, "mean_nn_dist": 76.74777547799908, "road_density": 637.667852492441, "road_segments": 20.0, "dist_major_road": 245.94851446512112, "blue": 0.0, "green": 0.0, "red": 0.0, "nir": 0.0, "swir1": 0.0, "ndvi": 0.0, "ndbi": 0.0, "ndwi": 0.0, "vegetation_fraction": 0.0, "impervious_fraction": 0.0, "water_fraction": 0.0, "ndvi_std": 0.0, "ndbi_std": 0.0, "nir_std": 0.0, "open_space_fraction": 0.9883997704184384, "building_irregularity": 0.0, "small_building_fraction": 0.0, "building_spacing_score": 0.7851768883069217, "footprint_irregularity": 0.3260870264561214, "building_density_norm": 0.005515755598775055, "building_irregularity_norm": 0.0, "small_building_fraction_norm": 0.0, "building_spacing_norm": 0.7851768883069217, "footprint_irregularity_norm": 0.28617848572634974, "impervious_fraction_norm": 0.0, "ndbi_norm": 0.5781431462395603, "imi": 0.10443982481956482, "built_gate": false, "predicted_class": "sparse_low_development", "informal_probability": 0.0, "confidence": 0.895100474357605, "explanation": "built-up intensity: 0.58; building density: 0.01; building irregularity: 0.00; impervious surface: 0.00", "year": 2025, "cell_uid": "2025_80.27535_13.10672", "label": "sparse_low_development"}, "geometry": {"type": "Polygon", "coordinates": [[[421400.0, 1449000.0], [421400.0, 1449100.0], [421500.0, 1449100.0], [421500.0, 1449000.0], [421400.0, 1449000.0]]]}}, {"id": "158", "type": "Feature", "properties": {"cell_id": 158, "row": 5, "col": 19, "cell_area_m2": 10000.0, "building_count": 2.0, "building_area": 1199.7228309496252, "building_density": 0.11997228309496252, "mean_building_area": 599.8614154748126, "footprint_cv": 0.013407410406420846, "compactness": 0.5564891212058338, "rectangularity": 0.9983159928513838, "small_bldg_frac": 0.0, "mean_nn_dist": 29.007543280399165, "road_density": 803.4328717115854, "road_segments": 38.0, "dist_major_road": 216.4790368629089, "blue": 0.0, "green": 0.0, "red": 0.0, "nir": 0.0, "swir1": 0.0, "ndvi": 0.0, "ndbi": 0.0, "ndwi": 0.0, "vegetation_fraction": 0.0, "impervious_fraction": 0.0, "water_fraction": 0.0, "ndvi_std": 0.0, "ndbi_std": 0.0, "nir_std": 0.0, "open_space_fraction": 0.8800277169050374, "building_irregularity": 0.013407410406420846, "small_building_fraction": 0.0, "building_spacing_score": 0.9198492662222859, "footprint_irregularity": 0.4435108787941662, "building_density_norm": 0.057045232383218125, "building_irregularity_norm": 0.006061881137053665, "small_building_fraction_norm": 0.0, "building_spacing_norm": 0.9198492662222859, "footprint_irregularity_norm": 0.4105560765701786, "impervious_fraction_norm": 0.0, "ndbi_norm": 0.5781431462395603, "imi": 0.0051519181579351425, "built_gate": false, "predicted_class": "sparse_low_development", "informal_probability": 0.0, "confidence": 0.9947264790534973, "explanation": "built-up intensity: 0.58; building density: 0.06; building irregularity: 0.01; impervious surface: 0.00", "year": 2025, "cell_uid": "2025_80.27627_13.10672", "label": "sparse_low_development"}, "geometry": {"type": "Polygon", "coordinates": [[[421500.0, 1449000.0], [421500.0, 1449100.0], [421600.0, 1449100.0], [421600.0, 1449000.0], [421500.0, 1449000.0]]]}}, {"id": "160", "type": "Feature", "properties": {"cell_id": 160, "row": 5, "col": 21, "cell_area_m2": 10000.0, "building_count": 0.0, "building_area": 0.0, "building_density": 0.0, "mean_building_area": 0.0, "footprint_cv": 0.0, "compactness": 0.0, "rectangularity": 0.0, "small_bldg_frac": 0.0, "mean_nn_dist": 100.0, "road_density": 916.0244961190998, "road_segments": 16.0, "dist_major_road": 151.4271909939302, "blue": 0.0, "green": 0.0, "red": 0.0, "nir": 0.0, "swir1": 0.0, "ndvi": 0.0, "ndbi": 0.0, "ndwi": 0.0, "vegetation_fraction": 0.0, "impervious_fraction": 0.0, "water_fraction": 0.0, "ndvi_std": 0.0, "ndbi_std": 0.0, "nir_std": 0.0, "open_space_fraction": 1.0, "building_irregularity": 0.0, "small_building_fraction": 0.0, "building_spacing_score": 0.7195837350260872, "footprint_irregularity": 1.0, "building_density_norm": 0.0, "building_irregularity_norm": 0.0, "small_building_fraction_norm": 0.0, "building_spacing_norm": 0.7195837350260872, "footprint_irregularity_norm": 1.0, "impervious_fraction_norm": 0.0, "ndbi_norm": 0.5781431462395603, "imi": 0.059135839343070984, "built_gate": false, "predicted_class": "sparse_low_development", "informal_probability": 0.0, "confidence": 0.9399369955062866, "explanation": "built-up intensity: 0.58; building density: 0.00; building irregularity: 0.00; impervious surface: 0.00", "year": 2025, "cell_uid": "2025_80.27812_13.10673", "label": "sparse_low_development"}, "geometry": {"type": "Polygon", "coordinates": [[[421700.0, 1449000.0], [421700.0, 1449100.0], [421800.0, 1449100.0], [421800.0, 1449000.0], [421700.0, 1449000.0]]]}}, {"id": "161", "type": "Feature", "properties": {"cell_id": 161, "row": 5, "col": 22, "cell_area_m2": 10000.0, "building_count": 0.0, "building_area": 0.0, "building_density": 0.0, "mean_building_area": 0.0, "footprint_cv": 0.0, "compactness": 0.0, "rectangularity": 0.0, "small_bldg_frac": 0.0, "mean_nn_dist": 100.0, "road_density": 612.1241117322581, "road_segments": 24.0, "dist_major_road": 109.08773960740287, "blue": 0.0, "green": 0.0, "red": 0.0, "nir": 0.0, "swir1": 0.0, "ndvi": 0.0, "ndbi": 0.0, "ndwi": 0.0, "vegetation_fraction": 0.0, "impervious_fraction": 0.0, "water_fraction": 0.0, "ndvi_std": 0.0, "ndbi_std": 0.0, "nir_std": 0.0, "open_space_fraction": 1.0, "building_irregularity": 0.0, "small_building_fraction": 0.0, "building_spacing_score": 0.7195837350260872, "footprint_irregularity": 1.0, "building_density_norm": 0.0, "building_irregularity_norm": 0.0, "small_building_fraction_norm": 0.0, "building_spacing_norm": 0.7195837350260872, "footprint_irregularity_norm": 1.0, "impervious_fraction_norm": 0.0, "ndbi_norm": 0.5781431462395603, "imi": 0.059135839343070984, "built_gate": false, "predicted_class": "sparse_low_development", "informal_probability": 0.0, "confidence": 0.9399369955062866, "explanation": "built-up intensity: 0.58; building density: 0.00; building irregularity: 0.00; impervious surface: 0.00", "year": 2025, "cell_uid": "2025_80.27904_13.10673", "label": "sparse_low_development"}, "geometry": {"type": "Polygon", "coordinates": [[[421800.0, 1449000.0], [421800.0, 1449100.0], [421900.0, 1449100.0], [421900.0, 1449000.0], [421800.0, 1449000.0]]]}}, {"id": "162", "type": "Feature", "properties": {"cell_id": 162, "row": 5, "col": 23, "cell_area_m2": 10000.0, "building_count": 1.0, "building_area": 234.790740118422, "building_density": 0.0234790740118422, "mean_building_area": 234.790740118422, "footprint_cv": 0.0, "compactness": 0.7647226349335168, "rectangularity": 0.9975751324427925, "small_bldg_frac": 0.0, "mean_nn_dist": 94.77848582073766, "road_density": 662.7336772928401, "road_segments": 20.0, "dist_major_road": 43.18903235125791, "blue": 0.0, "green": 0.0, "red": 0.0, "nir": 0.0, "swir1": 0.0, "ndvi": 0.0, "ndbi": 0.0, "ndwi": 0.0, "vegetation_fraction": 0.0, "impervious_fraction": 0.0, "water_fraction": 0.0, "ndvi_std": 0.0, "ndbi_std": 0.0, "nir_std": 0.0, "open_space_fraction": 0.9765209259881578, "building_irregularity": 0.0, "small_building_fraction": 0.0, "building_spacing_score": 0.7343133184082853, "footprint_irregularity": 0.23527736506648322, "building_density_norm": 0.01116398886973048, "building_irregularity_norm": 0.0, "small_building_fraction_norm": 0.0, "building_spacing_norm": 0.7343133184082853, "footprint_irregularity_norm": 0.18999115509380124, "impervious_fraction_norm": 0.0, "ndbi_norm": 0.5781431462395603, "imi": 0.034572962671518326, "built_gate": false, "predicted_class": "sparse_low_development", "informal_probability": 0.0, "confidence": 0.96481853723526, "explanation": "built-up intensity: 0.58; building density: 0.01; building irregularity: 0.00; impervious surface: 0.00", "year": 2025, "cell_uid": "2025_80.27996_13.10673", "label": "sparse_low_development"}, "geometry": {"type": "Polygon", "coordinates": [[[421900.0, 1449000.0], [421900.0, 1449100.0], [422000.0, 1449100.0], [422000.0, 1449000.0], [421900.0, 1449000.0]]]}}, {"id": "164", "type": "Feature", "properties": {"cell_id": 164, "row": 5, "col": 25, "cell_area_m2": 10000.0, "building_count": 0.0, "building_area": 0.0, "building_density": 0.0, "mean_building_area": 0.0, "footprint_cv": 0.0, "compactness": 0.0, "rectangularity": 0.0, "small_bldg_frac": 0.0, "mean_nn_dist": 100.0, "road_density": 295.98528148424947, "road_segments": 6.0, "dist_major_road": 138.00206206285873, "blue": 0.0, "green": 0.0, "red": 0.0, "nir": 0.0, "swir1": 0.0, "ndvi": 0.0, "ndbi": 0.0, "ndwi": 0.0, "vegetation_fraction": 0.0, "impervious_fraction": 0.0, "water_fraction": 0.0, "ndvi_std": 0.0, "ndbi_std": 0.0, "nir_std": 0.0, "open_space_fraction": 1.0, "building_irregularity": 0.0, "small_building_fraction": 0.0, "building_spacing_score": 0.7195837350260872, "footprint_irregularity": 1.0, "building_density_norm": 0.0, "building_irregularity_norm": 0.0, "small_building_fraction_norm": 0.0, "building_spacing_norm": 0.7195837350260872, "footprint_irregularity_norm": 1.0, "impervious_fraction_norm": 0.0, "ndbi_norm": 0.5781431462395603, "imi": 0.059135839343070984, "built_gate": false, "predicted_class": "sparse_low_development", "informal_probability": 0.0, "confidence": 0.9399369955062866, "explanation": "built-up intensity: 0.58; building density: 0.00; building irregularity: 0.00; impervious surface: 0.00", "year": 2025, "cell_uid": "2025_80.28181_13.10674", "label": "sparse_low_development"}, "geometry": {"type": "Polygon", "coordinates": [[[422100.0, 1449000.0], [422100.0, 1449100.0], [422200.0, 1449100.0], [422200.0, 1449000.0], [422100.0, 1449000.0]]]}}, {"id": "165", "type": "Feature", "properties": {"cell_id": 165, "row": 5, "col": 26, "cell_area_m2": 10000.0, "building_count": 1.0, "building_area": 299.3918069216132, "building_density": 0.029939180692161317, "mean_building_area": 299.3918069216132, "footprint_cv": 0.0, "compactness": 0.7481184570135087, "rectangularity": 0.9985268711878056, "small_bldg_frac": 0.0, "mean_nn_dist": 68.34248099835766, "road_density": 0.0, "road_segments": 0.0, "dist_major_road": 153.16557108141, "blue": 0.0, "green": 0.0, "red": 0.0, "nir": 0.0, "swir1": 0.0, "ndvi": 0.0, "ndbi": 0.0, "ndwi": 0.0, "vegetation_fraction": 0.0, "impervious_fraction": 0.0, "water_fraction": 0.0, "ndvi_std": 0.0, "ndbi_std": 0.0, "nir_std": 0.0, "open_space_fraction": 0.9700608193078387, "building_irregularity": 0.0, "small_building_fraction": 0.0, "building_spacing_score": 0.8088877280440838, "footprint_irregularity": 0.25188154298649135, "building_density_norm": 0.014235684075426348, "building_irregularity_norm": 0.0, "small_building_fraction_norm": 0.0, "building_spacing_norm": 0.8088877280440838, "footprint_irregularity_norm": 0.20757861800284938, "impervious_fraction_norm": 0.0, "ndbi_norm": 0.5781431462395603, "imi": 0.010619291104376316, "built_gate": false, "predicted_class": "sparse_low_development", "informal_probability": 0.0, "confidence": 0.9890474677085876, "explanation": "built-up intensity: 0.58; building density: 0.01; building irregularity: 0.00; impervious surface: 0.00", "year": 2025, "cell_uid": "2025_80.28273_13.10674", "label": "sparse_low_development"}, "geometry": {"type": "Polygon", "coordinates": [[[422200.0, 1449000.0], [422200.0, 1449100.0], [422300.0, 1449100.0], [422300.0, 1449000.0], [422200.0, 1449000.0]]]}}, {"id": "166", "type": "Feature", "properties": {"cell_id": 166, "row": 5, "col": 27, "cell_area_m2": 10000.0, "building_count": 2.0, "building_area": 763.5442448916901, "building_density": 0.07635442448916901, "mean_building_area": 381.77212244584507, "footprint_cv": 0.17682704246249645, "compactness": 0.4243716855285423, "rectangularity": 0.8313256225739685, "small_bldg_frac": 0.0, "mean_nn_dist": 36.11844407750711, "road_density": 374.20235776160433, "road_segments": 4.0, "dist_major_road": 169.60528627326687, "blue": 0.0, "green": 0.0, "red": 0.0, "nir": 0.0, "swir1": 0.0, "ndvi": 0.0, "ndbi": 0.0, "ndwi": 0.0, "vegetation_fraction": 0.0, "impervious_fraction": 0.0, "water_fraction": 0.0, "ndvi_std": 0.0, "ndbi_std": 0.0, "nir_std": 0.0, "open_space_fraction": 0.923645575510831, "building_irregularity": 0.17682704246249645, "small_building_fraction": 0.0, "building_spacing_score": 0.8997898346823838, "footprint_irregularity": 0.5756283144714577, "building_density_norm": 0.03630551804222867, "building_irregularity_norm": 0.07994866127996325, "small_building_fraction_norm": 0.0, "building_spacing_norm": 0.8997898346823838, "footprint_irregularity_norm": 0.5504973919913387, "impervious_fraction_norm": 0.0, "ndbi_norm": 0.5781431462395603, "imi": 0.008428596891462803, "built_gate": false, "predicted_class": "sparse_low_development", "informal_probability": 0.0, "confidence": 0.9913973808288574, "explanation": "built-up intensity: 0.58; building irregularity: 0.08; building density: 0.04; impervious surface: 0.00", "year": 2025, "cell_uid": "2025_80.28365_13.10674", "label": "sparse_low_development"}, "geometry": {"type": "Polygon", "coordinates": [[[422300.0, 1449000.0], [422300.0, 1449100.0], [422400.0, 1449100.0], [422400.0, 1449000.0], [422300.0, 1449000.0]]]}}, {"id": "167", "type": "Feature", "properties": {"cell_id": 167, "row": 5, "col": 28, "cell_area_m2": 10000.0, "building_count": 0.0, "building_area": 0.0, "building_density": 0.0, "mean_building_area": 0.0, "footprint_cv": 0.0, "compactness": 0.0, "rectangularity": 0.0, "small_bldg_frac": 0.0, "mean_nn_dist": 100.0, "road_density": 628.6079415388398, "road_segments": 22.0, "dist_major_road": 188.54271927481528, "blue": 0.0, "green": 0.0, "red": 0.0, "nir": 0.0, "swir1": 0.0, "ndvi": 0.0, "ndbi": 0.0, "ndwi": 0.0, "vegetation_fraction": 0.0, "impervious_fraction": 0.0, "water_fraction": 0.0, "ndvi_std": 0.0, "ndbi_std": 0.0, "nir_std": 0.0, "open_space_fraction": 1.0, "building_irregularity": 0.0, "small_building_fraction": 0.0, "building_spacing_score": 0.7195837350260872, "footprint_irregularity": 1.0, "building_density_norm": 0.0, "building_irregularity_norm": 0.0, "small_building_fraction_norm": 0.0, "building_spacing_norm": 0.7195837350260872, "footprint_irregularity_norm": 1.0, "impervious_fraction_norm": 0.0, "ndbi_norm": 0.5781431462395603, "imi": 0.059135839343070984, "built_gate": false, "predicted_class": "sparse_low_development", "informal_probability": 0.0, "confidence": 0.9399369955062866, "explanation": "built-up intensity: 0.58; building density: 0.00; building irregularity: 0.00; impervious surface: 0.00", "year": 2025, "cell_uid": "2025_80.28458_13.10674", "label": "sparse_low_development"}, "geometry": {"type": "Polygon", "coordinates": [[[422400.0, 1449000.0], [422400.0, 1449100.0], [422500.0, 1449100.0], [422500.0, 1449000.0], [422400.0, 1449000.0]]]}}, {"id": "168", "type": "Feature", "properties": {"cell_id": 168, "row": 5, "col": 29, "cell_area_m2": 10000.0, "building_count": 2.0, "building_area": 9937.437699559006, "building_density": 0.9937437699559006, "mean_building_area": 4968.718849779503, "footprint_cv": 1.1198176126330965, "compactness": 0.7155908620071543, "rectangularity": 0.9991158650284203, "small_bldg_frac": 0.0, "mean_nn_dist": 81.114393057368, "road_density": 293.78595062354134, "road_segments": 2.0, "dist_major_road": 205.7643371615096, "blue": 0.0, "green": 0.0, "red": 0.0, "nir": 0.0, "swir1": 0.0, "ndvi": 0.0, "ndbi": 0.0, "ndwi": 0.0, "vegetation_fraction": 0.0, "impervious_fraction": 0.0, "water_fraction": 0.0, "ndvi_std": 0.0, "ndbi_std": 0.0, "nir_std": 0.0, "open_space_fraction": 0.0062562300440993646, "building_irregularity": 1.1198176126330965, "small_building_fraction": 0.0, "building_spacing_score": 0.7728589177862377, "footprint_irregularity": 0.28440913799284573, "building_density_norm": 0.47251200714117175, "building_irregularity_norm": 0.5063021908921463, "small_building_fraction_norm": 0.0, "building_spacing_norm": 0.7728589177862377, "footprint_irregularity_norm": 0.24203246892222796, "impervious_fraction_norm": 0.0, "ndbi_norm": 0.5781431462395603, "imi": 0.007874813862144947, "built_gate": false, "predicted_class": "sparse_low_development", "informal_probability": 0.0, "confidence": 0.9919511079788208, "explanation": "built-up intensity: 0.58; building irregularity: 0.51; building density: 0.47; impervious surface: 0.00", "year": 2025, "cell_uid": "2025_80.28550_13.10675", "label": "sparse_low_development"}, "geometry": {"type": "Polygon", "coordinates": [[[422500.0, 1449000.0], [422500.0, 1449100.0], [422600.0, 1449100.0], [422600.0, 1449000.0], [422500.0, 1449000.0]]]}}, {"id": "169", "type": "Feature", "properties": {"cell_id": 169, "row": 5, "col": 30, "cell_area_m2": 10000.0, "building_count": 0.0, "building_area": 0.0, "building_density": 0.0, "mean_building_area": 0.0, "footprint_cv": 0.0, "compactness": 0.0, "rectangularity": 0.0, "small_bldg_frac": 0.0, "mean_nn_dist": 100.0, "road_density": 590.3997926999461, "road_segments": 4.0, "dist_major_road": 231.0290843515043, "blue": 0.0, "green": 0.0, "red": 0.0, "nir": 0.0, "swir1": 0.0, "ndvi": 0.0, "ndbi": 0.0, "ndwi": 0.0, "vegetation_fraction": 0.0, "impervious_fraction": 0.0, "water_fraction": 0.0, "ndvi_std": 0.0, "ndbi_std": 0.0, "nir_std": 0.0, "open_space_fraction": 1.0, "building_irregularity": 0.0, "small_building_fraction": 0.0, "building_spacing_score": 0.7195837350260872, "footprint_irregularity": 1.0, "building_density_norm": 0.0, "building_irregularity_norm": 0.0, "small_building_fraction_norm": 0.0, "building_spacing_norm": 0.7195837350260872, "footprint_irregularity_norm": 1.0, "impervious_fraction_norm": 0.0, "ndbi_norm": 0.5781431462395603, "imi": 0.059135839343070984, "built_gate": false, "predicted_class": "sparse_low_development", "informal_probability": 0.0, "confidence": 0.9399369955062866, "explanation": "built-up intensity: 0.58; building density: 0.00; building irregularity: 0.00; impervious surface: 0.00", "year": 2025, "cell_uid": "2025_80.28642_13.10675", "label": "sparse_low_development"}, "geometry": {"type": "Polygon", "coordinates": [[[422600.0, 1449000.0], [422600.0, 1449100.0], [422700.0, 1449100.0], [422700.0, 1449000.0], [422600.0, 1449000.0]]]}}, {"id": "170", "type": "Feature", "properties": {"cell_id": 170, "row": 5, "col": 31, "cell_area_m2": 10000.0, "building_count": 1.0, "building_area": 2275.8981262832704, "building_density": 0.22758981262832703, "mean_building_area": 2275.8981262832704, "footprint_cv": 0.0, "compactness": 0.2284145341415729, "rectangularity": 0.508308542987547, "small_bldg_frac": 0.0, "mean_nn_dist": 31.48414225826151, "road_density": 0.0, "road_segments": 0.0, "dist_major_road": 221.36177259980178, "blue": 0.0, "green": 0.0, "red": 0.0, "nir": 0.0, "swir1": 0.0, "ndvi": 0.0, "ndbi": 0.0, "ndwi": 0.0, "vegetation_fraction": 0.0, "impervious_fraction": 0.0, "water_fraction": 0.0, "ndvi_std": 0.0, "ndbi_std": 0.0, "nir_std": 0.0, "open_space_fraction": 0.772410187371673, "building_irregularity": 0.0, "small_building_fraction": 0.0, "building_spacing_score": 0.9128629266479206, "footprint_irregularity": 0.7715854658584271, "building_density_norm": 0.10821594300376469, "building_irregularity_norm": 0.0, "small_building_fraction_norm": 0.0, "building_spacing_norm": 0.9128629266479206, "footprint_irregularity_norm": 0.7580589556161261, "impervious_fraction_norm": 0.0, "ndbi_norm": 0.5781431462395603, "imi": 0.009569905698299408, "built_gate": false, "predicted_class": "sparse_low_development", "informal_probability": 0.0, "confidence": 0.9902482628822327, "explanation": "built-up intensity: 0.58; building density: 0.11; building irregularity: 0.00; impervious surface: 0.00", "year": 2025, "cell_uid": "2025_80.28734_13.10675", "label": "sparse_low_development"}, "geometry": {"type": "Polygon", "coordinates": [[[422700.0, 1449000.0], [422700.0, 1449100.0], [422800.0, 1449100.0], [422800.0, 1449000.0], [422700.0, 1449000.0]]]}}, {"id": "171", "type": "Feature", "properties": {"cell_id": 171, "row": 5, "col": 32, "cell_area_m2": 10000.0, "building_count": 0.0, "building_area": 0.0, "building_density": 0.0, "mean_building_area": 0.0, "footprint_cv": 0.0, "compactness": 0.0, "rectangularity": 0.0, "small_bldg_frac": 0.0, "mean_nn_dist": 100.0, "road_density": 123.76923447508383, "road_segments": 4.0, "dist_major_road": 195.5065921074737, "blue": 0.0, "green": 0.0, "red": 0.0, "nir": 0.0, "swir1": 0.0, "ndvi": 0.0, "ndbi": 0.0, "ndwi": 0.0, "vegetation_fraction": 0.0, "impervious_fraction": 0.0, "water_fraction": 0.0, "ndvi_std": 0.0, "ndbi_std": 0.0, "nir_std": 0.0, "open_space_fraction": 1.0, "building_irregularity": 0.0, "small_building_fraction": 0.0, "building_spacing_score": 0.7195837350260872, "footprint_irregularity": 1.0, "building_density_norm": 0.0, "building_irregularity_norm": 0.0, "small_building_fraction_norm": 0.0, "building_spacing_norm": 0.7195837350260872, "footprint_irregularity_norm": 1.0, "impervious_fraction_norm": 0.0, "ndbi_norm": 0.5781431462395603, "imi": 0.059135839343070984, "built_gate": false, "predicted_class": "sparse_low_development", "informal_probability": 0.0, "confidence": 0.9399369955062866, "explanation": "built-up intensity: 0.58; building density: 0.00; building irregularity: 0.00; impervious surface: 0.00", "year": 2025, "cell_uid": "2025_80.28827_13.10675", "label": "sparse_low_development"}, "geometry": {"type": "Polygon", "coordinates": [[[422800.0, 1449000.0], [422800.0, 1449100.0], [422900.0, 1449100.0], [422900.0, 1449000.0], [422800.0, 1449000.0]]]}}, {"id": "172", "type": "Feature", "properties": {"cell_id": 172, "row": 5, "col": 33, "cell_area_m2": 10000.0, "building_count": 0.0, "building_area": 0.0, "building_density": 0.0, "mean_building_area": 0.0, "footprint_cv": 0.0, "compactness": 0.0, "rectangularity": 0.0, "small_bldg_frac": 0.0, "mean_nn_dist": 100.0, "road_density": 181.76489942085385, "road_segments": 6.0, "dist_major_road": 169.70871630593854, "blue": 0.0, "green": 0.0, "red": 0.0, "nir": 0.0, "swir1": 0.0, "ndvi": 0.0, "ndbi": 0.0, "ndwi": 0.0, "vegetation_fraction": 0.0, "impervious_fraction": 0.0, "water_fraction": 0.0, "ndvi_std": 0.0, "ndbi_std": 0.0, "nir_std": 0.0, "open_space_fraction": 1.0, "building_irregularity": 0.0, "small_building_fraction": 0.0, "building_spacing_score": 0.7195837350260872, "footprint_irregularity": 1.0, "building_density_norm": 0.0, "building_irregularity_norm": 0.0, "small_building_fraction_norm": 0.0, "building_spacing_norm": 0.7195837350260872, "footprint_irregularity_norm": 1.0, "impervious_fraction_norm": 0.0, "ndbi_norm": 0.5781431462395603, "imi": 0.059135839343070984, "built_gate": false, "predicted_class": "sparse_low_development", "informal_probability": 0.0, "confidence": 0.9399369955062866, "explanation": "built-up intensity: 0.58; building density: 0.00; building irregularity: 0.00; impervious surface: 0.00", "year": 2025, "cell_uid": "2025_80.28919_13.10676", "label": "sparse_low_development"}, "geometry": {"type": "Polygon", "coordinates": [[[422900.0, 1449000.0], [422900.0, 1449100.0], [423000.0, 1449100.0], [423000.0, 1449000.0], [422900.0, 1449000.0]]]}}, {"id": "173", "type": "Feature", "properties": {"cell_id": 173, "row": 5, "col": 34, "cell_area_m2": 10000.0, "building_count": 0.0, "building_area": 0.0, "building_density": 0.0, "mean_building_area": 0.0, "footprint_cv": 0.0, "compactness": 0.0, "rectangularity": 0.0, "small_bldg_frac": 0.0, "mean_nn_dist": 100.0, "road_density": 667.4673821415913, "road_segments": 22.0, "dist_major_road": 147.84483640735306, "blue": 0.0, "green": 0.0, "red": 0.0, "nir": 0.0, "swir1": 0.0, "ndvi": 0.0, "ndbi": 0.0, "ndwi": 0.0, "vegetation_fraction": 0.0, "impervious_fraction": 0.0, "water_fraction": 0.0, "ndvi_std": 0.0, "ndbi_std": 0.0, "nir_std": 0.0, "open_space_fraction": 1.0, "building_irregularity": 0.0, "small_building_fraction": 0.0, "building_spacing_score": 0.7195837350260872, "footprint_irregularity": 1.0, "building_density_norm": 0.0, "building_irregularity_norm": 0.0, "small_building_fraction_norm": 0.0, "building_spacing_norm": 0.7195837350260872, "footprint_irregularity_norm": 1.0, "impervious_fraction_norm": 0.0, "ndbi_norm": 0.5781431462395603, "imi": 0.059135839343070984, "built_gate": false, "predicted_class": "sparse_low_development", "informal_probability": 0.0, "confidence": 0.9399369955062866, "explanation": "built-up intensity: 0.58; building density: 0.00; building irregularity: 0.00; impervious surface: 0.00", "year": 2025, "cell_uid": "2025_80.29011_13.10676", "label": "sparse_low_development"}, "geometry": {"type": "Polygon", "coordinates": [[[423000.0, 1449000.0], [423000.0, 1449100.0], [423100.0, 1449100.0], [423100.0, 1449000.0], [423000.0, 1449000.0]]]}}, {"id": "174", "type": "Feature", "properties": {"cell_id": 174, "row": 5, "col": 35, "cell_area_m2": 4630.143180527375, "building_count": 0.0, "building_area": 0.0, "building_density": 0.0, "mean_building_area": 0.0, "footprint_cv": 0.0, "compactness": 0.0, "rectangularity": 0.0, "small_bldg_frac": 0.0, "mean_nn_dist": 100.0, "road_density": 285.9395989460231, "road_segments": 10.0, "dist_major_road": 136.92511693541442, "blue": 0.0, "green": 0.0, "red": 0.0, "nir": 0.0, "swir1": 0.0, "ndvi": 0.0, "ndbi": 0.0, "ndwi": 0.0, "vegetation_fraction": 0.0, "impervious_fraction": 0.0, "water_fraction": 0.0, "ndvi_std": 0.0, "ndbi_std": 0.0, "nir_std": 0.0, "open_space_fraction": 1.0, "building_irregularity": 0.0, "small_building_fraction": 0.0, "building_spacing_score": 0.7195837350260872, "footprint_irregularity": 1.0, "building_density_norm": 0.0, "building_irregularity_norm": 0.0, "small_building_fraction_norm": 0.0, "building_spacing_norm": 0.7195837350260872, "footprint_irregularity_norm": 1.0, "impervious_fraction_norm": 0.0, "ndbi_norm": 0.5781431462395603, "imi": 0.059135839343070984, "built_gate": false, "predicted_class": "sparse_low_development", "informal_probability": 0.0, "confidence": 0.9399369955062866, "explanation": "built-up intensity: 0.58; building density: 0.00; building irregularity: 0.00; impervious surface: 0.00", "year": 2025, "cell_uid": "2025_80.29079_13.10676", "label": "sparse_low_development"}, "geometry": {"type": "Polygon", "coordinates": [[[423100.0, 1449000.0], [423100.0, 1449100.0], [423146.4416200211, 1449100.0], [423146.1612435894, 1449000.0], [423100.0, 1449000.0]]]}}, {"id": "178", "type": "Feature", "properties": {"cell_id": 178, "row": 6, "col": 4, "cell_area_m2": 10000.0, "building_count": 1.0, "building_area": 64.12053640297044, "building_density": 0.006412053640297045, "mean_building_area": 64.12053640297044, "footprint_cv": 0.0, "compactness": 0.7634288218642046, "rectangularity": 0.9989051856244316, "small_bldg_frac": 0.0, "mean_nn_dist": 18.017184055593404, "road_density": 1465.3286421339135, "road_segments": 50.0, "dist_major_road": 167.83231687765243, "blue": 0.0, "green": 0.0, "red": 0.0, "nir": 0.0, "swir1": 0.0, "ndvi": 0.0, "ndbi": 0.0, "ndwi": 0.0, "vegetation_fraction": 0.0, "impervious_fraction": 0.0, "water_fraction": 0.0, "ndvi_std": 0.0, "ndbi_std": 0.0, "nir_std": 0.0, "open_space_fraction": 0.9935879463597029, "building_irregularity": 0.0, "small_building_fraction": 0.0, "building_spacing_score": 0.9508524210628915, "footprint_irregularity": 0.23657117813579542, "building_density_norm": 0.0030488466213056766, "building_irregularity_norm": 0.0, "small_building_fraction_norm": 0.0, "building_spacing_norm": 0.9508524210628915, "footprint_irregularity_norm": 0.19136158664888295, "impervious_fraction_norm": 0.0, "ndbi_norm": 0.5781431462395603, "imi": 0.10443982481956482, "built_gate": false, "predicted_class": "sparse_low_development", "informal_probability": 0.0, "confidence": 0.895100474357605, "explanation": "built-up intensity: 0.58; building density: 0.00; building irregularity: 0.00; impervious surface: 0.00", "year": 2025, "cell_uid": "2025_80.26244_13.10578", "label": "sparse_low_development"}, "geometry": {"type": "Polygon", "coordinates": [[[420000.0, 1448900.0], [420000.0, 1449000.0], [420100.0, 1449000.0], [420100.0, 1448900.0], [420000.0, 1448900.0]]]}}, {"id": "181", "type": "Feature", "properties": {"cell_id": 181, "row": 6, "col": 7, "cell_area_m2": 10000.0, "building_count": 1.0, "building_area": 129.6820071757208, "building_density": 0.012968200717572079, "mean_building_area": 129.6820071757208, "footprint_cv": 0.0, "compactness": 0.7800661398872776, "rectangularity": 0.9987171355916543, "small_bldg_frac": 0.0, "mean_nn_dist": 20.61046709599527, "road_density": 837.8881963246213, "road_segments": 30.0, "dist_major_road": 452.99502695077643, "blue": 0.1067475001886487, "green": 0.12322700008749962, "red": 0.14196300067007542, "nir": 0.18281650010496378, "swir1": 0.23124000012874604, "ndvi": 0.12953559771180154, "ndbi": 0.12681658746674657, "ndwi": -0.19367818430066108, "vegetation_fraction": 0.0, "impervious_fraction": 0.79, "water_fraction": 0.0, "ndvi_std": 0.06684289636322595, "ndbi_std": 0.10551719049176461, "nir_std": 0.05027756248250332, "open_space_fraction": 0.9870317992824279, "building_irregularity": 0.0, "small_building_fraction": 0.0, "building_spacing_score": 0.9435369226335382, "footprint_irregularity": 0.21993386011272242, "building_density_norm": 0.006166207764343008, "building_irregularity_norm": 0.0, "small_building_fraction_norm": 0.0, "building_spacing_norm": 0.9435369226335382, "footprint_irregularity_norm": 0.17373902110866188, "impervious_fraction_norm": 0.79, "ndbi_norm": 0.8361443674961467, "imi": 0.9965025186538696, "built_gate": false, "predicted_class": "informal", "informal_probability": 0.0, "confidence": 0.9965025186538696, "explanation": "built-up intensity: 0.84; impervious surface: 0.79; building density: 0.01; building irregularity: 0.00", "year": 2025, "cell_uid": "2025_80.26521_13.10579", "label": "informal"}, "geometry": {"type": "Polygon", "coordinates": [[[420300.0, 1448900.0], [420300.0, 1449000.0], [420400.0, 1449000.0], [420400.0, 1448900.0], [420300.0, 1448900.0]]]}}, {"id": "182", "type": "Feature", "properties": {"cell_id": 182, "row": 6, "col": 8, "cell_area_m2": 10000.0, "building_count": 1.0, "building_area": 22.668311811883235, "building_density": 0.0022668311811883234, "mean_building_area": 22.668311811883235, "footprint_cv": 0.0, "compactness": 0.587615041437955, "rectangularity": 0.949282743499431, "small_bldg_frac": 1.0, "mean_nn_dist": 8.171687332237903, "road_density": 872.1603829440775, "road_segments": 28.0, "dist_major_road": 360.5707586030915, "blue": 0.09633799977600574, "green": 0.11624950025230646, "red": 0.1261119993776083, "nir": 0.20146399967372416, "swir1": 0.23107799828052522, "ndvi": 0.2358595773205161, "ndbi": 0.07714935792319011, "ndwi": -0.27011594757437707, "vegetation_fraction": 0.1, "impervious_fraction": 0.4, "water_fraction": 0.0, "ndvi_std": 0.11140783346419308, "ndbi_std": 0.10591839211456452, "nir_std": 0.046844000872587874, "open_space_fraction": 0.9977331688188117, "building_irregularity": 0.0, "small_building_fraction": 1.0, "building_spacing_score": 0.9786259863443538, "footprint_irregularity": 0.41238495856204505, "building_density_norm": 0.0010778482176758907, "building_irregularity_norm": 0.0, "small_building_fraction_norm": 1.0, "building_spacing_norm": 0.9786259863443538, "footprint_irregularity_norm": 0.3775869063872471, "impervious_fraction_norm": 0.4, "ndbi_norm": 0.7350991798385867, "imi": 0.9968434572219849, "built_gate": false, "predicted_class": "informal", "informal_probability": 0.0, "confidence": 0.9968434572219849, "explanation": "built-up intensity: 0.74; impervious surface: 0.40; building density: 0.00; building irregularity: 0.00", "year": 2025, "cell_uid": "2025_80.26613_13.10579", "label": "informal"}, "geometry": {"type": "Polygon", "coordinates": [[[420400.0, 1448900.0], [420400.0, 1449000.0], [420500.0, 1449000.0], [420500.0, 1448900.0], [420400.0, 1448900.0]]]}}, {"id": "183", "type": "Feature", "properties": {"cell_id": 183, "row": 6, "col": 9, "cell_area_m2": 10000.0, "building_count": 5.0, "building_area": 1107.8356680549496, "building_density": 0.11078356680549496, "mean_building_area": 221.5671336109899, "footprint_cv": 0.987729571527161, "compactness": 0.6961178471235309, "rectangularity": 0.9156411138097852, "small_bldg_frac": 0.4, "mean_nn_dist": 20.046875720531496, "road_density": 716.7570570459927, "road_segments": 28.0, "dist_major_road": 273.52888234532594, "blue": 0.07668750032782555, "green": 0.09612400021404027, "red": 0.10119300009682775, "nir": 0.2179789999872446, "swir1": 0.21515600085258485, "ndvi": 0.3593277307599783, "ndbi": 0.006833064872189425, "ndwi": -0.37762980759143827, "vegetation_fraction": 0.35, "impervious_fraction": 0.2, "water_fraction": 0.0, "ndvi_std": 0.188298905028511, "ndbi_std": 0.11450090685326804, "nir_std": 0.054802394888453926, "open_space_fraction": 0.889216433194505, "building_irregularity": 0.987729571527161, "small_building_fraction": 0.4, "building_spacing_score": 0.9451267806466316, "footprint_irregularity": 0.30388215287646914, "building_density_norm": 0.05267611943051023, "building_irregularity_norm": 0.4465813364886008, "small_building_fraction_norm": 0.4, "building_spacing_norm": 0.9451267806466316, "footprint_irregularity_norm": 0.26265865882714207, "impervious_fraction_norm": 0.2, "ndbi_norm": 0.592044632765624, "imi": 0.9926294088363647, "built_gate": true, "predicted_class": "informal", "informal_probability": 0.3281452031745233, "confidence": 0.9926294088363647, "explanation": "built-up intensity: 0.59; building irregularity: 0.45; impervious surface: 0.20; building density: 0.05", "year": 2025, "cell_uid": "2025_80.26705_13.10579", "label": "informal"}, "geometry": {"type": "Polygon", "coordinates": [[[420500.0, 1448900.0], [420500.0, 1449000.0], [420600.0, 1449000.0], [420600.0, 1448900.0], [420500.0, 1448900.0]]]}}, {"id": "184", "type": "Feature", "properties": {"cell_id": 184, "row": 6, "col": 10, "cell_area_m2": 10000.0, "building_count": 0.0, "building_area": 0.0, "building_density": 0.0, "mean_building_area": 0.0, "footprint_cv": 0.0, "compactness": 0.0, "rectangularity": 0.0, "small_bldg_frac": 0.0, "mean_nn_dist": 100.0, "road_density": 197.71800353239172, "road_segments": 2.0, "dist_major_road": 198.04827520521928, "blue": 0.02971649996936321, "green": 0.05128150001168251, "red": 0.03491450015455484, "nir": 0.28385299898684024, "swir1": 0.1725440001487732, "ndvi": 0.7706177029013633, "ndbi": -0.2303309210232692, "ndwi": -0.6830617064237594, "vegetation_fraction": 0.98, "impervious_fraction": 0.0, "water_fraction": 0.0, "ndvi_std": 0.10340225272866972, "ndbi_std": 0.12158703820902142, "nir_std": 0.06825315537649256, "open_space_fraction": 1.0, "building_irregularity": 0.0, "small_building_fraction": 0.0, "building_spacing_score": 0.7195837350260872, "footprint_irregularity": 1.0, "building_density_norm": 0.0, "building_irregularity_norm": 0.0, "small_building_fraction_norm": 0.0, "building_spacing_norm": 0.7195837350260872, "footprint_irregularity_norm": 1.0, "impervious_fraction_norm": 0.0, "ndbi_norm": 0.10954782993095659, "imi": 0.00013122661039233208, "built_gate": false, "predicted_class": "open_vegetated", "informal_probability": 0.0, "confidence": 0.999582827091217, "explanation": "built-up intensity: 0.11; building density: 0.00; building irregularity: 0.00; impervious surface: 0.00", "year": 2025, "cell_uid": "2025_80.26797_13.10579", "label": "open_vegetated"}, "geometry": {"type": "Polygon", "coordinates": [[[420600.0, 1448900.0], [420600.0, 1449000.0], [420700.0, 1449000.0], [420700.0, 1448900.0], [420600.0, 1448900.0]]]}}, {"id": "185", "type": "Feature", "properties": {"cell_id": 185, "row": 6, "col": 11, "cell_area_m2": 10000.0, "building_count": 0.0, "building_area": 0.0, "building_density": 0.0, "mean_building_area": 0.0, "footprint_cv": 0.0, "compactness": 0.0, "rectangularity": 0.0, "small_bldg_frac": 0.0, "mean_nn_dist": 100.0, "road_density": 224.34112137236707, "road_segments": 2.0, "dist_major_road": 127.03342881561802, "blue": 0.02993750013411045, "green": 0.05419949993491173, "red": 0.036417999919503924, "nir": 0.30312700048089025, "swir1": 0.17737800180912017, "ndvi": 0.7753105184435845, "ndbi": -0.24867390465456993, "ndwi": -0.6854706454277039, "vegetation_fraction": 0.95, "impervious_fraction": 0.0, "water_fraction": 0.0, "ndvi_std": 0.13468103254156472, "ndbi_std": 0.12511313864745677, "nir_std": 0.06955864419376034, "open_space_fraction": 1.0, "building_irregularity": 0.0, "small_building_fraction": 0.0, "building_spacing_score": 0.7195837350260872, "footprint_irregularity": 1.0, "building_density_norm": 0.0, "building_irregularity_norm": 0.0, "small_building_fraction_norm": 0.0, "building_spacing_norm": 0.7195837350260872, "footprint_irregularity_norm": 1.0, "impervious_fraction_norm": 0.0, "ndbi_norm": 0.07223006044274898, "imi": 0.00013122661039233208, "built_gate": false, "predicted_class": "open_vegetated", "informal_probability": 0.0, "confidence": 0.999582827091217, "explanation": "built-up intensity: 0.07; building density: 0.00; building irregularity: 0.00; impervious surface: 0.00", "year": 2025, "cell_uid": "2025_80.26890_13.10580", "label": "open_vegetated"}, "geometry": {"type": "Polygon", "coordinates": [[[420700.0, 1448900.0], [420700.0, 1449000.0], [420800.0, 1449000.0], [420800.0, 1448900.0], [420700.0, 1448900.0]]]}}, {"id": "186", "type": "Feature", "properties": {"cell_id": 186, "row": 6, "col": 12, "cell_area_m2": 10000.0, "building_count": 0.0, "building_area": 0.0, "building_density": 0.0, "mean_building_area": 0.0, "footprint_cv": 0.0, "compactness": 0.0, "rectangularity": 0.0, "small_bldg_frac": 0.0, "mean_nn_dist": 100.0, "road_density": 42.616876649302384, "road_segments": 2.0, "dist_major_road": 55.61658142290764, "blue": 0.04930850034579635, "green": 0.07391099993139505, "red": 0.06003500008955598, "nir": 0.2782159994542599, "swir1": 0.1774020004272461, "ndvi": 0.6079258038103581, "ndbi": -0.19093213599175216, "ndwi": -0.5455304232239723, "vegetation_fraction": 0.75, "impervious_fraction": 0.06, "water_fraction": 0.0, "ndvi_std": 0.24144631601345398, "ndbi_std": 0.15133689604815295, "nir_std": 0.08798301717786075, "open_space_fraction": 1.0, "building_irregularity": 0.0, "small_building_fraction": 0.0, "building_spacing_score": 0.7195837350260872, "footprint_irregularity": 1.0, "building_density_norm": 0.0, "building_irregularity_norm": 0.0, "small_building_fraction_norm": 0.0, "building_spacing_norm": 0.7195837350260872, "footprint_irregularity_norm": 1.0, "impervious_fraction_norm": 0.06, "ndbi_norm": 0.18970244422242322, "imi": 0.0005797372432425618, "built_gate": false, "predicted_class": "open_vegetated", "informal_probability": 0.0, "confidence": 0.9981568455696106, "explanation": "built-up intensity: 0.19; impervious surface: 0.06; building density: 0.00; building irregularity: 0.00", "year": 2025, "cell_uid": "2025_80.26982_13.10580", "label": "open_vegetated"}, "geometry": {"type": "Polygon", "coordinates": [[[420800.0, 1448900.0], [420800.0, 1449000.0], [420900.0, 1449000.0], [420900.0, 1448900.0], [420800.0, 1448900.0]]]}}, {"id": "187", "type": "Feature", "properties": {"cell_id": 187, "row": 6, "col": 13, "cell_area_m2": 10000.0, "building_count": 0.0, "building_area": 0.0, "building_density": 0.0, "mean_building_area": 0.0, "footprint_cv": 0.0, "compactness": 0.0, "rectangularity": 0.0, "small_bldg_frac": 0.0, "mean_nn_dist": 100.0, "road_density": 221.08554508871276, "road_segments": 2.0, "dist_major_road": 7.942705585050476, "blue": 0.05969100013375282, "green": 0.08385850045830011, "red": 0.07697300005704165, "nir": 0.23429399877786636, "swir1": 0.18804799973964692, "ndvi": 0.4831100292503834, "ndbi": -0.09306247535481817, "ndwi": -0.4523992684483528, "vegetation_fraction": 0.67, "impervious_fraction": 0.09, "water_fraction": 0.0, "ndvi_std": 0.18981178802484663, "ndbi_std": 0.11329051763335442, "nir_std": 0.05929779429727765, "open_space_fraction": 1.0, "building_irregularity": 0.0, "small_building_fraction": 0.0, "building_spacing_score": 0.7195837350260872, "footprint_irregularity": 1.0, "building_density_norm": 0.0, "building_irregularity_norm": 0.0, "small_building_fraction_norm": 0.0, "building_spacing_norm": 0.7195837350260872, "footprint_irregularity_norm": 1.0, "impervious_fraction_norm": 0.09, "ndbi_norm": 0.3888127693990705, "imi": 0.0009919896256178617, "built_gate": false, "predicted_class": "open_vegetated", "informal_probability": 0.0, "confidence": 0.9503046274185181, "explanation": "built-up intensity: 0.39; impervious surface: 0.09; building density: 0.00; building irregularity: 0.00", "year": 2025, "cell_uid": "2025_80.27074_13.10580", "label": "open_vegetated"}, "geometry": {"type": "Polygon", "coordinates": [[[420900.0, 1448900.0], [420900.0, 1449000.0], [421000.0, 1449000.0], [421000.0, 1448900.0], [420900.0, 1448900.0]]]}}, {"id": "188", "type": "Feature", "properties": {"cell_id": 188, "row": 6, "col": 14, "cell_area_m2": 10000.0, "building_count": 0.0, "building_area": 0.0, "building_density": 0.0, "mean_building_area": 0.0, "footprint_cv": 0.0, "compactness": 0.0, "rectangularity": 0.0, "small_bldg_frac": 0.0, "mean_nn_dist": 100.0, "road_density": 0.0, "road_segments": 0.0, "dist_major_road": 89.67790057389885, "blue": 0.0, "green": 0.0, "red": 0.0, "nir": 0.0, "swir1": 0.0, "ndvi": 0.0, "ndbi": 0.0, "ndwi": 0.0, "vegetation_fraction": 0.0, "impervious_fraction": 0.0, "water_fraction": 0.0, "ndvi_std": 0.0, "ndbi_std": 0.0, "nir_std": 0.0, "open_space_fraction": 1.0, "building_irregularity": 0.0, "small_building_fraction": 0.0, "building_spacing_score": 0.7195837350260872, "footprint_irregularity": 1.0, "building_density_norm": 0.0, "building_irregularity_norm": 0.0, "small_building_fraction_norm": 0.0, "building_spacing_norm": 0.7195837350260872, "footprint_irregularity_norm": 1.0, "impervious_fraction_norm": 0.0, "ndbi_norm": 0.5781431462395603, "imi": 0.059135839343070984, "built_gate": false, "predicted_class": "sparse_low_development", "informal_probability": 0.0, "confidence": 0.9399369955062866, "explanation": "built-up intensity: 0.58; building density: 0.00; building irregularity: 0.00; impervious surface: 0.00", "year": 2025, "cell_uid": "2025_80.27166_13.10580", "label": "sparse_low_development"}, "geometry": {"type": "Polygon", "coordinates": [[[421000.0, 1448900.0], [421000.0, 1449000.0], [421100.0, 1449000.0], [421100.0, 1448900.0], [421000.0, 1448900.0]]]}}, {"id": "189", "type": "Feature", "properties": {"cell_id": 189, "row": 6, "col": 15, "cell_area_m2": 10000.0, "building_count": 0.0, "building_area": 0.0, "building_density": 0.0, "mean_building_area": 0.0, "footprint_cv": 0.0, "compactness": 0.0, "rectangularity": 0.0, "small_bldg_frac": 0.0, "mean_nn_dist": 100.0, "road_density": 150.6188073658892, "road_segments": 10.0, "dist_major_road": 40.745734643947294, "blue": 0.0468690000474453, "green": 0.06707800008356571, "red": 0.05915300015360117, "nir": 0.2326219991967082, "swir1": 0.16845800071954728, "ndvi": 0.5769923187792301, "ndbi": -0.12353451852104627, "ndwi": -0.5312274831533432, "vegetation_fraction": 0.84, "impervious_fraction": 0.01, "water_fraction": 0.0, "ndvi_std": 0.16385467786161798, "ndbi_std": 0.16693170732487506, "nir_std": 0.09140598600676077, "open_space_fraction": 1.0, "building_irregularity": 0.0, "small_building_fraction": 0.0, "building_spacing_score": 0.7195837350260872, "footprint_irregularity": 1.0, "building_density_norm": 0.0, "building_irregularity_norm": 0.0, "small_building_fraction_norm": 0.0, "building_spacing_norm": 0.7195837350260872, "footprint_irregularity_norm": 1.0, "impervious_fraction_norm": 0.01, "ndbi_norm": 0.32681910983042944, "imi": 0.00013122661039233208, "built_gate": false, "predicted_class": "open_vegetated", "informal_probability": 0.0, "confidence": 0.999582827091217, "explanation": "built-up intensity: 0.33; impervious surface: 0.01; building density: 0.00; building irregularity: 0.00", "year": 2025, "cell_uid": "2025_80.27259_13.10581", "label": "open_vegetated"}, "geometry": {"type": "Polygon", "coordinates": [[[421100.0, 1448900.0], [421100.0, 1449000.0], [421200.0, 1449000.0], [421200.0, 1448900.0], [421100.0, 1448900.0]]]}}, {"id": "190", "type": "Feature", "properties": {"cell_id": 190, "row": 6, "col": 16, "cell_area_m2": 10000.0, "building_count": 1.0, "building_area": 47.55360684955819, "building_density": 0.00475536068495582, "mean_building_area": 47.55360684955819, "footprint_cv": 0.0, "compactness": 0.7410248544044834, "rectangularity": 0.8350440005627606, "small_bldg_frac": 1.0, "mean_nn_dist": 84.53554982553757, "road_density": 533.1391997381827, "road_segments": 18.0, "dist_major_road": 22.472717689111278, "blue": 0.06873300006613135, "green": 0.09225150000303983, "red": 0.09195549983531237, "nir": 0.2345619995892048, "swir1": 0.20938800036907196, "ndvi": 0.4390384792536497, "ndbi": -0.05256299910484813, "ndwi": -0.43299729883670807, "vegetation_fraction": 0.59, "impervious_fraction": 0.12, "water_fraction": 0.0, "ndvi_std": 0.1819770660479838, "ndbi_std": 0.10585067241899122, "nir_std": 0.03579987521004663, "open_space_fraction": 0.9952446393150441, "building_irregularity": 0.0, "small_building_fraction": 1.0, "building_spacing_score": 0.7632080364230381, "footprint_irregularity": 0.2589751455955166, "building_density_norm": 0.0022611110528304545, "building_irregularity_norm": 0.0, "small_building_fraction_norm": 1.0, "building_spacing_norm": 0.7632080364230381, "footprint_irregularity_norm": 0.21509229759474438, "impervious_fraction_norm": 0.12, "ndbi_norm": 0.47120667812559464, "imi": 0.00013951108849141747, "built_gate": false, "predicted_class": "sparse_low_development", "informal_probability": 0.0, "confidence": 0.9995905756950378, "explanation": "built-up intensity: 0.47; impervious surface: 0.12; building density: 0.00; building irregularity: 0.00", "year": 2025, "cell_uid": "2025_80.27351_13.10581", "label": "sparse_low_development"}, "geometry": {"type": "Polygon", "coordinates": [[[421200.0, 1448900.0], [421200.0, 1449000.0], [421300.0, 1449000.0], [421300.0, 1448900.0], [421200.0, 1448900.0]]]}}, {"id": "191", "type": "Feature", "properties": {"cell_id": 191, "row": 6, "col": 17, "cell_area_m2": 10000.0, "building_count": 0.0, "building_area": 0.0, "building_density": 0.0, "mean_building_area": 0.0, "footprint_cv": 0.0, "compactness": 0.0, "rectangularity": 0.0, "small_bldg_frac": 0.0, "mean_nn_dist": 100.0, "road_density": 460.0971187551502, "road_segments": 10.0, "dist_major_road": 117.77761369593927, "blue": 0.08109149988740683, "green": 0.09619150005280971, "red": 0.10402399998158217, "nir": 0.18089200049638748, "swir1": 0.2226779991388321, "ndvi": 0.27198965430259703, "ndbi": 0.11104211378595209, "ndwi": -0.3051579560339451, "vegetation_fraction": 0.13, "impervious_fraction": 0.3, "water_fraction": 0.0, "ndvi_std": 0.12015908321257955, "ndbi_std": 0.10704227110182495, "nir_std": 0.04301628179398726, "open_space_fraction": 1.0, "building_irregularity": 0.0, "small_building_fraction": 0.0, "building_spacing_score": 0.7195837350260872, "footprint_irregularity": 1.0, "building_density_norm": 0.0, "building_irregularity_norm": 0.0, "small_building_fraction_norm": 0.0, "building_spacing_norm": 0.7195837350260872, "footprint_irregularity_norm": 1.0, "impervious_fraction_norm": 0.3, "ndbi_norm": 0.8040520871752302, "imi": 0.1544334441423416, "built_gate": false, "predicted_class": "sparse_low_development", "informal_probability": 0.0, "confidence": 0.8444744348526001, "explanation": "built-up intensity: 0.80; impervious surface: 0.30; building density: 0.00; building irregularity: 0.00", "year": 2025, "cell_uid": "2025_80.27443_13.10581", "label": "sparse_low_development"}, "geometry": {"type": "Polygon", "coordinates": [[[421300.0, 1448900.0], [421300.0, 1449000.0], [421400.0, 1449000.0], [421400.0, 1448900.0], [421300.0, 1448900.0]]]}}, {"id": "193", "type": "Feature", "properties": {"cell_id": 193, "row": 6, "col": 19, "cell_area_m2": 10000.0, "building_count": 0.0, "building_area": 0.0, "building_density": 0.0, "mean_building_area": 0.0, "footprint_cv": 0.0, "compactness": 0.0, "rectangularity": 0.0, "small_bldg_frac": 0.0, "mean_nn_dist": 100.0, "road_density": 739.6553063850904, "road_segments": 26.0, "dist_major_road": 122.71963177867184, "blue": 0.09143449995666743, "green": 0.11323950007557869, "red": 0.11509850006550551, "nir": 0.2445629994571209, "swir1": 0.2409120011329651, "ndvi": 0.3691009156778455, "ndbi": -0.003740549529902637, "ndwi": -0.3719871140271425, "vegetation_fraction": 0.49, "impervious_fraction": 0.27, "water_fraction": 0.0, "ndvi_std": 0.19270189087372042, "ndbi_std": 0.08336185663042202, "nir_std": 0.03361173670665407, "open_space_fraction": 1.0, "building_irregularity": 0.0, "small_building_fraction": 0.0, "building_spacing_score": 0.7195837350260872, "footprint_irregularity": 1.0, "building_density_norm": 0.0, "building_irregularity_norm": 0.0, "small_building_fraction_norm": 0.0, "building_spacing_norm": 0.7195837350260872, "footprint_irregularity_norm": 1.0, "impervious_fraction_norm": 0.27, "ndbi_norm": 0.5705332084060044, "imi": 0.001699669286608696, "built_gate": false, "predicted_class": "sparse_low_development", "informal_probability": 0.0, "confidence": 0.9981645941734314, "explanation": "built-up intensity: 0.57; impervious surface: 0.27; building density: 0.00; building irregularity: 0.00", "year": 2025, "cell_uid": "2025_80.27628_13.10582", "label": "sparse_low_development"}, "geometry": {"type": "Polygon", "coordinates": [[[421500.0, 1448900.0], [421500.0, 1449000.0], [421600.0, 1449000.0], [421600.0, 1448900.0], [421500.0, 1448900.0]]]}}, {"id": "195", "type": "Feature", "properties": {"cell_id": 195, "row": 6, "col": 21, "cell_area_m2": 10000.0, "building_count": 1.0, "building_area": 271.2695859404495, "building_density": 0.02712695859404495, "mean_building_area": 271.2695859404495, "footprint_cv": 0.0, "compactness": 0.7386505507733829, "rectangularity": 0.9978897209851332, "small_bldg_frac": 0.0, "mean_nn_dist": 74.73984086773974, "road_density": 376.07739352531826, "road_segments": 15.0, "dist_major_road": 55.468951527381726, "blue": 0.07977800030261278, "green": 0.10175699982792138, "red": 0.09269700016826392, "nir": 0.2761369992792606, "swir1": 0.22810400128364564, "ndvi": 0.5115780205279589, "ndbi": -0.09197867003502325, "ndwi": -0.46948971346020696, "vegetation_fraction": 0.72, "impervious_fraction": 0.07, "water_fraction": 0.0, "ndvi_std": 0.19661709530993543, "ndbi_std": 0.10894278721918102, "nir_std": 0.047443144386929335, "open_space_fraction": 0.9728730414059551, "building_irregularity": 0.0, "small_building_fraction": 0.0, "building_spacing_score": 0.7908411533557997, "footprint_irregularity": 0.26134944922661707, "building_density_norm": 0.012898509696796843, "building_irregularity_norm": 0.0, "small_building_fraction_norm": 0.0, "building_spacing_norm": 0.7908411533557997, "footprint_irregularity_norm": 0.2176072054238444, "impervious_fraction_norm": 0.07, "ndbi_norm": 0.39101771042214284, "imi": 0.0001947321288753301, "built_gate": false, "predicted_class": "open_vegetated", "informal_probability": 0.0, "confidence": 0.9930591583251953, "explanation": "built-up intensity: 0.39; impervious surface: 0.07; building density: 0.01; building irregularity: 0.00", "year": 2025, "cell_uid": "2025_80.27812_13.10582", "label": "open_vegetated"}, "geometry": {"type": "Polygon", "coordinates": [[[421700.0, 1448900.0], [421700.0, 1449000.0], [421800.0, 1449000.0], [421800.0, 1448900.0], [421700.0, 1448900.0]]]}}, {"id": "201", "type": "Feature", "properties": {"cell_id": 201, "row": 6, "col": 27, "cell_area_m2": 10000.0, "building_count": 2.0, "building_area": 2444.460922291933, "building_density": 0.2444460922291933, "mean_building_area": 1222.2304611459665, "footprint_cv": 0.3470096628490059, "compactness": 0.7167040631387248, "rectangularity": 0.9988127404411749, "small_bldg_frac": 0.0, "mean_nn_dist": 34.95073829665324, "road_density": 530.3250454115772, "road_segments": 14.0, "dist_major_road": 70.6170586431087, "blue": 0.06291400000452996, "green": 0.08755649980157613, "red": 0.09472849994897842, "nir": 0.2580780002474785, "swir1": 0.2411080014705658, "ndvi": 0.47061353519558907, "ndbi": -0.03473954246030189, "ndwi": -0.49432146042585373, "vegetation_fraction": 0.58, "impervious_fraction": 0.06, "water_fraction": 0.0, "ndvi_std": 0.17414876088691658, "ndbi_std": 0.10590356178203529, "nir_std": 0.0324560272283436, "open_space_fraction": 0.7555539077708067, "building_irregularity": 0.3470096628490059, "small_building_fraction": 0.0, "building_spacing_score": 0.9030838637847604, "footprint_irregularity": 0.2832959368612752, "building_density_norm": 0.11623088080558011, "building_irregularity_norm": 0.1568931856216137, "small_building_fraction_norm": 0.0, "building_spacing_norm": 0.9030838637847604, "footprint_irregularity_norm": 0.2408533449869071, "impervious_fraction_norm": 0.06, "ndbi_norm": 0.5074674991519651, "imi": 0.0028418239671736956, "built_gate": false, "predicted_class": "sparse_low_development", "informal_probability": 0.0, "confidence": 0.9966750144958496, "explanation": "built-up intensity: 0.51; building irregularity: 0.16; building density: 0.12; impervious surface: 0.06", "year": 2025, "cell_uid": "2025_80.28366_13.10584", "label": "sparse_low_development"}, "geometry": {"type": "Polygon", "coordinates": [[[422300.0, 1448900.0], [422300.0, 1449000.0], [422400.0, 1449000.0], [422400.0, 1448900.0], [422300.0, 1448900.0]]]}}, {"id": "204", "type": "Feature", "properties": {"cell_id": 204, "row": 6, "col": 30, "cell_area_m2": 10000.0, "building_count": 1.0, "building_area": 1996.0983223784913, "building_density": 0.19960983223784912, "mean_building_area": 1996.0983223784913, "footprint_cv": 0.0, "compactness": 0.39569251453911686, "rectangularity": 0.678786564990511, "small_bldg_frac": 0.0, "mean_nn_dist": 31.48414225826151, "road_density": 603.0654572464563, "road_segments": 6.0, "dist_major_road": 137.83382101225664, "blue": 0.0779344997368753, "green": 0.10200450044125318, "red": 0.10556850029155612, "nir": 0.26664600014686585, "swir1": 0.23346999883651734, "ndvi": 0.4607300260849297, "ndbi": -0.06835780188062927, "ndwi": -0.46374648782424627, "vegetation_fraction": 0.57, "impervious_fraction": 0.19, "water_fraction": 0.0, "ndvi_std": 0.24184588586680567, "ndbi_std": 0.14578633962089874, "nir_std": 0.05770848917936048, "open_space_fraction": 0.8003901677621509, "building_irregularity": 0.0, "small_building_fraction": 0.0, "building_spacing_score": 0.9128629266479206, "footprint_irregularity": 0.6043074854608832, "building_density_norm": 0.09491183273531788, "building_irregularity_norm": 0.0, "small_building_fraction_norm": 0.0, "building_spacing_norm": 0.9128629266479206, "footprint_irregularity_norm": 0.5808749185674045, "impervious_fraction_norm": 0.19, "ndbi_norm": 0.43907303940323894, "imi": 0.0009253203752450645, "built_gate": false, "predicted_class": "sparse_low_development", "informal_probability": 0.0, "confidence": 0.9988968372344971, "explanation": "built-up intensity: 0.44; impervious surface: 0.19; building density: 0.09; building irregularity: 0.00", "year": 2025, "cell_uid": "2025_80.28642_13.10585", "label": "sparse_low_development"}, "geometry": {"type": "Polygon", "coordinates": [[[422600.0, 1448900.0], [422600.0, 1449000.0], [422700.0, 1449000.0], [422700.0, 1448900.0], [422600.0, 1448900.0]]]}}, {"id": "205", "type": "Feature", "properties": {"cell_id": 205, "row": 6, "col": 31, "cell_area_m2": 10000.0, "building_count": 1.0, "building_area": 1988.8573189341955, "building_density": 0.19888573189341954, "mean_building_area": 1988.8573189341955, "footprint_cv": 0.0, "compactness": 0.682630886425425, "rectangularity": 0.9983732170929984, "small_bldg_frac": 0.0, "mean_nn_dist": 78.23651278506539, "road_density": 0.0, "road_segments": 0.0, "dist_major_road": 159.71173548253336, "blue": 0.08625650029629468, "green": 0.11059199944138527, "red": 0.11139200035482645, "nir": 0.26977199986577033, "swir1": 0.2510620003938675, "ndvi": 0.4417765588313341, "ndbi": -0.0340511411690386, "ndwi": -0.4382504640519619, "vegetation_fraction": 0.58, "impervious_fraction": 0.15, "water_fraction": 0.0, "ndvi_std": 0.2218121642884773, "ndbi_std": 0.11942677741165904, "nir_std": 0.046527946552926615, "open_space_fraction": 0.8011142681065805, "building_irregularity": 0.0, "small_building_fraction": 0.0, "building_spacing_score": 0.7809772482129212, "footprint_irregularity": 0.317369113574575, "building_density_norm": 0.09456753260739535, "building_irregularity_norm": 0.0, "small_building_fraction_norm": 0.0, "building_spacing_norm": 0.7809772482129212, "footprint_irregularity_norm": 0.2769443056189593, "impervious_fraction_norm": 0.15, "ndbi_norm": 0.5088680128971178, "imi": 0.0010247768368571997, "built_gate": false, "predicted_class": "sparse_low_development", "informal_probability": 0.0, "confidence": 0.9986481070518494, "explanation": "built-up intensity: 0.51; impervious surface: 0.15; building density: 0.09; building irregularity: 0.00", "year": 2025, "cell_uid": "2025_80.28735_13.10585", "label": "sparse_low_development"}, "geometry": {"type": "Polygon", "coordinates": [[[422700.0, 1448900.0], [422700.0, 1449000.0], [422800.0, 1449000.0], [422800.0, 1448900.0], [422700.0, 1448900.0]]]}}, {"id": "206", "type": "Feature", "properties": {"cell_id": 206, "row": 6, "col": 32, "cell_area_m2": 10000.0, "building_count": 0.0, "building_area": 0.0, "building_density": 0.0, "mean_building_area": 0.0, "footprint_cv": 0.0, "compactness": 0.0, "rectangularity": 0.0, "small_bldg_frac": 0.0, "mean_nn_dist": 100.0, "road_density": 353.7906722350756, "road_segments": 8.0, "dist_major_road": 208.13959123610968, "blue": 0.06503199987113475, "green": 0.08711299996823073, "red": 0.08299150003120304, "nir": 0.28005199909210204, "swir1": 0.21725200176239012, "ndvi": 0.5383692380785942, "ndbi": -0.11620423811080399, "ndwi": -0.5187180308997631, "vegetation_fraction": 0.67, "impervious_fraction": 0.08, "water_fraction": 0.0, "ndvi_std": 0.227288144789511, "ndbi_std": 0.12694105949378393, "nir_std": 0.05651773340195773, "open_space_fraction": 1.0, "building_irregularity": 0.0, "small_building_fraction": 0.0, "building_spacing_score": 0.7195837350260872, "footprint_irregularity": 1.0, "building_density_norm": 0.0, "building_irregularity_norm": 0.0, "small_building_fraction_norm": 0.0, "building_spacing_norm": 0.7195837350260872, "footprint_irregularity_norm": 1.0, "impervious_fraction_norm": 0.08, "ndbi_norm": 0.3417321534296483, "imi": 0.0005179023719392717, "built_gate": false, "predicted_class": "open_vegetated", "informal_probability": 0.0, "confidence": 0.9978018403053284, "explanation": "built-up intensity: 0.34; impervious surface: 0.08; building density: 0.00; building irregularity: 0.00", "year": 2025, "cell_uid": "2025_80.28827_13.10585", "label": "open_vegetated"}, "geometry": {"type": "Polygon", "coordinates": [[[422800.0, 1448900.0], [422800.0, 1449000.0], [422900.0, 1449000.0], [422900.0, 1448900.0], [422800.0, 1448900.0]]]}}, {"id": "207", "type": "Feature", "properties": {"cell_id": 207, "row": 6, "col": 33, "cell_area_m2": 10000.0, "building_count": 0.0, "building_area": 0.0, "building_density": 0.0, "mean_building_area": 0.0, "footprint_cv": 0.0, "compactness": 0.0, "rectangularity": 0.0, "small_bldg_frac": 0.0, "mean_nn_dist": 100.0, "road_density": 241.11826257294, "road_segments": 4.0, "dist_major_road": 249.30948794585706, "blue": 0.08615149948745966, "green": 0.10854800000786781, "red": 0.11418250042945147, "nir": 0.231601999104023, "swir1": 0.215897998213768, "ndvi": 0.3293509478121996, "ndbi": -0.02333490305347368, "ndwi": -0.35028013423085214, "vegetation_fraction": 0.3, "impervious_fraction": 0.24, "water_fraction": 0.0, "ndvi_std": 0.18883828996671445, "ndbi_std": 0.1005233354064867, "nir_std": 0.05692529859826358, "open_space_fraction": 1.0, "building_irregularity": 0.0, "small_building_fraction": 0.0, "building_spacing_score": 0.7195837350260872, "footprint_irregularity": 1.0, "building_density_norm": 0.0, "building_irregularity_norm": 0.0, "small_building_fraction_norm": 0.0, "building_spacing_norm": 0.7195837350260872, "footprint_irregularity_norm": 1.0, "impervious_fraction_norm": 0.24, "ndbi_norm": 0.5306695971876358, "imi": 0.020068762823939323, "built_gate": false, "predicted_class": "sparse_low_development", "informal_probability": 0.0, "confidence": 0.979744553565979, "explanation": "built-up intensity: 0.53; impervious surface: 0.24; building density: 0.00; building irregularity: 0.00", "year": 2025, "cell_uid": "2025_80.28919_13.10585", "label": "sparse_low_development"}, "geometry": {"type": "Polygon", "coordinates": [[[422900.0, 1448900.0], [422900.0, 1449000.0], [423000.0, 1449000.0], [423000.0, 1448900.0], [422900.0, 1448900.0]]]}}, {"id": "208", "type": "Feature", "properties": {"cell_id": 208, "row": 6, "col": 34, "cell_area_m2": 10000.0, "building_count": 0.0, "building_area": 0.0, "building_density": 0.0, "mean_building_area": 0.0, "footprint_cv": 0.0, "compactness": 0.0, "rectangularity": 0.0, "small_bldg_frac": 0.0, "mean_nn_dist": 100.0, "road_density": 339.79858172034517, "road_segments": 8.0, "dist_major_road": 245.93403888021172, "blue": 0.0, "green": 0.0, "red": 0.0, "nir": 0.0, "swir1": 0.0, "ndvi": 0.0, "ndbi": 0.0, "ndwi": 0.0, "vegetation_fraction": 0.0, "impervious_fraction": 0.0, "water_fraction": 0.0, "ndvi_std": 0.0, "ndbi_std": 0.0, "nir_std": 0.0, "open_space_fraction": 1.0, "building_irregularity": 0.0, "small_building_fraction": 0.0, "building_spacing_score": 0.7195837350260872, "footprint_irregularity": 1.0, "building_density_norm": 0.0, "building_irregularity_norm": 0.0, "small_building_fraction_norm": 0.0, "building_spacing_norm": 0.7195837350260872, "footprint_irregularity_norm": 1.0, "impervious_fraction_norm": 0.0, "ndbi_norm": 0.5781431462395603, "imi": 0.059135839343070984, "built_gate": false, "predicted_class": "sparse_low_development", "informal_probability": 0.0, "confidence": 0.9399369955062866, "explanation": "built-up intensity: 0.58; building density: 0.00; building irregularity: 0.00; impervious surface: 0.00", "year": 2025, "cell_uid": "2025_80.29011_13.10586", "label": "sparse_low_development"}, "geometry": {"type": "Polygon", "coordinates": [[[423000.0, 1448900.0], [423000.0, 1449000.0], [423100.0, 1449000.0], [423100.0, 1448900.0], [423000.0, 1448900.0]]]}}, {"id": "213", "type": "Feature", "properties": {"cell_id": 213, "row": 7, "col": 4, "cell_area_m2": 10000.0, "building_count": 0.0, "building_area": 0.0, "building_density": 0.0, "mean_building_area": 0.0, "footprint_cv": 0.0, "compactness": 0.0, "rectangularity": 0.0, "small_bldg_frac": 0.0, "mean_nn_dist": 100.0, "road_density": 1104.508478039476, "road_segments": 34.0, "dist_major_road": 154.07746011707883, "blue": 0.0, "green": 0.0, "red": 0.0, "nir": 0.0, "swir1": 0.0, "ndvi": 0.0, "ndbi": 0.0, "ndwi": 0.0, "vegetation_fraction": 0.0, "impervious_fraction": 0.0, "water_fraction": 0.0, "ndvi_std": 0.0, "ndbi_std": 0.0, "nir_std": 0.0, "open_space_fraction": 1.0, "building_irregularity": 0.0, "small_building_fraction": 0.0, "building_spacing_score": 0.7195837350260872, "footprint_irregularity": 1.0, "building_density_norm": 0.0, "building_irregularity_norm": 0.0, "small_building_fraction_norm": 0.0, "building_spacing_norm": 0.7195837350260872, "footprint_irregularity_norm": 1.0, "impervious_fraction_norm": 0.0, "ndbi_norm": 0.5781431462395603, "imi": 0.059135839343070984, "built_gate": false, "predicted_class": "sparse_low_development", "informal_probability": 0.0, "confidence": 0.9399369955062866, "explanation": "built-up intensity: 0.58; building density: 0.00; building irregularity: 0.00; impervious surface: 0.00", "year": 2025, "cell_uid": "2025_80.26244_13.10487", "label": "sparse_low_development"}, "geometry": {"type": "Polygon", "coordinates": [[[420000.0, 1448800.0], [420000.0, 1448900.0], [420100.0, 1448900.0], [420100.0, 1448800.0], [420000.0, 1448800.0]]]}}, {"id": "217", "type": "Feature", "properties": {"cell_id": 217, "row": 7, "col": 8, "cell_area_m2": 10000.0, "building_count": 8.0, "building_area": 968.6241588478571, "building_density": 0.09686241588478571, "mean_building_area": 121.07801985598213, "footprint_cv": 0.33866218663890585, "compactness": 0.719561629364981, "rectangularity": 0.9738054622109148, "small_bldg_frac": 0.0, "mean_nn_dist": 19.3656396144114, "road_density": 413.13396705803365, "road_segments": 6.0, "dist_major_road": 413.3256839143688, "blue": 0.12137099996209144, "green": 0.14339850023388861, "red": 0.16059700034558774, "nir": 0.2271220000088215, "swir1": 0.27573000073432924, "ndvi": 0.17562919575721025, "ndbi": 0.0983680342650041, "ndwi": -0.2291084786504507, "vegetation_fraction": 0.02, "impervious_fraction": 0.66, "water_fraction": 0.0, "ndvi_std": 0.07781710591073637, "ndbi_std": 0.049989055193457685, "nir_std": 0.02223336897198056, "open_space_fraction": 0.9031375841152143, "building_irregularity": 0.33866218663890585, "small_building_fraction": 0.0, "building_spacing_score": 0.9470485075027822, "footprint_irregularity": 0.280438370635019, "building_density_norm": 0.0460567964600111, "building_irregularity_norm": 0.15311904825681905, "small_building_fraction_norm": 0.0, "building_spacing_norm": 0.9470485075027822, "footprint_irregularity_norm": 0.23782655617167348, "impervious_fraction_norm": 0.66, "ndbi_norm": 0.7782673845584286, "imi": 0.9984720349311829, "built_gate": true, "predicted_class": "informal", "informal_probability": 0.28967578725087656, "confidence": 0.9984720349311829, "explanation": "built-up intensity: 0.78; impervious surface: 0.66; building irregularity: 0.15; building density: 0.05", "year": 2025, "cell_uid": "2025_80.26613_13.10488", "label": "informal"}, "geometry": {"type": "Polygon", "coordinates": [[[420400.0, 1448800.0], [420400.0, 1448900.0], [420500.0, 1448900.0], [420500.0, 1448800.0], [420400.0, 1448800.0]]]}}, {"id": "218", "type": "Feature", "properties": {"cell_id": 218, "row": 7, "col": 9, "cell_area_m2": 10000.0, "building_count": 9.0, "building_area": 773.8898939433855, "building_density": 0.07738898939433854, "mean_building_area": 85.9877659937095, "footprint_cv": 0.545410286370317, "compactness": 0.6137997743840545, "rectangularity": 0.8627634865832404, "small_bldg_frac": 0.2222222222222222, "mean_nn_dist": 13.335249976706264, "road_density": 693.9629805135353, "road_segments": 20.0, "dist_major_road": 339.46960337990447, "blue": 0.10712000023573637, "green": 0.1276624997332692, "red": 0.13753599986433984, "nir": 0.24592300042510032, "swir1": 0.2609740024805069, "ndvi": 0.2920071575045586, "ndbi": 0.03080625312286429, "ndwi": -0.32239938020706177, "vegetation_fraction": 0.18, "impervious_fraction": 0.35, "water_fraction": 0.0, "ndvi_std": 0.17033818314376933, "ndbi_std": 0.08614330451602155, "nir_std": 0.030024415888874164, "open_space_fraction": 0.9226110106056614, "building_irregularity": 0.545410286370317, "small_building_fraction": 0.2222222222222222, "building_spacing_score": 0.9640598808221343, "footprint_irregularity": 0.38620022561594547, "building_density_norm": 0.0367974399587617, "building_irregularity_norm": 0.24659589187483275, "small_building_fraction_norm": 0.2222222222222222, "building_spacing_norm": 0.9640598808221343, "footprint_irregularity_norm": 0.34985153630801397, "impervious_fraction_norm": 0.35, "ndbi_norm": 0.6408167371854027, "imi": 0.9969472289085388, "built_gate": true, "predicted_class": "informal", "informal_probability": 0.3013590002984563, "confidence": 0.9969472289085388, "explanation": "built-up intensity: 0.64; impervious surface: 0.35; building irregularity: 0.25; building density: 0.04", "year": 2025, "cell_uid": "2025_80.26706_13.10489", "label": "informal"}, "geometry": {"type": "Polygon", "coordinates": [[[420500.0, 1448800.0], [420500.0, 1448900.0], [420600.0, 1448900.0], [420600.0, 1448800.0], [420500.0, 1448800.0]]]}}, {"id": "219", "type": "Feature", "properties": {"cell_id": 219, "row": 7, "col": 10, "cell_area_m2": 10000.0, "building_count": 0.0, "building_area": 0.0, "building_density": 0.0, "mean_building_area": 0.0, "footprint_cv": 0.0, "compactness": 0.0, "rectangularity": 0.0, "small_bldg_frac": 0.0, "mean_nn_dist": 100.0, "road_density": 88.46766418125057, "road_segments": 2.0, "dist_major_road": 268.44766122010094, "blue": 0.027346000093966722, "green": 0.04937950003892183, "red": 0.031914000120013955, "nir": 0.29446000143885614, "swir1": 0.188160001039505, "ndvi": 0.8016381239891053, "ndbi": -0.21634829677641393, "ndwi": -0.710474146604538, "vegetation_fraction": 1.0, "impervious_fraction": 0.0, "water_fraction": 0.0, "ndvi_std": 0.03655433626921864, "ndbi_std": 0.05896386744217017, "nir_std": 0.03467157182039629, "open_space_fraction": 1.0, "building_irregularity": 0.0, "small_building_fraction": 0.0, "building_spacing_score": 0.7195837350260872, "footprint_irregularity": 1.0, "building_density_norm": 0.0, "building_irregularity_norm": 0.0, "small_building_fraction_norm": 0.0, "building_spacing_norm": 0.7195837350260872, "footprint_irregularity_norm": 1.0, "impervious_fraction_norm": 0.0, "ndbi_norm": 0.13799469326424546, "imi": 0.00013122661039233208, "built_gate": false, "predicted_class": "open_vegetated", "informal_probability": 0.0, "confidence": 0.999582827091217, "explanation": "built-up intensity: 0.14; building density: 0.00; building irregularity: 0.00; impervious surface: 0.00", "year": 2025, "cell_uid": "2025_80.26798_13.10489", "label": "open_vegetated"}, "geometry": {"type": "Polygon", "coordinates": [[[420600.0, 1448800.0], [420600.0, 1448900.0], [420700.0, 1448900.0], [420700.0, 1448800.0], [420600.0, 1448800.0]]]}}, {"id": "220", "type": "Feature", "properties": {"cell_id": 220, "row": 7, "col": 11, "cell_area_m2": 10000.0, "building_count": 0.0, "building_area": 0.0, "building_density": 0.0, "mean_building_area": 0.0, "footprint_cv": 0.0, "compactness": 0.0, "rectangularity": 0.0, "small_bldg_frac": 0.0, "mean_nn_dist": 100.0, "road_density": 281.1743739436122, "road_segments": 6.0, "dist_major_road": 197.03081382739052, "blue": 0.031048000063747166, "green": 0.05393500000238419, "red": 0.03793000001460314, "nir": 0.2740679994225502, "swir1": 0.1869379985332489, "ndvi": 0.754639128446579, "ndbi": -0.18578676961362361, "ndwi": -0.6681012877821922, "vegetation_fraction": 1.0, "impervious_fraction": 0.0, "water_fraction": 0.0, "ndvi_std": 0.09991035136449763, "ndbi_std": 0.06508668836334795, "nir_std": 0.034517818954069385, "open_space_fraction": 1.0, "building_irregularity": 0.0, "small_building_fraction": 0.0, "building_spacing_score": 0.7195837350260872, "footprint_irregularity": 1.0, "building_density_norm": 0.0, "building_irregularity_norm": 0.0, "small_building_fraction_norm": 0.0, "building_spacing_norm": 0.7195837350260872, "footprint_irregularity_norm": 1.0, "impervious_fraction_norm": 0.0, "ndbi_norm": 0.2001704029957015, "imi": 0.00013122661039233208, "built_gate": false, "predicted_class": "open_vegetated", "informal_probability": 0.0, "confidence": 0.999582827091217, "explanation": "built-up intensity: 0.20; building density: 0.00; building irregularity: 0.00; impervious surface: 0.00", "year": 2025, "cell_uid": "2025_80.26890_13.10489", "label": "open_vegetated"}, "geometry": {"type": "Polygon", "coordinates": [[[420700.0, 1448800.0], [420700.0, 1448900.0], [420800.0, 1448900.0], [420800.0, 1448800.0], [420700.0, 1448800.0]]]}}, {"id": "221", "type": "Feature", "properties": {"cell_id": 221, "row": 7, "col": 12, "cell_area_m2": 10000.0, "building_count": 1.0, "building_area": 252.7847866341219, "building_density": 0.02527847866341219, "mean_building_area": 252.7847866341219, "footprint_cv": 0.0, "compactness": 0.7290261425927291, "rectangularity": 0.9985750388368447, "small_bldg_frac": 0.0, "mean_nn_dist": 216.97785221339814, "road_density": 219.97405871815886, "road_segments": 2.0, "dist_major_road": 115.15957174938879, "blue": 0.042659999988973143, "green": 0.0677615001052618, "red": 0.05719150012359023, "nir": 0.2723119996488094, "swir1": 0.19734400093555451, "ndvi": 0.6515517571568489, "ndbi": -0.15786651849746705, "ndwi": -0.5968490591645241, "vegetation_fraction": 0.96, "impervious_fraction": 0.0, "water_fraction": 0.0, "ndvi_std": 0.11842163872966137, "ndbi_std": 0.06778845980986624, "nir_std": 0.0372277533020405, "open_space_fraction": 0.9747215213365878, "building_irregularity": 0.0, "small_building_fraction": 0.0, "building_spacing_score": 0.38959611670439886, "footprint_irregularity": 0.27097385740727087, "building_density_norm": 0.012019581960502991, "building_irregularity_norm": 0.0, "small_building_fraction_norm": 0.0, "building_spacing_norm": 0.38959611670439886, "footprint_irregularity_norm": 0.2278015626943009, "impervious_fraction_norm": 0.0, "ndbi_norm": 0.2569725850260911, "imi": 8.159581921063364e-05, "built_gate": false, "predicted_class": "open_vegetated", "informal_probability": 0.0, "confidence": 0.9982790946960449, "explanation": "built-up intensity: 0.26; building density: 0.01; building irregularity: 0.00; impervious surface: 0.00", "year": 2025, "cell_uid": "2025_80.26982_13.10489", "label": "open_vegetated"}, "geometry": {"type": "Polygon", "coordinates": [[[420800.0, 1448800.0], [420800.0, 1448900.0], [420900.0, 1448900.0], [420900.0, 1448800.0], [420800.0, 1448800.0]]]}}, {"id": "222", "type": "Feature", "properties": {"cell_id": 222, "row": 7, "col": 13, "cell_area_m2": 10000.0, "building_count": 0.0, "building_area": 0.0, "building_density": 0.0, "mean_building_area": 0.0, "footprint_cv": 0.0, "compactness": 0.0, "rectangularity": 0.0, "small_bldg_frac": 0.0, "mean_nn_dist": 100.0, "road_density": 161.71265798052104, "road_segments": 3.0, "dist_major_road": 34.3254917968085, "blue": 0.060166499968618156, "green": 0.08076949998736381, "red": 0.07857749991118908, "nir": 0.21559200033545495, "swir1": 0.17493400037288664, "ndvi": 0.43926580414175986, "ndbi": -0.08483904328255448, "ndwi": -0.42786883875727655, "vegetation_fraction": 0.56, "impervious_fraction": 0.11, "water_fraction": 0.0, "ndvi_std": 0.19189976249239254, "ndbi_std": 0.10539946789020484, "nir_std": 0.06652759753696541, "open_space_fraction": 1.0, "building_irregularity": 0.0, "small_building_fraction": 0.0, "building_spacing_score": 0.7195837350260872, "footprint_irregularity": 1.0, "building_density_norm": 0.0, "building_irregularity_norm": 0.0, "small_building_fraction_norm": 0.0, "building_spacing_norm": 0.7195837350260872, "footprint_irregularity_norm": 1.0, "impervious_fraction_norm": 0.11, "ndbi_norm": 0.40554287986763154, "imi": 0.0005626458441838622, "built_gate": false, "predicted_class": "sparse_low_development", "informal_probability": 0.0, "confidence": 0.9985052347183228, "explanation": "built-up intensity: 0.41; impervious surface: 0.11; building density: 0.00; building irregularity: 0.00", "year": 2025, "cell_uid": "2025_80.27074_13.10490", "label": "sparse_low_development"}, "geometry": {"type": "Polygon", "coordinates": [[[420900.0, 1448800.0], [420900.0, 1448900.0], [421000.0, 1448900.0], [421000.0, 1448800.0], [420900.0, 1448800.0]]]}}, {"id": "223", "type": "Feature", "properties": {"cell_id": 223, "row": 7, "col": 14, "cell_area_m2": 10000.0, "building_count": 0.0, "building_area": 0.0, "building_density": 0.0, "mean_building_area": 0.0, "footprint_cv": 0.0, "compactness": 0.0, "rectangularity": 0.0, "small_bldg_frac": 0.0, "mean_nn_dist": 100.0, "road_density": 88.9194586964483, "road_segments": 4.0, "dist_major_road": 49.81638836255987, "blue": 0.0, "green": 0.0, "red": 0.0, "nir": 0.0, "swir1": 0.0, "ndvi": 0.0, "ndbi": 0.0, "ndwi": 0.0, "vegetation_fraction": 0.0, "impervious_fraction": 0.0, "water_fraction": 0.0, "ndvi_std": 0.0, "ndbi_std": 0.0, "nir_std": 0.0, "open_space_fraction": 1.0, "building_irregularity": 0.0, "small_building_fraction": 0.0, "building_spacing_score": 0.7195837350260872, "footprint_irregularity": 1.0, "building_density_norm": 0.0, "building_irregularity_norm": 0.0, "small_building_fraction_norm": 0.0, "building_spacing_norm": 0.7195837350260872, "footprint_irregularity_norm": 1.0, "impervious_fraction_norm": 0.0, "ndbi_norm": 0.5781431462395603, "imi": 0.059135839343070984, "built_gate": false, "predicted_class": "sparse_low_development", "informal_probability": 0.0, "confidence": 0.9399369955062866, "explanation": "built-up intensity: 0.58; building density: 0.00; building irregularity: 0.00; impervious surface: 0.00", "year": 2025, "cell_uid": "2025_80.27167_13.10490", "label": "sparse_low_development"}, "geometry": {"type": "Polygon", "coordinates": [[[421000.0, 1448800.0], [421000.0, 1448900.0], [421100.0, 1448900.0], [421100.0, 1448800.0], [421000.0, 1448800.0]]]}}, {"id": "224", "type": "Feature", "properties": {"cell_id": 224, "row": 7, "col": 15, "cell_area_m2": 10000.0, "building_count": 0.0, "building_area": 0.0, "building_density": 0.0, "mean_building_area": 0.0, "footprint_cv": 0.0, "compactness": 0.0, "rectangularity": 0.0, "small_bldg_frac": 0.0, "mean_nn_dist": 100.0, "road_density": 0.0, "road_segments": 0.0, "dist_major_road": 92.73022824551205, "blue": 0.03774100013077259, "green": 0.05822200009599328, "red": 0.04674650009721518, "nir": 0.23951349966228008, "swir1": 0.16322400003671647, "ndvi": 0.6146874684095383, "ndbi": -0.12447209743317217, "ndwi": -0.5505549106001854, "vegetation_fraction": 0.94, "impervious_fraction": 0.0, "water_fraction": 0.0, "ndvi_std": 0.1585647892876422, "ndbi_std": 0.18977545243178306, "nir_std": 0.12759342943978993, "open_space_fraction": 1.0, "building_irregularity": 0.0, "small_building_fraction": 0.0, "building_spacing_score": 0.7195837350260872, "footprint_irregularity": 1.0, "building_density_norm": 0.0, "building_irregularity_norm": 0.0, "small_building_fraction_norm": 0.0, "building_spacing_norm": 0.7195837350260872, "footprint_irregularity_norm": 1.0, "impervious_fraction_norm": 0.0, "ndbi_norm": 0.324911658217159, "imi": 0.00013122661039233208, "built_gate": false, "predicted_class": "open_vegetated", "informal_probability": 0.0, "confidence": 0.999582827091217, "explanation": "built-up intensity: 0.32; building density: 0.00; building irregularity: 0.00; impervious surface: 0.00", "year": 2025, "cell_uid": "2025_80.27259_13.10490", "label": "open_vegetated"}, "geometry": {"type": "Polygon", "coordinates": [[[421100.0, 1448800.0], [421100.0, 1448900.0], [421200.0, 1448900.0], [421200.0, 1448800.0], [421100.0, 1448800.0]]]}}, {"id": "226", "type": "Feature", "properties": {"cell_id": 226, "row": 7, "col": 17, "cell_area_m2": 10000.0, "building_count": 2.0, "building_area": 1485.3142423378788, "building_density": 0.14853142423378787, "mean_building_area": 742.6571211689394, "footprint_cv": 1.301522736991115, "compactness": 0.7720501177644548, "rectangularity": 0.9232275862178029, "small_bldg_frac": 0.0, "mean_nn_dist": 46.014270923882364, "road_density": 673.8895900849324, "road_segments": 18.0, "dist_major_road": 84.61245489070289, "blue": 0.07659699998795987, "green": 0.09890350006520748, "red": 0.10092099983245134, "nir": 0.2352439993619919, "swir1": 0.2206459981203079, "ndvi": 0.4092284085601568, "ndbi": -0.029690859465627, "ndwi": -0.41133431866765024, "vegetation_fraction": 0.5, "impervious_fraction": 0.13, "water_fraction": 0.0, "ndvi_std": 0.19992725617002277, "ndbi_std": 0.11474551864460088, "nir_std": 0.03711071605820426, "open_space_fraction": 0.8514685757662122, "building_irregularity": 1.301522736991115, "small_building_fraction": 0.0, "building_spacing_score": 0.8718742910938243, "footprint_irregularity": 0.22794988223554524, "building_density_norm": 0.07062472592040349, "building_irregularity_norm": 0.5884563752172837, "small_building_fraction_norm": 0.0, "building_spacing_norm": 0.8718742910938243, "footprint_irregularity_norm": 0.18222974509647052, "impervious_fraction_norm": 0.13, "ndbi_norm": 0.5177387610143381, "imi": 0.0019975758623331785, "built_gate": false, "predicted_class": "sparse_low_development", "informal_probability": 0.0, "confidence": 0.9979405999183655, "explanation": "building irregularity: 0.59; built-up intensity: 0.52; impervious surface: 0.13; building density: 0.07", "year": 2025, "cell_uid": "2025_80.27443_13.10491", "label": "sparse_low_development"}, "geometry": {"type": "Polygon", "coordinates": [[[421300.0, 1448800.0], [421300.0, 1448900.0], [421400.0, 1448900.0], [421400.0, 1448800.0], [421300.0, 1448800.0]]]}}, {"id": "227", "type": "Feature", "properties": {"cell_id": 227, "row": 7, "col": 18, "cell_area_m2": 10000.0, "building_count": 1.0, "building_area": 299.2156158440038, "building_density": 0.02992156158440038, "mean_building_area": 299.2156158440038, "footprint_cv": 0.0, "compactness": 0.48720595917654014, "rectangularity": 0.9362645321861288, "small_bldg_frac": 0.0, "mean_nn_dist": 41.44945855163943, "road_density": 233.6622851225943, "road_segments": 5.0, "dist_major_road": 61.803379144992164, "blue": 0.0782600000500679, "green": 0.09892550021409989, "red": 0.09901750013232231, "nir": 0.23464450024068356, "swir1": 0.22629000067710878, "ndvi": 0.41024106547236444, "ndbi": -0.015377467151847669, "ndwi": -0.40872953355312347, "vegetation_fraction": 0.44, "impervious_fraction": 0.09, "water_fraction": 0.0, "ndvi_std": 0.1719012345728708, "ndbi_std": 0.12823680453630862, "nir_std": 0.0564295405262876, "open_space_fraction": 0.9700784384155996, "building_irregularity": 0.0, "small_building_fraction": 0.0, "building_spacing_score": 0.8847513574298849, "footprint_irregularity": 0.5127940408234599, "building_density_norm": 0.014227306422932963, "building_irregularity_norm": 0.0, "small_building_fraction_norm": 0.0, "building_spacing_norm": 0.8847513574298849, "footprint_irregularity_norm": 0.4839421272546548, "impervious_fraction_norm": 0.09, "ndbi_norm": 0.5468585533936121, "imi": 5.398316716309637e-05, "built_gate": false, "predicted_class": "sparse_low_development", "informal_probability": 0.0, "confidence": 0.9998838901519775, "explanation": "built-up intensity: 0.55; impervious surface: 0.09; building density: 0.01; building irregularity: 0.00", "year": 2025, "cell_uid": "2025_80.27536_13.10491", "label": "sparse_low_development"}, "geometry": {"type": "Polygon", "coordinates": [[[421400.0, 1448800.0], [421400.0, 1448900.0], [421500.0, 1448900.0], [421500.0, 1448800.0], [421400.0, 1448800.0]]]}}, {"id": "228", "type": "Feature", "properties": {"cell_id": 228, "row": 7, "col": 19, "cell_area_m2": 10000.0, "building_count": 2.0, "building_area": 930.2959484927753, "building_density": 0.09302959484927753, "mean_building_area": 465.14797424638766, "footprint_cv": 0.564970107484663, "compactness": 0.4159774391194413, "rectangularity": 0.9781649178322465, "small_bldg_frac": 0.0, "mean_nn_dist": 43.343708888308626, "road_density": 185.53115637669595, "road_segments": 2.0, "dist_major_road": 28.875310058439347, "blue": 0.08104750018566848, "green": 0.1035630002617836, "red": 0.10524849988520145, "nir": 0.239979999512434, "swir1": 0.229964000582695, "ndvi": 0.39380437484011055, "ndbi": -0.016293371202773414, "ndwi": -0.3985689078457654, "vegetation_fraction": 0.48, "impervious_fraction": 0.15, "water_fraction": 0.0, "ndvi_std": 0.1817065214597182, "ndbi_std": 0.11035618417707696, "nir_std": 0.05319867198154524, "open_space_fraction": 0.9069704051507225, "building_irregularity": 0.564970107484663, "small_building_fraction": 0.0, "building_spacing_score": 0.8794077890083839, "footprint_irregularity": 0.5840225608805587, "building_density_norm": 0.04423434079764127, "building_irregularity_norm": 0.2554394572661342, "small_building_fraction_norm": 0.0, "building_spacing_norm": 0.8794077890083839, "footprint_irregularity_norm": 0.5593887383790196, "impervious_fraction_norm": 0.15, "ndbi_norm": 0.5449951980675223, "imi": 0.0009852038929238915, "built_gate": false, "predicted_class": "sparse_low_development", "informal_probability": 0.0, "confidence": 0.9989770650863647, "explanation": "built-up intensity: 0.54; building irregularity: 0.26; impervious surface: 0.15; building density: 0.04", "year": 2025, "cell_uid": "2025_80.27628_13.10491", "label": "sparse_low_development"}, "geometry": {"type": "Polygon", "coordinates": [[[421500.0, 1448800.0], [421500.0, 1448900.0], [421600.0, 1448900.0], [421600.0, 1448800.0], [421500.0, 1448800.0]]]}}, {"id": "229", "type": "Feature", "properties": {"cell_id": 229, "row": 7, "col": 20, "cell_area_m2": 10000.0, "building_count": 2.0, "building_area": 613.3962871440814, "building_density": 0.06133962871440814, "mean_building_area": 306.6981435720407, "footprint_cv": 0.7842344172147959, "compactness": 0.7168250514490118, "rectangularity": 0.9303039871609657, "small_bldg_frac": 0.0, "mean_nn_dist": 23.019698719238566, "road_density": 406.0412666326363, "road_segments": 15.0, "dist_major_road": 0.5018248151869749, "blue": 0.07601200016215444, "green": 0.10075600009411573, "red": 0.10258199993520975, "nir": 0.24150499925017357, "swir1": 0.2118060004711151, "ndvi": 0.40308979868888856, "ndbi": -0.05128826592583209, "ndwi": -0.4073781629651785, "vegetation_fraction": 0.5, "impervious_fraction": 0.14, "water_fraction": 0.0, "ndvi_std": 0.18469171143840737, "ndbi_std": 0.12495368936102429, "nir_std": 0.06187387194433413, "open_space_fraction": 0.9386603712855919, "building_irregularity": 0.7842344172147959, "small_building_fraction": 0.0, "building_spacing_score": 0.9367406223912578, "footprint_irregularity": 0.28317494855098824, "building_density_norm": 0.02916618142162084, "building_irregularity_norm": 0.3545752443339821, "small_building_fraction_norm": 0.0, "building_spacing_norm": 0.9367406223912578, "footprint_irregularity_norm": 0.2407251918540118, "impervious_fraction_norm": 0.14, "ndbi_norm": 0.47380005114983464, "imi": 0.0037617161870002747, "built_gate": false, "predicted_class": "sparse_low_development", "informal_probability": 0.0, "confidence": 0.9961498975753784, "explanation": "built-up intensity: 0.47; building irregularity: 0.35; impervious surface: 0.14; building density: 0.03", "year": 2025, "cell_uid": "2025_80.27720_13.10492", "label": "sparse_low_development"}, "geometry": {"type": "Polygon", "coordinates": [[[421600.0, 1448800.0], [421600.0, 1448900.0], [421700.0, 1448900.0], [421700.0, 1448800.0], [421600.0, 1448800.0]]]}}, {"id": "231", "type": "Feature", "properties": {"cell_id": 231, "row": 7, "col": 22, "cell_area_m2": 10000.0, "building_count": 0.0, "building_area": 0.0, "building_density": 0.0, "mean_building_area": 0.0, "footprint_cv": 0.0, "compactness": 0.0, "rectangularity": 0.0, "small_bldg_frac": 0.0, "mean_nn_dist": 100.0, "road_density": 491.4826815085358, "road_segments": 14.0, "dist_major_road": 29.008491806835536, "blue": 0.07893449969589711, "green": 0.10109599992632866, "red": 0.1031419999152422, "nir": 0.2356260012090206, "swir1": 0.22175000071525575, "ndvi": 0.40861316482536497, "ndbi": -0.02822289150673896, "ndwi": -0.41090727552771567, "vegetation_fraction": 0.52, "impervious_fraction": 0.18, "water_fraction": 0.0, "ndvi_std": 0.21328229305260796, "ndbi_std": 0.11587040099433296, "nir_std": 0.03958126641316921, "open_space_fraction": 1.0, "building_irregularity": 0.0, "small_building_fraction": 0.0, "building_spacing_score": 0.7195837350260872, "footprint_irregularity": 1.0, "building_density_norm": 0.0, "building_irregularity_norm": 0.0, "small_building_fraction_norm": 0.0, "building_spacing_norm": 0.7195837350260872, "footprint_irregularity_norm": 1.0, "impervious_fraction_norm": 0.18, "ndbi_norm": 0.5207252593401818, "imi": 0.001974032958969474, "built_gate": false, "predicted_class": "sparse_low_development", "informal_probability": 0.0, "confidence": 0.9977673292160034, "explanation": "built-up intensity: 0.52; impervious surface: 0.18; building density: 0.00; building irregularity: 0.00", "year": 2025, "cell_uid": "2025_80.27905_13.10492", "label": "sparse_low_development"}, "geometry": {"type": "Polygon", "coordinates": [[[421800.0, 1448800.0], [421800.0, 1448900.0], [421900.0, 1448900.0], [421900.0, 1448800.0], [421800.0, 1448800.0]]]}}, {"id": "232", "type": "Feature", "properties": {"cell_id": 232, "row": 7, "col": 23, "cell_area_m2": 10000.0, "building_count": 0.0, "building_area": 0.0, "building_density": 0.0, "mean_building_area": 0.0, "footprint_cv": 0.0, "compactness": 0.0, "rectangularity": 0.0, "small_bldg_frac": 0.0, "mean_nn_dist": 100.0, "road_density": 663.8998099392173, "road_segments": 26.0, "dist_major_road": 55.87527336341528, "blue": 0.09096300009638071, "green": 0.11139500085264445, "red": 0.10727400023490191, "nir": 0.2512769992649555, "swir1": 0.2203739994764328, "ndvi": 0.4131323387380689, "ndbi": -0.05623863025801256, "ndwi": -0.3921249619638547, "vegetation_fraction": 0.5, "impervious_fraction": 0.21, "water_fraction": 0.0, "ndvi_std": 0.23772263807776428, "ndbi_std": 0.13150633639967263, "nir_std": 0.05879317171117432, "open_space_fraction": 1.0, "building_irregularity": 0.0, "small_building_fraction": 0.0, "building_spacing_score": 0.7195837350260872, "footprint_irregularity": 1.0, "building_density_norm": 0.0, "building_irregularity_norm": 0.0, "small_building_fraction_norm": 0.0, "building_spacing_norm": 0.7195837350260872, "footprint_irregularity_norm": 1.0, "impervious_fraction_norm": 0.21, "ndbi_norm": 0.4637288130816875, "imi": 0.0003719843807630241, "built_gate": false, "predicted_class": "sparse_low_development", "informal_probability": 0.0, "confidence": 0.9995906949043274, "explanation": "built-up intensity: 0.46; impervious surface: 0.21; building density: 0.00; building irregularity: 0.00", "year": 2025, "cell_uid": "2025_80.27997_13.10492", "label": "sparse_low_development"}, "geometry": {"type": "Polygon", "coordinates": [[[421900.0, 1448800.0], [421900.0, 1448900.0], [422000.0, 1448900.0], [422000.0, 1448800.0], [421900.0, 1448800.0]]]}}, {"id": "235", "type": "Feature", "properties": {"cell_id": 235, "row": 7, "col": 26, "cell_area_m2": 10000.0, "building_count": 2.0, "building_area": 2040.2005902765418, "building_density": 0.2040200590276542, "mean_building_area": 1020.1002951382709, "footprint_cv": 0.7378097986467993, "compactness": 0.7476475004342187, "rectangularity": 0.9979606803920518, "small_bldg_frac": 0.0, "mean_nn_dist": 42.79248339756293, "road_density": 640.3732851431931, "road_segments": 16.0, "dist_major_road": 34.16389548685581, "blue": 0.07913200018927455, "green": 0.10231550049036742, "red": 0.10518749993294478, "nir": 0.2443489995598793, "swir1": 0.2349239981174469, "ndvi": 0.4210707963537425, "ndbi": -0.019129214895656332, "ndwi": -0.42791801400016993, "vegetation_fraction": 0.55, "impervious_fraction": 0.09, "water_fraction": 0.0, "ndvi_std": 0.1976675547700838, "ndbi_std": 0.11603847550642686, "nir_std": 0.04898359492894164, "open_space_fraction": 0.7959799409723458, "building_irregularity": 0.7378097986467993, "small_building_fraction": 0.0, "building_spacing_score": 0.8809627635903889, "footprint_irregularity": 0.2523524995657813, "building_density_norm": 0.09700883718998836, "building_irregularity_norm": 0.33358532077219744, "small_building_fraction_norm": 0.0, "building_spacing_norm": 0.8809627635903889, "footprint_irregularity_norm": 0.20807746422155038, "impervious_fraction_norm": 0.09, "ndbi_norm": 0.5392258334231028, "imi": 0.0007448550895787776, "built_gate": false, "predicted_class": "sparse_low_development", "informal_probability": 0.0, "confidence": 0.999202311038971, "explanation": "built-up intensity: 0.54; building irregularity: 0.33; building density: 0.10; impervious surface: 0.09", "year": 2025, "cell_uid": "2025_80.28274_13.10493", "label": "sparse_low_development"}, "geometry": {"type": "Polygon", "coordinates": [[[422200.0, 1448800.0], [422200.0, 1448900.0], [422300.0, 1448900.0], [422300.0, 1448800.0], [422200.0, 1448800.0]]]}}, {"id": "239", "type": "Feature", "properties": {"cell_id": 239, "row": 7, "col": 30, "cell_area_m2": 10000.0, "building_count": 2.0, "building_area": 2370.8652362977846, "building_density": 0.23708652362977845, "mean_building_area": 1185.4326181488923, "footprint_cv": 1.3437202612671313, "compactness": 0.7347118934150791, "rectangularity": 0.9962180744328906, "small_bldg_frac": 0.0, "mean_nn_dist": 28.34269502278322, "road_density": 811.4168793188046, "road_segments": 24.0, "dist_major_road": 44.08235124173375, "blue": 0.072280999943614, "green": 0.09257000014185905, "red": 0.09515150018036365, "nir": 0.23514800041913986, "swir1": 0.21411800146102905, "ndvi": 0.4508284730091691, "ndbi": -0.04950837050564587, "ndwi": -0.45129482489079237, "vegetation_fraction": 0.62, "impervious_fraction": 0.16, "water_fraction": 0.0, "ndvi_std": 0.20680207974337372, "ndbi_std": 0.1218749316218974, "nir_std": 0.048507854464280874, "open_space_fraction": 0.7629134763702216, "building_irregularity": 1.3437202612671313, "small_building_fraction": 0.0, "building_spacing_score": 0.9217247639248406, "footprint_irregularity": 0.26528810658492086, "building_density_norm": 0.11273150336469616, "building_irregularity_norm": 0.6075351062089631, "small_building_fraction_norm": 0.0, "building_spacing_norm": 0.9217247639248406, "footprint_irregularity_norm": 0.22177910664860456, "impervious_fraction_norm": 0.16, "ndbi_norm": 0.4774211483681891, "imi": 0.0025771711952984333, "built_gate": false, "predicted_class": "sparse_low_development", "informal_probability": 0.0, "confidence": 0.9971629977226257, "explanation": "building irregularity: 0.61; built-up intensity: 0.48; impervious surface: 0.16; building density: 0.11", "year": 2025, "cell_uid": "2025_80.28643_13.10494", "label": "sparse_low_development"}, "geometry": {"type": "Polygon", "coordinates": [[[422600.0, 1448800.0], [422600.0, 1448900.0], [422700.0, 1448900.0], [422700.0, 1448800.0], [422600.0, 1448800.0]]]}}, {"id": "240", "type": "Feature", "properties": {"cell_id": 240, "row": 7, "col": 31, "cell_area_m2": 10000.0, "building_count": 0.0, "building_area": 0.0, "building_density": 0.0, "mean_building_area": 0.0, "footprint_cv": 0.0, "compactness": 0.0, "rectangularity": 0.0, "small_bldg_frac": 0.0, "mean_nn_dist": 100.0, "road_density": 363.3090428294082, "road_segments": 10.0, "dist_major_road": 72.29463542420476, "blue": 0.08410799968987703, "green": 0.10715749952942133, "red": 0.10868800021708011, "nir": 0.26333299934864046, "swir1": 0.23365399956703187, "ndvi": 0.4229552199691534, "ndbi": -0.052257422000693624, "ndwi": -0.424119039028883, "vegetation_fraction": 0.55, "impervious_fraction": 0.24, "water_fraction": 0.0, "ndvi_std": 0.21542673120781775, "ndbi_std": 0.1120628623797201, "nir_std": 0.05015373221734203, "open_space_fraction": 1.0, "building_irregularity": 0.0, "small_building_fraction": 0.0, "building_spacing_score": 0.7195837350260872, "footprint_irregularity": 1.0, "building_density_norm": 0.0, "building_irregularity_norm": 0.0, "small_building_fraction_norm": 0.0, "building_spacing_norm": 0.7195837350260872, "footprint_irregularity_norm": 1.0, "impervious_fraction_norm": 0.24, "ndbi_norm": 0.4718283575733293, "imi": 0.00032345435465686023, "built_gate": false, "predicted_class": "sparse_low_development", "informal_probability": 0.0, "confidence": 0.9996440410614014, "explanation": "built-up intensity: 0.47; impervious surface: 0.24; building density: 0.00; building irregularity: 0.00", "year": 2025, "cell_uid": "2025_80.28735_13.10494", "label": "sparse_low_development"}, "geometry": {"type": "Polygon", "coordinates": [[[422700.0, 1448800.0], [422700.0, 1448900.0], [422800.0, 1448900.0], [422800.0, 1448800.0], [422700.0, 1448800.0]]]}}, {"id": "242", "type": "Feature", "properties": {"cell_id": 242, "row": 7, "col": 33, "cell_area_m2": 10000.0, "building_count": 0.0, "building_area": 0.0, "building_density": 0.0, "mean_building_area": 0.0, "footprint_cv": 0.0, "compactness": 0.0, "rectangularity": 0.0, "small_bldg_frac": 0.0, "mean_nn_dist": 100.0, "road_density": 870.3224612086631, "road_segments": 22.0, "dist_major_road": 158.1774979263873, "blue": 0.09925549995154143, "green": 0.12061099998652935, "red": 0.12452649999409914, "nir": 0.26111999824643134, "swir1": 0.24525799989700317, "ndvi": 0.3646207544952631, "ndbi": -0.027873034885851668, "ndwi": -0.37372906267642975, "vegetation_fraction": 0.43, "impervious_fraction": 0.21, "water_fraction": 0.0, "ndvi_std": 0.18138758517950687, "ndbi_std": 0.09114462653154222, "nir_std": 0.03902358382612907, "open_space_fraction": 1.0, "building_irregularity": 0.0, "small_building_fraction": 0.0, "building_spacing_score": 0.7195837350260872, "footprint_irregularity": 1.0, "building_density_norm": 0.0, "building_irregularity_norm": 0.0, "small_building_fraction_norm": 0.0, "building_spacing_norm": 0.7195837350260872, "footprint_irregularity_norm": 1.0, "impervious_fraction_norm": 0.21, "ndbi_norm": 0.5214370229766011, "imi": 0.004857846535742283, "built_gate": false, "predicted_class": "sparse_low_development", "informal_probability": 0.0, "confidence": 0.9951080679893494, "explanation": "built-up intensity: 0.52; impervious surface: 0.21; building density: 0.00; building irregularity: 0.00", "year": 2025, "cell_uid": "2025_80.28919_13.10495", "label": "sparse_low_development"}, "geometry": {"type": "Polygon", "coordinates": [[[422900.0, 1448800.0], [422900.0, 1448900.0], [423000.0, 1448900.0], [423000.0, 1448800.0], [422900.0, 1448800.0]]]}}, {"id": "243", "type": "Feature", "properties": {"cell_id": 243, "row": 7, "col": 34, "cell_area_m2": 10000.0, "building_count": 0.0, "building_area": 0.0, "building_density": 0.0, "mean_building_area": 0.0, "footprint_cv": 0.0, "compactness": 0.0, "rectangularity": 0.0, "small_bldg_frac": 0.0, "mean_nn_dist": 100.0, "road_density": 74.2371373515092, "road_segments": 6.0, "dist_major_road": 160.41920567937842, "blue": 0.0, "green": 0.0, "red": 0.0, "nir": 0.0, "swir1": 0.0, "ndvi": 0.0, "ndbi": 0.0, "ndwi": 0.0, "vegetation_fraction": 0.0, "impervious_fraction": 0.0, "water_fraction": 0.0, "ndvi_std": 0.0, "ndbi_std": 0.0, "nir_std": 0.0, "open_space_fraction": 1.0, "building_irregularity": 0.0, "small_building_fraction": 0.0, "building_spacing_score": 0.7195837350260872, "footprint_irregularity": 1.0, "building_density_norm": 0.0, "building_irregularity_norm": 0.0, "small_building_fraction_norm": 0.0, "building_spacing_norm": 0.7195837350260872, "footprint_irregularity_norm": 1.0, "impervious_fraction_norm": 0.0, "ndbi_norm": 0.5781431462395603, "imi": 0.059135839343070984, "built_gate": false, "predicted_class": "sparse_low_development", "informal_probability": 0.0, "confidence": 0.9399369955062866, "explanation": "built-up intensity: 0.58; building density: 0.00; building irregularity: 0.00; impervious surface: 0.00", "year": 2025, "cell_uid": "2025_80.29012_13.10495", "label": "sparse_low_development"}, "geometry": {"type": "Polygon", "coordinates": [[[423000.0, 1448800.0], [423000.0, 1448900.0], [423100.0, 1448900.0], [423100.0, 1448800.0], [423000.0, 1448800.0]]]}}, {"id": "244", "type": "Feature", "properties": {"cell_id": 244, "row": 7, "col": 35, "cell_area_m2": 4574.067894180189, "building_count": 0.0, "building_area": 0.0, "building_density": 0.0, "mean_building_area": 0.0, "footprint_cv": 0.0, "compactness": 0.0, "rectangularity": 0.0, "small_bldg_frac": 0.0, "mean_nn_dist": 100.0, "road_density": 195.94270917246922, "road_segments": 2.0, "dist_major_road": 141.12825699611153, "blue": 0.06410899996757508, "green": 0.0868299998342991, "red": 0.09011100009083747, "nir": 0.2051600009202957, "swir1": 0.1974839985370636, "ndvi": 0.3948309175670147, "ndbi": -0.016884801460546443, "ndwi": -0.4042523056268692, "vegetation_fraction": 0.48, "impervious_fraction": 0.14, "water_fraction": 0.0, "ndvi_std": 0.1537662190649538, "ndbi_std": 0.07565281700920724, "nir_std": 0.025807158310378053, "open_space_fraction": 1.0, "building_irregularity": 0.0, "small_building_fraction": 0.0, "building_spacing_score": 0.7195837350260872, "footprint_irregularity": 1.0, "building_density_norm": 0.0, "building_irregularity_norm": 0.0, "small_building_fraction_norm": 0.0, "building_spacing_norm": 0.7195837350260872, "footprint_irregularity_norm": 1.0, "impervious_fraction_norm": 0.14, "ndbi_norm": 0.543791966441111, "imi": 0.008019225671887398, "built_gate": false, "predicted_class": "sparse_low_development", "informal_probability": 0.0, "confidence": 0.9913128018379211, "explanation": "built-up intensity: 0.54; impervious surface: 0.14; building density: 0.00; building irregularity: 0.00", "year": 2025, "cell_uid": "2025_80.29079_13.10495", "label": "sparse_low_development"}, "geometry": {"type": "Polygon", "coordinates": [[[423100.0, 1448800.0], [423100.0, 1448900.0], [423145.88086715766, 1448900.0], [423145.60049072595, 1448800.0], [423100.0, 1448800.0]]]}}, {"id": "248", "type": "Feature", "properties": {"cell_id": 248, "row": 8, "col": 4, "cell_area_m2": 10000.0, "building_count": 0.0, "building_area": 0.0, "building_density": 0.0, "mean_building_area": 0.0, "footprint_cv": 0.0, "compactness": 0.0, "rectangularity": 0.0, "small_bldg_frac": 0.0, "mean_nn_dist": 100.0, "road_density": 491.2826159390801, "road_segments": 4.0, "dist_major_road": 155.44043345405393, "blue": 0.0, "green": 0.0, "red": 0.0, "nir": 0.0, "swir1": 0.0, "ndvi": 0.0, "ndbi": 0.0, "ndwi": 0.0, "vegetation_fraction": 0.0, "impervious_fraction": 0.0, "water_fraction": 0.0, "ndvi_std": 0.0, "ndbi_std": 0.0, "nir_std": 0.0, "open_space_fraction": 1.0, "building_irregularity": 0.0, "small_building_fraction": 0.0, "building_spacing_score": 0.7195837350260872, "footprint_irregularity": 1.0, "building_density_norm": 0.0, "building_irregularity_norm": 0.0, "small_building_fraction_norm": 0.0, "building_spacing_norm": 0.7195837350260872, "footprint_irregularity_norm": 1.0, "impervious_fraction_norm": 0.0, "ndbi_norm": 0.5781431462395603, "imi": 0.059135839343070984, "built_gate": false, "predicted_class": "sparse_low_development", "informal_probability": 0.0, "confidence": 0.9399369955062866, "explanation": "built-up intensity: 0.58; building density: 0.00; building irregularity: 0.00; impervious surface: 0.00", "year": 2025, "cell_uid": "2025_80.26245_13.10397", "label": "sparse_low_development"}, "geometry": {"type": "Polygon", "coordinates": [[[420000.0, 1448700.0], [420000.0, 1448800.0], [420100.0, 1448800.0], [420100.0, 1448700.0], [420000.0, 1448700.0]]]}}, {"id": "249", "type": "Feature", "properties": {"cell_id": 249, "row": 8, "col": 5, "cell_area_m2": 10000.0, "building_count": 1.0, "building_area": 148.17468305020245, "building_density": 0.014817468305020245, "mean_building_area": 148.17468305020245, "footprint_cv": 0.0, "compactness": 0.739950815216259, "rectangularity": 0.999510010485589, "small_bldg_frac": 0.0, "mean_nn_dist": 80.81917170580085, "road_density": 814.0159177689952, "road_segments": 30.0, "dist_major_road": 253.688995903613, "blue": 0.1299855002760887, "green": 0.14215099990367888, "red": 0.16273299977183342, "nir": 0.2030939993262291, "swir1": 0.2823299992084503, "ndvi": 0.11241890706121921, "ndbi": 0.16475104223936796, "ndwi": -0.17831648230552674, "vegetation_fraction": 0.0, "impervious_fraction": 0.95, "water_fraction": 0.0, "ndvi_std": 0.051743396930786355, "ndbi_std": 0.04793260545267467, "nir_std": 0.022874018201375208, "open_space_fraction": 0.9851825316949797, "building_irregularity": 0.0, "small_building_fraction": 0.0, "building_spacing_score": 0.7736917197982258, "footprint_irregularity": 0.26004918478374095, "building_density_norm": 0.007045510021025354, "building_irregularity_norm": 0.0, "small_building_fraction_norm": 0.0, "building_spacing_norm": 0.7736917197982258, "footprint_irregularity_norm": 0.21622994045046193, "impervious_fraction_norm": 0.95, "ndbi_norm": 0.9133198841579985, "imi": 0.9891337752342224, "built_gate": false, "predicted_class": "informal", "informal_probability": 0.0, "confidence": 0.9891337752342224, "explanation": "impervious surface: 0.95; built-up intensity: 0.91; building density: 0.01; building irregularity: 0.00", "year": 2025, "cell_uid": "2025_80.26337_13.10397", "label": "informal"}, "geometry": {"type": "Polygon", "coordinates": [[[420100.0, 1448700.0], [420100.0, 1448800.0], [420200.0, 1448800.0], [420200.0, 1448700.0], [420100.0, 1448700.0]]]}}, {"id": "251", "type": "Feature", "properties": {"cell_id": 251, "row": 8, "col": 7, "cell_area_m2": 10000.0, "building_count": 5.0, "building_area": 344.05036498730533, "building_density": 0.034405036498730536, "mean_building_area": 68.81007299746106, "footprint_cv": 0.6519635218915006, "compactness": 0.7376119124315701, "rectangularity": 0.995009698646113, "small_bldg_frac": 0.6, "mean_nn_dist": 13.318320985109604, "road_density": 962.7228600931423, "road_segments": 42.0, "dist_major_road": 452.49404772105214, "blue": 0.11904400020837784, "green": 0.12466300025582314, "red": 0.13287100061774254, "nir": 0.20665599897503853, "swir1": 0.2768400019407272, "ndvi": 0.21092144653201103, "ndbi": 0.14883809372782708, "ndwi": -0.24447542905807496, "vegetation_fraction": 0.1, "impervious_fraction": 0.64, "water_fraction": 0.0, "ndvi_std": 0.13641032646727477, "ndbi_std": 0.06506911960198546, "nir_std": 0.04570260956043945, "open_space_fraction": 0.9655949635012695, "building_irregularity": 0.6519635218915006, "small_building_fraction": 0.6, "building_spacing_score": 0.9641076365084618, "footprint_irregularity": 0.2623880875684299, "building_density_norm": 0.016359139391134866, "building_irregularity_norm": 0.2947717162076637, "small_building_fraction_norm": 0.6, "building_spacing_norm": 0.9641076365084618, "footprint_irregularity_norm": 0.21870735102578573, "impervious_fraction_norm": 0.64, "ndbi_norm": 0.8809458845749606, "imi": 0.9954445362091064, "built_gate": true, "predicted_class": "informal", "informal_probability": 0.40576985487889883, "confidence": 0.9954445362091064, "explanation": "built-up intensity: 0.88; impervious surface: 0.64; building irregularity: 0.29; building density: 0.02", "year": 2025, "cell_uid": "2025_80.26521_13.10398", "label": "informal"}, "geometry": {"type": "Polygon", "coordinates": [[[420300.0, 1448700.0], [420300.0, 1448800.0], [420400.0, 1448800.0], [420400.0, 1448700.0], [420300.0, 1448700.0]]]}}, {"id": "252", "type": "Feature", "properties": {"cell_id": 252, "row": 8, "col": 8, "cell_area_m2": 10000.0, "building_count": 6.0, "building_area": 2500.242658720208, "building_density": 0.2500242658720208, "mean_building_area": 416.7071097867013, "footprint_cv": 1.7210458507981763, "compactness": 0.6940778064038032, "rectangularity": 0.9240188272965807, "small_bldg_frac": 0.0, "mean_nn_dist": 23.393784567560044, "road_density": 268.3460421730826, "road_segments": 6.0, "dist_major_road": 473.4148342261091, "blue": 0.13469300020486116, "green": 0.14447700038552283, "red": 0.1566295000910759, "nir": 0.27956500053405764, "swir1": 0.3492760002613068, "ndvi": 0.2856957007199526, "ndbi": 0.10230921159556601, "ndwi": -0.3260233123600483, "vegetation_fraction": 0.14, "impervious_fraction": 0.18, "water_fraction": 0.0, "ndvi_std": 0.10968371559295331, "ndbi_std": 0.08637119132417895, "nir_std": 0.0420758545777555, "open_space_fraction": 0.7499757341279791, "building_irregularity": 1.7210458507981763, "small_building_fraction": 0.0, "building_spacing_score": 0.9356853482876586, "footprint_irregularity": 0.30592219359619677, "building_density_norm": 0.11888322852723815, "building_irregularity_norm": 0.7781350061426968, "small_building_fraction_norm": 0.0, "building_spacing_norm": 0.9356853482876586, "footprint_irregularity_norm": 0.264819508985699, "impervious_fraction_norm": 0.18, "ndbi_norm": 0.786285488378959, "imi": 0.9892954230308533, "built_gate": true, "predicted_class": "informal", "informal_probability": 0.3348912067925329, "confidence": 0.9892954230308533, "explanation": "built-up intensity: 0.79; building irregularity: 0.78; impervious surface: 0.18; building density: 0.12", "year": 2025, "cell_uid": "2025_80.26614_13.10398", "label": "informal"}, "geometry": {"type": "Polygon", "coordinates": [[[420400.0, 1448700.0], [420400.0, 1448800.0], [420500.0, 1448800.0], [420500.0, 1448700.0], [420400.0, 1448700.0]]]}}, {"id": "253", "type": "Feature", "properties": {"cell_id": 253, "row": 8, "col": 9, "cell_area_m2": 10000.0, "building_count": 5.0, "building_area": 670.1798289792889, "building_density": 0.06701798289792889, "mean_building_area": 134.03596579585778, "footprint_cv": 0.3427095969693821, "compactness": 0.7050007696015936, "rectangularity": 0.9368965379137972, "small_bldg_frac": 0.0, "mean_nn_dist": 14.302013309705828, "road_density": 236.65555766154154, "road_segments": 2.0, "dist_major_road": 373.7340786883801, "blue": 0.0822814997471869, "green": 0.09965850006788969, "red": 0.09747000040486455, "nir": 0.2742390005290508, "swir1": 0.250463998913765, "ndvi": 0.4834608369320631, "ndbi": -0.04454532674048096, "ndwi": -0.4677178379893303, "vegetation_fraction": 0.57, "impervious_fraction": 0.13, "water_fraction": 0.0, "ndvi_std": 0.23388538566834, "ndbi_std": 0.13006604136835476, "nir_std": 0.04573211058904085, "open_space_fraction": 0.9329820171020711, "building_irregularity": 0.3427095969693821, "small_building_fraction": 0.0, "building_spacing_score": 0.9613326985076968, "footprint_irregularity": 0.29499923039840636, "building_density_norm": 0.031866163664159, "building_irregularity_norm": 0.15494900046925225, "small_building_fraction_norm": 0.0, "building_spacing_norm": 0.9613326985076968, "footprint_irregularity_norm": 0.2532496973983065, "impervious_fraction_norm": 0.13, "ndbi_norm": 0.48751818203027375, "imi": 0.9751386642456055, "built_gate": true, "predicted_class": "informal", "informal_probability": 0.20348846367826617, "confidence": 0.9751386642456055, "explanation": "built-up intensity: 0.49; building irregularity: 0.15; impervious surface: 0.13; building density: 0.03", "year": 2025, "cell_uid": "2025_80.26706_13.10398", "label": "informal"}, "geometry": {"type": "Polygon", "coordinates": [[[420500.0, 1448700.0], [420500.0, 1448800.0], [420600.0, 1448800.0], [420600.0, 1448700.0], [420500.0, 1448700.0]]]}}, {"id": "255", "type": "Feature", "properties": {"cell_id": 255, "row": 8, "col": 11, "cell_area_m2": 10000.0, "building_count": 0.0, "building_area": 0.0, "building_density": 0.0, "mean_building_area": 0.0, "footprint_cv": 0.0, "compactness": 0.0, "rectangularity": 0.0, "small_bldg_frac": 0.0, "mean_nn_dist": 100.0, "road_density": 319.0958714674572, "road_segments": 6.0, "dist_major_road": 174.4023023965849, "blue": 0.034425000008195636, "green": 0.05850650019943714, "red": 0.04675350002944469, "nir": 0.2760429994761944, "swir1": 0.1966319990158081, "ndvi": 0.7128245136141778, "ndbi": -0.1666423571901396, "ndwi": -0.6484782418608666, "vegetation_fraction": 0.98, "impervious_fraction": 0.0, "water_fraction": 0.0, "ndvi_std": 0.11483092679730017, "ndbi_std": 0.08590526376926472, "nir_std": 0.034527628946692965, "open_space_fraction": 1.0, "building_irregularity": 0.0, "small_building_fraction": 0.0, "building_spacing_score": 0.7195837350260872, "footprint_irregularity": 1.0, "building_density_norm": 0.0, "building_irregularity_norm": 0.0, "small_building_fraction_norm": 0.0, "building_spacing_norm": 0.7195837350260872, "footprint_irregularity_norm": 1.0, "impervious_fraction_norm": 0.0, "ndbi_norm": 0.2391186343285609, "imi": 0.00013122661039233208, "built_gate": false, "predicted_class": "open_vegetated", "informal_probability": 0.0, "confidence": 0.999582827091217, "explanation": "built-up intensity: 0.24; building density: 0.00; building irregularity: 0.00; impervious surface: 0.00", "year": 2025, "cell_uid": "2025_80.26890_13.10399", "label": "open_vegetated"}, "geometry": {"type": "Polygon", "coordinates": [[[420700.0, 1448700.0], [420700.0, 1448800.0], [420800.0, 1448800.0], [420800.0, 1448700.0], [420700.0, 1448700.0]]]}}, {"id": "256", "type": "Feature", "properties": {"cell_id": 256, "row": 8, "col": 12, "cell_area_m2": 10000.0, "building_count": 0.0, "building_area": 0.0, "building_density": 0.0, "mean_building_area": 0.0, "footprint_cv": 0.0, "compactness": 0.0, "rectangularity": 0.0, "small_bldg_frac": 0.0, "mean_nn_dist": 100.0, "road_density": 200.84169181801894, "road_segments": 2.0, "dist_major_road": 75.51990607136568, "blue": 0.027904000077396632, "green": 0.05330650005489588, "red": 0.03390350015833974, "nir": 0.33692299902439116, "swir1": 0.18782000184059144, "ndvi": 0.8119169399142265, "ndbi": -0.2796182380244136, "ndwi": -0.7219837620854378, "vegetation_fraction": 1.0, "impervious_fraction": 0.0, "water_fraction": 0.0, "ndvi_std": 0.09500177562408185, "ndbi_std": 0.07410871937014758, "nir_std": 0.04079656803578539, "open_space_fraction": 1.0, "building_irregularity": 0.0, "small_building_fraction": 0.0, "building_spacing_score": 0.7195837350260872, "footprint_irregularity": 1.0, "building_density_norm": 0.0, "building_irregularity_norm": 0.0, "small_building_fraction_norm": 0.0, "building_spacing_norm": 0.7195837350260872, "footprint_irregularity_norm": 1.0, "impervious_fraction_norm": 0.0, "ndbi_norm": 0.00927555299328727, "imi": 0.00013122661039233208, "built_gate": false, "predicted_class": "open_vegetated", "informal_probability": 0.0, "confidence": 0.999582827091217, "explanation": "built-up intensity: 0.01; building density: 0.00; building irregularity: 0.00; impervious surface: 0.00", "year": 2025, "cell_uid": "2025_80.26983_13.10399", "label": "open_vegetated"}, "geometry": {"type": "Polygon", "coordinates": [[[420800.0, 1448700.0], [420800.0, 1448800.0], [420900.0, 1448800.0], [420900.0, 1448700.0], [420800.0, 1448700.0]]]}}, {"id": "257", "type": "Feature", "properties": {"cell_id": 257, "row": 8, "col": 13, "cell_area_m2": 10000.0, "building_count": 0.0, "building_area": 0.0, "building_density": 0.0, "mean_building_area": 0.0, "footprint_cv": 0.0, "compactness": 0.0, "rectangularity": 0.0, "small_bldg_frac": 0.0, "mean_nn_dist": 100.0, "road_density": 273.0647361276137, "road_segments": 2.0, "dist_major_road": 14.283013772594394, "blue": 0.06262650003656745, "green": 0.08322250004857779, "red": 0.0816944999806583, "nir": 0.22246900007128714, "swir1": 0.18486199975013734, "ndvi": 0.4561928454786539, "ndbi": -0.08073598233051599, "ndwi": -0.44309208914637566, "vegetation_fraction": 0.54, "impervious_fraction": 0.19, "water_fraction": 0.0, "ndvi_std": 0.23565660597212396, "ndbi_std": 0.0968364460838929, "nir_std": 0.04824079932538823, "open_space_fraction": 1.0, "building_irregularity": 0.0, "small_building_fraction": 0.0, "building_spacing_score": 0.7195837350260872, "footprint_irregularity": 1.0, "building_density_norm": 0.0, "building_irregularity_norm": 0.0, "small_building_fraction_norm": 0.0, "building_spacing_norm": 0.7195837350260872, "footprint_irregularity_norm": 1.0, "impervious_fraction_norm": 0.19, "ndbi_norm": 0.4138903268196616, "imi": 0.0004917815676890314, "built_gate": false, "predicted_class": "sparse_low_development", "informal_probability": 0.0, "confidence": 0.9989396929740906, "explanation": "built-up intensity: 0.41; impervious surface: 0.19; building density: 0.00; building irregularity: 0.00", "year": 2025, "cell_uid": "2025_80.27075_13.10399", "label": "sparse_low_development"}, "geometry": {"type": "Polygon", "coordinates": [[[420900.0, 1448700.0], [420900.0, 1448800.0], [421000.0, 1448800.0], [421000.0, 1448700.0], [420900.0, 1448700.0]]]}}, {"id": "258", "type": "Feature", "properties": {"cell_id": 258, "row": 8, "col": 14, "cell_area_m2": 10000.0, "building_count": 1.0, "building_area": 34.07485737992642, "building_density": 0.0034074857379926423, "mean_building_area": 34.07485737992642, "footprint_cv": 0.0, "compactness": 0.5888966105815896, "rectangularity": 0.9997738622110586, "small_bldg_frac": 1.0, "mean_nn_dist": 97.23114262966816, "road_density": 208.78223379697215, "road_segments": 6.0, "dist_major_road": 36.63404700508601, "blue": 0.0, "green": 0.0, "red": 0.0, "nir": 0.0, "swir1": 0.0, "ndvi": 0.0, "ndbi": 0.0, "ndwi": 0.0, "vegetation_fraction": 0.0, "impervious_fraction": 0.0, "water_fraction": 0.0, "ndvi_std": 0.0, "ndbi_std": 0.0, "nir_std": 0.0, "open_space_fraction": 0.9965925142620073, "building_irregularity": 0.0, "small_building_fraction": 1.0, "building_spacing_score": 0.727394518279668, "footprint_irregularity": 0.4111033894184104, "building_density_norm": 0.001620214359115198, "building_irregularity_norm": 0.0, "small_building_fraction_norm": 1.0, "building_spacing_norm": 0.727394518279668, "footprint_irregularity_norm": 0.37622944383248286, "impervious_fraction_norm": 0.0, "ndbi_norm": 0.5781431462395603, "imi": 0.05625283345580101, "built_gate": false, "predicted_class": "sparse_low_development", "informal_probability": 0.0, "confidence": 0.9428369402885437, "explanation": "built-up intensity: 0.58; building density: 0.00; building irregularity: 0.00; impervious surface: 0.00", "year": 2025, "cell_uid": "2025_80.27167_13.10400", "label": "sparse_low_development"}, "geometry": {"type": "Polygon", "coordinates": [[[421000.0, 1448700.0], [421000.0, 1448800.0], [421100.0, 1448800.0], [421100.0, 1448700.0], [421000.0, 1448700.0]]]}}, {"id": "259", "type": "Feature", "properties": {"cell_id": 259, "row": 8, "col": 15, "cell_area_m2": 10000.0, "building_count": 0.0, "building_area": 0.0, "building_density": 0.0, "mean_building_area": 0.0, "footprint_cv": 0.0, "compactness": 0.0, "rectangularity": 0.0, "small_bldg_frac": 0.0, "mean_nn_dist": 100.0, "road_density": 320.13328295911606, "road_segments": 5.0, "dist_major_road": 16.191335624767916, "blue": 0.050140500050038096, "green": 0.06686150001361967, "red": 0.060068500004708765, "nir": 0.194781500287354, "swir1": 0.15106800094246864, "ndvi": 0.4851738006621599, "ndbi": -0.07337762999581172, "ndwi": -0.4448804846405983, "vegetation_fraction": 0.61, "impervious_fraction": 0.08, "water_fraction": 0.0, "ndvi_std": 0.2144846018606615, "ndbi_std": 0.17723920248403202, "nir_std": 0.09302418919413118, "open_space_fraction": 1.0, "building_irregularity": 0.0, "small_building_fraction": 0.0, "building_spacing_score": 0.7195837350260872, "footprint_irregularity": 1.0, "building_density_norm": 0.0, "building_irregularity_norm": 0.0, "small_building_fraction_norm": 0.0, "building_spacing_norm": 0.7195837350260872, "footprint_irregularity_norm": 1.0, "impervious_fraction_norm": 0.08, "ndbi_norm": 0.42886048117181025, "imi": 0.007539981976151466, "built_gate": false, "predicted_class": "sparse_low_development", "informal_probability": 0.0, "confidence": 0.9613500833511353, "explanation": "built-up intensity: 0.43; impervious surface: 0.08; building density: 0.00; building irregularity: 0.00", "year": 2025, "cell_uid": "2025_80.27259_13.10400", "label": "sparse_low_development"}, "geometry": {"type": "Polygon", "coordinates": [[[421100.0, 1448700.0], [421100.0, 1448800.0], [421200.0, 1448800.0], [421200.0, 1448700.0], [421100.0, 1448700.0]]]}}, {"id": "261", "type": "Feature", "properties": {"cell_id": 261, "row": 8, "col": 17, "cell_area_m2": 10000.0, "building_count": 2.0, "building_area": 432.20458564872195, "building_density": 0.043220458564872194, "mean_building_area": 216.10229282436097, "footprint_cv": 0.40910062569455424, "compactness": 0.7088453543745232, "rectangularity": 0.9596510055590297, "small_bldg_frac": 0.0, "mean_nn_dist": 35.77324301269786, "road_density": 549.2091772176457, "road_segments": 19.0, "dist_major_road": 3.4394032269806076, "blue": 0.07425200019031764, "green": 0.09464799989014865, "red": 0.10228949967771768, "nir": 0.21123649969696998, "swir1": 0.20360200107097626, "ndvi": 0.3539808643609285, "ndbi": -0.01134764786591404, "ndwi": -0.37985249280929567, "vegetation_fraction": 0.35, "impervious_fraction": 0.14, "water_fraction": 0.0, "ndvi_std": 0.1664310819174594, "ndbi_std": 0.10795723247113263, "nir_std": 0.04575720942196726, "open_space_fraction": 0.9567795414351278, "building_irregularity": 0.40910062569455424, "small_building_fraction": 0.0, "building_spacing_score": 0.9007636265161637, "footprint_irregularity": 0.29115464562547677, "building_density_norm": 0.02055075588243022, "building_irregularity_norm": 0.18496632018268272, "small_building_fraction_norm": 0.0, "building_spacing_norm": 0.9007636265161637, "footprint_irregularity_norm": 0.24917743965568667, "impervious_fraction_norm": 0.14, "ndbi_norm": 0.5550569942914706, "imi": 0.004119595512747765, "built_gate": false, "predicted_class": "sparse_low_development", "informal_probability": 0.0, "confidence": 0.9954890608787537, "explanation": "built-up intensity: 0.56; building irregularity: 0.18; impervious surface: 0.14; building density: 0.02", "year": 2025, "cell_uid": "2025_80.27444_13.10400", "label": "sparse_low_development"}, "geometry": {"type": "Polygon", "coordinates": [[[421300.0, 1448700.0], [421300.0, 1448800.0], [421400.0, 1448800.0], [421400.0, 1448700.0], [421300.0, 1448700.0]]]}}, {"id": "271", "type": "Feature", "properties": {"cell_id": 271, "row": 8, "col": 27, "cell_area_m2": 10000.0, "building_count": 2.0, "building_area": 3394.1886193288565, "building_density": 0.3394188619328857, "mean_building_area": 1697.0943096644282, "footprint_cv": 0.5130093910149162, "compactness": 0.21826347782766586, "rectangularity": 0.5612980597464726, "small_bldg_frac": 0.0, "mean_nn_dist": 43.007104848107794, "road_density": 280.2984845949409, "road_segments": 8.0, "dist_major_road": 117.3214602906905, "blue": 0.06252500023692846, "green": 0.08554300021380186, "red": 0.09773750070482493, "nir": 0.2455359986424446, "swir1": 0.24834399938583374, "ndvi": 0.4326983682066202, "ndbi": 0.007302507817948936, "ndwi": -0.4797525176405907, "vegetation_fraction": 0.56, "impervious_fraction": 0.09, "water_fraction": 0.0, "ndvi_std": 0.1702055007000816, "ndbi_std": 0.10163599434516589, "nir_std": 0.03570603245920463, "open_space_fraction": 0.6605811380671143, "building_irregularity": 0.5130093910149162, "small_building_fraction": 0.0, "building_spacing_score": 0.8803573291430471, "footprint_irregularity": 0.7817365221723341, "building_density_norm": 0.1613891755221743, "building_irregularity_norm": 0.23194650243833928, "small_building_fraction_norm": 0.0, "building_spacing_norm": 0.8803573291430471, "footprint_irregularity_norm": 0.7688111486646821, "impervious_fraction_norm": 0.09, "ndbi_norm": 0.5929996880603267, "imi": 0.0021348181180655956, "built_gate": false, "predicted_class": "sparse_low_development", "informal_probability": 0.0, "confidence": 0.9977311491966248, "explanation": "built-up intensity: 0.59; building irregularity: 0.23; building density: 0.16; impervious surface: 0.09", "year": 2025, "cell_uid": "2025_80.28366_13.10403", "label": "sparse_low_development"}, "geometry": {"type": "Polygon", "coordinates": [[[422300.0, 1448700.0], [422300.0, 1448800.0], [422400.0, 1448800.0], [422400.0, 1448700.0], [422300.0, 1448700.0]]]}}, {"id": "275", "type": "Feature", "properties": {"cell_id": 275, "row": 8, "col": 31, "cell_area_m2": 10000.0, "building_count": 2.0, "building_area": 1035.414415387586, "building_density": 0.10354144153875859, "mean_building_area": 517.707207693793, "footprint_cv": 1.0113886319940621, "compactness": 0.5428970784733939, "rectangularity": 0.9976208440854866, "small_bldg_frac": 0.0, "mean_nn_dist": 67.6577396470312, "road_density": 522.2394263884025, "road_segments": 8.0, "dist_major_road": 9.746771218090027, "blue": 0.07137299971655012, "green": 0.09572300028055906, "red": 0.09893100000917912, "nir": 0.24192600041627885, "swir1": 0.2137799996137619, "ndvi": 0.4362990752607584, "ndbi": -0.06107440365245566, "ndwi": -0.4417457585036755, "vegetation_fraction": 0.64, "impervious_fraction": 0.09, "water_fraction": 0.0, "ndvi_std": 0.1841696447671953, "ndbi_std": 0.08957658922118367, "nir_std": 0.03808840083875915, "open_space_fraction": 0.8964585584612415, "building_irregularity": 1.0113886319940621, "small_building_fraction": 0.0, "building_spacing_score": 0.8108193429901198, "footprint_irregularity": 0.45710292152660614, "building_density_norm": 0.04923258473956545, "building_irregularity_norm": 0.4572782875042896, "small_building_fraction_norm": 0.0, "building_spacing_norm": 0.8108193429901198, "footprint_irregularity_norm": 0.4249530282630974, "impervious_fraction_norm": 0.09, "ndbi_norm": 0.45389070383739344, "imi": 0.0022382147144526243, "built_gate": false, "predicted_class": "sparse_low_development", "informal_probability": 0.0, "confidence": 0.9973843693733215, "explanation": "building irregularity: 0.46; built-up intensity: 0.45; impervious surface: 0.09; building density: 0.05", "year": 2025, "cell_uid": "2025_80.28735_13.10404", "label": "sparse_low_development"}, "geometry": {"type": "Polygon", "coordinates": [[[422700.0, 1448700.0], [422700.0, 1448800.0], [422800.0, 1448800.0], [422800.0, 1448700.0], [422700.0, 1448700.0]]]}}, {"id": "278", "type": "Feature", "properties": {"cell_id": 278, "row": 8, "col": 34, "cell_area_m2": 10000.0, "building_count": 0.0, "building_area": 0.0, "building_density": 0.0, "mean_building_area": 0.0, "footprint_cv": 0.0, "compactness": 0.0, "rectangularity": 0.0, "small_bldg_frac": 0.0, "mean_nn_dist": 100.0, "road_density": 496.4367722535308, "road_segments": 16.0, "dist_major_road": 86.76380958976968, "blue": 0.0, "green": 0.0, "red": 0.0, "nir": 0.0, "swir1": 0.0, "ndvi": 0.0, "ndbi": 0.0, "ndwi": 0.0, "vegetation_fraction": 0.0, "impervious_fraction": 0.0, "water_fraction": 0.0, "ndvi_std": 0.0, "ndbi_std": 0.0, "nir_std": 0.0, "open_space_fraction": 1.0, "building_irregularity": 0.0, "small_building_fraction": 0.0, "building_spacing_score": 0.7195837350260872, "footprint_irregularity": 1.0, "building_density_norm": 0.0, "building_irregularity_norm": 0.0, "small_building_fraction_norm": 0.0, "building_spacing_norm": 0.7195837350260872, "footprint_irregularity_norm": 1.0, "impervious_fraction_norm": 0.0, "ndbi_norm": 0.5781431462395603, "imi": 0.059135839343070984, "built_gate": false, "predicted_class": "sparse_low_development", "informal_probability": 0.0, "confidence": 0.9399369955062866, "explanation": "built-up intensity: 0.58; building density: 0.00; building irregularity: 0.00; impervious surface: 0.00", "year": 2025, "cell_uid": "2025_80.29012_13.10405", "label": "sparse_low_development"}, "geometry": {"type": "Polygon", "coordinates": [[[423000.0, 1448700.0], [423000.0, 1448800.0], [423100.0, 1448800.0], [423100.0, 1448700.0], [423000.0, 1448700.0]]]}}, {"id": "279", "type": "Feature", "properties": {"cell_id": 279, "row": 8, "col": 35, "cell_area_m2": 4546.030251009506, "building_count": 0.0, "building_area": 0.0, "building_density": 0.0, "mean_building_area": 0.0, "footprint_cv": 0.0, "compactness": 0.0, "rectangularity": 0.0, "small_bldg_frac": 0.0, "mean_nn_dist": 100.0, "road_density": 202.55582514818826, "road_segments": 3.0, "dist_major_road": 41.25111598267737, "blue": 0.06847099967300892, "green": 0.09328199960291386, "red": 0.09721000030636788, "nir": 0.230205999314785, "swir1": 0.2128320002555847, "ndvi": 0.41224150836467743, "ndbi": -0.0368324650451541, "ndwi": -0.4251867774128914, "vegetation_fraction": 0.54, "impervious_fraction": 0.02, "water_fraction": 0.0, "ndvi_std": 0.1273457769469516, "ndbi_std": 0.0521390381742984, "nir_std": 0.027822283135162707, "open_space_fraction": 1.0, "building_irregularity": 0.0, "small_building_fraction": 0.0, "building_spacing_score": 0.7195837350260872, "footprint_irregularity": 1.0, "building_density_norm": 0.0, "building_irregularity_norm": 0.0, "small_building_fraction_norm": 0.0, "building_spacing_norm": 0.7195837350260872, "footprint_irregularity_norm": 1.0, "impervious_fraction_norm": 0.02, "ndbi_norm": 0.5032095657563913, "imi": 0.0477595217525959, "built_gate": false, "predicted_class": "sparse_low_development", "informal_probability": 0.0, "confidence": 0.943099319934845, "explanation": "built-up intensity: 0.50; impervious surface: 0.02; building density: 0.00; building irregularity: 0.00", "year": 2025, "cell_uid": "2025_80.29079_13.10405", "label": "sparse_low_development"}, "geometry": {"type": "Polygon", "coordinates": [[[423100.0, 1448700.0], [423100.0, 1448800.0], [423145.60049072595, 1448800.0], [423145.32011429424, 1448700.0], [423100.0, 1448700.0]]]}}, {"id": "283", "type": "Feature", "properties": {"cell_id": 283, "row": 9, "col": 4, "cell_area_m2": 10000.0, "building_count": 2.0, "building_area": 803.6772988759647, "building_density": 0.08036772988759647, "mean_building_area": 401.8386494379823, "footprint_cv": 0.0413616979391003, "compactness": 0.6436838641970596, "rectangularity": 0.8627494473630484, "small_bldg_frac": 0.0, "mean_nn_dist": 35.53388378834701, "road_density": 307.2272382077255, "road_segments": 6.0, "dist_major_road": 182.42491849111403, "blue": 0.0, "green": 0.0, "red": 0.0, "nir": 0.0, "swir1": 0.0, "ndvi": 0.0, "ndbi": 0.0, "ndwi": 0.0, "vegetation_fraction": 0.0, "impervious_fraction": 0.0, "water_fraction": 0.0, "ndvi_std": 0.0, "ndbi_std": 0.0, "nir_std": 0.0, "open_space_fraction": 0.9196322701124036, "building_irregularity": 0.0413616979391003, "small_building_fraction": 0.0, "building_spacing_score": 0.9014388447636553, "footprint_irregularity": 0.3563161358029404, "building_density_norm": 0.03821379162986144, "building_irregularity_norm": 0.01870082953628901, "small_building_fraction_norm": 0.0, "building_spacing_norm": 0.9014388447636553, "footprint_irregularity_norm": 0.3181977366625912, "impervious_fraction_norm": 0.0, "ndbi_norm": 0.5781431462395603, "imi": 0.0051519181579351425, "built_gate": false, "predicted_class": "sparse_low_development", "informal_probability": 0.0, "confidence": 0.9947264790534973, "explanation": "built-up intensity: 0.58; building density: 0.04; building irregularity: 0.02; impervious surface: 0.00", "year": 2025, "cell_uid": "2025_80.26245_13.10306", "label": "sparse_low_development"}, "geometry": {"type": "Polygon", "coordinates": [[[420000.0, 1448600.0], [420000.0, 1448700.0], [420100.0, 1448700.0], [420100.0, 1448600.0], [420000.0, 1448600.0]]]}}, {"id": "284", "type": "Feature", "properties": {"cell_id": 284, "row": 9, "col": 5, "cell_area_m2": 10000.0, "building_count": 4.0, "building_area": 507.9241892707123, "building_density": 0.05079241892707123, "mean_building_area": 126.98104731767808, "footprint_cv": 0.44770487361512196, "compactness": 0.695243182098073, "rectangularity": 0.9989037545538935, "small_bldg_frac": 0.0, "mean_nn_dist": 20.216026523229843, "road_density": 942.9040769312338, "road_segments": 16.0, "dist_major_road": 278.991410862204, "blue": 0.12234750017523766, "green": 0.1404810006171465, "red": 0.15591400049626827, "nir": 0.21317799985408784, "swir1": 0.2716960006952286, "ndvi": 0.15972851015627385, "ndbi": 0.12234980863519013, "ndwi": -0.20907731115818023, "vegetation_fraction": 0.03, "impervious_fraction": 0.75, "water_fraction": 0.0, "ndvi_std": 0.09353520008906607, "ndbi_std": 0.054849851808925494, "nir_std": 0.022603489393210337, "open_space_fraction": 0.9492075810729288, "building_irregularity": 0.44770487361512196, "small_building_fraction": 0.0, "building_spacing_score": 0.9446496162136772, "footprint_irregularity": 0.304756817901927, "building_density_norm": 0.024151122794813313, "building_irregularity_norm": 0.20242042617228995, "small_building_fraction_norm": 0.0, "building_spacing_norm": 0.9446496162136772, "footprint_irregularity_norm": 0.2635851207554104, "impervious_fraction_norm": 0.75, "ndbi_norm": 0.8270569569558905, "imi": 0.9997733235359192, "built_gate": true, "predicted_class": "informal", "informal_probability": 0.309674092020567, "confidence": 0.9997733235359192, "explanation": "built-up intensity: 0.83; impervious surface: 0.75; building irregularity: 0.20; building density: 0.02", "year": 2025, "cell_uid": "2025_80.26337_13.10307", "label": "informal"}, "geometry": {"type": "Polygon", "coordinates": [[[420100.0, 1448600.0], [420100.0, 1448700.0], [420200.0, 1448700.0], [420200.0, 1448600.0], [420100.0, 1448600.0]]]}}, {"id": "285", "type": "Feature", "properties": {"cell_id": 285, "row": 9, "col": 6, "cell_area_m2": 10000.0, "building_count": 3.0, "building_area": 186.7477764663383, "building_density": 0.01867477764663383, "mean_building_area": 62.24925882211277, "footprint_cv": 0.2332673038783796, "compactness": 0.6804677745953772, "rectangularity": 0.9994479030751048, "small_bldg_frac": 0.3333333333333333, "mean_nn_dist": 20.81695969732181, "road_density": 709.9359005902313, "road_segments": 18.0, "dist_major_road": 375.3211444522877, "blue": 0.12844400011003018, "green": 0.1486989998817444, "red": 0.16885700061917305, "nir": 0.2169420000910759, "swir1": 0.27970800042152405, "ndvi": 0.12598955135792494, "ndbi": 0.1288989076204598, "ndwi": -0.18804818131029605, "vegetation_fraction": 0.01, "impervious_fraction": 0.88, "water_fraction": 0.0, "ndvi_std": 0.06511510716197036, "ndbi_std": 0.05481086161619285, "nir_std": 0.024697809502978216, "open_space_fraction": 0.9813252223533662, "building_irregularity": 0.2332673038783796, "small_building_fraction": 0.3333333333333333, "building_spacing_score": 0.9429544191901642, "footprint_irregularity": 0.3195322254046228, "building_density_norm": 0.008879609548764893, "building_irregularity_norm": 0.10546694897879218, "small_building_fraction_norm": 0.3333333333333333, "building_spacing_norm": 0.9429544191901642, "footprint_irregularity_norm": 0.279235515052053, "impervious_fraction_norm": 0.88, "ndbi_norm": 0.8403807308413289, "imi": 0.9988821148872375, "built_gate": false, "predicted_class": "informal", "informal_probability": 0.0, "confidence": 0.9988821148872375, "explanation": "impervious surface: 0.88; built-up intensity: 0.84; building irregularity: 0.11; building density: 0.01", "year": 2025, "cell_uid": "2025_80.26429_13.10307", "label": "informal"}, "geometry": {"type": "Polygon", "coordinates": [[[420200.0, 1448600.0], [420200.0, 1448700.0], [420300.0, 1448700.0], [420300.0, 1448600.0], [420200.0, 1448600.0]]]}}, {"id": "286", "type": "Feature", "properties": {"cell_id": 286, "row": 9, "col": 7, "cell_area_m2": 10000.0, "building_count": 8.0, "building_area": 566.4863671995636, "building_density": 0.05664863671995636, "mean_building_area": 70.81079589994545, "footprint_cv": 0.3649871853488346, "compactness": 0.7264676312826395, "rectangularity": 0.9632038231275627, "small_bldg_frac": 0.25, "mean_nn_dist": 9.755751757924113, "road_density": 860.5943280945817, "road_segments": 30.0, "dist_major_road": 462.14317664100986, "blue": 0.12287399940192699, "green": 0.13683300018310546, "red": 0.14665200002491474, "nir": 0.21699200049042702, "swir1": 0.2687440007925034, "ndvi": 0.19063074264675378, "ndbi": 0.11138814237900078, "ndwi": -0.22289742700755596, "vegetation_fraction": 0.11, "impervious_fraction": 0.72, "water_fraction": 0.0, "ndvi_std": 0.14759971862078794, "ndbi_std": 0.07214165527505756, "nir_std": 0.036736726723221654, "open_space_fraction": 0.9433513632800437, "building_irregularity": 0.3649871853488346, "small_building_fraction": 0.25, "building_spacing_score": 0.9741574340739059, "footprint_irregularity": 0.27353236871736053, "building_density_norm": 0.026935676828993362, "building_irregularity_norm": 0.16502134767746304, "small_building_fraction_norm": 0.25, "building_spacing_norm": 0.9741574340739059, "footprint_irregularity_norm": 0.23051158682108164, "impervious_fraction_norm": 0.72, "ndbi_norm": 0.8047560629041125, "imi": 0.998923122882843, "built_gate": true, "predicted_class": "informal", "informal_probability": 0.3391987976258914, "confidence": 0.998923122882843, "explanation": "built-up intensity: 0.80; impervious surface: 0.72; building irregularity: 0.17; building density: 0.03", "year": 2025, "cell_uid": "2025_80.26522_13.10307", "label": "informal"}, "geometry": {"type": "Polygon", "coordinates": [[[420300.0, 1448600.0], [420300.0, 1448700.0], [420400.0, 1448700.0], [420400.0, 1448600.0], [420300.0, 1448600.0]]]}}, {"id": "289", "type": "Feature", "properties": {"cell_id": 289, "row": 9, "col": 10, "cell_area_m2": 10000.0, "building_count": 0.0, "building_area": 0.0, "building_density": 0.0, "mean_building_area": 0.0, "footprint_cv": 0.0, "compactness": 0.0, "rectangularity": 0.0, "small_bldg_frac": 0.0, "mean_nn_dist": 100.0, "road_density": 304.2816724039443, "road_segments": 2.0, "dist_major_road": 271.7827358088151, "blue": 0.03609349999576807, "green": 0.0648804996907711, "red": 0.04978650001809001, "nir": 0.30477400094270707, "swir1": 0.21165399849414826, "ndvi": 0.7183664685487747, "ndbi": -0.17922337353229523, "ndwi": -0.6477386581897736, "vegetation_fraction": 1.0, "impervious_fraction": 0.0, "water_fraction": 0.0, "ndvi_std": 0.07436750071943185, "ndbi_std": 0.0443589360567801, "nir_std": 0.020654081582918104, "open_space_fraction": 1.0, "building_irregularity": 0.0, "small_building_fraction": 0.0, "building_spacing_score": 0.7195837350260872, "footprint_irregularity": 1.0, "building_density_norm": 0.0, "building_irregularity_norm": 0.0, "small_building_fraction_norm": 0.0, "building_spacing_norm": 0.7195837350260872, "footprint_irregularity_norm": 1.0, "impervious_fraction_norm": 0.0, "ndbi_norm": 0.2135232635197039, "imi": 0.00013122661039233208, "built_gate": false, "predicted_class": "open_vegetated", "informal_probability": 0.0, "confidence": 0.999582827091217, "explanation": "built-up intensity: 0.21; building density: 0.00; building irregularity: 0.00; impervious surface: 0.00", "year": 2025, "cell_uid": "2025_80.26798_13.10308", "label": "open_vegetated"}, "geometry": {"type": "Polygon", "coordinates": [[[420600.0, 1448600.0], [420600.0, 1448700.0], [420700.0, 1448700.0], [420700.0, 1448600.0], [420600.0, 1448600.0]]]}}, {"id": "290", "type": "Feature", "properties": {"cell_id": 290, "row": 9, "col": 11, "cell_area_m2": 10000.0, "building_count": 0.0, "building_area": 0.0, "building_density": 0.0, "mean_building_area": 0.0, "footprint_cv": 0.0, "compactness": 0.0, "rectangularity": 0.0, "small_bldg_frac": 0.0, "mean_nn_dist": 100.0, "road_density": 237.67146953340466, "road_segments": 2.0, "dist_major_road": 171.78516555657762, "blue": 0.03315149998292327, "green": 0.057989000193774703, "red": 0.04290500005707145, "nir": 0.2741010008752346, "swir1": 0.18823600053787232, "ndvi": 0.7249009957909585, "ndbi": -0.18135071151889862, "ndwi": -0.6459854733943939, "vegetation_fraction": 1.0, "impervious_fraction": 0.0, "water_fraction": 0.0, "ndvi_std": 0.08704458138100517, "ndbi_std": 0.07267167563556041, "nir_std": 0.042157959866366806, "open_space_fraction": 1.0, "building_irregularity": 0.0, "small_building_fraction": 0.0, "building_spacing_score": 0.7195837350260872, "footprint_irregularity": 1.0, "building_density_norm": 0.0, "building_irregularity_norm": 0.0, "small_building_fraction_norm": 0.0, "building_spacing_norm": 0.7195837350260872, "footprint_irregularity_norm": 1.0, "impervious_fraction_norm": 0.0, "ndbi_norm": 0.20919531392310148, "imi": 0.00013122661039233208, "built_gate": false, "predicted_class": "open_vegetated", "informal_probability": 0.0, "confidence": 0.999582827091217, "explanation": "built-up intensity: 0.21; building density: 0.00; building irregularity: 0.00; impervious surface: 0.00", "year": 2025, "cell_uid": "2025_80.26891_13.10308", "label": "open_vegetated"}, "geometry": {"type": "Polygon", "coordinates": [[[420700.0, 1448600.0], [420700.0, 1448700.0], [420800.0, 1448700.0], [420800.0, 1448600.0], [420700.0, 1448600.0]]]}}, {"id": "291", "type": "Feature", "properties": {"cell_id": 291, "row": 9, "col": 12, "cell_area_m2": 10000.0, "building_count": 0.0, "building_area": 0.0, "building_density": 0.0, "mean_building_area": 0.0, "footprint_cv": 0.0, "compactness": 0.0, "rectangularity": 0.0, "small_bldg_frac": 0.0, "mean_nn_dist": 100.0, "road_density": 200.77377443152778, "road_segments": 2.0, "dist_major_road": 71.78759530433997, "blue": 0.02991850009188056, "green": 0.05589949999004602, "red": 0.037901500165462496, "nir": 0.33655699998140337, "swir1": 0.19315399885177612, "ndvi": 0.7948032730817794, "ndbi": -0.2680861207842827, "ndwi": -0.7131174832582474, "vegetation_fraction": 1.0, "impervious_fraction": 0.0, "water_fraction": 0.0, "ndvi_std": 0.07474524862955692, "ndbi_std": 0.06118648348331197, "nir_std": 0.03637767898704661, "open_space_fraction": 1.0, "building_irregularity": 0.0, "small_building_fraction": 0.0, "building_spacing_score": 0.7195837350260872, "footprint_irregularity": 1.0, "building_density_norm": 0.0, "building_irregularity_norm": 0.0, "small_building_fraction_norm": 0.0, "building_spacing_norm": 0.7195837350260872, "footprint_irregularity_norm": 1.0, "impervious_fraction_norm": 0.0, "ndbi_norm": 0.03273699751771186, "imi": 0.00013122661039233208, "built_gate": false, "predicted_class": "open_vegetated", "informal_probability": 0.0, "confidence": 0.999582827091217, "explanation": "built-up intensity: 0.03; building density: 0.00; building irregularity: 0.00; impervious surface: 0.00", "year": 2025, "cell_uid": "2025_80.26983_13.10309", "label": "open_vegetated"}, "geometry": {"type": "Polygon", "coordinates": [[[420800.0, 1448600.0], [420800.0, 1448700.0], [420900.0, 1448700.0], [420900.0, 1448600.0], [420800.0, 1448600.0]]]}}, {"id": "292", "type": "Feature", "properties": {"cell_id": 292, "row": 9, "col": 13, "cell_area_m2": 10000.0, "building_count": 1.0, "building_area": 386.23993655928996, "building_density": 0.038623993655928994, "mean_building_area": 386.23993655928996, "footprint_cv": 0.0, "compactness": 0.24316780859930417, "rectangularity": 0.8841312305009004, "small_bldg_frac": 0.0, "mean_nn_dist": 49.025868904662815, "road_density": 287.63097385172114, "road_segments": 4.0, "dist_major_road": 16.96019836650733, "blue": 0.08096849985420704, "green": 0.09267199981957674, "red": 0.08454399997368454, "nir": 0.24591200113296507, "swir1": 0.21417999804019927, "ndvi": 0.4995462416857481, "ndbi": -0.07108868768904358, "ndwi": -0.4585557244718075, "vegetation_fraction": 0.61, "impervious_fraction": 0.11, "water_fraction": 0.0, "ndvi_std": 0.24141111825228745, "ndbi_std": 0.13287544431627477, "nir_std": 0.04056903982385467, "open_space_fraction": 0.961376006344071, "building_irregularity": 0.0, "small_building_fraction": 0.0, "building_spacing_score": 0.863378750902103, "footprint_irregularity": 0.7568321914006958, "building_density_norm": 0.018365197667584657, "building_irregularity_norm": 0.0, "small_building_fraction_norm": 0.0, "building_spacing_norm": 0.863378750902103, "footprint_irregularity_norm": 0.7424320050641394, "impervious_fraction_norm": 0.11, "ndbi_norm": 0.4335172056770876, "imi": 0.0002896634105127305, "built_gate": false, "predicted_class": "sparse_low_development", "informal_probability": 0.0, "confidence": 0.9973946809768677, "explanation": "built-up intensity: 0.43; impervious surface: 0.11; building density: 0.02; building irregularity: 0.00", "year": 2025, "cell_uid": "2025_80.27075_13.10309", "label": "sparse_low_development"}, "geometry": {"type": "Polygon", "coordinates": [[[420900.0, 1448600.0], [420900.0, 1448700.0], [421000.0, 1448700.0], [421000.0, 1448600.0], [420900.0, 1448600.0]]]}}, {"id": "293", "type": "Feature", "properties": {"cell_id": 293, "row": 9, "col": 14, "cell_area_m2": 10000.0, "building_count": 0.0, "building_area": 0.0, "building_density": 0.0, "mean_building_area": 0.0, "footprint_cv": 0.0, "compactness": 0.0, "rectangularity": 0.0, "small_bldg_frac": 0.0, "mean_nn_dist": 100.0, "road_density": 174.6816083248873, "road_segments": 2.0, "dist_major_road": 112.43797758876183, "blue": 0.0, "green": 0.0, "red": 0.0, "nir": 0.0, "swir1": 0.0, "ndvi": 0.0, "ndbi": 0.0, "ndwi": 0.0, "vegetation_fraction": 0.0, "impervious_fraction": 0.0, "water_fraction": 0.0, "ndvi_std": 0.0, "ndbi_std": 0.0, "nir_std": 0.0, "open_space_fraction": 1.0, "building_irregularity": 0.0, "small_building_fraction": 0.0, "building_spacing_score": 0.7195837350260872, "footprint_irregularity": 1.0, "building_density_norm": 0.0, "building_irregularity_norm": 0.0, "small_building_fraction_norm": 0.0, "building_spacing_norm": 0.7195837350260872, "footprint_irregularity_norm": 1.0, "impervious_fraction_norm": 0.0, "ndbi_norm": 0.5781431462395603, "imi": 0.059135839343070984, "built_gate": false, "predicted_class": "sparse_low_development", "informal_probability": 0.0, "confidence": 0.9399369955062866, "explanation": "built-up intensity: 0.58; building density: 0.00; building irregularity: 0.00; impervious surface: 0.00", "year": 2025, "cell_uid": "2025_80.27167_13.10309", "label": "sparse_low_development"}, "geometry": {"type": "Polygon", "coordinates": [[[421000.0, 1448600.0], [421000.0, 1448700.0], [421100.0, 1448700.0], [421100.0, 1448600.0], [421000.0, 1448600.0]]]}}, {"id": "314", "type": "Feature", "properties": {"cell_id": 314, "row": 9, "col": 35, "cell_area_m2": 4517.9926078388235, "building_count": 0.0, "building_area": 0.0, "building_density": 0.0, "mean_building_area": 0.0, "footprint_cv": 0.0, "compactness": 0.0, "rectangularity": 0.0, "small_bldg_frac": 0.0, "mean_nn_dist": 100.0, "road_density": 164.7477488317993, "road_segments": 8.0, "dist_major_road": 7.53613322595027, "blue": 0.05384299974888563, "green": 0.07656000047922135, "red": 0.07007800050079822, "nir": 0.2299640002846718, "swir1": 0.18205400109291076, "ndvi": 0.5264466017484665, "ndbi": -0.10741418207064271, "ndwi": -0.49041698724031446, "vegetation_fraction": 0.68, "impervious_fraction": 0.04, "water_fraction": 0.0, "ndvi_std": 0.20396659483177862, "ndbi_std": 0.09508025064941991, "nir_std": 0.042367902045277815, "open_space_fraction": 1.0, "building_irregularity": 0.0, "small_building_fraction": 0.0, "building_spacing_score": 0.7195837350260872, "footprint_irregularity": 1.0, "building_density_norm": 0.0, "building_irregularity_norm": 0.0, "small_building_fraction_norm": 0.0, "building_spacing_norm": 0.7195837350260872, "footprint_irregularity_norm": 1.0, "impervious_fraction_norm": 0.04, "ndbi_norm": 0.3596150285217581, "imi": 0.00019268691539764404, "built_gate": false, "predicted_class": "open_vegetated", "informal_probability": 0.0, "confidence": 0.9993873834609985, "explanation": "built-up intensity: 0.36; impervious surface: 0.04; building density: 0.00; building irregularity: 0.00", "year": 2025, "cell_uid": "2025_80.29079_13.10314", "label": "open_vegetated"}, "geometry": {"type": "Polygon", "coordinates": [[[423100.0, 1448600.0], [423100.0, 1448700.0], [423145.32011429424, 1448700.0], [423145.03973786253, 1448600.0], [423100.0, 1448600.0]]]}}, {"id": "320", "type": "Feature", "properties": {"cell_id": 320, "row": 10, "col": 6, "cell_area_m2": 10000.0, "building_count": 17.0, "building_area": 2111.9011791940525, "building_density": 0.21119011791940526, "mean_building_area": 124.22948112906191, "footprint_cv": 0.4228531058734311, "compactness": 0.6764021614802854, "rectangularity": 0.9954954745311303, "small_bldg_frac": 0.058823529411764705, "mean_nn_dist": 14.904485259092446, "road_density": 477.38179791683643, "road_segments": 14.0, "dist_major_road": 348.1620807217545, "blue": 0.12792300023138523, "green": 0.1423219995200634, "red": 0.15498899959027768, "nir": 0.22549000039696693, "swir1": 0.27921200037002564, "ndvi": 0.18853523216210305, "ndbi": 0.11096291671041399, "ndwi": -0.22749348886311055, "vegetation_fraction": 0.12, "impervious_fraction": 0.64, "water_fraction": 0.0, "ndvi_std": 0.14055773267375704, "ndbi_std": 0.08694940279307728, "nir_std": 0.038837881039940625, "open_space_fraction": 0.7888098820805948, "building_irregularity": 0.4228531058734311, "small_building_fraction": 0.058823529411764705, "building_spacing_score": 0.9596331606898795, "footprint_irregularity": 0.3235978385197146, "building_density_norm": 0.10041810527366354, "building_irregularity_norm": 0.19118421742435393, "small_building_fraction_norm": 0.058823529411764705, "building_spacing_norm": 0.9596331606898795, "footprint_irregularity_norm": 0.2835418902432062, "impervious_fraction_norm": 0.64, "ndbi_norm": 0.8038909651752069, "imi": 0.9984720349311829, "built_gate": true, "predicted_class": "informal", "informal_probability": 0.31968159640187643, "confidence": 0.9984720349311829, "explanation": "built-up intensity: 0.80; impervious surface: 0.64; building irregularity: 0.19; building density: 0.10", "year": 2025, "cell_uid": "2025_80.26430_13.10217", "label": "informal"}, "geometry": {"type": "Polygon", "coordinates": [[[420200.0, 1448500.0], [420200.0, 1448600.0], [420300.0, 1448600.0], [420300.0, 1448500.0], [420200.0, 1448500.0]]]}}, {"id": "325", "type": "Feature", "properties": {"cell_id": 325, "row": 10, "col": 11, "cell_area_m2": 10000.0, "building_count": 0.0, "building_area": 0.0, "building_density": 0.0, "mean_building_area": 0.0, "footprint_cv": 0.0, "compactness": 0.0, "rectangularity": 0.0, "small_bldg_frac": 0.0, "mean_nn_dist": 100.0, "road_density": 201.18335468840715, "road_segments": 2.0, "dist_major_road": 176.1072481733361, "blue": 0.04686950016766787, "green": 0.07523050017654896, "red": 0.07069200037047267, "nir": 0.30212500065565107, "swir1": 0.23689199924468995, "ndvi": 0.6241723614931106, "ndbi": -0.12395503502339125, "ndwi": -0.5964317083358764, "vegetation_fraction": 0.74, "impervious_fraction": 0.0, "water_fraction": 0.0, "ndvi_std": 0.20390119460117834, "ndbi_std": 0.1522629273162239, "nir_std": 0.04164949947875166, "open_space_fraction": 1.0, "building_irregularity": 0.0, "small_building_fraction": 0.0, "building_spacing_score": 0.7195837350260872, "footprint_irregularity": 1.0, "building_density_norm": 0.0, "building_irregularity_norm": 0.0, "small_building_fraction_norm": 0.0, "building_spacing_norm": 0.7195837350260872, "footprint_irregularity_norm": 1.0, "impervious_fraction_norm": 0.0, "ndbi_norm": 0.3259635926356303, "imi": 0.00013122661039233208, "built_gate": false, "predicted_class": "open_vegetated", "informal_probability": 0.0, "confidence": 0.999582827091217, "explanation": "built-up intensity: 0.33; building density: 0.00; building irregularity: 0.00; impervious surface: 0.00", "year": 2025, "cell_uid": "2025_80.26891_13.10218", "label": "open_vegetated"}, "geometry": {"type": "Polygon", "coordinates": [[[420700.0, 1448500.0], [420700.0, 1448600.0], [420800.0, 1448600.0], [420800.0, 1448500.0], [420700.0, 1448500.0]]]}}, {"id": "326", "type": "Feature", "properties": {"cell_id": 326, "row": 10, "col": 12, "cell_area_m2": 10000.0, "building_count": 0.0, "building_area": 0.0, "building_density": 0.0, "mean_building_area": 0.0, "footprint_cv": 0.0, "compactness": 0.0, "rectangularity": 0.0, "small_bldg_frac": 0.0, "mean_nn_dist": 100.0, "road_density": 127.44567745780466, "road_segments": 4.0, "dist_major_road": 76.24612082339364, "blue": 0.036376500055193904, "green": 0.06343750018626451, "red": 0.048210000228136776, "nir": 0.3157300014793873, "swir1": 0.2059200006723404, "ndvi": 0.7257313200831413, "ndbi": -0.20212800397071987, "ndwi": -0.6543528673052788, "vegetation_fraction": 0.95, "impervious_fraction": 0.0, "water_fraction": 0.0, "ndvi_std": 0.17203173865254426, "ndbi_std": 0.13772676863455907, "nir_std": 0.06137284595660988, "open_space_fraction": 1.0, "building_irregularity": 0.0, "small_building_fraction": 0.0, "building_spacing_score": 0.7195837350260872, "footprint_irregularity": 1.0, "building_density_norm": 0.0, "building_irregularity_norm": 0.0, "small_building_fraction_norm": 0.0, "building_spacing_norm": 0.7195837350260872, "footprint_irregularity_norm": 1.0, "impervious_fraction_norm": 0.0, "ndbi_norm": 0.1669250799256698, "imi": 0.00013122661039233208, "built_gate": false, "predicted_class": "open_vegetated", "informal_probability": 0.0, "confidence": 0.999582827091217, "explanation": "built-up intensity: 0.17; building density: 0.00; building irregularity: 0.00; impervious surface: 0.00", "year": 2025, "cell_uid": "2025_80.26983_13.10218", "label": "open_vegetated"}, "geometry": {"type": "Polygon", "coordinates": [[[420800.0, 1448500.0], [420800.0, 1448600.0], [420900.0, 1448600.0], [420900.0, 1448500.0], [420800.0, 1448500.0]]]}}, {"id": "327", "type": "Feature", "properties": {"cell_id": 327, "row": 10, "col": 13, "cell_area_m2": 10000.0, "building_count": 1.0, "building_area": 401.9266754311851, "building_density": 0.04019266754311851, "mean_building_area": 401.9266754311851, "footprint_cv": 0.0, "compactness": 0.3986643425724375, "rectangularity": 0.6499282334809376, "small_bldg_frac": 0.0, "mean_nn_dist": 24.05382316814927, "road_density": 600.0747016545553, "road_segments": 9.0, "dist_major_road": 12.559018611361024, "blue": 0.08315149998292327, "green": 0.09924700010567904, "red": 0.09588149983435869, "nir": 0.22990199968218802, "swir1": 0.21263199865818025, "ndvi": 0.42207579348236324, "ndbi": -0.041906916480511425, "ndwi": -0.40318425312638284, "vegetation_fraction": 0.52, "impervious_fraction": 0.12, "water_fraction": 0.0, "ndvi_std": 0.19125170052221466, "ndbi_std": 0.10223532599169345, "nir_std": 0.03277598598067262, "open_space_fraction": 0.9598073324568814, "building_irregularity": 0.0, "small_building_fraction": 0.0, "building_spacing_score": 0.9338234183437621, "footprint_irregularity": 0.6013356574275626, "building_density_norm": 0.019111081334376105, "building_irregularity_norm": 0.0, "small_building_fraction_norm": 0.0, "building_spacing_norm": 0.9338234183437621, "footprint_irregularity_norm": 0.5777271014601743, "impervious_fraction_norm": 0.12, "ndbi_norm": 0.4928858794494031, "imi": 0.0023245252668857574, "built_gate": false, "predicted_class": "sparse_low_development", "informal_probability": 0.0, "confidence": 0.9972495436668396, "explanation": "built-up intensity: 0.49; impervious surface: 0.12; building density: 0.02; building irregularity: 0.00", "year": 2025, "cell_uid": "2025_80.27075_13.10218", "label": "sparse_low_development"}, "geometry": {"type": "Polygon", "coordinates": [[[420900.0, 1448500.0], [420900.0, 1448600.0], [421000.0, 1448600.0], [421000.0, 1448500.0], [420900.0, 1448500.0]]]}}, {"id": "360", "type": "Feature", "properties": {"cell_id": 360, "row": 11, "col": 11, "cell_area_m2": 10000.0, "building_count": 0.0, "building_area": 0.0, "building_density": 0.0, "mean_building_area": 0.0, "footprint_cv": 0.0, "compactness": 0.0, "rectangularity": 0.0, "small_bldg_frac": 0.0, "mean_nn_dist": 100.0, "road_density": 323.4567080307115, "road_segments": 8.0, "dist_major_road": 135.24299268303986, "blue": 0.07908499956130982, "green": 0.1088170000910759, "red": 0.1307030003517866, "nir": 0.2821390002965927, "swir1": 0.32145200252532957, "ndvi": 0.3659653875231743, "ndbi": 0.06549424476339481, "ndwi": -0.44200056314468383, "vegetation_fraction": 0.2, "impervious_fraction": 0.0, "water_fraction": 0.0, "ndvi_std": 0.035070869006718776, "ndbi_std": 0.032315519618862296, "nir_std": 0.020885696242029492, "open_space_fraction": 1.0, "building_irregularity": 0.0, "small_building_fraction": 0.0, "building_spacing_score": 0.7195837350260872, "footprint_irregularity": 1.0, "building_density_norm": 0.0, "building_irregularity_norm": 0.0, "small_building_fraction_norm": 0.0, "building_spacing_norm": 0.7195837350260872, "footprint_irregularity_norm": 1.0, "impervious_fraction_norm": 0.0, "ndbi_norm": 0.7113875070268626, "imi": 0.00701877661049366, "built_gate": false, "predicted_class": "sparse_low_development", "informal_probability": 0.0, "confidence": 0.9895083904266357, "explanation": "built-up intensity: 0.71; building density: 0.00; building irregularity: 0.00; impervious surface: 0.00", "year": 2025, "cell_uid": "2025_80.26891_13.10128", "label": "sparse_low_development"}, "geometry": {"type": "Polygon", "coordinates": [[[420700.0, 1448400.0], [420700.0, 1448500.0], [420800.0, 1448500.0], [420800.0, 1448400.0], [420700.0, 1448400.0]]]}}, {"id": "361", "type": "Feature", "properties": {"cell_id": 361, "row": 11, "col": 12, "cell_area_m2": 10000.0, "building_count": 0.0, "building_area": 0.0, "building_density": 0.0, "mean_building_area": 0.0, "footprint_cv": 0.0, "compactness": 0.0, "rectangularity": 0.0, "small_bldg_frac": 0.0, "mean_nn_dist": 100.0, "road_density": 381.57123268803275, "road_segments": 10.0, "dist_major_road": 50.70393500713511, "blue": 0.047711500003933906, "green": 0.07724249970167875, "red": 0.06811350034549832, "nir": 0.3005999991297722, "swir1": 0.22328200042247773, "ndvi": 0.6216462484002113, "ndbi": -0.1397593835927546, "ndwi": -0.5827844044566155, "vegetation_fraction": 0.88, "impervious_fraction": 0.0, "water_fraction": 0.0, "ndvi_std": 0.15552488099680817, "ndbi_std": 0.10584904041736039, "nir_std": 0.05671009734375777, "open_space_fraction": 1.0, "building_irregularity": 0.0, "small_building_fraction": 0.0, "building_spacing_score": 0.7195837350260872, "footprint_irregularity": 1.0, "building_density_norm": 0.0, "building_irregularity_norm": 0.0, "small_building_fraction_norm": 0.0, "building_spacing_norm": 0.7195837350260872, "footprint_irregularity_norm": 1.0, "impervious_fraction_norm": 0.0, "ndbi_norm": 0.2938105335326188, "imi": 0.00013122661039233208, "built_gate": false, "predicted_class": "open_vegetated", "informal_probability": 0.0, "confidence": 0.999582827091217, "explanation": "built-up intensity: 0.29; building density: 0.00; building irregularity: 0.00; impervious surface: 0.00", "year": 2025, "cell_uid": "2025_80.26983_13.10128", "label": "open_vegetated"}, "geometry": {"type": "Polygon", "coordinates": [[[420800.0, 1448400.0], [420800.0, 1448500.0], [420900.0, 1448500.0], [420900.0, 1448400.0], [420800.0, 1448400.0]]]}}, {"id": "362", "type": "Feature", "properties": {"cell_id": 362, "row": 11, "col": 13, "cell_area_m2": 10000.0, "building_count": 0.0, "building_area": 0.0, "building_density": 0.0, "mean_building_area": 0.0, "footprint_cv": 0.0, "compactness": 0.0, "rectangularity": 0.0, "small_bldg_frac": 0.0, "mean_nn_dist": 100.0, "road_density": 290.2017853669606, "road_segments": 12.0, "dist_major_road": 22.304319698431993, "blue": 0.05575750008225441, "green": 0.0791380000859499, "red": 0.06963550018146634, "nir": 0.26979300022125247, "swir1": 0.19424600183963775, "ndvi": 0.5884414959698916, "ndbi": -0.15676858451683073, "ndwi": -0.5407982148230076, "vegetation_fraction": 0.82, "impervious_fraction": 0.04, "water_fraction": 0.0, "ndvi_std": 0.1918808188392522, "ndbi_std": 0.09692355270191727, "nir_std": 0.045199358149661605, "open_space_fraction": 1.0, "building_irregularity": 0.0, "small_building_fraction": 0.0, "building_spacing_score": 0.7195837350260872, "footprint_irregularity": 1.0, "building_density_norm": 0.0, "building_irregularity_norm": 0.0, "small_building_fraction_norm": 0.0, "building_spacing_norm": 0.7195837350260872, "footprint_irregularity_norm": 1.0, "impervious_fraction_norm": 0.04, "ndbi_norm": 0.2592062700157424, "imi": 0.00019268691539764404, "built_gate": false, "predicted_class": "open_vegetated", "informal_probability": 0.0, "confidence": 0.9993873834609985, "explanation": "built-up intensity: 0.26; impervious surface: 0.04; building density: 0.00; building irregularity: 0.00", "year": 2025, "cell_uid": "2025_80.27076_13.10128", "label": "open_vegetated"}, "geometry": {"type": "Polygon", "coordinates": [[[420900.0, 1448400.0], [420900.0, 1448500.0], [421000.0, 1448500.0], [421000.0, 1448400.0], [420900.0, 1448400.0]]]}}, {"id": "363", "type": "Feature", "properties": {"cell_id": 363, "row": 11, "col": 14, "cell_area_m2": 10000.0, "building_count": 0.0, "building_area": 0.0, "building_density": 0.0, "mean_building_area": 0.0, "footprint_cv": 0.0, "compactness": 0.0, "rectangularity": 0.0, "small_bldg_frac": 0.0, "mean_nn_dist": 100.0, "road_density": 0.0, "road_segments": 0.0, "dist_major_road": 116.93011423248414, "blue": 0.0, "green": 0.0, "red": 0.0, "nir": 0.0, "swir1": 0.0, "ndvi": 0.0, "ndbi": 0.0, "ndwi": 0.0, "vegetation_fraction": 0.0, "impervious_fraction": 0.0, "water_fraction": 0.0, "ndvi_std": 0.0, "ndbi_std": 0.0, "nir_std": 0.0, "open_space_fraction": 1.0, "building_irregularity": 0.0, "small_building_fraction": 0.0, "building_spacing_score": 0.7195837350260872, "footprint_irregularity": 1.0, "building_density_norm": 0.0, "building_irregularity_norm": 0.0, "small_building_fraction_norm": 0.0, "building_spacing_norm": 0.7195837350260872, "footprint_irregularity_norm": 1.0, "impervious_fraction_norm": 0.0, "ndbi_norm": 0.5781431462395603, "imi": 0.059135839343070984, "built_gate": false, "predicted_class": "sparse_low_development", "informal_probability": 0.0, "confidence": 0.9399369955062866, "explanation": "built-up intensity: 0.58; building density: 0.00; building irregularity: 0.00; impervious surface: 0.00", "year": 2025, "cell_uid": "2025_80.27168_13.10128", "label": "sparse_low_development"}, "geometry": {"type": "Polygon", "coordinates": [[[421000.0, 1448400.0], [421000.0, 1448500.0], [421100.0, 1448500.0], [421100.0, 1448400.0], [421000.0, 1448400.0]]]}}, {"id": "365", "type": "Feature", "properties": {"cell_id": 365, "row": 11, "col": 16, "cell_area_m2": 10000.0, "building_count": 1.0, "building_area": 303.1049115724312, "building_density": 0.03031049115724312, "mean_building_area": 303.1049115724312, "footprint_cv": 0.0, "compactness": 0.43292471903116225, "rectangularity": 0.9985614370894096, "small_bldg_frac": 0.0, "mean_nn_dist": 23.81765387715942, "road_density": 357.2830152792155, "road_segments": 8.0, "dist_major_road": 111.20774948603848, "blue": 0.059863500222563745, "green": 0.0775375003553927, "red": 0.07368950029835104, "nir": 0.2021300005912781, "swir1": 0.1675280001759529, "ndvi": 0.44516405001282694, "ndbi": -0.044094841964542865, "ndwi": -0.41659145191311836, "vegetation_fraction": 0.58, "impervious_fraction": 0.07, "water_fraction": 0.0, "ndvi_std": 0.1700341082437233, "ndbi_std": 0.18387967316611017, "nir_std": 0.09453160647581263, "open_space_fraction": 0.9696895088427568, "building_irregularity": 0.0, "small_building_fraction": 0.0, "building_spacing_score": 0.9344896379774779, "footprint_irregularity": 0.5670752809688377, "building_density_norm": 0.014412237286055393, "building_irregularity_norm": 0.0, "small_building_fraction_norm": 0.0, "building_spacing_norm": 0.9344896379774779, "footprint_irregularity_norm": 0.541437855276431, "impervious_fraction_norm": 0.07, "ndbi_norm": 0.48843466799375235, "imi": 0.00047987798461690545, "built_gate": false, "predicted_class": "sparse_low_development", "informal_probability": 0.0, "confidence": 0.9989515542984009, "explanation": "built-up intensity: 0.49; impervious surface: 0.07; building density: 0.01; building irregularity: 0.00", "year": 2025, "cell_uid": "2025_80.27352_13.10129", "label": "sparse_low_development"}, "geometry": {"type": "Polygon", "coordinates": [[[421200.0, 1448400.0], [421200.0, 1448500.0], [421300.0, 1448500.0], [421300.0, 1448400.0], [421200.0, 1448400.0]]]}}, {"id": "379", "type": "Feature", "properties": {"cell_id": 379, "row": 11, "col": 30, "cell_area_m2": 10000.0, "building_count": 17.0, "building_area": 2956.2841306700916, "building_density": 0.29562841306700915, "mean_building_area": 173.89906651000538, "footprint_cv": 1.0066175014830823, "compactness": 0.6900625328338259, "rectangularity": 0.9418810390462061, "small_bldg_frac": 0.058823529411764705, "mean_nn_dist": 9.926339386230898, "road_density": 282.8995109090257, "road_segments": 11.0, "dist_major_road": 43.570672412920736, "blue": 0.12995900101959706, "green": 0.15565600015223027, "red": 0.17949700064957141, "nir": 0.2129729999601841, "swir1": 0.284268000125885, "ndvi": 0.09417602782370522, "ndbi": 0.14389185674488544, "ndwi": -0.1654587455233559, "vegetation_fraction": 0.03, "impervious_fraction": 0.91, "water_fraction": 0.0, "ndvi_std": 0.08262133160636079, "ndbi_std": 0.051579617812034254, "nir_std": 0.02868820966035367, "open_space_fraction": 0.7043715869329908, "building_irregularity": 1.0066175014830823, "small_building_fraction": 0.058823529411764705, "building_spacing_score": 0.973676216440696, "footprint_irregularity": 0.3099374671661741, "building_density_norm": 0.1405673967973161, "building_irregularity_norm": 0.45512112029822877, "small_building_fraction_norm": 0.058823529411764705, "building_spacing_norm": 0.973676216440696, "footprint_irregularity_norm": 0.2690725635676161, "impervious_fraction_norm": 0.91, "ndbi_norm": 0.8708830433669202, "imi": 0.9984720349311829, "built_gate": true, "predicted_class": "informal", "informal_probability": 0.4015763744413361, "confidence": 0.9984720349311829, "explanation": "impervious surface: 0.91; built-up intensity: 0.87; building irregularity: 0.46; building density: 0.14", "year": 2025, "cell_uid": "2025_80.28644_13.10132", "label": "informal"}, "geometry": {"type": "Polygon", "coordinates": [[[422600.0, 1448400.0], [422600.0, 1448500.0], [422700.0, 1448500.0], [422700.0, 1448400.0], [422600.0, 1448400.0]]]}}, {"id": "385", "type": "Feature", "properties": {"cell_id": 385, "row": 12, "col": 1, "cell_area_m2": 10000.0, "building_count": 0.0, "building_area": 0.0, "building_density": 0.0, "mean_building_area": 0.0, "footprint_cv": 0.0, "compactness": 0.0, "rectangularity": 0.0, "small_bldg_frac": 0.0, "mean_nn_dist": 100.0, "road_density": 203.85972055124515, "road_segments": 2.0, "dist_major_road": 15.151635392955015, "blue": 0.0529139999859035, "green": 0.08009400025010109, "red": 0.07182200022041797, "nir": 0.29899299949407576, "swir1": 0.22387200057506562, "ndvi": 0.602368161380291, "ndbi": -0.13516385786235333, "ndwi": -0.5674938198924064, "vegetation_fraction": 0.92, "impervious_fraction": 0.0, "water_fraction": 0.0, "ndvi_std": 0.12675580870142436, "ndbi_std": 0.07615471918115671, "nir_std": 0.061196132688651025, "open_space_fraction": 1.0, "building_irregularity": 0.0, "small_building_fraction": 0.0, "building_spacing_score": 0.7195837350260872, "footprint_irregularity": 1.0, "building_density_norm": 0.0, "building_irregularity_norm": 0.0, "small_building_fraction_norm": 0.0, "building_spacing_norm": 0.7195837350260872, "footprint_irregularity_norm": 1.0, "impervious_fraction_norm": 0.0, "ndbi_norm": 0.30315987240416425, "imi": 0.00013122661039233208, "built_gate": false, "predicted_class": "open_vegetated", "informal_probability": 0.0, "confidence": 0.999582827091217, "explanation": "built-up intensity: 0.30; building density: 0.00; building irregularity: 0.00; impervious surface: 0.00", "year": 2025, "cell_uid": "2025_80.25969_13.10034", "label": "open_vegetated"}, "geometry": {"type": "Polygon", "coordinates": [[[419700.0, 1448300.0], [419700.0, 1448400.0], [419800.0, 1448400.0], [419800.0, 1448300.0], [419700.0, 1448300.0]]]}}, {"id": "394", "type": "Feature", "properties": {"cell_id": 394, "row": 12, "col": 10, "cell_area_m2": 10000.0, "building_count": 1.0, "building_area": 679.9960425140083, "building_density": 0.06799960425140084, "mean_building_area": 679.9960425140083, "footprint_cv": 0.0, "compactness": 0.6451819235407239, "rectangularity": 0.9995548914540318, "small_bldg_frac": 0.0, "mean_nn_dist": 151.80599136986763, "road_density": 94.70176184442141, "road_segments": 4.0, "dist_major_road": 166.36718606753178, "blue": 0.07183349994942546, "green": 0.09645749986171723, "red": 0.09418250063434243, "nir": 0.26595699951052665, "swir1": 0.21802399992942811, "ndvi": 0.48546480350196364, "ndbi": -0.09357054835185409, "ndwi": -0.46732916310429573, "vegetation_fraction": 0.64, "impervious_fraction": 0.18, "water_fraction": 0.0, "ndvi_std": 0.23999014965465598, "ndbi_std": 0.12171713409534324, "nir_std": 0.049721221483700846, "open_space_fraction": 0.9320003957485992, "building_irregularity": 0.0, "small_building_fraction": 0.0, "building_spacing_score": 0.5734420904030503, "footprint_irregularity": 0.3548180764592761, "building_density_norm": 0.03233291162274217, "building_irregularity_norm": 0.0, "small_building_fraction_norm": 0.0, "building_spacing_norm": 0.5734420904030503, "footprint_irregularity_norm": 0.31661096354626, "impervious_fraction_norm": 0.18, "ndbi_norm": 0.3877791234357052, "imi": 0.0025450955145061016, "built_gate": false, "predicted_class": "sparse_low_development", "informal_probability": 0.0, "confidence": 0.9648594856262207, "explanation": "built-up intensity: 0.39; impervious surface: 0.18; building density: 0.03; building irregularity: 0.00", "year": 2025, "cell_uid": "2025_80.26799_13.10037", "label": "sparse_low_development"}, "geometry": {"type": "Polygon", "coordinates": [[[420600.0, 1448300.0], [420600.0, 1448400.0], [420700.0, 1448400.0], [420700.0, 1448300.0], [420600.0, 1448300.0]]]}}, {"id": "395", "type": "Feature", "properties": {"cell_id": 395, "row": 12, "col": 11, "cell_area_m2": 10000.0, "building_count": 0.0, "building_area": 0.0, "building_density": 0.0, "mean_building_area": 0.0, "footprint_cv": 0.0, "compactness": 0.0, "rectangularity": 0.0, "small_bldg_frac": 0.0, "mean_nn_dist": 100.0, "road_density": 274.58275958137017, "road_segments": 6.0, "dist_major_road": 81.828128391627, "blue": 0.05673050018027425, "green": 0.08846699990332127, "red": 0.07526900013908744, "nir": 0.3262049999833107, "swir1": 0.23031799972057343, "ndvi": 0.6305803632736207, "ndbi": -0.17102849882445298, "ndwi": -0.5748019680380821, "vegetation_fraction": 0.75, "impervious_fraction": 0.01, "water_fraction": 0.0, "ndvi_std": 0.20267412674981305, "ndbi_std": 0.15679060633566613, "nir_std": 0.06028308029254366, "open_space_fraction": 1.0, "building_irregularity": 0.0, "small_building_fraction": 0.0, "building_spacing_score": 0.7195837350260872, "footprint_irregularity": 1.0, "building_density_norm": 0.0, "building_irregularity_norm": 0.0, "small_building_fraction_norm": 0.0, "building_spacing_norm": 0.7195837350260872, "footprint_irregularity_norm": 1.0, "impervious_fraction_norm": 0.01, "ndbi_norm": 0.23019527563501502, "imi": 0.00013122661039233208, "built_gate": false, "predicted_class": "open_vegetated", "informal_probability": 0.0, "confidence": 0.999582827091217, "explanation": "built-up intensity: 0.23; impervious surface: 0.01; building density: 0.00; building irregularity: 0.00", "year": 2025, "cell_uid": "2025_80.26891_13.10037", "label": "open_vegetated"}, "geometry": {"type": "Polygon", "coordinates": [[[420700.0, 1448300.0], [420700.0, 1448400.0], [420800.0, 1448400.0], [420800.0, 1448300.0], [420700.0, 1448300.0]]]}}, {"id": "396", "type": "Feature", "properties": {"cell_id": 396, "row": 12, "col": 12, "cell_area_m2": 10000.0, "building_count": 0.0, "building_area": 0.0, "building_density": 0.0, "mean_building_area": 0.0, "footprint_cv": 0.0, "compactness": 0.0, "rectangularity": 0.0, "small_bldg_frac": 0.0, "mean_nn_dist": 100.0, "road_density": 236.98579703903232, "road_segments": 2.0, "dist_major_road": 2.710929284277743, "blue": 0.03313100004568696, "green": 0.0592289999872446, "red": 0.04140099994838238, "nir": 0.30232700049877165, "swir1": 0.18043799877166747, "ndvi": 0.7558169847726822, "ndbi": -0.2497112748026848, "ndwi": -0.6691092544794083, "vegetation_fraction": 1.0, "impervious_fraction": 0.0, "water_fraction": 0.0, "ndvi_std": 0.08015533599566833, "ndbi_std": 0.056733791092205936, "nir_std": 0.03149400202057195, "open_space_fraction": 1.0, "building_irregularity": 0.0, "small_building_fraction": 0.0, "building_spacing_score": 0.7195837350260872, "footprint_irregularity": 1.0, "building_density_norm": 0.0, "building_irregularity_norm": 0.0, "small_building_fraction_norm": 0.0, "building_spacing_norm": 0.7195837350260872, "footprint_irregularity_norm": 1.0, "impervious_fraction_norm": 0.0, "ndbi_norm": 0.07011958916722329, "imi": 0.00013122661039233208, "built_gate": false, "predicted_class": "open_vegetated", "informal_probability": 0.0, "confidence": 0.999582827091217, "explanation": "built-up intensity: 0.07; building density: 0.00; building irregularity: 0.00; impervious surface: 0.00", "year": 2025, "cell_uid": "2025_80.26984_13.10037", "label": "open_vegetated"}, "geometry": {"type": "Polygon", "coordinates": [[[420800.0, 1448300.0], [420800.0, 1448400.0], [420900.0, 1448400.0], [420900.0, 1448300.0], [420800.0, 1448300.0]]]}}, {"id": "397", "type": "Feature", "properties": {"cell_id": 397, "row": 12, "col": 13, "cell_area_m2": 10000.0, "building_count": 0.0, "building_area": 0.0, "building_density": 0.0, "mean_building_area": 0.0, "footprint_cv": 0.0, "compactness": 0.0, "rectangularity": 0.0, "small_bldg_frac": 0.0, "mean_nn_dist": 100.0, "road_density": 0.0, "road_segments": 0.0, "dist_major_road": 76.17718997021609, "blue": 0.033357000034302475, "green": 0.06364950004965067, "red": 0.04103500001132488, "nir": 0.3463649991154671, "swir1": 0.20377800047397612, "ndvi": 0.7812780752778054, "ndbi": -0.2527698285877705, "ndwi": -0.684177059829235, "vegetation_fraction": 0.98, "impervious_fraction": 0.0, "water_fraction": 0.0, "ndvi_std": 0.11654698555337799, "ndbi_std": 0.07381811739395681, "nir_std": 0.05239157748429162, "open_space_fraction": 1.0, "building_irregularity": 0.0, "small_building_fraction": 0.0, "building_spacing_score": 0.7195837350260872, "footprint_irregularity": 1.0, "building_density_norm": 0.0, "building_irregularity_norm": 0.0, "small_building_fraction_norm": 0.0, "building_spacing_norm": 0.7195837350260872, "footprint_irregularity_norm": 1.0, "impervious_fraction_norm": 0.0, "ndbi_norm": 0.06389713335450889, "imi": 0.00013122661039233208, "built_gate": false, "predicted_class": "open_vegetated", "informal_probability": 0.0, "confidence": 0.999582827091217, "explanation": "built-up intensity: 0.06; building density: 0.00; building irregularity: 0.00; impervious surface: 0.00", "year": 2025, "cell_uid": "2025_80.27076_13.10038", "label": "open_vegetated"}, "geometry": {"type": "Polygon", "coordinates": [[[420900.0, 1448300.0], [420900.0, 1448400.0], [421000.0, 1448400.0], [421000.0, 1448300.0], [420900.0, 1448300.0]]]}}, {"id": "398", "type": "Feature", "properties": {"cell_id": 398, "row": 12, "col": 14, "cell_area_m2": 10000.0, "building_count": 0.0, "building_area": 0.0, "building_density": 0.0, "mean_building_area": 0.0, "footprint_cv": 0.0, "compactness": 0.0, "rectangularity": 0.0, "small_bldg_frac": 0.0, "mean_nn_dist": 100.0, "road_density": 0.0, "road_segments": 0.0, "dist_major_road": 160.4251207975042, "blue": 0.0, "green": 0.0, "red": 0.0, "nir": 0.0, "swir1": 0.0, "ndvi": 0.0, "ndbi": 0.0, "ndwi": 0.0, "vegetation_fraction": 0.0, "impervious_fraction": 0.0, "water_fraction": 0.0, "ndvi_std": 0.0, "ndbi_std": 0.0, "nir_std": 0.0, "open_space_fraction": 1.0, "building_irregularity": 0.0, "small_building_fraction": 0.0, "building_spacing_score": 0.7195837350260872, "footprint_irregularity": 1.0, "building_density_norm": 0.0, "building_irregularity_norm": 0.0, "small_building_fraction_norm": 0.0, "building_spacing_norm": 0.7195837350260872, "footprint_irregularity_norm": 1.0, "impervious_fraction_norm": 0.0, "ndbi_norm": 0.5781431462395603, "imi": 0.059135839343070984, "built_gate": false, "predicted_class": "sparse_low_development", "informal_probability": 0.0, "confidence": 0.9399369955062866, "explanation": "built-up intensity: 0.58; building density: 0.00; building irregularity: 0.00; impervious surface: 0.00", "year": 2025, "cell_uid": "2025_80.27168_13.10038", "label": "sparse_low_development"}, "geometry": {"type": "Polygon", "coordinates": [[[421000.0, 1448300.0], [421000.0, 1448400.0], [421100.0, 1448400.0], [421100.0, 1448300.0], [421000.0, 1448300.0]]]}}, {"id": "401", "type": "Feature", "properties": {"cell_id": 401, "row": 12, "col": 17, "cell_area_m2": 10000.0, "building_count": 5.0, "building_area": 1291.0846648587574, "building_density": 0.12910846648587573, "mean_building_area": 258.2169329717515, "footprint_cv": 0.3877595748661395, "compactness": 0.5998977223701211, "rectangularity": 0.9919726504803036, "small_bldg_frac": 0.0, "mean_nn_dist": 13.706685800135322, "road_density": 216.92355122166532, "road_segments": 3.0, "dist_major_road": 55.07374459709489, "blue": 0.06364700024947524, "green": 0.08343249995261431, "red": 0.07833500012755394, "nir": 0.2434099993109703, "swir1": 0.20414799988269805, "ndvi": 0.5077264079451561, "ndbi": -0.08027323799673468, "ndwi": -0.4831272140145302, "vegetation_fraction": 0.69, "impervious_fraction": 0.03, "water_fraction": 0.0, "ndvi_std": 0.18314521445053888, "ndbi_std": 0.09481610956550769, "nir_std": 0.0453109120524602, "open_space_fraction": 0.8708915335141243, "building_irregularity": 0.3877595748661395, "small_building_fraction": 0.0, "building_spacing_score": 0.9630120822823807, "footprint_irregularity": 0.40010227762987893, "building_density_norm": 0.06138936663810942, "building_irregularity_norm": 0.17531740890599676, "small_building_fraction_norm": 0.0, "building_spacing_norm": 0.9630120822823807, "footprint_irregularity_norm": 0.364576855762709, "impervious_fraction_norm": 0.03, "ndbi_norm": 0.414831754164696, "imi": 0.9476373195648193, "built_gate": true, "predicted_class": "informal", "informal_probability": 0.2051399573793839, "confidence": 0.9476373195648193, "explanation": "built-up intensity: 0.41; building irregularity: 0.18; building density: 0.06; impervious surface: 0.03", "year": 2025, "cell_uid": "2025_80.27445_13.10039", "label": "informal"}, "geometry": {"type": "Polygon", "coordinates": [[[421300.0, 1448300.0], [421300.0, 1448400.0], [421400.0, 1448400.0], [421400.0, 1448300.0], [421300.0, 1448300.0]]]}}, {"id": "427", "type": "Feature", "properties": {"cell_id": 427, "row": 13, "col": 8, "cell_area_m2": 10000.0, "building_count": 13.0, "building_area": 999.4595942693296, "building_density": 0.09994595942693296, "mean_building_area": 76.8815072514869, "footprint_cv": 0.29037373423350116, "compactness": 0.723596000804431, "rectangularity": 0.9640049035385817, "small_bldg_frac": 0.15384615384615385, "mean_nn_dist": 16.54709433731588, "road_density": 714.7122704774538, "road_segments": 20.0, "dist_major_road": 86.76466687590505, "blue": 0.11997900035232306, "green": 0.1372630000859499, "red": 0.1527939999103546, "nir": 0.21064099952578544, "swir1": 0.258135998249054, "ndvi": 0.1607456856360659, "ndbi": 0.10648001361638308, "ndwi": -0.21231353100389241, "vegetation_fraction": 0.09, "impervious_fraction": 0.74, "water_fraction": 0.0, "ndvi_std": 0.1309357552747779, "ndbi_std": 0.07774697638424871, "nir_std": 0.035205292960824794, "open_space_fraction": 0.900054040573067, "building_irregularity": 0.29037373423350116, "small_building_fraction": 0.15384615384615385, "building_spacing_score": 0.9549994574092986, "footprint_irregularity": 0.276403999195569, "building_density_norm": 0.047522980593444064, "building_irregularity_norm": 0.13128643107716945, "small_building_fraction_norm": 0.15384615384615385, "building_spacing_norm": 0.9549994574092986, "footprint_irregularity_norm": 0.23355327276104773, "impervious_fraction_norm": 0.74, "ndbi_norm": 0.7947707507289841, "imi": 0.9984720349311829, "built_gate": true, "predicted_class": "informal", "informal_probability": 0.32278655454836164, "confidence": 0.9984720349311829, "explanation": "built-up intensity: 0.79; impervious surface: 0.74; building irregularity: 0.13; building density: 0.05", "year": 2025, "cell_uid": "2025_80.26615_13.09946", "label": "informal"}, "geometry": {"type": "Polygon", "coordinates": [[[420400.0, 1448200.0], [420400.0, 1448300.0], [420500.0, 1448300.0], [420500.0, 1448200.0], [420400.0, 1448200.0]]]}}, {"id": "429", "type": "Feature", "properties": {"cell_id": 429, "row": 13, "col": 10, "cell_area_m2": 10000.0, "building_count": 0.0, "building_area": 0.0, "building_density": 0.0, "mean_building_area": 0.0, "footprint_cv": 0.0, "compactness": 0.0, "rectangularity": 0.0, "small_bldg_frac": 0.0, "mean_nn_dist": 100.0, "road_density": 315.8402815607227, "road_segments": 8.0, "dist_major_road": 112.95232177611892, "blue": 0.08001350000500679, "green": 0.10484650027006864, "red": 0.10039149949327111, "nir": 0.26207499966025355, "swir1": 0.22447200059890748, "ndvi": 0.4430668022483587, "ndbi": -0.06410056029970292, "ndwi": -0.41776648961007595, "vegetation_fraction": 0.53, "impervious_fraction": 0.27, "water_fraction": 0.0, "ndvi_std": 0.28188923135572164, "ndbi_std": 0.15619003448931157, "nir_std": 0.06534584574392771, "open_space_fraction": 1.0, "building_irregularity": 0.0, "small_building_fraction": 0.0, "building_spacing_score": 0.7195837350260872, "footprint_irregularity": 1.0, "building_density_norm": 0.0, "building_irregularity_norm": 0.0, "small_building_fraction_norm": 0.0, "building_spacing_norm": 0.7195837350260872, "footprint_irregularity_norm": 1.0, "impervious_fraction_norm": 0.27, "ndbi_norm": 0.4477341581811854, "imi": 0.00013299610873218626, "built_gate": false, "predicted_class": "sparse_low_development", "informal_probability": 0.0, "confidence": 0.9997618794441223, "explanation": "built-up intensity: 0.45; impervious surface: 0.27; building density: 0.00; building irregularity: 0.00", "year": 2025, "cell_uid": "2025_80.26799_13.09946", "label": "sparse_low_development"}, "geometry": {"type": "Polygon", "coordinates": [[[420600.0, 1448200.0], [420600.0, 1448300.0], [420700.0, 1448300.0], [420700.0, 1448200.0], [420600.0, 1448200.0]]]}}, {"id": "431", "type": "Feature", "properties": {"cell_id": 431, "row": 13, "col": 12, "cell_area_m2": 10000.0, "building_count": 0.0, "building_area": 0.0, "building_density": 0.0, "mean_building_area": 0.0, "footprint_cv": 0.0, "compactness": 0.0, "rectangularity": 0.0, "small_bldg_frac": 0.0, "mean_nn_dist": 100.0, "road_density": 79.70381938227784, "road_segments": 2.0, "dist_major_road": 45.8021294147121, "blue": 0.05245850000530481, "green": 0.08281350001692772, "red": 0.07464700024574995, "nir": 0.2974280008673668, "swir1": 0.22326400220394135, "ndvi": 0.5970060876011849, "ndbi": -0.13763189362565753, "ndwi": -0.5570146107673645, "vegetation_fraction": 0.75, "impervious_fraction": 0.04, "water_fraction": 0.0, "ndvi_std": 0.21991864276323278, "ndbi_std": 0.14043646772175788, "nir_std": 0.050308774196501926, "open_space_fraction": 1.0, "building_irregularity": 0.0, "small_building_fraction": 0.0, "building_spacing_score": 0.7195837350260872, "footprint_irregularity": 1.0, "building_density_norm": 0.0, "building_irregularity_norm": 0.0, "small_building_fraction_norm": 0.0, "building_spacing_norm": 0.7195837350260872, "footprint_irregularity_norm": 1.0, "impervious_fraction_norm": 0.04, "ndbi_norm": 0.2981387923249957, "imi": 0.00019268691539764404, "built_gate": false, "predicted_class": "open_vegetated", "informal_probability": 0.0, "confidence": 0.9993873834609985, "explanation": "built-up intensity: 0.30; impervious surface: 0.04; building density: 0.00; building irregularity: 0.00", "year": 2025, "cell_uid": "2025_80.26984_13.09947", "label": "open_vegetated"}, "geometry": {"type": "Polygon", "coordinates": [[[420800.0, 1448200.0], [420800.0, 1448300.0], [420900.0, 1448300.0], [420900.0, 1448200.0], [420800.0, 1448200.0]]]}}, {"id": "432", "type": "Feature", "properties": {"cell_id": 432, "row": 13, "col": 13, "cell_area_m2": 10000.0, "building_count": 1.0, "building_area": 279.824126166852, "building_density": 0.0279824126166852, "mean_building_area": 279.824126166852, "footprint_cv": 0.0, "compactness": 0.371675524495647, "rectangularity": 0.9984155931448621, "small_bldg_frac": 0.0, "mean_nn_dist": 120.54048026313804, "road_density": 0.0, "road_segments": 0.0, "dist_major_road": 130.0500602420002, "blue": 0.036183000076562166, "green": 0.07055649992078543, "red": 0.04255249997600913, "nir": 0.38618199944496157, "swir1": 0.2114660006761551, "ndvi": 0.792547395825386, "ndbi": -0.2841774954253924, "ndwi": -0.6832870787382126, "vegetation_fraction": 0.96, "impervious_fraction": 0.0, "water_fraction": 0.0, "ndvi_std": 0.14816554546489266, "ndbi_std": 0.1044296362972315, "nir_std": 0.06274210962753894, "open_space_fraction": 0.9720175873833148, "building_irregularity": 0.0, "small_building_fraction": 0.0, "building_spacing_score": 0.6616402522815799, "footprint_irregularity": 0.628324475504353, "building_density_norm": 0.01330526675980985, "building_irregularity_norm": 0.0, "small_building_fraction_norm": 0.0, "building_spacing_norm": 0.6616402522815799, "footprint_irregularity_norm": 0.6063141738928676, "impervious_fraction_norm": 0.0, "ndbi_norm": 0.0, "imi": 8.850455924402922e-05, "built_gate": false, "predicted_class": "open_vegetated", "informal_probability": 0.0, "confidence": 0.997672975063324, "explanation": "building density: 0.01; building irregularity: 0.00; impervious surface: 0.00; built-up intensity: 0.00", "year": 2025, "cell_uid": "2025_80.27076_13.09947", "label": "open_vegetated"}, "geometry": {"type": "Polygon", "coordinates": [[[420900.0, 1448200.0], [420900.0, 1448300.0], [421000.0, 1448300.0], [421000.0, 1448200.0], [420900.0, 1448200.0]]]}}, {"id": "433", "type": "Feature", "properties": {"cell_id": 433, "row": 13, "col": 14, "cell_area_m2": 10000.0, "building_count": 0.0, "building_area": 0.0, "building_density": 0.0, "mean_building_area": 0.0, "footprint_cv": 0.0, "compactness": 0.0, "rectangularity": 0.0, "small_bldg_frac": 0.0, "mean_nn_dist": 100.0, "road_density": 0.0, "road_segments": 0.0, "dist_major_road": 214.29799106928832, "blue": 0.0, "green": 0.0, "red": 0.0, "nir": 0.0, "swir1": 0.0, "ndvi": 0.0, "ndbi": 0.0, "ndwi": 0.0, "vegetation_fraction": 0.0, "impervious_fraction": 0.0, "water_fraction": 0.0, "ndvi_std": 0.0, "ndbi_std": 0.0, "nir_std": 0.0, "open_space_fraction": 1.0, "building_irregularity": 0.0, "small_building_fraction": 0.0, "building_spacing_score": 0.7195837350260872, "footprint_irregularity": 1.0, "building_density_norm": 0.0, "building_irregularity_norm": 0.0, "small_building_fraction_norm": 0.0, "building_spacing_norm": 0.7195837350260872, "footprint_irregularity_norm": 1.0, "impervious_fraction_norm": 0.0, "ndbi_norm": 0.5781431462395603, "imi": 0.059135839343070984, "built_gate": false, "predicted_class": "sparse_low_development", "informal_probability": 0.0, "confidence": 0.9399369955062866, "explanation": "built-up intensity: 0.58; building density: 0.00; building irregularity: 0.00; impervious surface: 0.00", "year": 2025, "cell_uid": "2025_80.27168_13.09947", "label": "sparse_low_development"}, "geometry": {"type": "Polygon", "coordinates": [[[421000.0, 1448200.0], [421000.0, 1448300.0], [421100.0, 1448300.0], [421100.0, 1448200.0], [421000.0, 1448200.0]]]}}, {"id": "436", "type": "Feature", "properties": {"cell_id": 436, "row": 13, "col": 17, "cell_area_m2": 10000.0, "building_count": 3.0, "building_area": 718.7938091694864, "building_density": 0.07187938091694863, "mean_building_area": 239.5979363898288, "footprint_cv": 0.6361107693068045, "compactness": 0.5935603042272748, "rectangularity": 0.9226347376051165, "small_bldg_frac": 0.0, "mean_nn_dist": 22.330713218535447, "road_density": 337.7499564337476, "road_segments": 4.0, "dist_major_road": 77.96026988130043, "blue": 0.08895050028339029, "green": 0.10387600045651198, "red": 0.10461599994450807, "nir": 0.21166100040078162, "swir1": 0.21772200077772141, "ndvi": 0.35436594305559993, "ndbi": 0.018124263966456056, "ndwi": -0.35423249488696457, "vegetation_fraction": 0.34, "impervious_fraction": 0.2, "water_fraction": 0.0, "ndvi_std": 0.19742881261132042, "ndbi_std": 0.12037257832411186, "nir_std": 0.0614724025474409, "open_space_fraction": 0.9281206190830513, "building_irregularity": 0.6361107693068045, "small_building_fraction": 0.0, "building_spacing_score": 0.9386842098322414, "footprint_irregularity": 0.4064396957727252, "building_density_norm": 0.034177694065583374, "building_irregularity_norm": 0.28760422457799545, "small_building_fraction_norm": 0.0, "building_spacing_norm": 0.9386842098322414, "footprint_irregularity_norm": 0.37128957030138715, "impervious_fraction_norm": 0.2, "ndbi_norm": 0.6150159428597071, "imi": 0.9961001873016357, "built_gate": true, "predicted_class": "informal", "informal_probability": 0.2506152298148638, "confidence": 0.9961001873016357, "explanation": "built-up intensity: 0.62; building irregularity: 0.29; impervious surface: 0.20; building density: 0.03", "year": 2025, "cell_uid": "2025_80.27445_13.09948", "label": "informal"}, "geometry": {"type": "Polygon", "coordinates": [[[421300.0, 1448200.0], [421300.0, 1448300.0], [421400.0, 1448300.0], [421400.0, 1448200.0], [421300.0, 1448200.0]]]}}, {"id": "463", "type": "Feature", "properties": {"cell_id": 463, "row": 14, "col": 8, "cell_area_m2": 10000.0, "building_count": 7.0, "building_area": 984.2200392261484, "building_density": 0.09842200392261484, "mean_building_area": 140.60286274659262, "footprint_cv": 0.4405707176370245, "compactness": 0.6837348782324657, "rectangularity": 0.9977947573638603, "small_bldg_frac": 0.0, "mean_nn_dist": 22.374740245495673, "road_density": 906.1230575760388, "road_segments": 32.0, "dist_major_road": 10.340499207114076, "blue": 0.11216350052505732, "green": 0.12996650040149688, "red": 0.14358000043779612, "nir": 0.21575499936938286, "swir1": 0.24754199981689454, "ndvi": 0.21111450096592307, "ndbi": 0.06930898311547935, "ndwi": -0.25424950625747444, "vegetation_fraction": 0.13, "impervious_fraction": 0.61, "water_fraction": 0.0, "ndvi_std": 0.1526315959233901, "ndbi_std": 0.07715499953777509, "nir_std": 0.023850190681325774, "open_space_fraction": 0.9015779960773852, "building_irregularity": 0.4405707176370245, "small_building_fraction": 0.0, "building_spacing_score": 0.9385600121871873, "footprint_irregularity": 0.3162651217675343, "building_density_norm": 0.04679835992571284, "building_irregularity_norm": 0.19919486625866809, "small_building_fraction_norm": 0.0, "building_spacing_norm": 0.9385600121871873, "footprint_irregularity_norm": 0.27577493637636497, "impervious_fraction_norm": 0.61, "ndbi_norm": 0.719148377850407, "imi": 0.9990293979644775, "built_gate": true, "predicted_class": "informal", "informal_probability": 0.28847635114722964, "confidence": 0.9990293979644775, "explanation": "built-up intensity: 0.72; impervious surface: 0.61; building irregularity: 0.20; building density: 0.05", "year": 2025, "cell_uid": "2025_80.26615_13.09855", "label": "informal"}, "geometry": {"type": "Polygon", "coordinates": [[[420400.0, 1448100.0], [420400.0, 1448200.0], [420500.0, 1448200.0], [420500.0, 1448100.0], [420400.0, 1448100.0]]]}}, {"id": "466", "type": "Feature", "properties": {"cell_id": 466, "row": 14, "col": 11, "cell_area_m2": 10000.0, "building_count": 0.0, "building_area": 0.0, "building_density": 0.0, "mean_building_area": 0.0, "footprint_cv": 0.0, "compactness": 0.0, "rectangularity": 0.0, "small_bldg_frac": 0.0, "mean_nn_dist": 100.0, "road_density": 213.6285075803586, "road_segments": 3.0, "dist_major_road": 15.427068859208083, "blue": 0.06331750003620983, "green": 0.08723250016570092, "red": 0.08596100000664592, "nir": 0.22433799967169762, "swir1": 0.2064719980955124, "ndvi": 0.43975965581834314, "ndbi": -0.03372170245042071, "ndwi": -0.4305497924983501, "vegetation_fraction": 0.55, "impervious_fraction": 0.18, "water_fraction": 0.0, "ndvi_std": 0.1984389643365273, "ndbi_std": 0.11927089417402607, "nir_std": 0.04463286608298221, "open_space_fraction": 1.0, "building_irregularity": 0.0, "small_building_fraction": 0.0, "building_spacing_score": 0.7195837350260872, "footprint_irregularity": 1.0, "building_density_norm": 0.0, "building_irregularity_norm": 0.0, "small_building_fraction_norm": 0.0, "building_spacing_norm": 0.7195837350260872, "footprint_irregularity_norm": 1.0, "impervious_fraction_norm": 0.18, "ndbi_norm": 0.5095382374586713, "imi": 0.001970655284821987, "built_gate": false, "predicted_class": "sparse_low_development", "informal_probability": 0.0, "confidence": 0.9960600733757019, "explanation": "built-up intensity: 0.51; impervious surface: 0.18; building density: 0.00; building irregularity: 0.00", "year": 2025, "cell_uid": "2025_80.26892_13.09856", "label": "sparse_low_development"}, "geometry": {"type": "Polygon", "coordinates": [[[420700.0, 1448100.0], [420700.0, 1448200.0], [420800.0, 1448200.0], [420800.0, 1448100.0], [420700.0, 1448100.0]]]}}, {"id": "468", "type": "Feature", "properties": {"cell_id": 468, "row": 14, "col": 13, "cell_area_m2": 10000.0, "building_count": 1.0, "building_area": 366.41759873979527, "building_density": 0.036641759873979524, "mean_building_area": 366.41759873979527, "footprint_cv": 0.0, "compactness": 0.5586848440371315, "rectangularity": 0.9984021164954899, "small_bldg_frac": 0.0, "mean_nn_dist": 44.69111645188472, "road_density": 0.0, "road_segments": 0.0, "dist_major_road": 183.92293051378428, "blue": 0.045195999965071676, "green": 0.07474550008773803, "red": 0.058104499559849504, "nir": 0.34082200065255164, "swir1": 0.21524599850177764, "ndvi": 0.6766751998662949, "ndbi": -0.20126978150103242, "ndwi": -0.6106736938655376, "vegetation_fraction": 0.78, "impervious_fraction": 0.07, "water_fraction": 0.0, "ndvi_std": 0.25581793960656374, "ndbi_std": 0.20084895097084582, "nir_std": 0.09642237990040707, "open_space_fraction": 0.9633582401260204, "building_irregularity": 0.0, "small_building_fraction": 0.0, "building_spacing_score": 0.8756068317810107, "footprint_irregularity": 0.4413151559628685, "building_density_norm": 0.01742267174566261, "building_irregularity_norm": 0.0, "small_building_fraction_norm": 0.0, "building_spacing_norm": 0.8756068317810107, "footprint_irregularity_norm": 0.4082303249406768, "impervious_fraction_norm": 0.07, "ndbi_norm": 0.16867108531591313, "imi": 0.00042324786772951484, "built_gate": false, "predicted_class": "open_vegetated", "informal_probability": 0.0, "confidence": 0.9882047176361084, "explanation": "built-up intensity: 0.17; impervious surface: 0.07; building density: 0.02; building irregularity: 0.00", "year": 2025, "cell_uid": "2025_80.27076_13.09857", "label": "open_vegetated"}, "geometry": {"type": "Polygon", "coordinates": [[[420900.0, 1448100.0], [420900.0, 1448200.0], [421000.0, 1448200.0], [421000.0, 1448100.0], [420900.0, 1448100.0]]]}}, {"id": "469", "type": "Feature", "properties": {"cell_id": 469, "row": 14, "col": 14, "cell_area_m2": 10000.0, "building_count": 0.0, "building_area": 0.0, "building_density": 0.0, "mean_building_area": 0.0, "footprint_cv": 0.0, "compactness": 0.0, "rectangularity": 0.0, "small_bldg_frac": 0.0, "mean_nn_dist": 100.0, "road_density": 0.0, "road_segments": 0.0, "dist_major_road": 268.1708613410724, "blue": 0.0, "green": 0.0, "red": 0.0, "nir": 0.0, "swir1": 0.0, "ndvi": 0.0, "ndbi": 0.0, "ndwi": 0.0, "vegetation_fraction": 0.0, "impervious_fraction": 0.0, "water_fraction": 0.0, "ndvi_std": 0.0, "ndbi_std": 0.0, "nir_std": 0.0, "open_space_fraction": 1.0, "building_irregularity": 0.0, "small_building_fraction": 0.0, "building_spacing_score": 0.7195837350260872, "footprint_irregularity": 1.0, "building_density_norm": 0.0, "building_irregularity_norm": 0.0, "small_building_fraction_norm": 0.0, "building_spacing_norm": 0.7195837350260872, "footprint_irregularity_norm": 1.0, "impervious_fraction_norm": 0.0, "ndbi_norm": 0.5781431462395603, "imi": 0.059135839343070984, "built_gate": false, "predicted_class": "sparse_low_development", "informal_probability": 0.0, "confidence": 0.9399369955062866, "explanation": "built-up intensity: 0.58; building density: 0.00; building irregularity: 0.00; impervious surface: 0.00", "year": 2025, "cell_uid": "2025_80.27169_13.09857", "label": "sparse_low_development"}, "geometry": {"type": "Polygon", "coordinates": [[[421000.0, 1448100.0], [421000.0, 1448200.0], [421100.0, 1448200.0], [421100.0, 1448100.0], [421000.0, 1448100.0]]]}}, {"id": "472", "type": "Feature", "properties": {"cell_id": 472, "row": 14, "col": 17, "cell_area_m2": 10000.0, "building_count": 0.0, "building_area": 0.0, "building_density": 0.0, "mean_building_area": 0.0, "footprint_cv": 0.0, "compactness": 0.0, "rectangularity": 0.0, "small_bldg_frac": 0.0, "mean_nn_dist": 100.0, "road_density": 582.6794105392225, "road_segments": 16.0, "dist_major_road": 81.36632353967417, "blue": 0.08089050000533461, "green": 0.09486250022426247, "red": 0.09911000031977892, "nir": 0.17297650050371885, "swir1": 0.20074000000953673, "ndvi": 0.27612803302705285, "ndbi": 0.08002702611498534, "ndwi": -0.29126173600554467, "vegetation_fraction": 0.16, "impervious_fraction": 0.29, "water_fraction": 0.0, "ndvi_std": 0.12963545747165742, "ndbi_std": 0.13261160585192086, "nir_std": 0.04654147160419198, "open_space_fraction": 1.0, "building_irregularity": 0.0, "small_building_fraction": 0.0, "building_spacing_score": 0.7195837350260872, "footprint_irregularity": 1.0, "building_density_norm": 0.0, "building_irregularity_norm": 0.0, "small_building_fraction_norm": 0.0, "building_spacing_norm": 0.7195837350260872, "footprint_irregularity_norm": 1.0, "impervious_fraction_norm": 0.29, "ndbi_norm": 0.7409536340758851, "imi": 0.860106348991394, "built_gate": false, "predicted_class": "informal", "informal_probability": 0.0, "confidence": 0.860106348991394, "explanation": "built-up intensity: 0.74; impervious surface: 0.29; building density: 0.00; building irregularity: 0.00", "year": 2025, "cell_uid": "2025_80.27445_13.09858", "label": "informal"}, "geometry": {"type": "Polygon", "coordinates": [[[421300.0, 1448100.0], [421300.0, 1448200.0], [421400.0, 1448200.0], [421400.0, 1448100.0], [421300.0, 1448100.0]]]}}, {"id": "491", "type": "Feature", "properties": {"cell_id": 491, "row": 15, "col": 0, "cell_area_m2": 2554.3152251222637, "building_count": 1.0, "building_area": 95.53684447934944, "building_density": 0.0374021356251269, "mean_building_area": 95.53684447934944, "footprint_cv": 0.0, "compactness": 0.7376638340957745, "rectangularity": 0.9992425247177101, "small_bldg_frac": 0.0, "mean_nn_dist": 31.55681665009972, "road_density": 75.8801114049287, "road_segments": 2.0, "dist_major_road": 19.692349365671475, "blue": 0.0, "green": 0.0, "red": 0.0, "nir": 0.0, "swir1": 0.0, "ndvi": 0.0, "ndbi": 0.0, "ndwi": 0.0, "vegetation_fraction": 0.0, "impervious_fraction": 0.0, "water_fraction": 0.0, "ndvi_std": 0.0, "ndbi_std": 0.0, "nir_std": 0.0, "open_space_fraction": 0.9625978643748732, "building_irregularity": 0.0, "small_building_fraction": 0.0, "building_spacing_score": 0.9126579164770044, "footprint_irregularity": 0.2623361659042255, "building_density_norm": 0.017784220349254927, "building_irregularity_norm": 0.0, "small_building_fraction_norm": 0.0, "building_spacing_norm": 0.9126579164770044, "footprint_irregularity_norm": 0.2186523546057419, "impervious_fraction_norm": 0.0, "ndbi_norm": 0.5781431462395603, "imi": 0.010988505557179451, "built_gate": false, "predicted_class": "sparse_low_development", "informal_probability": 0.0, "confidence": 0.9886666536331177, "explanation": "built-up intensity: 0.58; building density: 0.02; building irregularity: 0.00; impervious surface: 0.00", "year": 2025, "cell_uid": "2025_80.25912_13.09763", "label": "sparse_low_development"}, "geometry": {"type": "Polygon", "coordinates": [[[419700.0, 1448100.0], [419700.0, 1448000.0], [419674.3103315762, 1448000.0], [419674.60336392134, 1448100.0], [419700.0, 1448100.0]]]}}, {"id": "496", "type": "Feature", "properties": {"cell_id": 496, "row": 15, "col": 5, "cell_area_m2": 10000.0, "building_count": 3.0, "building_area": 480.00608494570497, "building_density": 0.048000608494570496, "mean_building_area": 160.00202831523498, "footprint_cv": 0.20506670318299325, "compactness": 0.5977826982732494, "rectangularity": 0.9987658641588579, "small_bldg_frac": 0.0, "mean_nn_dist": 27.816377233111925, "road_density": 407.7889663954149, "road_segments": 8.0, "dist_major_road": 93.48862042506165, "blue": 0.0, "green": 0.0, "red": 0.0, "nir": 0.0, "swir1": 0.0, "ndvi": 0.0, "ndbi": 0.0, "ndwi": 0.0, "vegetation_fraction": 0.0, "impervious_fraction": 0.0, "water_fraction": 0.0, "ndvi_std": 0.0, "ndbi_std": 0.0, "nir_std": 0.0, "open_space_fraction": 0.9519993915054294, "building_irregularity": 0.20506670318299325, "small_building_fraction": 0.0, "building_spacing_score": 0.9232094753518989, "footprint_irregularity": 0.40221730172675063, "building_density_norm": 0.022823653892968396, "building_irregularity_norm": 0.09271663521745037, "small_building_fraction_norm": 0.0, "building_spacing_norm": 0.9232094753518989, "footprint_irregularity_norm": 0.3668171297488514, "impervious_fraction_norm": 0.0, "ndbi_norm": 0.5781431462395603, "imi": 0.9621724486351013, "built_gate": true, "predicted_class": "informal", "informal_probability": 0.19234269884041724, "confidence": 0.9621724486351013, "explanation": "built-up intensity: 0.58; building irregularity: 0.09; building density: 0.02; impervious surface: 0.00", "year": 2025, "cell_uid": "2025_80.26339_13.09764", "label": "informal"}, "geometry": {"type": "Polygon", "coordinates": [[[420100.0, 1448000.0], [420100.0, 1448100.0], [420200.0, 1448100.0], [420200.0, 1448000.0], [420100.0, 1448000.0]]]}}, {"id": "499", "type": "Feature", "properties": {"cell_id": 499, "row": 15, "col": 8, "cell_area_m2": 10000.0, "building_count": 9.0, "building_area": 657.000922368146, "building_density": 0.0657000922368146, "mean_building_area": 73.00010248534956, "footprint_cv": 0.48608741748816314, "compactness": 0.7180890243554743, "rectangularity": 0.9975738831709418, "small_bldg_frac": 0.3333333333333333, "mean_nn_dist": 16.33794068662828, "road_density": 974.6579745908583, "road_segments": 40.0, "dist_major_road": 107.59394634904449, "blue": 0.0, "green": 0.0, "red": 0.0, "nir": 0.0, "swir1": 0.0, "ndvi": 0.0, "ndbi": 0.0, "ndwi": 0.0, "vegetation_fraction": 0.0, "impervious_fraction": 0.0, "water_fraction": 0.0, "ndvi_std": 0.0, "ndbi_std": 0.0, "nir_std": 0.0, "open_space_fraction": 0.9342999077631854, "building_irregularity": 0.48608741748816314, "small_building_fraction": 0.3333333333333333, "building_spacing_score": 0.9555894675158936, "footprint_irregularity": 0.2819109756445257, "building_density_norm": 0.031239524101424075, "building_irregularity_norm": 0.2197742932982412, "small_building_fraction_norm": 0.3333333333333333, "building_spacing_norm": 0.9555894675158936, "footprint_irregularity_norm": 0.2393863675702956, "impervious_fraction_norm": 0.0, "ndbi_norm": 0.5781431462395603, "imi": 0.9836328625679016, "built_gate": true, "predicted_class": "informal", "informal_probability": 0.2554738839411272, "confidence": 0.9836328625679016, "explanation": "built-up intensity: 0.58; building irregularity: 0.22; building density: 0.03; impervious surface: 0.00", "year": 2025, "cell_uid": "2025_80.26615_13.09765", "label": "informal"}, "geometry": {"type": "Polygon", "coordinates": [[[420400.0, 1448000.0], [420400.0, 1448100.0], [420500.0, 1448100.0], [420500.0, 1448000.0], [420400.0, 1448000.0]]]}}, {"id": "500", "type": "Feature", "properties": {"cell_id": 500, "row": 15, "col": 9, "cell_area_m2": 10000.0, "building_count": 4.0, "building_area": 256.4612686469216, "building_density": 0.02564612686469216, "mean_building_area": 64.1153171617304, "footprint_cv": 0.30157685320933714, "compactness": 0.7744837991745619, "rectangularity": 0.9994241773884054, "small_bldg_frac": 0.25, "mean_nn_dist": 14.9066455335825, "road_density": 706.4113974095058, "road_segments": 26.0, "dist_major_road": 83.30133060202061, "blue": 0.0, "green": 0.0, "red": 0.0, "nir": 0.0, "swir1": 0.0, "ndvi": 0.0, "ndbi": 0.0, "ndwi": 0.0, "vegetation_fraction": 0.0, "impervious_fraction": 0.0, "water_fraction": 0.0, "ndvi_std": 0.0, "ndbi_std": 0.0, "nir_std": 0.0, "open_space_fraction": 0.9743538731353079, "building_irregularity": 0.30157685320933714, "small_building_fraction": 0.25, "building_spacing_score": 0.9596270666830191, "footprint_irregularity": 0.2255162008254381, "building_density_norm": 0.012194393813176392, "building_irregularity_norm": 0.13635168779246062, "small_building_fraction_norm": 0.25, "building_spacing_norm": 0.9596270666830191, "footprint_irregularity_norm": 0.1796519431878845, "impervious_fraction_norm": 0.0, "ndbi_norm": 0.5781431462395603, "imi": 0.9821552634239197, "built_gate": true, "predicted_class": "informal", "informal_probability": 0.22146357986357146, "confidence": 0.9821552634239197, "explanation": "built-up intensity: 0.58; building irregularity: 0.14; building density: 0.01; impervious surface: 0.00", "year": 2025, "cell_uid": "2025_80.26708_13.09765", "label": "informal"}, "geometry": {"type": "Polygon", "coordinates": [[[420500.0, 1448000.0], [420500.0, 1448100.0], [420600.0, 1448100.0], [420600.0, 1448000.0], [420500.0, 1448000.0]]]}}, {"id": "501", "type": "Feature", "properties": {"cell_id": 501, "row": 15, "col": 10, "cell_area_m2": 10000.0, "building_count": 25.0, "building_area": 2152.0851171952454, "building_density": 0.21520851171952454, "mean_building_area": 86.08340468780982, "footprint_cv": 0.26842204707835154, "compactness": 0.768349329532279, "rectangularity": 0.9992410297787113, "small_bldg_frac": 0.0, "mean_nn_dist": 11.193177685495298, "road_density": 897.3065800138298, "road_segments": 30.0, "dist_major_road": 50.53228247775212, "blue": 0.0, "green": 0.0, "red": 0.0, "nir": 0.0, "swir1": 0.0, "ndvi": 0.0, "ndbi": 0.0, "ndwi": 0.0, "vegetation_fraction": 0.0, "impervious_fraction": 0.0, "water_fraction": 0.0, "ndvi_std": 0.0, "ndbi_std": 0.0, "nir_std": 0.0, "open_space_fraction": 0.7847914882804754, "building_irregularity": 0.26842204707835154, "small_building_fraction": 0.0, "building_spacing_score": 0.9701025403536163, "footprint_irregularity": 0.23165067046772103, "building_density_norm": 0.10232879832893901, "building_irregularity_norm": 0.12136143331409822, "small_building_fraction_norm": 0.0, "building_spacing_norm": 0.9701025403536163, "footprint_irregularity_norm": 0.18614969079213806, "impervious_fraction_norm": 0.0, "ndbi_norm": 0.5781431462395603, "imi": 0.97334223985672, "built_gate": true, "predicted_class": "informal", "informal_probability": 0.19728645917692306, "confidence": 0.97334223985672, "explanation": "built-up intensity: 0.58; building irregularity: 0.12; building density: 0.10; impervious surface: 0.00", "year": 2025, "cell_uid": "2025_80.26800_13.09766", "label": "informal"}, "geometry": {"type": "Polygon", "coordinates": [[[420600.0, 1448000.0], [420600.0, 1448100.0], [420700.0, 1448100.0], [420700.0, 1448000.0], [420600.0, 1448000.0]]]}}, {"id": "502", "type": "Feature", "properties": {"cell_id": 502, "row": 15, "col": 11, "cell_area_m2": 10000.0, "building_count": 0.0, "building_area": 0.0, "building_density": 0.0, "mean_building_area": 0.0, "footprint_cv": 0.0, "compactness": 0.0, "rectangularity": 0.0, "small_bldg_frac": 0.0, "mean_nn_dist": 100.0, "road_density": 138.32841698116556, "road_segments": 6.0, "dist_major_road": 47.437495663580506, "blue": 0.0, "green": 0.0, "red": 0.0, "nir": 0.0, "swir1": 0.0, "ndvi": 0.0, "ndbi": 0.0, "ndwi": 0.0, "vegetation_fraction": 0.0, "impervious_fraction": 0.0, "water_fraction": 0.0, "ndvi_std": 0.0, "ndbi_std": 0.0, "nir_std": 0.0, "open_space_fraction": 1.0, "building_irregularity": 0.0, "small_building_fraction": 0.0, "building_spacing_score": 0.7195837350260872, "footprint_irregularity": 1.0, "building_density_norm": 0.0, "building_irregularity_norm": 0.0, "small_building_fraction_norm": 0.0, "building_spacing_norm": 0.7195837350260872, "footprint_irregularity_norm": 1.0, "impervious_fraction_norm": 0.0, "ndbi_norm": 0.5781431462395603, "imi": 0.059135839343070984, "built_gate": false, "predicted_class": "sparse_low_development", "informal_probability": 0.0, "confidence": 0.9399369955062866, "explanation": "built-up intensity: 0.58; building density: 0.00; building irregularity: 0.00; impervious surface: 0.00", "year": 2025, "cell_uid": "2025_80.26892_13.09766", "label": "sparse_low_development"}, "geometry": {"type": "Polygon", "coordinates": [[[420700.0, 1448000.0], [420700.0, 1448100.0], [420800.0, 1448100.0], [420800.0, 1448000.0], [420700.0, 1448000.0]]]}}, {"id": "503", "type": "Feature", "properties": {"cell_id": 503, "row": 15, "col": 12, "cell_area_m2": 10000.0, "building_count": 2.0, "building_area": 619.6647298675504, "building_density": 0.06196647298675503, "mean_building_area": 309.8323649337752, "footprint_cv": 0.6654535421548624, "compactness": 0.5630380626584754, "rectangularity": 0.9979445348634659, "small_bldg_frac": 0.0, "mean_nn_dist": 38.14434047545295, "road_density": 0.0, "road_segments": 0.0, "dist_major_road": 144.8170436405935, "blue": 0.0, "green": 0.0, "red": 0.0, "nir": 0.0, "swir1": 0.0, "ndvi": 0.0, "ndbi": 0.0, "ndwi": 0.0, "vegetation_fraction": 0.0, "impervious_fraction": 0.0, "water_fraction": 0.0, "ndvi_std": 0.0, "ndbi_std": 0.0, "nir_std": 0.0, "open_space_fraction": 0.9380335270132449, "building_irregularity": 0.6654535421548624, "small_building_fraction": 0.0, "building_spacing_score": 0.8940749004903533, "footprint_irregularity": 0.43696193734152455, "building_density_norm": 0.029464237574772595, "building_irregularity_norm": 0.30087094766952616, "small_building_fraction_norm": 0.0, "building_spacing_norm": 0.8940749004903533, "footprint_irregularity_norm": 0.4036193124950918, "impervious_fraction_norm": 0.0, "ndbi_norm": 0.5781431462395603, "imi": 0.01525529008358717, "built_gate": false, "predicted_class": "sparse_low_development", "informal_probability": 0.0, "confidence": 0.9845033884048462, "explanation": "built-up intensity: 0.58; building irregularity: 0.30; building density: 0.03; impervious surface: 0.00", "year": 2025, "cell_uid": "2025_80.26984_13.09766", "label": "sparse_low_development"}, "geometry": {"type": "Polygon", "coordinates": [[[420800.0, 1448000.0], [420800.0, 1448100.0], [420900.0, 1448100.0], [420900.0, 1448000.0], [420800.0, 1448000.0]]]}}, {"id": "504", "type": "Feature", "properties": {"cell_id": 504, "row": 15, "col": 13, "cell_area_m2": 10000.0, "building_count": 1.0, "building_area": 279.5470071113492, "building_density": 0.02795470071113492, "mean_building_area": 279.5470071113492, "footprint_cv": 0.0, "compactness": 0.3588975497018605, "rectangularity": 0.5856557538541921, "small_bldg_frac": 0.0, "mean_nn_dist": 32.74427454453438, "road_density": 0.0, "road_segments": 0.0, "dist_major_road": 237.7958007855684, "blue": 0.0, "green": 0.0, "red": 0.0, "nir": 0.0, "swir1": 0.0, "ndvi": 0.0, "ndbi": 0.0, "ndwi": 0.0, "vegetation_fraction": 0.0, "impervious_fraction": 0.0, "water_fraction": 0.0, "ndvi_std": 0.0, "ndbi_std": 0.0, "nir_std": 0.0, "open_space_fraction": 0.9720452992888651, "building_irregularity": 0.0, "small_building_fraction": 0.0, "building_spacing_score": 0.9093081678277735, "footprint_irregularity": 0.6411024502981395, "building_density_norm": 0.013292090115579065, "building_irregularity_norm": 0.0, "small_building_fraction_norm": 0.0, "building_spacing_norm": 0.9093081678277735, "footprint_irregularity_norm": 0.61984884925115, "impervious_fraction_norm": 0.0, "ndbi_norm": 0.5781431462395603, "imi": 0.012715780176222324, "built_gate": false, "predicted_class": "sparse_low_development", "informal_probability": 0.0, "confidence": 0.9868850708007812, "explanation": "built-up intensity: 0.58; building density: 0.01; building irregularity: 0.00; impervious surface: 0.00", "year": 2025, "cell_uid": "2025_80.27077_13.09766", "label": "sparse_low_development"}, "geometry": {"type": "Polygon", "coordinates": [[[420900.0, 1448000.0], [420900.0, 1448100.0], [421000.0, 1448100.0], [421000.0, 1448000.0], [420900.0, 1448000.0]]]}}, {"id": "505", "type": "Feature", "properties": {"cell_id": 505, "row": 15, "col": 14, "cell_area_m2": 10000.0, "building_count": 1.0, "building_area": 418.1675381322524, "building_density": 0.04181675381322524, "mean_building_area": 418.1675381322524, "footprint_cv": 0.0, "compactness": 0.6560601786236183, "rectangularity": 0.9995346289258984, "small_bldg_frac": 0.0, "mean_nn_dist": 173.7421177345472, "road_density": 0.0, "road_segments": 0.0, "dist_major_road": 322.0437316128565, "blue": 0.0, "green": 0.0, "red": 0.0, "nir": 0.0, "swir1": 0.0, "ndvi": 0.0, "ndbi": 0.0, "ndwi": 0.0, "vegetation_fraction": 0.0, "impervious_fraction": 0.0, "water_fraction": 0.0, "ndvi_std": 0.0, "ndbi_std": 0.0, "nir_std": 0.0, "open_space_fraction": 0.9581832461867748, "building_irregularity": 0.0, "small_building_fraction": 0.0, "building_spacing_score": 0.5115615723620879, "footprint_irregularity": 0.3439398213763817, "building_density_norm": 0.019883312855679233, "building_irregularity_norm": 0.0, "small_building_fraction_norm": 0.0, "building_spacing_norm": 0.5115615723620879, "footprint_irregularity_norm": 0.3050885076494807, "impervious_fraction_norm": 0.0, "ndbi_norm": 0.5781431462395603, "imi": 0.055459026247262955, "built_gate": false, "predicted_class": "sparse_low_development", "informal_probability": 0.0, "confidence": 0.9431789517402649, "explanation": "built-up intensity: 0.58; building density: 0.02; building irregularity: 0.00; impervious surface: 0.00", "year": 2025, "cell_uid": "2025_80.27169_13.09767", "label": "sparse_low_development"}, "geometry": {"type": "Polygon", "coordinates": [[[421000.0, 1448000.0], [421000.0, 1448100.0], [421100.0, 1448100.0], [421100.0, 1448000.0], [421000.0, 1448000.0]]]}}, {"id": "506", "type": "Feature", "properties": {"cell_id": 506, "row": 15, "col": 15, "cell_area_m2": 10000.0, "building_count": 0.0, "building_area": 0.0, "building_density": 0.0, "mean_building_area": 0.0, "footprint_cv": 0.0, "compactness": 0.0, "rectangularity": 0.0, "small_bldg_frac": 0.0, "mean_nn_dist": 100.0, "road_density": 0.0, "road_segments": 0.0, "dist_major_road": 280.79746297142106, "blue": 0.0, "green": 0.0, "red": 0.0, "nir": 0.0, "swir1": 0.0, "ndvi": 0.0, "ndbi": 0.0, "ndwi": 0.0, "vegetation_fraction": 0.0, "impervious_fraction": 0.0, "water_fraction": 0.0, "ndvi_std": 0.0, "ndbi_std": 0.0, "nir_std": 0.0, "open_space_fraction": 1.0, "building_irregularity": 0.0, "small_building_fraction": 0.0, "building_spacing_score": 0.7195837350260872, "footprint_irregularity": 1.0, "building_density_norm": 0.0, "building_irregularity_norm": 0.0, "small_building_fraction_norm": 0.0, "building_spacing_norm": 0.7195837350260872, "footprint_irregularity_norm": 1.0, "impervious_fraction_norm": 0.0, "ndbi_norm": 0.5781431462395603, "imi": 0.059135839343070984, "built_gate": false, "predicted_class": "sparse_low_development", "informal_probability": 0.0, "confidence": 0.9399369955062866, "explanation": "built-up intensity: 0.58; building density: 0.00; building irregularity: 0.00; impervious surface: 0.00", "year": 2025, "cell_uid": "2025_80.27261_13.09767", "label": "sparse_low_development"}, "geometry": {"type": "Polygon", "coordinates": [[[421100.0, 1448000.0], [421100.0, 1448100.0], [421200.0, 1448100.0], [421200.0, 1448000.0], [421100.0, 1448000.0]]]}}, {"id": "507", "type": "Feature", "properties": {"cell_id": 507, "row": 15, "col": 16, "cell_area_m2": 10000.0, "building_count": 0.0, "building_area": 0.0, "building_density": 0.0, "mean_building_area": 0.0, "footprint_cv": 0.0, "compactness": 0.0, "rectangularity": 0.0, "small_bldg_frac": 0.0, "mean_nn_dist": 100.0, "road_density": 200.07425815369538, "road_segments": 2.0, "dist_major_road": 180.7990628450412, "blue": 0.0, "green": 0.0, "red": 0.0, "nir": 0.0, "swir1": 0.0, "ndvi": 0.0, "ndbi": 0.0, "ndwi": 0.0, "vegetation_fraction": 0.0, "impervious_fraction": 0.0, "water_fraction": 0.0, "ndvi_std": 0.0, "ndbi_std": 0.0, "nir_std": 0.0, "open_space_fraction": 1.0, "building_irregularity": 0.0, "small_building_fraction": 0.0, "building_spacing_score": 0.7195837350260872, "footprint_irregularity": 1.0, "building_density_norm": 0.0, "building_irregularity_norm": 0.0, "small_building_fraction_norm": 0.0, "building_spacing_norm": 0.7195837350260872, "footprint_irregularity_norm": 1.0, "impervious_fraction_norm": 0.0, "ndbi_norm": 0.5781431462395603, "imi": 0.059135839343070984, "built_gate": false, "predicted_class": "sparse_low_development", "informal_probability": 0.0, "confidence": 0.9399369955062866, "explanation": "built-up intensity: 0.58; building density: 0.00; building irregularity: 0.00; impervious surface: 0.00", "year": 2025, "cell_uid": "2025_80.27353_13.09767", "label": "sparse_low_development"}, "geometry": {"type": "Polygon", "coordinates": [[[421200.0, 1448000.0], [421200.0, 1448100.0], [421300.0, 1448100.0], [421300.0, 1448000.0], [421200.0, 1448000.0]]]}}, {"id": "508", "type": "Feature", "properties": {"cell_id": 508, "row": 15, "col": 17, "cell_area_m2": 10000.0, "building_count": 0.0, "building_area": 0.0, "building_density": 0.0, "mean_building_area": 0.0, "footprint_cv": 0.0, "compactness": 0.0, "rectangularity": 0.0, "small_bldg_frac": 0.0, "mean_nn_dist": 100.0, "road_density": 600.090626552123, "road_segments": 6.0, "dist_major_road": 80.80066271866131, "blue": 0.0, "green": 0.0, "red": 0.0, "nir": 0.0, "swir1": 0.0, "ndvi": 0.0, "ndbi": 0.0, "ndwi": 0.0, "vegetation_fraction": 0.0, "impervious_fraction": 0.0, "water_fraction": 0.0, "ndvi_std": 0.0, "ndbi_std": 0.0, "nir_std": 0.0, "open_space_fraction": 1.0, "building_irregularity": 0.0, "small_building_fraction": 0.0, "building_spacing_score": 0.7195837350260872, "footprint_irregularity": 1.0, "building_density_norm": 0.0, "building_irregularity_norm": 0.0, "small_building_fraction_norm": 0.0, "building_spacing_norm": 0.7195837350260872, "footprint_irregularity_norm": 1.0, "impervious_fraction_norm": 0.0, "ndbi_norm": 0.5781431462395603, "imi": 0.059135839343070984, "built_gate": false, "predicted_class": "sparse_low_development", "informal_probability": 0.0, "confidence": 0.9399369955062866, "explanation": "built-up intensity: 0.58; building density: 0.00; building irregularity: 0.00; impervious surface: 0.00", "year": 2025, "cell_uid": "2025_80.27446_13.09767", "label": "informal"}, "geometry": {"type": "Polygon", "coordinates": [[[421300.0, 1448000.0], [421300.0, 1448100.0], [421400.0, 1448100.0], [421400.0, 1448000.0], [421300.0, 1448000.0]]]}}, {"id": "527", "type": "Feature", "properties": {"cell_id": 527, "row": 16, "col": 0, "cell_area_m2": 2583.6184596380917, "building_count": 0.0, "building_area": 0.0, "building_density": 0.0, "mean_building_area": 0.0, "footprint_cv": 0.0, "compactness": 0.0, "rectangularity": 0.0, "small_bldg_frac": 0.0, "mean_nn_dist": 100.0, "road_density": 940.3417443037267, "road_segments": 10.0, "dist_major_road": 4.488902222970482, "blue": 0.06584666663159927, "green": 0.08956999989847342, "red": 0.08135999987522761, "nir": 0.2921600009004275, "swir1": 0.22561999956766765, "ndvi": 0.5782048026720683, "ndbi": -0.12759603677938383, "ndwi": -0.5409321889281273, "vegetation_fraction": 0.9, "impervious_fraction": 0.0, "water_fraction": 0.0, "ndvi_std": 0.136610933759221, "ndbi_std": 0.044331131339342314, "nir_std": 0.02883579612721018, "open_space_fraction": 1.0, "building_irregularity": 0.0, "small_building_fraction": 0.0, "building_spacing_score": 0.7195837350260872, "footprint_irregularity": 1.0, "building_density_norm": 0.0, "building_irregularity_norm": 0.0, "small_building_fraction_norm": 0.0, "building_spacing_norm": 0.7195837350260872, "footprint_irregularity_norm": 1.0, "impervious_fraction_norm": 0.0, "ndbi_norm": 0.3185561791544106, "imi": 0.00013122661039233208, "built_gate": false, "predicted_class": "open_vegetated", "informal_probability": 0.0, "confidence": 0.999582827091217, "explanation": "built-up intensity: 0.32; building density: 0.00; building irregularity: 0.00; impervious surface: 0.00", "year": 2025, "cell_uid": "2025_80.25912_13.09673", "label": "open_vegetated"}, "geometry": {"type": "Polygon", "coordinates": [[[419700.0, 1448000.0], [419700.0, 1447900.0], [419674.017299231, 1447900.0], [419674.3103315762, 1448000.0], [419700.0, 1448000.0]]]}}, {"id": "534", "type": "Feature", "properties": {"cell_id": 534, "row": 16, "col": 7, "cell_area_m2": 10000.0, "building_count": 5.0, "building_area": 326.0289884810058, "building_density": 0.03260289884810058, "mean_building_area": 65.20579769620116, "footprint_cv": 0.40228706042373336, "compactness": 0.7268226775017694, "rectangularity": 0.9982650262430418, "small_bldg_frac": 0.4, "mean_nn_dist": 27.518432726110326, "road_density": 990.7077694938117, "road_segments": 42.0, "dist_major_road": 107.51965970955831, "blue": 0.10555800024420023, "green": 0.1268259999155998, "red": 0.134025999866426, "nir": 0.2287699994444847, "swir1": 0.2551160025596619, "ndvi": 0.25930301543325185, "ndbi": 0.06072906603454612, "ndwi": -0.28312989868223665, "vegetation_fraction": 0.23, "impervious_fraction": 0.46, "water_fraction": 0.0, "ndvi_std": 0.16979673534531212, "ndbi_std": 0.09154348277760538, "nir_std": 0.04092633659507146, "open_space_fraction": 0.9673971011518994, "building_irregularity": 0.40228706042373336, "small_building_fraction": 0.4, "building_spacing_score": 0.9240499592246761, "footprint_irregularity": 0.27317732249823057, "building_density_norm": 0.015502246795489586, "building_irregularity_norm": 0.18188570867462497, "small_building_fraction_norm": 0.4, "building_spacing_norm": 0.9240499592246761, "footprint_irregularity_norm": 0.23013551507335472, "impervious_fraction_norm": 0.46, "ndbi_norm": 0.701693018662939, "imi": 0.9956071972846985, "built_gate": true, "predicted_class": "informal", "informal_probability": 0.3190083925604738, "confidence": 0.9956071972846985, "explanation": "built-up intensity: 0.70; impervious surface: 0.46; building irregularity: 0.18; building density: 0.02", "year": 2025, "cell_uid": "2025_80.26523_13.09674", "label": "informal"}, "geometry": {"type": "Polygon", "coordinates": [[[420300.0, 1447900.0], [420300.0, 1448000.0], [420400.0, 1448000.0], [420400.0, 1447900.0], [420300.0, 1447900.0]]]}}, {"id": "535", "type": "Feature", "properties": {"cell_id": 535, "row": 16, "col": 8, "cell_area_m2": 10000.0, "building_count": 6.0, "building_area": 1260.2792596948693, "building_density": 0.12602792596948692, "mean_building_area": 210.0465432824782, "footprint_cv": 1.7479914475756362, "compactness": 0.7062864392459701, "rectangularity": 0.978300965100174, "small_bldg_frac": 0.3333333333333333, "mean_nn_dist": 22.1683826108824, "road_density": 1044.7210935732214, "road_segments": 32.0, "dist_major_road": 169.33457634620473, "blue": 0.1312185001373291, "green": 0.14803700074553489, "red": 0.16666199937462806, "nir": 0.21183499932289124, "swir1": 0.26761800050735474, "ndvi": 0.12046176224946975, "ndbi": 0.11847722511738538, "ndwi": -0.17848570182919501, "vegetation_fraction": 0.0, "impervious_fraction": 0.87, "water_fraction": 0.0, "ndvi_std": 0.06416615381812218, "ndbi_std": 0.052031306064515934, "nir_std": 0.02249619527019286, "open_space_fraction": 0.873972074030513, "building_irregularity": 1.7479914475756362, "small_building_fraction": 0.3333333333333333, "building_spacing_score": 0.9391421348974274, "footprint_irregularity": 0.2937135607540299, "building_density_norm": 0.059924610403669656, "building_irregularity_norm": 0.790317896043174, "small_building_fraction_norm": 0.3333333333333333, "building_spacing_norm": 0.9391421348974274, "footprint_irregularity_norm": 0.2518878915147094, "impervious_fraction_norm": 0.87, "ndbi_norm": 0.8191784033930632, "imi": 0.9984720349311829, "built_gate": true, "predicted_class": "informal", "informal_probability": 0.46380154356469705, "confidence": 0.9984720349311829, "explanation": "impervious surface: 0.87; built-up intensity: 0.82; building irregularity: 0.79; building density: 0.06", "year": 2025, "cell_uid": "2025_80.26616_13.09675", "label": "informal"}, "geometry": {"type": "Polygon", "coordinates": [[[420400.0, 1447900.0], [420400.0, 1448000.0], [420500.0, 1448000.0], [420500.0, 1447900.0], [420400.0, 1447900.0]]]}}, {"id": "536", "type": "Feature", "properties": {"cell_id": 536, "row": 16, "col": 9, "cell_area_m2": 10000.0, "building_count": 12.0, "building_area": 724.9758691604735, "building_density": 0.07249758691604735, "mean_building_area": 60.41465576337279, "footprint_cv": 0.40964317278216844, "compactness": 0.7546151579507009, "rectangularity": 0.998995921243469, "small_bldg_frac": 0.5, "mean_nn_dist": 10.964692243344132, "road_density": 1245.3457258904427, "road_segments": 50.0, "dist_major_road": 166.51710276102762, "blue": 0.12028650008141994, "green": 0.13852800101041793, "red": 0.15228899985551833, "nir": 0.21798899993300438, "swir1": 0.26216799676418306, "ndvi": 0.1833591965958476, "ndbi": 0.09322525401599706, "ndwi": -0.22710208527743816, "vegetation_fraction": 0.09, "impervious_fraction": 0.7, "water_fraction": 0.0, "ndvi_std": 0.12244834674029167, "ndbi_std": 0.05292385666637168, "nir_std": 0.01940949262094823, "open_space_fraction": 0.9275024130839526, "building_irregularity": 0.40964317278216844, "small_building_fraction": 0.5, "building_spacing_score": 0.9707470843031761, "footprint_irregularity": 0.2453848420492991, "building_density_norm": 0.03447164283416163, "building_irregularity_norm": 0.1852116215389235, "small_building_fraction_norm": 0.5, "building_spacing_norm": 0.9707470843031761, "footprint_irregularity_norm": 0.20069718808114503, "impervious_fraction_norm": 0.7, "ndbi_norm": 0.767804687119531, "imi": 0.9987571239471436, "built_gate": true, "predicted_class": "informal", "informal_probability": 0.374703324933593, "confidence": 0.9987571239471436, "explanation": "built-up intensity: 0.77; impervious surface: 0.70; building irregularity: 0.19; building density: 0.03", "year": 2025, "cell_uid": "2025_80.26708_13.09675", "label": "informal"}, "geometry": {"type": "Polygon", "coordinates": [[[420500.0, 1447900.0], [420500.0, 1448000.0], [420600.0, 1448000.0], [420600.0, 1447900.0], [420500.0, 1447900.0]]]}}, {"id": "537", "type": "Feature", "properties": {"cell_id": 537, "row": 16, "col": 10, "cell_area_m2": 10000.0, "building_count": 27.0, "building_area": 1888.1865651028345, "building_density": 0.18881865651028346, "mean_building_area": 69.93283574454942, "footprint_cv": 0.2489333994388138, "compactness": 0.7625736081601656, "rectangularity": 0.9989056178848174, "small_bldg_frac": 0.1111111111111111, "mean_nn_dist": 10.281056366912527, "road_density": 850.5333013234285, "road_segments": 24.0, "dist_major_road": 67.25211044631334, "blue": 0.0975260004773736, "green": 0.12466950044035911, "red": 0.16064750000834466, "nir": 0.21842199981212615, "swir1": 0.273685998916626, "ndvi": 0.15702531643211842, "ndbi": 0.11615881205769256, "ndwi": -0.2663142840564251, "vegetation_fraction": 0.04, "impervious_fraction": 0.78, "water_fraction": 0.0, "ndvi_std": 0.09939994651871595, "ndbi_std": 0.05463548767951934, "nir_std": 0.04619958960754563, "open_space_fraction": 0.8111813434897166, "building_irregularity": 0.2489333994388138, "small_building_fraction": 0.1111111111111111, "building_spacing_score": 0.9726755807697669, "footprint_irregularity": 0.23742639183983438, "building_density_norm": 0.0897807715336246, "building_irregularity_norm": 0.11255004752581634, "small_building_fraction_norm": 0.1111111111111111, "building_spacing_norm": 0.9726755807697669, "footprint_irregularity_norm": 0.19226744536537926, "impervious_fraction_norm": 0.78, "ndbi_norm": 0.8144617222969501, "imi": 0.9984720349311829, "built_gate": true, "predicted_class": "informal", "informal_probability": 0.3249465637047152, "confidence": 0.9984720349311829, "explanation": "built-up intensity: 0.81; impervious surface: 0.78; building irregularity: 0.11; building density: 0.09", "year": 2025, "cell_uid": "2025_80.26800_13.09675", "label": "informal"}, "geometry": {"type": "Polygon", "coordinates": [[[420600.0, 1447900.0], [420600.0, 1448000.0], [420700.0, 1448000.0], [420700.0, 1447900.0], [420600.0, 1447900.0]]]}}, {"id": "539", "type": "Feature", "properties": {"cell_id": 539, "row": 16, "col": 12, "cell_area_m2": 10000.0, "building_count": 1.0, "building_area": 173.23186168044785, "building_density": 0.017323186168044784, "mean_building_area": 173.23186168044785, "footprint_cv": 0.0, "compactness": 0.2662360320389108, "rectangularity": 0.9985091907177753, "small_bldg_frac": 0.0, "mean_nn_dist": 12.111255615360578, "road_density": 0.0, "road_segments": 0.0, "dist_major_road": 132.26460165737367, "blue": 0.0939504998922348, "green": 0.10790349997580051, "red": 0.10183700013905764, "nir": 0.26731699988245966, "swir1": 0.252888001203537, "ndvi": 0.4644797102361917, "ndbi": -0.03209050775971264, "ndwi": -0.43420151330530643, "vegetation_fraction": 0.59, "impervious_fraction": 0.16, "water_fraction": 0.0, "ndvi_std": 0.2285759822607113, "ndbi_std": 0.13472273926892542, "nir_std": 0.04401887510200888, "open_space_fraction": 0.9826768138319553, "building_irregularity": 0.0, "small_building_fraction": 0.0, "building_spacing_score": 0.9675126966885328, "footprint_irregularity": 0.7337639679610892, "building_density_norm": 0.008236945693462077, "building_irregularity_norm": 0.0, "small_building_fraction_norm": 0.0, "building_spacing_norm": 0.9675126966885328, "footprint_irregularity_norm": 0.7179977014764363, "impervious_fraction_norm": 0.16, "ndbi_norm": 0.5128568113985379, "imi": 0.0006736241630278528, "built_gate": false, "predicted_class": "sparse_low_development", "informal_probability": 0.0, "confidence": 0.9973158240318298, "explanation": "built-up intensity: 0.51; impervious surface: 0.16; building density: 0.01; building irregularity: 0.00", "year": 2025, "cell_uid": "2025_80.26985_13.09676", "label": "sparse_low_development"}, "geometry": {"type": "Polygon", "coordinates": [[[420800.0, 1447900.0], [420800.0, 1448000.0], [420900.0, 1448000.0], [420900.0, 1447900.0], [420800.0, 1447900.0]]]}}, {"id": "540", "type": "Feature", "properties": {"cell_id": 540, "row": 16, "col": 13, "cell_area_m2": 10000.0, "building_count": 0.0, "building_area": 0.0, "building_density": 0.0, "mean_building_area": 0.0, "footprint_cv": 0.0, "compactness": 0.0, "rectangularity": 0.0, "small_bldg_frac": 0.0, "mean_nn_dist": 100.0, "road_density": 0.0, "road_segments": 0.0, "dist_major_road": 232.15033995719924, "blue": 0.09775800017639995, "green": 0.11698600012809038, "red": 0.10892300026491285, "nir": 0.30140199869871137, "swir1": 0.25044000029563906, "ndvi": 0.5022597898822277, "ndbi": -0.0993377655884251, "ndwi": -0.4616795340180397, "vegetation_fraction": 0.59, "impervious_fraction": 0.22, "water_fraction": 0.0, "ndvi_std": 0.29856286711748453, "ndbi_std": 0.17387417911490288, "nir_std": 0.0504084454738471, "open_space_fraction": 1.0, "building_irregularity": 0.0, "small_building_fraction": 0.0, "building_spacing_score": 0.7195837350260872, "footprint_irregularity": 1.0, "building_density_norm": 0.0, "building_irregularity_norm": 0.0, "small_building_fraction_norm": 0.0, "building_spacing_norm": 0.7195837350260872, "footprint_irregularity_norm": 1.0, "impervious_fraction_norm": 0.22, "ndbi_norm": 0.3760460440333161, "imi": 0.0009983874624595046, "built_gate": false, "predicted_class": "sparse_low_development", "informal_probability": 0.0, "confidence": 0.9537917375564575, "explanation": "built-up intensity: 0.38; impervious surface: 0.22; building density: 0.00; building irregularity: 0.00", "year": 2025, "cell_uid": "2025_80.27077_13.09676", "label": "sparse_low_development"}, "geometry": {"type": "Polygon", "coordinates": [[[420900.0, 1447900.0], [420900.0, 1448000.0], [421000.0, 1448000.0], [421000.0, 1447900.0], [420900.0, 1447900.0]]]}}, {"id": "541", "type": "Feature", "properties": {"cell_id": 541, "row": 16, "col": 14, "cell_area_m2": 10000.0, "building_count": 0.0, "building_area": 0.0, "building_density": 0.0, "mean_building_area": 0.0, "footprint_cv": 0.0, "compactness": 0.0, "rectangularity": 0.0, "small_bldg_frac": 0.0, "mean_nn_dist": 100.0, "road_density": 0.0, "road_segments": 0.0, "dist_major_road": 332.0931255676084, "blue": 0.0, "green": 0.0, "red": 0.0, "nir": 0.0, "swir1": 0.0, "ndvi": 0.0, "ndbi": 0.0, "ndwi": 0.0, "vegetation_fraction": 0.0, "impervious_fraction": 0.0, "water_fraction": 0.0, "ndvi_std": 0.0, "ndbi_std": 0.0, "nir_std": 0.0, "open_space_fraction": 1.0, "building_irregularity": 0.0, "small_building_fraction": 0.0, "building_spacing_score": 0.7195837350260872, "footprint_irregularity": 1.0, "building_density_norm": 0.0, "building_irregularity_norm": 0.0, "small_building_fraction_norm": 0.0, "building_spacing_norm": 0.7195837350260872, "footprint_irregularity_norm": 1.0, "impervious_fraction_norm": 0.0, "ndbi_norm": 0.5781431462395603, "imi": 0.059135839343070984, "built_gate": false, "predicted_class": "sparse_low_development", "informal_probability": 0.0, "confidence": 0.9399369955062866, "explanation": "built-up intensity: 0.58; building density: 0.00; building irregularity: 0.00; impervious surface: 0.00", "year": 2025, "cell_uid": "2025_80.27169_13.09676", "label": "sparse_low_development"}, "geometry": {"type": "Polygon", "coordinates": [[[421000.0, 1447900.0], [421000.0, 1448000.0], [421100.0, 1448000.0], [421100.0, 1447900.0], [421000.0, 1447900.0]]]}}, {"id": "544", "type": "Feature", "properties": {"cell_id": 544, "row": 16, "col": 17, "cell_area_m2": 10000.0, "building_count": 0.0, "building_area": 0.0, "building_density": 0.0, "mean_building_area": 0.0, "footprint_cv": 0.0, "compactness": 0.0, "rectangularity": 0.0, "small_bldg_frac": 0.0, "mean_nn_dist": 100.0, "road_density": 625.7263136113975, "road_segments": 12.0, "dist_major_road": 80.18785432698563, "blue": 0.08202300027012825, "green": 0.09525549996644259, "red": 0.10120900025591255, "nir": 0.15769150000065565, "swir1": 0.186217999458313, "ndvi": 0.2136274405196309, "ndbi": 0.10502809276920744, "ndwi": -0.23480595514178276, "vegetation_fraction": 0.11, "impervious_fraction": 0.56, "water_fraction": 0.0, "ndvi_std": 0.13227094648967377, "ndbi_std": 0.12338964593849297, "nir_std": 0.058242365074967356, "open_space_fraction": 1.0, "building_irregularity": 0.0, "small_building_fraction": 0.0, "building_spacing_score": 0.7195837350260872, "footprint_irregularity": 1.0, "building_density_norm": 0.0, "building_irregularity_norm": 0.0, "small_building_fraction_norm": 0.0, "building_spacing_norm": 0.7195837350260872, "footprint_irregularity_norm": 1.0, "impervious_fraction_norm": 0.56, "ndbi_norm": 0.7918168993502167, "imi": 0.9927623867988586, "built_gate": false, "predicted_class": "informal", "informal_probability": 0.0, "confidence": 0.9927623867988586, "explanation": "built-up intensity: 0.79; impervious surface: 0.56; building density: 0.00; building irregularity: 0.00", "year": 2025, "cell_uid": "2025_80.27446_13.09677", "label": "informal"}, "geometry": {"type": "Polygon", "coordinates": [[[421300.0, 1447900.0], [421300.0, 1448000.0], [421400.0, 1448000.0], [421400.0, 1447900.0], [421300.0, 1447900.0]]]}}, {"id": "570", "type": "Feature", "properties": {"cell_id": 570, "row": 17, "col": 7, "cell_area_m2": 10000.0, "building_count": 5.0, "building_area": 518.9081544297819, "building_density": 0.05189081544297819, "mean_building_area": 103.78163088595639, "footprint_cv": 0.36551962162531604, "compactness": 0.7283677102772641, "rectangularity": 0.9966930829022855, "small_bldg_frac": 0.2, "mean_nn_dist": 16.57900593829006, "road_density": 476.30192239681503, "road_segments": 10.0, "dist_major_road": 29.36770758687098, "blue": 0.09986500054597855, "green": 0.12163249984383583, "red": 0.13400699939578772, "nir": 0.2199529993534088, "swir1": 0.2523879998922348, "ndvi": 0.24935097578912974, "ndbi": 0.06895062309049535, "ndwi": -0.2909446119517088, "vegetation_fraction": 0.15, "impervious_fraction": 0.46, "water_fraction": 0.0, "ndvi_std": 0.12408045827496, "ndbi_std": 0.05978585038501002, "nir_std": 0.026101454837180914, "open_space_fraction": 0.9481091845570218, "building_irregularity": 0.36551962162531604, "small_building_fraction": 0.2, "building_spacing_score": 0.9549094366660292, "footprint_irregularity": 0.2716322897227359, "building_density_norm": 0.02467339579723032, "building_irregularity_norm": 0.16526207764121056, "small_building_fraction_norm": 0.2, "building_spacing_norm": 0.9549094366660292, "footprint_irregularity_norm": 0.22849898679937541, "impervious_fraction_norm": 0.46, "ndbi_norm": 0.7184193145161674, "imi": 0.9998519420623779, "built_gate": true, "predicted_class": "informal", "informal_probability": 0.29059228962110484, "confidence": 0.9998519420623779, "explanation": "built-up intensity: 0.72; impervious surface: 0.46; building irregularity: 0.17; building density: 0.02", "year": 2025, "cell_uid": "2025_80.26524_13.09584", "label": "informal"}, "geometry": {"type": "Polygon", "coordinates": [[[420300.0, 1447800.0], [420300.0, 1447900.0], [420400.0, 1447900.0], [420400.0, 1447800.0], [420300.0, 1447800.0]]]}}, {"id": "574", "type": "Feature", "properties": {"cell_id": 574, "row": 17, "col": 11, "cell_area_m2": 10000.0, "building_count": 0.0, "building_area": 0.0, "building_density": 0.0, "mean_building_area": 0.0, "footprint_cv": 0.0, "compactness": 0.0, "rectangularity": 0.0, "small_bldg_frac": 0.0, "mean_nn_dist": 100.0, "road_density": 200.1093127774708, "road_segments": 2.0, "dist_major_road": 31.518518402582597, "blue": 0.06625500006601215, "green": 0.08862000025808811, "red": 0.09736149977892637, "nir": 0.22016799971461296, "swir1": 0.21202000081539155, "ndvi": 0.37937864758074286, "ndbi": -0.005271558094536885, "ndwi": -0.410107557028532, "vegetation_fraction": 0.41, "impervious_fraction": 0.28, "water_fraction": 0.0, "ndvi_std": 0.20983564380172548, "ndbi_std": 0.1214205256420316, "nir_std": 0.05726410495578517, "open_space_fraction": 1.0, "building_irregularity": 0.0, "small_building_fraction": 0.0, "building_spacing_score": 0.7195837350260872, "footprint_irregularity": 1.0, "building_density_norm": 0.0, "building_irregularity_norm": 0.0, "small_building_fraction_norm": 0.0, "building_spacing_norm": 0.7195837350260872, "footprint_irregularity_norm": 1.0, "impervious_fraction_norm": 0.28, "ndbi_norm": 0.5674184575100816, "imi": 0.001699669286608696, "built_gate": false, "predicted_class": "sparse_low_development", "informal_probability": 0.0, "confidence": 0.9981645941734314, "explanation": "built-up intensity: 0.57; impervious surface: 0.28; building density: 0.00; building irregularity: 0.00", "year": 2025, "cell_uid": "2025_80.26893_13.09585", "label": "sparse_low_development"}, "geometry": {"type": "Polygon", "coordinates": [[[420700.0, 1447800.0], [420700.0, 1447900.0], [420800.0, 1447900.0], [420800.0, 1447800.0], [420700.0, 1447800.0]]]}}, {"id": "577", "type": "Feature", "properties": {"cell_id": 577, "row": 17, "col": 14, "cell_area_m2": 10000.0, "building_count": 0.0, "building_area": 0.0, "building_density": 0.0, "mean_building_area": 0.0, "footprint_cv": 0.0, "compactness": 0.0, "rectangularity": 0.0, "small_bldg_frac": 0.0, "mean_nn_dist": 100.0, "road_density": 0.0, "road_segments": 0.0, "dist_major_road": 266.88211890343723, "blue": 0.0, "green": 0.0, "red": 0.0, "nir": 0.0, "swir1": 0.0, "ndvi": 0.0, "ndbi": 0.0, "ndwi": 0.0, "vegetation_fraction": 0.0, "impervious_fraction": 0.0, "water_fraction": 0.0, "ndvi_std": 0.0, "ndbi_std": 0.0, "nir_std": 0.0, "open_space_fraction": 1.0, "building_irregularity": 0.0, "small_building_fraction": 0.0, "building_spacing_score": 0.7195837350260872, "footprint_irregularity": 1.0, "building_density_norm": 0.0, "building_irregularity_norm": 0.0, "small_building_fraction_norm": 0.0, "building_spacing_norm": 0.7195837350260872, "footprint_irregularity_norm": 1.0, "impervious_fraction_norm": 0.0, "ndbi_norm": 0.5781431462395603, "imi": 0.059135839343070984, "built_gate": false, "predicted_class": "sparse_low_development", "informal_probability": 0.0, "confidence": 0.9399369955062866, "explanation": "built-up intensity: 0.58; building density: 0.00; building irregularity: 0.00; impervious surface: 0.00", "year": 2025, "cell_uid": "2025_80.27169_13.09586", "label": "sparse_low_development"}, "geometry": {"type": "Polygon", "coordinates": [[[421000.0, 1447800.0], [421000.0, 1447900.0], [421100.0, 1447900.0], [421100.0, 1447800.0], [421000.0, 1447800.0]]]}}, {"id": "579", "type": "Feature", "properties": {"cell_id": 579, "row": 17, "col": 16, "cell_area_m2": 10000.0, "building_count": 2.0, "building_area": 2069.8354307121044, "building_density": 0.20698354307121045, "mean_building_area": 1034.9177153560522, "footprint_cv": 1.0999651964654045, "compactness": 0.4351279309031673, "rectangularity": 0.929829890623521, "small_bldg_frac": 0.0, "mean_nn_dist": 40.53935718235501, "road_density": 200.0005465405677, "road_segments": 2.0, "dist_major_road": 179.66727984799778, "blue": 0.10423050018027424, "green": 0.11350150000303984, "red": 0.1075124997086823, "nir": 0.2219249989837408, "swir1": 0.22244199812412263, "ndvi": 0.3605822977796197, "ndbi": 0.008594102872302755, "ndwi": -0.3344672677665949, "vegetation_fraction": 0.36, "impervious_fraction": 0.18, "water_fraction": 0.0, "ndvi_std": 0.18338271982967147, "ndbi_std": 0.17192552852718773, "nir_std": 0.06843481198631145, "open_space_fraction": 0.7930164569287895, "building_irregularity": 1.0999651964654045, "small_building_fraction": 0.0, "building_spacing_score": 0.8873186996882605, "footprint_irregularity": 0.5648720690968327, "building_density_norm": 0.09841793462122432, "building_irregularity_norm": 0.49732633474663446, "small_building_fraction_norm": 0.0, "building_spacing_norm": 0.8873186996882605, "footprint_irregularity_norm": 0.5391041711117383, "impervious_fraction_norm": 0.18, "ndbi_norm": 0.5956273656224566, "imi": 0.0035570019390434027, "built_gate": false, "predicted_class": "sparse_low_development", "informal_probability": 0.0, "confidence": 0.9963261485099792, "explanation": "built-up intensity: 0.60; building irregularity: 0.50; impervious surface: 0.18; building density: 0.10", "year": 2025, "cell_uid": "2025_80.27354_13.09586", "label": "sparse_low_development"}, "geometry": {"type": "Polygon", "coordinates": [[[421200.0, 1447800.0], [421200.0, 1447900.0], [421300.0, 1447900.0], [421300.0, 1447800.0], [421200.0, 1447800.0]]]}}, {"id": "580", "type": "Feature", "properties": {"cell_id": 580, "row": 17, "col": 17, "cell_area_m2": 10000.0, "building_count": 0.0, "building_area": 0.0, "building_density": 0.0, "mean_building_area": 0.0, "footprint_cv": 0.0, "compactness": 0.0, "rectangularity": 0.0, "small_bldg_frac": 0.0, "mean_nn_dist": 100.0, "road_density": 529.7306274376505, "road_segments": 14.0, "dist_major_road": 79.66847076864863, "blue": 0.07991900015622377, "green": 0.09337149975821375, "red": 0.10119350012391806, "nir": 0.1744864996895194, "swir1": 0.1953360006213188, "ndvi": 0.2568568494915962, "ndbi": 0.07935696953325533, "ndwi": -0.28616761408746244, "vegetation_fraction": 0.17, "impervious_fraction": 0.49, "water_fraction": 0.0, "ndvi_std": 0.15874630847207552, "ndbi_std": 0.13705280513999865, "nir_std": 0.06406661111843241, "open_space_fraction": 1.0, "building_irregularity": 0.0, "small_building_fraction": 0.0, "building_spacing_score": 0.7195837350260872, "footprint_irregularity": 1.0, "building_density_norm": 0.0, "building_irregularity_norm": 0.0, "small_building_fraction_norm": 0.0, "building_spacing_norm": 0.7195837350260872, "footprint_irregularity_norm": 1.0, "impervious_fraction_norm": 0.49, "ndbi_norm": 0.7395904416114711, "imi": 0.9968434572219849, "built_gate": false, "predicted_class": "informal", "informal_probability": 0.0, "confidence": 0.9968434572219849, "explanation": "built-up intensity: 0.74; impervious surface: 0.49; building density: 0.00; building irregularity: 0.00", "year": 2025, "cell_uid": "2025_80.27446_13.09587", "label": "informal"}, "geometry": {"type": "Polygon", "coordinates": [[[421300.0, 1447800.0], [421300.0, 1447900.0], [421400.0, 1447900.0], [421400.0, 1447800.0], [421300.0, 1447800.0]]]}}, {"id": "603", "type": "Feature", "properties": {"cell_id": 603, "row": 18, "col": 4, "cell_area_m2": 10000.0, "building_count": 1.0, "building_area": 103.95942807378131, "building_density": 0.04069952958480496, "mean_building_area": 103.95942807378131, "footprint_cv": 0.0, "compactness": 0.6984582691334678, "rectangularity": 0.9993324490123073, "small_bldg_frac": 0.0, "mean_nn_dist": 21.542164602205712, "road_density": 2311.712452603983, "road_segments": 18.0, "dist_major_road": 198.84225026365618, "blue": 0.0, "green": 0.0, "red": 0.0, "nir": 0.0, "swir1": 0.0, "ndvi": 0.0, "ndbi": 0.0, "ndwi": 0.0, "vegetation_fraction": 0.0, "impervious_fraction": 0.0, "water_fraction": 0.0, "ndvi_std": 0.0, "ndbi_std": 0.0, "nir_std": 0.0, "open_space_fraction": 0.9593004704151951, "building_irregularity": 0.0, "small_building_fraction": 0.0, "building_spacing_score": 0.9409086589472655, "footprint_irregularity": 0.30154173086653224, "building_density_norm": 0.019352087525208943, "building_irregularity_norm": 0.0, "small_building_fraction_norm": 0.0, "building_spacing_norm": 0.9409086589472655, "footprint_irregularity_norm": 0.2601796390593712, "impervious_fraction_norm": 0.0, "ndbi_norm": 0.5781431462395603, "imi": 0.05392608419060707, "built_gate": false, "predicted_class": "sparse_low_development", "informal_probability": 0.0, "confidence": 0.9447495341300964, "explanation": "built-up intensity: 0.58; building density: 0.02; building irregularity: 0.00; impervious surface: 0.00", "year": 2025, "cell_uid": "2025_80.26247_13.09493", "label": "sparse_low_development"}, "geometry": {"type": "Polygon", "coordinates": [[[420000.0, 1447700.0], [420000.0, 1447800.0], [420100.0, 1447800.0], [420100.0, 1447700.0], [420000.0, 1447700.0]]]}}, {"id": "604", "type": "Feature", "properties": {"cell_id": 604, "row": 18, "col": 5, "cell_area_m2": 10000.0, "building_count": 14.0, "building_area": 1551.4056107654428, "building_density": 0.15514056107654428, "mean_building_area": 110.81468648324592, "footprint_cv": 0.23286764145170913, "compactness": 0.6984022707177581, "rectangularity": 0.9993139466012219, "small_bldg_frac": 0.0, "mean_nn_dist": 13.794627103254967, "road_density": 623.1862708514229, "road_segments": 18.0, "dist_major_road": 172.6799013012498, "blue": 0.11675450004637242, "green": 0.13662350006401539, "red": 0.15160199970006943, "nir": 0.22651100024580956, "swir1": 0.26929600059986114, "ndvi": 0.20244090612977744, "ndbi": 0.08973089726292528, "ndwi": -0.2501160768419504, "vegetation_fraction": 0.14, "impervious_fraction": 0.63, "water_fraction": 0.0, "ndvi_std": 0.1380561567162368, "ndbi_std": 0.06800642023744205, "nir_std": 0.030835414359041906, "open_space_fraction": 0.8448594389234557, "building_irregularity": 0.23286764145170913, "small_building_fraction": 0.0, "building_spacing_score": 0.9627640050556282, "footprint_irregularity": 0.30159772928224193, "building_density_norm": 0.07376728299543309, "building_irregularity_norm": 0.10528624994355845, "small_building_fraction_norm": 0.0, "building_spacing_norm": 0.9627640050556282, "footprint_irregularity_norm": 0.26023895365260213, "impervious_fraction_norm": 0.63, "ndbi_norm": 0.7606956146566316, "imi": 0.9984720349311829, "built_gate": true, "predicted_class": "informal", "informal_probability": 0.28677413097462967, "confidence": 0.9984720349311829, "explanation": "built-up intensity: 0.76; impervious surface: 0.63; building irregularity: 0.11; building density: 0.07", "year": 2025, "cell_uid": "2025_80.26339_13.09493", "label": "informal"}, "geometry": {"type": "Polygon", "coordinates": [[[420100.0, 1447700.0], [420100.0, 1447800.0], [420200.0, 1447800.0], [420200.0, 1447700.0], [420100.0, 1447700.0]]]}}, {"id": "611", "type": "Feature", "properties": {"cell_id": 611, "row": 18, "col": 12, "cell_area_m2": 10000.0, "building_count": 0.0, "building_area": 0.0, "building_density": 0.0, "mean_building_area": 0.0, "footprint_cv": 0.0, "compactness": 0.0, "rectangularity": 0.0, "small_bldg_frac": 0.0, "mean_nn_dist": 100.0, "road_density": 0.0, "road_segments": 0.0, "dist_major_road": 136.82745317336605, "blue": 0.034870500080287456, "green": 0.05722300000488758, "red": 0.04212400002405047, "nir": 0.28440000042319297, "swir1": 0.1989560008049011, "ndvi": 0.7432371413707733, "ndbi": -0.17488460836233571, "ndwi": -0.6643435376882553, "vegetation_fraction": 0.93, "impervious_fraction": 0.0, "water_fraction": 0.0, "ndvi_std": 0.13554144234227358, "ndbi_std": 0.0757125915100816, "nir_std": 0.027808322577512038, "open_space_fraction": 1.0, "building_irregularity": 0.0, "small_building_fraction": 0.0, "building_spacing_score": 0.7195837350260872, "footprint_irregularity": 1.0, "building_density_norm": 0.0, "building_irregularity_norm": 0.0, "small_building_fraction_norm": 0.0, "building_spacing_norm": 0.7195837350260872, "footprint_irregularity_norm": 1.0, "impervious_fraction_norm": 0.0, "ndbi_norm": 0.22235023745865035, "imi": 0.00013122661039233208, "built_gate": false, "predicted_class": "open_vegetated", "informal_probability": 0.0, "confidence": 0.999582827091217, "explanation": "built-up intensity: 0.22; building density: 0.00; building irregularity: 0.00; impervious surface: 0.00", "year": 2025, "cell_uid": "2025_80.26985_13.09495", "label": "open_vegetated"}, "geometry": {"type": "Polygon", "coordinates": [[[420800.0, 1447700.0], [420800.0, 1447800.0], [420900.0, 1447800.0], [420900.0, 1447700.0], [420800.0, 1447700.0]]]}}, {"id": "613", "type": "Feature", "properties": {"cell_id": 613, "row": 18, "col": 14, "cell_area_m2": 10000.0, "building_count": 0.0, "building_area": 0.0, "building_density": 0.0, "mean_building_area": 0.0, "footprint_cv": 0.0, "compactness": 0.0, "rectangularity": 0.0, "small_bldg_frac": 0.0, "mean_nn_dist": 100.0, "road_density": 0.0, "road_segments": 0.0, "dist_major_road": 183.60125708906, "blue": 0.0, "green": 0.0, "red": 0.0, "nir": 0.0, "swir1": 0.0, "ndvi": 0.0, "ndbi": 0.0, "ndwi": 0.0, "vegetation_fraction": 0.0, "impervious_fraction": 0.0, "water_fraction": 0.0, "ndvi_std": 0.0, "ndbi_std": 0.0, "nir_std": 0.0, "open_space_fraction": 1.0, "building_irregularity": 0.0, "small_building_fraction": 0.0, "building_spacing_score": 0.7195837350260872, "footprint_irregularity": 1.0, "building_density_norm": 0.0, "building_irregularity_norm": 0.0, "small_building_fraction_norm": 0.0, "building_spacing_norm": 0.7195837350260872, "footprint_irregularity_norm": 1.0, "impervious_fraction_norm": 0.0, "ndbi_norm": 0.5781431462395603, "imi": 0.059135839343070984, "built_gate": false, "predicted_class": "sparse_low_development", "informal_probability": 0.0, "confidence": 0.9399369955062866, "explanation": "built-up intensity: 0.58; building density: 0.00; building irregularity: 0.00; impervious surface: 0.00", "year": 2025, "cell_uid": "2025_80.27170_13.09495", "label": "sparse_low_development"}, "geometry": {"type": "Polygon", "coordinates": [[[421000.0, 1447700.0], [421000.0, 1447800.0], [421100.0, 1447800.0], [421100.0, 1447700.0], [421000.0, 1447700.0]]]}}, {"id": "614", "type": "Feature", "properties": {"cell_id": 614, "row": 18, "col": 15, "cell_area_m2": 10000.0, "building_count": 1.0, "building_area": 547.8027087425515, "building_density": 0.05478027087425515, "mean_building_area": 547.8027087425515, "footprint_cv": 0.0, "compactness": 0.395008139731371, "rectangularity": 1.0000013655970221, "small_bldg_frac": 0.0, "mean_nn_dist": 17.87702440556787, "road_density": 0.0, "road_segments": 0.0, "dist_major_road": 131.20839598627725, "blue": 0.07084199994802474, "green": 0.09108850006014109, "red": 0.0907040000334382, "nir": 0.20213499903678894, "swir1": 0.18167999923229217, "ndvi": 0.36975472994148734, "ndbi": -0.04289813352981582, "ndwi": -0.3664800111949444, "vegetation_fraction": 0.36, "impervious_fraction": 0.18, "water_fraction": 0.0, "ndvi_std": 0.19295827033490762, "ndbi_std": 0.09281634553343346, "nir_std": 0.04440851681431627, "open_space_fraction": 0.9452197291257448, "building_irregularity": 0.0, "small_building_fraction": 0.0, "building_spacing_score": 0.9512478031649012, "footprint_irregularity": 0.6049918602686291, "building_density_norm": 0.026047293603340065, "building_irregularity_norm": 0.0, "small_building_fraction_norm": 0.0, "building_spacing_norm": 0.9512478031649012, "footprint_irregularity_norm": 0.5815998214566113, "impervious_fraction_norm": 0.18, "ndbi_norm": 0.49086930406002083, "imi": 0.003486605593934655, "built_gate": false, "predicted_class": "sparse_low_development", "informal_probability": 0.0, "confidence": 0.9964631199836731, "explanation": "built-up intensity: 0.49; impervious surface: 0.18; building density: 0.03; building irregularity: 0.00", "year": 2025, "cell_uid": "2025_80.27262_13.09496", "label": "sparse_low_development"}, "geometry": {"type": "Polygon", "coordinates": [[[421100.0, 1447700.0], [421100.0, 1447800.0], [421200.0, 1447800.0], [421200.0, 1447700.0], [421100.0, 1447700.0]]]}}, {"id": "616", "type": "Feature", "properties": {"cell_id": 616, "row": 18, "col": 17, "cell_area_m2": 10000.0, "building_count": 0.0, "building_area": 0.0, "building_density": 0.0, "mean_building_area": 0.0, "footprint_cv": 0.0, "compactness": 0.0, "rectangularity": 0.0, "small_bldg_frac": 0.0, "mean_nn_dist": 100.0, "road_density": 462.55996601502744, "road_segments": 10.0, "dist_major_road": 79.18559728752318, "blue": 0.08511150000616909, "green": 0.09535349981859326, "red": 0.10002749992534518, "nir": 0.18508700009435416, "swir1": 0.21149000078439711, "ndvi": 0.29101148538291455, "ndbi": 0.0796151783654932, "ndwi": -0.3087305583059788, "vegetation_fraction": 0.2, "impervious_fraction": 0.22, "water_fraction": 0.0, "ndvi_std": 0.12521964798767868, "ndbi_std": 0.13083784416537153, "nir_std": 0.06095778249903242, "open_space_fraction": 1.0, "building_irregularity": 0.0, "small_building_fraction": 0.0, "building_spacing_score": 0.7195837350260872, "footprint_irregularity": 1.0, "building_density_norm": 0.0, "building_irregularity_norm": 0.0, "small_building_fraction_norm": 0.0, "building_spacing_norm": 0.7195837350260872, "footprint_irregularity_norm": 1.0, "impervious_fraction_norm": 0.22, "ndbi_norm": 0.7401157529716595, "imi": 0.9252853989601135, "built_gate": false, "predicted_class": "informal", "informal_probability": 0.0, "confidence": 0.9252853989601135, "explanation": "built-up intensity: 0.74; impervious surface: 0.22; building density: 0.00; building irregularity: 0.00", "year": 2025, "cell_uid": "2025_80.27446_13.09496", "label": "informal"}, "geometry": {"type": "Polygon", "coordinates": [[[421300.0, 1447700.0], [421300.0, 1447800.0], [421400.0, 1447800.0], [421400.0, 1447700.0], [421300.0, 1447700.0]]]}}, {"id": "635", "type": "Feature", "properties": {"cell_id": 635, "row": 19, "col": 0, "cell_area_m2": 2671.5281631826656, "building_count": 1.0, "building_area": 141.0571697249801, "building_density": 0.05522308614757144, "mean_building_area": 141.0571697249801, "footprint_cv": 0.0, "compactness": 0.6677482226683022, "rectangularity": 0.9996456602068698, "small_bldg_frac": 0.0, "mean_nn_dist": 22.901049248848466, "road_density": 435.2619183077154, "road_segments": 4.0, "dist_major_road": 191.7067669022794, "blue": 0.10131000069280466, "green": 0.1214799997707208, "red": 0.13367333461840947, "nir": 0.2208533341685931, "swir1": 0.24524666766325634, "ndvi": 0.2555849768221378, "ndbi": 0.05121793271973729, "ndwi": -0.29654312282800677, "vegetation_fraction": 0.16666666666666666, "impervious_fraction": 0.5, "water_fraction": 0.0, "ndvi_std": 0.15916743762253172, "ndbi_std": 0.08327894910670573, "nir_std": 0.020406794776216187, "open_space_fraction": 0.9447769138524286, "building_irregularity": 0.0, "small_building_fraction": 0.0, "building_spacing_score": 0.9370753255458151, "footprint_irregularity": 0.33225177733169775, "building_density_norm": 0.026257846403682884, "building_irregularity_norm": 0.0, "small_building_fraction_norm": 0.0, "building_spacing_norm": 0.9370753255458151, "footprint_irregularity_norm": 0.29270830779222096, "impervious_fraction_norm": 0.5, "ndbi_norm": 0.6823431523735758, "imi": 0.9945477843284607, "built_gate": true, "predicted_class": "informal", "informal_probability": 0.2422922278763526, "confidence": 0.9945477843284607, "explanation": "built-up intensity: 0.68; impervious surface: 0.50; building density: 0.03; building irregularity: 0.00", "year": 2025, "cell_uid": "2025_80.25912_13.09401", "label": "informal"}, "geometry": {"type": "Polygon", "coordinates": [[[419700.0, 1447700.0], [419700.0, 1447600.0], [419673.1382021956, 1447600.0], [419673.43123454077, 1447700.0], [419700.0, 1447700.0]]]}}, {"id": "636", "type": "Feature", "properties": {"cell_id": 636, "row": 19, "col": 1, "cell_area_m2": 10000.0, "building_count": 10.0, "building_area": 1385.0334798064232, "building_density": 0.5422327934251451, "mean_building_area": 138.50334798064233, "footprint_cv": 1.278736979867363, "compactness": 0.7286923129928853, "rectangularity": 0.9993533564100096, "small_bldg_frac": 0.3, "mean_nn_dist": 19.191761537226228, "road_density": 2720.1101716316966, "road_segments": 28.0, "dist_major_road": 205.19263626146088, "blue": 0.14040400102734565, "green": 0.15711999990046024, "red": 0.17234000034630298, "nir": 0.24287800058722497, "swir1": 0.2825999999046326, "ndvi": 0.18107989678159356, "ndbi": 0.07967801314254758, "ndwi": -0.2260333201661706, "vegetation_fraction": 0.05, "impervious_fraction": 0.58, "water_fraction": 0.0, "ndvi_std": 0.10604584211521757, "ndbi_std": 0.06070099490191836, "nir_std": 0.04130728977702531, "open_space_fraction": 0.4577672065748549, "building_irregularity": 1.278736979867363, "small_building_fraction": 0.3, "building_spacing_score": 0.9475390072981111, "footprint_irregularity": 0.2713076870071147, "building_density_norm": 0.25782451503615417, "building_irregularity_norm": 0.5781542701041433, "small_building_fraction_norm": 0.3, "building_spacing_norm": 0.9475390072981111, "footprint_irregularity_norm": 0.2281551613929827, "impervious_fraction_norm": 0.58, "ndbi_norm": 0.7402435867948308, "imi": 0.9990293979644775, "built_gate": true, "predicted_class": "informal", "informal_probability": 0.4217389143337837, "confidence": 0.9990293979644775, "explanation": "built-up intensity: 0.74; impervious surface: 0.58; building irregularity: 0.58; building density: 0.26", "year": 2025, "cell_uid": "2025_80.25971_13.09402", "label": "informal"}, "geometry": {"type": "Polygon", "coordinates": [[[419700.0, 1447600.0], [419700.0, 1447700.0], [419800.0, 1447700.0], [419800.0, 1447600.0], [419700.0, 1447600.0]]]}}, {"id": "637", "type": "Feature", "properties": {"cell_id": 637, "row": 19, "col": 2, "cell_area_m2": 10000.0, "building_count": 6.0, "building_area": 1232.3547952889442, "building_density": 0.48245994980120627, "mean_building_area": 205.3924658814907, "footprint_cv": 0.3437989801803246, "compactness": 0.6119595237136206, "rectangularity": 0.9996907889266922, "small_bldg_frac": 0.0, "mean_nn_dist": 22.612115912437925, "road_density": 2748.767535481811, "road_segments": 16.0, "dist_major_road": 258.73367988966095, "blue": 0.13314750000834466, "green": 0.15374250017106533, "red": 0.17125100001692772, "nir": 0.234240999519825, "swir1": 0.28275400042533877, "ndvi": 0.16356142087606712, "ndbi": 0.09553910748800262, "ndwi": -0.21450963197275996, "vegetation_fraction": 0.05, "impervious_fraction": 0.72, "water_fraction": 0.0, "ndvi_std": 0.10641381337825938, "ndbi_std": 0.050021734405184294, "nir_std": 0.030043527127410503, "open_space_fraction": 0.5175400501987937, "building_irregularity": 0.3437989801803246, "small_building_fraction": 0.0, "building_spacing_score": 0.9378903894380972, "footprint_irregularity": 0.3880404762863794, "building_density_norm": 0.2294033191834888, "building_irregularity_norm": 0.1554415423798268, "small_building_fraction_norm": 0.0, "building_spacing_norm": 0.9378903894380972, "footprint_irregularity_norm": 0.35180076502415575, "impervious_fraction_norm": 0.72, "ndbi_norm": 0.7725120919907019, "imi": 0.9984720349311829, "built_gate": true, "predicted_class": "informal", "informal_probability": 0.3402244961916852, "confidence": 0.9984720349311829, "explanation": "built-up intensity: 0.77; impervious surface: 0.72; building density: 0.23; building irregularity: 0.16", "year": 2025, "cell_uid": "2025_80.26063_13.09402", "label": "informal"}, "geometry": {"type": "Polygon", "coordinates": [[[419800.0, 1447600.0], [419800.0, 1447700.0], [419900.0, 1447700.0], [419900.0, 1447600.0], [419800.0, 1447600.0]]]}}, {"id": "638", "type": "Feature", "properties": {"cell_id": 638, "row": 19, "col": 3, "cell_area_m2": 10000.0, "building_count": 3.0, "building_area": 633.4290602847515, "building_density": 0.24798390349587024, "mean_building_area": 211.14302009491715, "footprint_cv": 0.5845863846292142, "compactness": 0.5891698571848271, "rectangularity": 0.9996818298067817, "small_bldg_frac": 0.0, "mean_nn_dist": 35.873042006873895, "road_density": 1109.8271595982264, "road_segments": 4.0, "dist_major_road": 307.09656010015675, "blue": 0.13573699995875357, "green": 0.15687899976968767, "red": 0.1736120005697012, "nir": 0.22857999935746193, "swir1": 0.28108999848365784, "ndvi": 0.1415665441006422, "ndbi": 0.10821589291095733, "ndwi": -0.19300887763500213, "vegetation_fraction": 0.0, "impervious_fraction": 0.77, "water_fraction": 0.0, "ndvi_std": 0.06687053584844288, "ndbi_std": 0.06537384329950947, "nir_std": 0.03697912588089329, "open_space_fraction": 0.7520160965041298, "building_irregularity": 0.5845863846292142, "small_building_fraction": 0.0, "building_spacing_score": 0.9004820994426543, "footprint_irregularity": 0.41083014281517294, "building_density_norm": 0.11791306322829694, "building_irregularity_norm": 0.2643085480746638, "small_building_fraction_norm": 0.0, "building_spacing_norm": 0.9004820994426543, "footprint_irregularity_norm": 0.3759400158028258, "impervious_fraction_norm": 0.77, "ndbi_norm": 0.798302299613089, "imi": 0.9984720349311829, "built_gate": true, "predicted_class": "informal", "informal_probability": 0.3421339436051415, "confidence": 0.9984720349311829, "explanation": "built-up intensity: 0.80; impervious surface: 0.77; building irregularity: 0.26; building density: 0.12", "year": 2025, "cell_uid": "2025_80.26155_13.09402", "label": "informal"}, "geometry": {"type": "Polygon", "coordinates": [[[419900.0, 1447600.0], [419900.0, 1447700.0], [420000.0, 1447700.0], [420000.0, 1447600.0], [419900.0, 1447600.0]]]}}, {"id": "647", "type": "Feature", "properties": {"cell_id": 647, "row": 19, "col": 12, "cell_area_m2": 10000.0, "building_count": 0.0, "building_area": 0.0, "building_density": 0.0, "mean_building_area": 0.0, "footprint_cv": 0.0, "compactness": 0.0, "rectangularity": 0.0, "small_bldg_frac": 0.0, "mean_nn_dist": 100.0, "road_density": 0.0, "road_segments": 0.0, "dist_major_road": 135.14892523741347, "blue": 0.039460500106215476, "green": 0.06533649995923042, "red": 0.05318199999630451, "nir": 0.282729998677969, "swir1": 0.20165400087833404, "ndvi": 0.6818158912658692, "ndbi": -0.16457969688344748, "ndwi": -0.6224500200152397, "vegetation_fraction": 0.96, "impervious_fraction": 0.0, "water_fraction": 0.0, "ndvi_std": 0.11391833048550078, "ndbi_std": 0.06371587815242097, "nir_std": 0.029179244882452895, "open_space_fraction": 1.0, "building_irregularity": 0.0, "small_building_fraction": 0.0, "building_spacing_score": 0.7195837350260872, "footprint_irregularity": 1.0, "building_density_norm": 0.0, "building_irregularity_norm": 0.0, "small_building_fraction_norm": 0.0, "building_spacing_norm": 0.7195837350260872, "footprint_irregularity_norm": 1.0, "impervious_fraction_norm": 0.0, "ndbi_norm": 0.2433150008196841, "imi": 0.00013122661039233208, "built_gate": false, "predicted_class": "open_vegetated", "informal_probability": 0.0, "confidence": 0.999582827091217, "explanation": "built-up intensity: 0.24; building density: 0.00; building irregularity: 0.00; impervious surface: 0.00", "year": 2025, "cell_uid": "2025_80.26985_13.09404", "label": "open_vegetated"}, "geometry": {"type": "Polygon", "coordinates": [[[420800.0, 1447600.0], [420800.0, 1447700.0], [420900.0, 1447700.0], [420900.0, 1447600.0], [420800.0, 1447600.0]]]}}, {"id": "649", "type": "Feature", "properties": {"cell_id": 649, "row": 19, "col": 14, "cell_area_m2": 10000.0, "building_count": 0.0, "building_area": 0.0, "building_density": 0.0, "mean_building_area": 0.0, "footprint_cv": 0.0, "compactness": 0.0, "rectangularity": 0.0, "small_bldg_frac": 0.0, "mean_nn_dist": 100.0, "road_density": 0.0, "road_segments": 0.0, "dist_major_road": 100.32502572382126, "blue": 0.0, "green": 0.0, "red": 0.0, "nir": 0.0, "swir1": 0.0, "ndvi": 0.0, "ndbi": 0.0, "ndwi": 0.0, "vegetation_fraction": 0.0, "impervious_fraction": 0.0, "water_fraction": 0.0, "ndvi_std": 0.0, "ndbi_std": 0.0, "nir_std": 0.0, "open_space_fraction": 1.0, "building_irregularity": 0.0, "small_building_fraction": 0.0, "building_spacing_score": 0.7195837350260872, "footprint_irregularity": 1.0, "building_density_norm": 0.0, "building_irregularity_norm": 0.0, "small_building_fraction_norm": 0.0, "building_spacing_norm": 0.7195837350260872, "footprint_irregularity_norm": 1.0, "impervious_fraction_norm": 0.0, "ndbi_norm": 0.5781431462395603, "imi": 0.059135839343070984, "built_gate": false, "predicted_class": "sparse_low_development", "informal_probability": 0.0, "confidence": 0.9399369955062866, "explanation": "built-up intensity: 0.58; building density: 0.00; building irregularity: 0.00; impervious surface: 0.00", "year": 2025, "cell_uid": "2025_80.27170_13.09405", "label": "sparse_low_development"}, "geometry": {"type": "Polygon", "coordinates": [[[421000.0, 1447600.0], [421000.0, 1447700.0], [421100.0, 1447700.0], [421100.0, 1447600.0], [421000.0, 1447600.0]]]}}, {"id": "650", "type": "Feature", "properties": {"cell_id": 650, "row": 19, "col": 15, "cell_area_m2": 10000.0, "building_count": 1.0, "building_area": 241.43615130597183, "building_density": 0.024143615130597183, "mean_building_area": 241.43615130597183, "footprint_cv": 0.0, "compactness": 0.6595982999272372, "rectangularity": 0.9997641518985129, "small_bldg_frac": 0.0, "mean_nn_dist": 47.41582513749405, "road_density": 76.4120353947291, "road_segments": 2.0, "dist_major_road": 44.96195780302022, "blue": 0.07924350049346686, "green": 0.10027650006115436, "red": 0.09985449995845556, "nir": 0.22267200112342833, "swir1": 0.19387199938297273, "ndvi": 0.36391849486040884, "ndbi": -0.052645548680739014, "ndwi": -0.36158277187496424, "vegetation_fraction": 0.35, "impervious_fraction": 0.17, "water_fraction": 0.0, "ndvi_std": 0.2103565670272565, "ndbi_std": 0.0965339849120575, "nir_std": 0.07155621131657953, "open_space_fraction": 0.9758563848694028, "building_irregularity": 0.0, "small_building_fraction": 0.0, "building_spacing_score": 0.8679205893618525, "footprint_irregularity": 0.3404017000727628, "building_density_norm": 0.011479969374307319, "building_irregularity_norm": 0.0, "small_building_fraction_norm": 0.0, "building_spacing_norm": 0.8679205893618525, "footprint_irregularity_norm": 0.30134086187653786, "impervious_fraction_norm": 0.17, "ndbi_norm": 0.47103873565198373, "imi": 0.0003554434806574136, "built_gate": false, "predicted_class": "sparse_low_development", "informal_probability": 0.0, "confidence": 0.9995824694633484, "explanation": "built-up intensity: 0.47; impervious surface: 0.17; building density: 0.01; building irregularity: 0.00", "year": 2025, "cell_uid": "2025_80.27262_13.09405", "label": "sparse_low_development"}, "geometry": {"type": "Polygon", "coordinates": [[[421100.0, 1447600.0], [421100.0, 1447700.0], [421200.0, 1447700.0], [421200.0, 1447600.0], [421100.0, 1447600.0]]]}}, {"id": "651", "type": "Feature", "properties": {"cell_id": 651, "row": 19, "col": 16, "cell_area_m2": 10000.0, "building_count": 2.0, "building_area": 399.0919378549962, "building_density": 0.03990919378549962, "mean_building_area": 199.5459689274981, "footprint_cv": 0.5988307409240319, "compactness": 0.7328815006273985, "rectangularity": 0.9994908025827969, "small_bldg_frac": 0.0, "mean_nn_dist": 33.002775678360045, "road_density": 343.670788024513, "road_segments": 4.0, "dist_major_road": 27.76389809701308, "blue": 0.05917000003159046, "green": 0.07923349991440773, "red": 0.07224650014191866, "nir": 0.2415830001235008, "swir1": 0.19216999888420105, "ndvi": 0.5411228768527507, "ndbi": -0.10848523507942445, "ndwi": -0.5028061021864414, "vegetation_fraction": 0.76, "impervious_fraction": 0.05, "water_fraction": 0.0, "ndvi_std": 0.17785766586590734, "ndbi_std": 0.11045346799934863, "nir_std": 0.045197341037560665, "open_space_fraction": 0.9600908062145004, "building_irregularity": 0.5988307409240319, "small_building_fraction": 0.0, "building_spacing_score": 0.9085789513832025, "footprint_irregularity": 0.26711849937260146, "building_density_norm": 0.01897629331533746, "building_irregularity_norm": 0.2707488368489729, "small_building_fraction_norm": 0.0, "building_spacing_norm": 0.9085789513832025, "footprint_irregularity_norm": 0.22371789370674192, "impervious_fraction_norm": 0.05, "ndbi_norm": 0.3574360313588776, "imi": 0.0034540193155407906, "built_gate": false, "predicted_class": "open_vegetated", "informal_probability": 0.0, "confidence": 0.9933683276176453, "explanation": "built-up intensity: 0.36; building irregularity: 0.27; impervious surface: 0.05; building density: 0.02", "year": 2025, "cell_uid": "2025_80.27354_13.09405", "label": "open_vegetated"}, "geometry": {"type": "Polygon", "coordinates": [[[421200.0, 1447600.0], [421200.0, 1447700.0], [421300.0, 1447700.0], [421300.0, 1447600.0], [421200.0, 1447600.0]]]}}, {"id": "652", "type": "Feature", "properties": {"cell_id": 652, "row": 19, "col": 17, "cell_area_m2": 10000.0, "building_count": 0.0, "building_area": 0.0, "building_density": 0.0, "mean_building_area": 0.0, "footprint_cv": 0.0, "compactness": 0.0, "rectangularity": 0.0, "small_bldg_frac": 0.0, "mean_nn_dist": 100.0, "road_density": 0.0, "road_segments": 0.0, "dist_major_road": 80.09940206569378, "blue": 0.09624799996614457, "green": 0.10851600022986531, "red": 0.12073399990797043, "nir": 0.17943500082939864, "swir1": 0.2206080001592636, "ndvi": 0.2093514498323202, "ndbi": 0.12052451730065514, "ndwi": -0.2546376620233059, "vegetation_fraction": 0.08, "impervious_fraction": 0.6, "water_fraction": 0.0, "ndvi_std": 0.1176968933968147, "ndbi_std": 0.11294005132539212, "nir_std": 0.056544583319575806, "open_space_fraction": 1.0, "building_irregularity": 0.0, "small_building_fraction": 0.0, "building_spacing_score": 0.7195837350260872, "footprint_irregularity": 1.0, "building_density_norm": 0.0, "building_irregularity_norm": 0.0, "small_building_fraction_norm": 0.0, "building_spacing_norm": 0.7195837350260872, "footprint_irregularity_norm": 1.0, "impervious_fraction_norm": 0.6, "ndbi_norm": 0.8233435043006331, "imi": 0.9927623867988586, "built_gate": false, "predicted_class": "informal", "informal_probability": 0.0, "confidence": 0.9927623867988586, "explanation": "built-up intensity: 0.82; impervious surface: 0.60; building density: 0.00; building irregularity: 0.00", "year": 2025, "cell_uid": "2025_80.27447_13.09406", "label": "informal"}, "geometry": {"type": "Polygon", "coordinates": [[[421300.0, 1447600.0], [421300.0, 1447700.0], [421400.0, 1447700.0], [421400.0, 1447600.0], [421300.0, 1447600.0]]]}}, {"id": "683", "type": "Feature", "properties": {"cell_id": 683, "row": 20, "col": 12, "cell_area_m2": 10000.0, "building_count": 0.0, "building_area": 0.0, "building_density": 0.0, "mean_building_area": 0.0, "footprint_cv": 0.0, "compactness": 0.0, "rectangularity": 0.0, "small_bldg_frac": 0.0, "mean_nn_dist": 100.0, "road_density": 0.0, "road_segments": 0.0, "dist_major_road": 84.66873678053307, "blue": 0.04204750003293157, "green": 0.06740850005298853, "red": 0.05806999992579222, "nir": 0.2713630002737045, "swir1": 0.20683599948883058, "ndvi": 0.6488779640197754, "ndbi": -0.13409348211251199, "ndwi": -0.6019532495737075, "vegetation_fraction": 0.98, "impervious_fraction": 0.0, "water_fraction": 0.0, "ndvi_std": 0.09649317313682397, "ndbi_std": 0.04730831953373872, "nir_std": 0.01972500373149403, "open_space_fraction": 1.0, "building_irregularity": 0.0, "small_building_fraction": 0.0, "building_spacing_score": 0.7195837350260872, "footprint_irregularity": 1.0, "building_density_norm": 0.0, "building_irregularity_norm": 0.0, "small_building_fraction_norm": 0.0, "building_spacing_norm": 0.7195837350260872, "footprint_irregularity_norm": 1.0, "impervious_fraction_norm": 0.0, "ndbi_norm": 0.30533749172178637, "imi": 0.00013122661039233208, "built_gate": false, "predicted_class": "open_vegetated", "informal_probability": 0.0, "confidence": 0.999582827091217, "explanation": "built-up intensity: 0.31; building density: 0.00; building irregularity: 0.00; impervious surface: 0.00", "year": 2025, "cell_uid": "2025_80.26986_13.09314", "label": "open_vegetated"}, "geometry": {"type": "Polygon", "coordinates": [[[420800.0, 1447500.0], [420800.0, 1447600.0], [420900.0, 1447600.0], [420900.0, 1447500.0], [420800.0, 1447500.0]]]}}, {"id": "684", "type": "Feature", "properties": {"cell_id": 684, "row": 20, "col": 13, "cell_area_m2": 10000.0, "building_count": 0.0, "building_area": 0.0, "building_density": 0.0, "mean_building_area": 0.0, "footprint_cv": 0.0, "compactness": 0.0, "rectangularity": 0.0, "small_bldg_frac": 0.0, "mean_nn_dist": 100.0, "road_density": 215.041616180086, "road_segments": 2.0, "dist_major_road": 77.52404308577151, "blue": 0.0806235003657639, "green": 0.10757949978113174, "red": 0.11554900035262108, "nir": 0.2322460001707077, "swir1": 0.24416799783706666, "ndvi": 0.33706578992307185, "ndbi": 0.03269252474769019, "ndwi": -0.3637042038142681, "vegetation_fraction": 0.34, "impervious_fraction": 0.18, "water_fraction": 0.0, "ndvi_std": 0.15957222203884167, "ndbi_std": 0.10049143444570163, "nir_std": 0.044310667324629655, "open_space_fraction": 1.0, "building_irregularity": 0.0, "small_building_fraction": 0.0, "building_spacing_score": 0.7195837350260872, "footprint_irregularity": 1.0, "building_density_norm": 0.0, "building_irregularity_norm": 0.0, "small_building_fraction_norm": 0.0, "building_spacing_norm": 0.7195837350260872, "footprint_irregularity_norm": 1.0, "impervious_fraction_norm": 0.18, "ndbi_norm": 0.6446542508147166, "imi": 0.006784119643270969, "built_gate": false, "predicted_class": "sparse_low_development", "informal_probability": 0.0, "confidence": 0.9925634264945984, "explanation": "built-up intensity: 0.64; impervious surface: 0.18; building density: 0.00; building irregularity: 0.00", "year": 2025, "cell_uid": "2025_80.27078_13.09314", "label": "sparse_low_development"}, "geometry": {"type": "Polygon", "coordinates": [[[420900.0, 1447500.0], [420900.0, 1447600.0], [421000.0, 1447600.0], [421000.0, 1447500.0], [420900.0, 1447500.0]]]}}, {"id": "685", "type": "Feature", "properties": {"cell_id": 685, "row": 20, "col": 14, "cell_area_m2": 10000.0, "building_count": 1.0, "building_area": 313.8544430230393, "building_density": 0.03138544430230393, "mean_building_area": 313.8544430230393, "footprint_cv": 0.0, "compactness": 0.6376032752389734, "rectangularity": 0.9994411683757888, "small_bldg_frac": 0.0, "mean_nn_dist": 56.472583630091876, "road_density": 339.7194677492288, "road_segments": 4.0, "dist_major_road": 17.048794358582537, "blue": 0.0, "green": 0.0, "red": 0.0, "nir": 0.0, "swir1": 0.0, "ndvi": 0.0, "ndbi": 0.0, "ndwi": 0.0, "vegetation_fraction": 0.0, "impervious_fraction": 0.0, "water_fraction": 0.0, "ndvi_std": 0.0, "ndbi_std": 0.0, "nir_std": 0.0, "open_space_fraction": 0.9686145556976961, "building_irregularity": 0.0, "small_building_fraction": 0.0, "building_spacing_score": 0.8423720080865265, "footprint_irregularity": 0.3623967247610266, "building_density_norm": 0.014923363275985311, "building_irregularity_norm": 0.0, "small_building_fraction_norm": 0.0, "building_spacing_norm": 0.8423720080865265, "footprint_irregularity_norm": 0.32463841281534683, "impervious_fraction_norm": 0.0, "ndbi_norm": 0.5781431462395603, "imi": 0.010988505557179451, "built_gate": false, "predicted_class": "sparse_low_development", "informal_probability": 0.0, "confidence": 0.9886666536331177, "explanation": "built-up intensity: 0.58; building density: 0.01; building irregularity: 0.00; impervious surface: 0.00", "year": 2025, "cell_uid": "2025_80.27170_13.09315", "label": "sparse_low_development"}, "geometry": {"type": "Polygon", "coordinates": [[[421000.0, 1447500.0], [421000.0, 1447600.0], [421100.0, 1447600.0], [421100.0, 1447500.0], [421000.0, 1447500.0]]]}}, {"id": "687", "type": "Feature", "properties": {"cell_id": 687, "row": 20, "col": 16, "cell_area_m2": 10000.0, "building_count": 0.0, "building_area": 0.0, "building_density": 0.0, "mean_building_area": 0.0, "footprint_cv": 0.0, "compactness": 0.0, "rectangularity": 0.0, "small_bldg_frac": 0.0, "mean_nn_dist": 100.0, "road_density": 187.34553303261595, "road_segments": 4.0, "dist_major_road": 33.17905779957891, "blue": 0.0764605001360178, "green": 0.10102250013500452, "red": 0.11157600045204162, "nir": 0.22460200011730194, "swir1": 0.20946800112724304, "ndvi": 0.32612329788506034, "ndbi": -0.022976514545007376, "ndwi": -0.3654018296301365, "vegetation_fraction": 0.32, "impervious_fraction": 0.23, "water_fraction": 0.0, "ndvi_std": 0.13906690644319333, "ndbi_std": 0.08836515203490784, "nir_std": 0.061373685653467326, "open_space_fraction": 1.0, "building_irregularity": 0.0, "small_building_fraction": 0.0, "building_spacing_score": 0.7195837350260872, "footprint_irregularity": 1.0, "building_density_norm": 0.0, "building_irregularity_norm": 0.0, "small_building_fraction_norm": 0.0, "building_spacing_norm": 0.7195837350260872, "footprint_irregularity_norm": 1.0, "impervious_fraction_norm": 0.23, "ndbi_norm": 0.5313987184699198, "imi": 0.020068762823939323, "built_gate": false, "predicted_class": "sparse_low_development", "informal_probability": 0.0, "confidence": 0.979744553565979, "explanation": "built-up intensity: 0.53; impervious surface: 0.23; building density: 0.00; building irregularity: 0.00", "year": 2025, "cell_uid": "2025_80.27355_13.09315", "label": "sparse_low_development"}, "geometry": {"type": "Polygon", "coordinates": [[[421200.0, 1447500.0], [421200.0, 1447600.0], [421300.0, 1447600.0], [421300.0, 1447500.0], [421200.0, 1447500.0]]]}}, {"id": "688", "type": "Feature", "properties": {"cell_id": 688, "row": 20, "col": 17, "cell_area_m2": 10000.0, "building_count": 1.0, "building_area": 728.295017506589, "building_density": 0.0728295017506589, "mean_building_area": 728.295017506589, "footprint_cv": 0.0, "compactness": 0.43941654049745554, "rectangularity": 0.9518819663582607, "small_bldg_frac": 0.0, "mean_nn_dist": 22.7871791692874, "road_density": 231.53011007813421, "road_segments": 5.0, "dist_major_road": 36.58229114768813, "blue": 0.07843449944630265, "green": 0.09610249953344464, "red": 0.10789550006389619, "nir": 0.18593799989670515, "swir1": 0.20466600060462953, "ndvi": 0.2860050359368324, "ndbi": 0.04749664848553948, "ndwi": -0.32986604928970337, "vegetation_fraction": 0.25, "impervious_fraction": 0.39, "water_fraction": 0.0, "ndvi_std": 0.16277135235669024, "ndbi_std": 0.11694109514685015, "nir_std": 0.03790077430688496, "open_space_fraction": 0.9271704982493411, "building_irregularity": 0.0, "small_building_fraction": 0.0, "building_spacing_score": 0.9373965463208718, "footprint_irregularity": 0.5605834595025445, "building_density_norm": 0.03462946394403303, "building_irregularity_norm": 0.0, "small_building_fraction_norm": 0.0, "building_spacing_norm": 0.9373965463208718, "footprint_irregularity_norm": 0.5345615937836524, "impervious_fraction_norm": 0.39, "ndbi_norm": 0.6747724087015962, "imi": 0.9833920001983643, "built_gate": true, "predicted_class": "informal", "informal_probability": 0.25421091021650605, "confidence": 0.9833920001983643, "explanation": "built-up intensity: 0.67; impervious surface: 0.39; building density: 0.03; building irregularity: 0.00", "year": 2025, "cell_uid": "2025_80.27447_13.09315", "label": "informal"}, "geometry": {"type": "Polygon", "coordinates": [[[421300.0, 1447500.0], [421300.0, 1447600.0], [421400.0, 1447600.0], [421400.0, 1447500.0], [421300.0, 1447500.0]]]}}, {"id": "723", "type": "Feature", "properties": {"cell_id": 723, "row": 21, "col": 16, "cell_area_m2": 10000.0, "building_count": 0.0, "building_area": 0.0, "building_density": 0.0, "mean_building_area": 0.0, "footprint_cv": 0.0, "compactness": 0.0, "rectangularity": 0.0, "small_bldg_frac": 0.0, "mean_nn_dist": 100.0, "road_density": 0.0, "road_segments": 0.0, "dist_major_road": 95.87819783544232, "blue": 0.06763799995183944, "green": 0.09086099982261658, "red": 0.09259649977087975, "nir": 0.21687050111591816, "swir1": 0.1810480010509491, "ndvi": 0.36552798122167585, "ndbi": -0.062266840818338096, "ndwi": -0.3783505053818226, "vegetation_fraction": 0.42, "impervious_fraction": 0.2, "water_fraction": 0.0, "ndvi_std": 0.1607558677909151, "ndbi_std": 0.120298090236629, "nir_std": 0.07948736593709081, "open_space_fraction": 1.0, "building_irregularity": 0.0, "small_building_fraction": 0.0, "building_spacing_score": 0.7195837350260872, "footprint_irregularity": 1.0, "building_density_norm": 0.0, "building_irregularity_norm": 0.0, "small_building_fraction_norm": 0.0, "building_spacing_norm": 0.7195837350260872, "footprint_irregularity_norm": 1.0, "impervious_fraction_norm": 0.2, "ndbi_norm": 0.4514647574275826, "imi": 0.008222891017794609, "built_gate": false, "predicted_class": "sparse_low_development", "informal_probability": 0.0, "confidence": 0.9916629791259766, "explanation": "built-up intensity: 0.45; impervious surface: 0.20; building density: 0.00; building irregularity: 0.00", "year": 2025, "cell_uid": "2025_80.27355_13.09225", "label": "sparse_low_development"}, "geometry": {"type": "Polygon", "coordinates": [[[421200.0, 1447400.0], [421200.0, 1447500.0], [421300.0, 1447500.0], [421300.0, 1447400.0], [421200.0, 1447400.0]]]}}, {"id": "757", "type": "Feature", "properties": {"cell_id": 757, "row": 22, "col": 14, "cell_area_m2": 10000.0, "building_count": 1.0, "building_area": 309.1226196023131, "building_density": 0.030912261960231308, "mean_building_area": 309.1226196023131, "footprint_cv": 0.0, "compactness": 0.555225151026396, "rectangularity": 0.8238600853476314, "small_bldg_frac": 0.0, "mean_nn_dist": 63.865209177444434, "road_density": 215.16286514964673, "road_segments": 2.0, "dist_major_road": 129.0354237334236, "blue": 0.0, "green": 0.0, "red": 0.0, "nir": 0.0, "swir1": 0.0, "ndvi": 0.0, "ndbi": 0.0, "ndwi": 0.0, "vegetation_fraction": 0.0, "impervious_fraction": 0.0, "water_fraction": 0.0, "ndvi_std": 0.0, "ndbi_std": 0.0, "nir_std": 0.0, "open_space_fraction": 0.9690877380397687, "building_irregularity": 0.0, "small_building_fraction": 0.0, "building_spacing_score": 0.8215178476505433, "footprint_irregularity": 0.444774848973604, "building_density_norm": 0.014698371336457058, "building_irregularity_norm": 0.0, "small_building_fraction_norm": 0.0, "building_spacing_norm": 0.8215178476505433, "footprint_irregularity_norm": 0.4118948979653781, "impervious_fraction_norm": 0.0, "ndbi_norm": 0.5781431462395603, "imi": 0.010619291104376316, "built_gate": false, "predicted_class": "sparse_low_development", "informal_probability": 0.0, "confidence": 0.9890474677085876, "explanation": "built-up intensity: 0.58; building density: 0.01; building irregularity: 0.00; impervious surface: 0.00", "year": 2025, "cell_uid": "2025_80.27171_13.09134", "label": "sparse_low_development"}, "geometry": {"type": "Polygon", "coordinates": [[[421000.0, 1447300.0], [421000.0, 1447400.0], [421100.0, 1447400.0], [421100.0, 1447300.0], [421000.0, 1447300.0]]]}}, {"id": "759", "type": "Feature", "properties": {"cell_id": 759, "row": 22, "col": 16, "cell_area_m2": 10000.0, "building_count": 0.0, "building_area": 0.0, "building_density": 0.0, "mean_building_area": 0.0, "footprint_cv": 0.0, "compactness": 0.0, "rectangularity": 0.0, "small_bldg_frac": 0.0, "mean_nn_dist": 100.0, "road_density": 0.0, "road_segments": 0.0, "dist_major_road": 164.00711186755478, "blue": 0.0616635001078248, "green": 0.08670649969950318, "red": 0.07977400017902254, "nir": 0.26375949908047913, "swir1": 0.18950399816036223, "ndvi": 0.512856941819191, "ndbi": -0.13225985118886455, "ndwi": -0.4840001648664474, "vegetation_fraction": 0.7, "impervious_fraction": 0.04, "water_fraction": 0.0, "ndvi_std": 0.17557680143704374, "ndbi_std": 0.14287425333898288, "nir_std": 0.09826193020830269, "open_space_fraction": 1.0, "building_irregularity": 0.0, "small_building_fraction": 0.0, "building_spacing_score": 0.7195837350260872, "footprint_irregularity": 1.0, "building_density_norm": 0.0, "building_irregularity_norm": 0.0, "small_building_fraction_norm": 0.0, "building_spacing_norm": 0.7195837350260872, "footprint_irregularity_norm": 1.0, "impervious_fraction_norm": 0.04, "ndbi_norm": 0.30906791080248375, "imi": 0.0002791280276142061, "built_gate": false, "predicted_class": "open_vegetated", "informal_probability": 0.0, "confidence": 0.9988237023353577, "explanation": "built-up intensity: 0.31; impervious surface: 0.04; building density: 0.00; building irregularity: 0.00", "year": 2025, "cell_uid": "2025_80.27355_13.09134", "label": "open_vegetated"}, "geometry": {"type": "Polygon", "coordinates": [[[421200.0, 1447300.0], [421200.0, 1447400.0], [421300.0, 1447400.0], [421300.0, 1447300.0], [421200.0, 1447300.0]]]}}, {"id": "793", "type": "Feature", "properties": {"cell_id": 793, "row": 23, "col": 14, "cell_area_m2": 10000.0, "building_count": 0.0, "building_area": 0.0, "building_density": 0.0, "mean_building_area": 0.0, "footprint_cv": 0.0, "compactness": 0.0, "rectangularity": 0.0, "small_bldg_frac": 0.0, "mean_nn_dist": 100.0, "road_density": 553.7357797508294, "road_segments": 12.0, "dist_major_road": 194.68167326298789, "blue": 0.0, "green": 0.0, "red": 0.0, "nir": 0.0, "swir1": 0.0, "ndvi": 0.0, "ndbi": 0.0, "ndwi": 0.0, "vegetation_fraction": 0.0, "impervious_fraction": 0.0, "water_fraction": 0.0, "ndvi_std": 0.0, "ndbi_std": 0.0, "nir_std": 0.0, "open_space_fraction": 1.0, "building_irregularity": 0.0, "small_building_fraction": 0.0, "building_spacing_score": 0.7195837350260872, "footprint_irregularity": 1.0, "building_density_norm": 0.0, "building_irregularity_norm": 0.0, "small_building_fraction_norm": 0.0, "building_spacing_norm": 0.7195837350260872, "footprint_irregularity_norm": 1.0, "impervious_fraction_norm": 0.0, "ndbi_norm": 0.5781431462395603, "imi": 0.059135839343070984, "built_gate": false, "predicted_class": "sparse_low_development", "informal_probability": 0.0, "confidence": 0.9399369955062866, "explanation": "built-up intensity: 0.58; building density: 0.00; building irregularity: 0.00; impervious surface: 0.00", "year": 2025, "cell_uid": "2025_80.27171_13.09043", "label": "sparse_low_development"}, "geometry": {"type": "Polygon", "coordinates": [[[421000.0, 1447200.0], [421000.0, 1447300.0], [421100.0, 1447300.0], [421100.0, 1447200.0], [421000.0, 1447200.0]]]}}, {"id": "794", "type": "Feature", "properties": {"cell_id": 794, "row": 23, "col": 15, "cell_area_m2": 10000.0, "building_count": 1.0, "building_area": 38.699576948270504, "building_density": 0.0038699576948270503, "mean_building_area": 38.699576948270504, "footprint_cv": 0.0, "compactness": 0.7001389457678502, "rectangularity": 0.9987628669896788, "small_bldg_frac": 1.0, "mean_nn_dist": 37.14382908871171, "road_density": 156.77391331315755, "road_segments": 6.0, "dist_major_road": 265.3588830261058, "blue": 0.08097149986773729, "green": 0.11386049970984459, "red": 0.15238149963319303, "nir": 0.3374240010976791, "swir1": 0.3288740026950836, "ndvi": 0.37934096992015837, "ndbi": -0.008715822651865893, "ndwi": -0.48783215701580046, "vegetation_fraction": 0.41, "impervious_fraction": 0.21, "water_fraction": 0.0, "ndvi_std": 0.1992795762947641, "ndbi_std": 0.08405801985948318, "nir_std": 0.05657089971778354, "open_space_fraction": 0.996130042305173, "building_irregularity": 0.0, "small_building_fraction": 1.0, "building_spacing_score": 0.8968972840729497, "footprint_irregularity": 0.2998610542321498, "building_density_norm": 0.001840113652249915, "building_irregularity_norm": 0.0, "small_building_fraction_norm": 1.0, "building_spacing_norm": 0.8968972840729497, "footprint_irregularity_norm": 0.2583994342150418, "impervious_fraction_norm": 0.21, "ndbi_norm": 0.5604112948046929, "imi": 0.005489957518875599, "built_gate": false, "predicted_class": "sparse_low_development", "informal_probability": 0.0, "confidence": 0.9943390488624573, "explanation": "built-up intensity: 0.56; impervious surface: 0.21; building density: 0.00; building irregularity: 0.00", "year": 2025, "cell_uid": "2025_80.27263_13.09044", "label": "sparse_low_development"}, "geometry": {"type": "Polygon", "coordinates": [[[421100.0, 1447200.0], [421100.0, 1447300.0], [421200.0, 1447300.0], [421200.0, 1447200.0], [421100.0, 1447200.0]]]}}, {"id": "795", "type": "Feature", "properties": {"cell_id": 795, "row": 23, "col": 16, "cell_area_m2": 10000.0, "building_count": 0.0, "building_area": 0.0, "building_density": 0.0, "mean_building_area": 0.0, "footprint_cv": 0.0, "compactness": 0.0, "rectangularity": 0.0, "small_bldg_frac": 0.0, "mean_nn_dist": 100.0, "road_density": 0.0, "road_segments": 0.0, "dist_major_road": 181.87095517442253, "blue": 0.045988000277429816, "green": 0.06922499993816018, "red": 0.05886350005865097, "nir": 0.25046200029551985, "swir1": 0.17402199953794478, "ndvi": 0.5920155569911003, "ndbi": -0.13269655676092953, "ndwi": -0.5366495728492737, "vegetation_fraction": 0.85, "impervious_fraction": 0.03, "water_fraction": 0.0, "ndvi_std": 0.16470485823131212, "ndbi_std": 0.1696227866685272, "nir_std": 0.10980600993508217, "open_space_fraction": 1.0, "building_irregularity": 0.0, "small_building_fraction": 0.0, "building_spacing_score": 0.7195837350260872, "footprint_irregularity": 1.0, "building_density_norm": 0.0, "building_irregularity_norm": 0.0, "small_building_fraction_norm": 0.0, "building_spacing_norm": 0.7195837350260872, "footprint_irregularity_norm": 1.0, "impervious_fraction_norm": 0.03, "ndbi_norm": 0.30817945785501843, "imi": 0.00019268691539764404, "built_gate": false, "predicted_class": "open_vegetated", "informal_probability": 0.0, "confidence": 0.9993873834609985, "explanation": "built-up intensity: 0.31; impervious surface: 0.03; building density: 0.00; building irregularity: 0.00", "year": 2025, "cell_uid": "2025_80.27355_13.09044", "label": "open_vegetated"}, "geometry": {"type": "Polygon", "coordinates": [[[421200.0, 1447200.0], [421200.0, 1447300.0], [421300.0, 1447300.0], [421300.0, 1447200.0], [421200.0, 1447200.0]]]}}, {"id": "815", "type": "Feature", "properties": {"cell_id": 815, "row": 24, "col": 0, "cell_area_m2": 2818.0443357559852, "building_count": 0.0, "building_area": 0.0, "building_density": 0.0, "mean_building_area": 0.0, "footprint_cv": 0.0, "compactness": 0.0, "rectangularity": 0.0, "small_bldg_frac": 0.0, "mean_nn_dist": 100.0, "road_density": 927.1332405425252, "road_segments": 6.0, "dist_major_road": 270.1281000486703, "blue": 0.0771900001913309, "green": 0.09954499999682108, "red": 0.10601500036815802, "nir": 0.24832666565974554, "swir1": 0.25116333464781443, "ndvi": 0.40757232209046684, "ndbi": 0.007395669744194796, "ndwi": -0.4281321754058202, "vegetation_fraction": 0.6, "impervious_fraction": 0.13333333333333333, "water_fraction": 0.0, "ndvi_std": 0.15579228870738854, "ndbi_std": 0.08312836557696371, "nir_std": 0.030758123917708345, "open_space_fraction": 1.0, "building_irregularity": 0.0, "small_building_fraction": 0.0, "building_spacing_score": 0.7195837350260872, "footprint_irregularity": 1.0, "building_density_norm": 0.0, "building_irregularity_norm": 0.0, "small_building_fraction_norm": 0.0, "building_spacing_norm": 0.7195837350260872, "footprint_irregularity_norm": 1.0, "impervious_fraction_norm": 0.13333333333333333, "ndbi_norm": 0.5931892207644167, "imi": 0.0018694665050134063, "built_gate": false, "predicted_class": "sparse_low_development", "informal_probability": 0.0, "confidence": 0.9965426325798035, "explanation": "built-up intensity: 0.59; impervious surface: 0.13; building density: 0.00; building irregularity: 0.00", "year": 2025, "cell_uid": "2025_80.25913_13.08949", "label": "sparse_low_development"}, "geometry": {"type": "Polygon", "coordinates": [[[419700.0, 1447200.0], [419700.0, 1447100.0], [419671.6730404699, 1447100.0], [419671.966072815, 1447200.0], [419700.0, 1447200.0]]]}}, {"id": "829", "type": "Feature", "properties": {"cell_id": 829, "row": 24, "col": 14, "cell_area_m2": 10000.0, "building_count": 0.0, "building_area": 0.0, "building_density": 0.0, "mean_building_area": 0.0, "footprint_cv": 0.0, "compactness": 0.0, "rectangularity": 0.0, "small_bldg_frac": 0.0, "mean_nn_dist": 100.0, "road_density": 502.62217951539714, "road_segments": 12.0, "dist_major_road": 194.01422948790992, "blue": 0.0, "green": 0.0, "red": 0.0, "nir": 0.0, "swir1": 0.0, "ndvi": 0.0, "ndbi": 0.0, "ndwi": 0.0, "vegetation_fraction": 0.0, "impervious_fraction": 0.0, "water_fraction": 0.0, "ndvi_std": 0.0, "ndbi_std": 0.0, "nir_std": 0.0, "open_space_fraction": 1.0, "building_irregularity": 0.0, "small_building_fraction": 0.0, "building_spacing_score": 0.7195837350260872, "footprint_irregularity": 1.0, "building_density_norm": 0.0, "building_irregularity_norm": 0.0, "small_building_fraction_norm": 0.0, "building_spacing_norm": 0.7195837350260872, "footprint_irregularity_norm": 1.0, "impervious_fraction_norm": 0.0, "ndbi_norm": 0.5781431462395603, "imi": 0.059135839343070984, "built_gate": false, "predicted_class": "sparse_low_development", "informal_probability": 0.0, "confidence": 0.9399369955062866, "explanation": "built-up intensity: 0.58; building density: 0.00; building irregularity: 0.00; impervious surface: 0.00", "year": 2025, "cell_uid": "2025_80.27171_13.08953", "label": "sparse_low_development"}, "geometry": {"type": "Polygon", "coordinates": [[[421000.0, 1447100.0], [421000.0, 1447200.0], [421100.0, 1447200.0], [421100.0, 1447100.0], [421000.0, 1447100.0]]]}}, {"id": "830", "type": "Feature", "properties": {"cell_id": 830, "row": 24, "col": 15, "cell_area_m2": 10000.0, "building_count": 0.0, "building_area": 0.0, "building_density": 0.0, "mean_building_area": 0.0, "footprint_cv": 0.0, "compactness": 0.0, "rectangularity": 0.0, "small_bldg_frac": 0.0, "mean_nn_dist": 100.0, "road_density": 27.036523270937295, "road_segments": 2.0, "dist_major_road": 291.6087479095729, "blue": 0.08300650026649237, "green": 0.11856099963188171, "red": 0.1554034999012947, "nir": 0.36161900088191035, "swir1": 0.35136199593544004, "ndvi": 0.40253499530255793, "ndbi": -0.007938089789822697, "ndwi": -0.49831784814596175, "vegetation_fraction": 0.48, "impervious_fraction": 0.3, "water_fraction": 0.0, "ndvi_std": 0.2367303135596545, "ndbi_std": 0.08718558314427124, "nir_std": 0.05924764660033596, "open_space_fraction": 1.0, "building_irregularity": 0.0, "small_building_fraction": 0.0, "building_spacing_score": 0.7195837350260872, "footprint_irregularity": 1.0, "building_density_norm": 0.0, "building_irregularity_norm": 0.0, "small_building_fraction_norm": 0.0, "building_spacing_norm": 0.7195837350260872, "footprint_irregularity_norm": 1.0, "impervious_fraction_norm": 0.3, "ndbi_norm": 0.5619935486109715, "imi": 0.0002997934352606535, "built_gate": false, "predicted_class": "sparse_low_development", "informal_probability": 0.0, "confidence": 0.9996132254600525, "explanation": "built-up intensity: 0.56; impervious surface: 0.30; building density: 0.00; building irregularity: 0.00", "year": 2025, "cell_uid": "2025_80.27263_13.08953", "label": "sparse_low_development"}, "geometry": {"type": "Polygon", "coordinates": [[[421100.0, 1447100.0], [421100.0, 1447200.0], [421200.0, 1447200.0], [421200.0, 1447100.0], [421100.0, 1447100.0]]]}}, {"id": "831", "type": "Feature", "properties": {"cell_id": 831, "row": 24, "col": 16, "cell_area_m2": 10000.0, "building_count": 0.0, "building_area": 0.0, "building_density": 0.0, "mean_building_area": 0.0, "footprint_cv": 0.0, "compactness": 0.0, "rectangularity": 0.0, "small_bldg_frac": 0.0, "mean_nn_dist": 100.0, "road_density": 0.0, "road_segments": 0.0, "dist_major_road": 192.40209849325655, "blue": 0.04422199968248606, "green": 0.06568949989974499, "red": 0.05884450020268559, "nir": 0.23605650018900634, "swir1": 0.17175399929285048, "ndvi": 0.5813781563937664, "ndbi": -0.1240806942456402, "ndwi": -0.5382250821590424, "vegetation_fraction": 0.72, "impervious_fraction": 0.01, "water_fraction": 0.0, "ndvi_std": 0.19840943123610238, "ndbi_std": 0.18732330025420693, "nir_std": 0.08950202070327681, "open_space_fraction": 1.0, "building_irregularity": 0.0, "small_building_fraction": 0.0, "building_spacing_score": 0.7195837350260872, "footprint_irregularity": 1.0, "building_density_norm": 0.0, "building_irregularity_norm": 0.0, "small_building_fraction_norm": 0.0, "building_spacing_norm": 0.7195837350260872, "footprint_irregularity_norm": 1.0, "impervious_fraction_norm": 0.01, "ndbi_norm": 0.32570794600887587, "imi": 0.00013122661039233208, "built_gate": false, "predicted_class": "open_vegetated", "informal_probability": 0.0, "confidence": 0.999582827091217, "explanation": "built-up intensity: 0.33; impervious surface: 0.01; building density: 0.00; building irregularity: 0.00", "year": 2025, "cell_uid": "2025_80.27356_13.08953", "label": "open_vegetated"}, "geometry": {"type": "Polygon", "coordinates": [[[421200.0, 1447100.0], [421200.0, 1447200.0], [421300.0, 1447200.0], [421300.0, 1447100.0], [421200.0, 1447100.0]]]}}, {"id": "850", "type": "Feature", "properties": {"cell_id": 850, "row": 24, "col": 35, "cell_area_m2": 4097.4279602553, "building_count": 0.0, "building_area": 0.0, "building_density": 0.0, "mean_building_area": 0.0, "footprint_cv": 0.0, "compactness": 0.0, "rectangularity": 0.0, "small_bldg_frac": 0.0, "mean_nn_dist": 100.0, "road_density": 156.10660593198716, "road_segments": 3.0, "dist_major_road": 15.542951303435014, "blue": 0.06866250038146973, "green": 0.08994249980896711, "red": 0.09128499981015921, "nir": 0.21978999860584736, "swir1": 0.19281000047922134, "ndvi": 0.42002560533583166, "ndbi": -0.06110295382095501, "ndwi": -0.4195469535887241, "vegetation_fraction": 0.55, "impervious_fraction": 0.0, "water_fraction": 0.0, "ndvi_std": 0.12436038782383335, "ndbi_std": 0.07653857504885152, "nir_std": 0.03819814035348733, "open_space_fraction": 1.0, "building_irregularity": 0.0, "small_building_fraction": 0.0, "building_spacing_score": 0.7195837350260872, "footprint_irregularity": 1.0, "building_density_norm": 0.0, "building_irregularity_norm": 0.0, "small_building_fraction_norm": 0.0, "building_spacing_norm": 0.7195837350260872, "footprint_irregularity_norm": 1.0, "impervious_fraction_norm": 0.0, "ndbi_norm": 0.45383262012384257, "imi": 0.008585392497479916, "built_gate": false, "predicted_class": "sparse_low_development", "informal_probability": 0.0, "confidence": 0.9887746572494507, "explanation": "built-up intensity: 0.45; building density: 0.00; building irregularity: 0.00; impervious surface: 0.00", "year": 2025, "cell_uid": "2025_80.29081_13.08958", "label": "sparse_low_development"}, "geometry": {"type": "Polygon", "coordinates": [[[423100.0, 1447100.0], [423100.0, 1447200.0], [423141.1144678184, 1447200.0], [423140.8340913867, 1447100.0], [423100.0, 1447100.0]]]}}, {"id": "851", "type": "Feature", "properties": {"cell_id": 851, "row": 25, "col": 0, "cell_area_m2": 2847.347570268903, "building_count": 2.0, "building_area": 332.13791367275314, "building_density": 0.11664818062284757, "mean_building_area": 166.06895683637657, "footprint_cv": 0.6019992330585165, "compactness": 0.7534842787342847, "rectangularity": 0.9996668915128937, "small_bldg_frac": 0.0, "mean_nn_dist": 20.58543352222286, "road_density": 857.7183524788975, "road_segments": 8.0, "dist_major_road": 208.11678973419302, "blue": 0.0, "green": 0.0, "red": 0.0, "nir": 0.0, "swir1": 0.0, "ndvi": 0.0, "ndbi": 0.0, "ndwi": 0.0, "vegetation_fraction": 0.0, "impervious_fraction": 0.0, "water_fraction": 0.0, "ndvi_std": 0.0, "ndbi_std": 0.0, "nir_std": 0.0, "open_space_fraction": 0.8833518193771525, "building_irregularity": 0.6019992330585165, "small_building_fraction": 0.0, "building_spacing_score": 0.9436075408679383, "footprint_irregularity": 0.2465157212657153, "building_density_norm": 0.055464665663175525, "building_irregularity_norm": 0.2721814045201868, "small_building_fraction_norm": 0.0, "building_spacing_norm": 0.9436075408679383, "footprint_irregularity_norm": 0.20189503698213557, "impervious_fraction_norm": 0.0, "ndbi_norm": 0.5781431462395603, "imi": 0.007874813862144947, "built_gate": false, "predicted_class": "sparse_low_development", "informal_probability": 0.0, "confidence": 0.9919511079788208, "explanation": "built-up intensity: 0.58; building irregularity: 0.27; building density: 0.06; impervious surface: 0.00", "year": 2025, "cell_uid": "2025_80.25913_13.08859", "label": "sparse_low_development"}, "geometry": {"type": "Polygon", "coordinates": [[[419700.0, 1447100.0], [419700.0, 1447000.0], [419671.38000812475, 1447000.0], [419671.6730404699, 1447100.0], [419700.0, 1447100.0]]]}}, {"id": "863", "type": "Feature", "properties": {"cell_id": 863, "row": 25, "col": 12, "cell_area_m2": 10000.0, "building_count": 1.0, "building_area": 248.5355350704233, "building_density": 0.02485355350704233, "mean_building_area": 248.5355350704233, "footprint_cv": 0.0, "compactness": 0.53037168079876, "rectangularity": 0.9989375641714584, "small_bldg_frac": 0.0, "mean_nn_dist": 29.554731853485173, "road_density": 508.8560564453836, "road_segments": 15.0, "dist_major_road": 0.7656004883193063, "blue": 0.0, "green": 0.0, "red": 0.0, "nir": 0.0, "swir1": 0.0, "ndvi": 0.0, "ndbi": 0.0, "ndwi": 0.0, "vegetation_fraction": 0.0, "impervious_fraction": 0.0, "water_fraction": 0.0, "ndvi_std": 0.0, "ndbi_std": 0.0, "nir_std": 0.0, "open_space_fraction": 0.9751464464929577, "building_irregularity": 0.0, "small_building_fraction": 0.0, "building_spacing_score": 0.9183056795467834, "footprint_irregularity": 0.46962831920124004, "building_density_norm": 0.011817535673933557, "building_irregularity_norm": 0.0, "small_building_fraction_norm": 0.0, "building_spacing_norm": 0.9183056795467834, "footprint_irregularity_norm": 0.4382201691046955, "impervious_fraction_norm": 0.0, "ndbi_norm": 0.5781431462395603, "imi": 0.03042043186724186, "built_gate": false, "predicted_class": "sparse_low_development", "informal_probability": 0.0, "confidence": 0.9690441489219666, "explanation": "built-up intensity: 0.58; building density: 0.01; building irregularity: 0.00; impervious surface: 0.00", "year": 2025, "cell_uid": "2025_80.26987_13.08862", "label": "sparse_low_development"}, "geometry": {"type": "Polygon", "coordinates": [[[420800.0, 1447000.0], [420800.0, 1447100.0], [420900.0, 1447100.0], [420900.0, 1447000.0], [420800.0, 1447000.0]]]}}, {"id": "864", "type": "Feature", "properties": {"cell_id": 864, "row": 25, "col": 13, "cell_area_m2": 10000.0, "building_count": 1.0, "building_area": 10361.893529524745, "building_density": 1.0361893529524744, "mean_building_area": 10361.893529524745, "footprint_cv": 0.0, "compactness": 0.9440917092974136, "rectangularity": 0.8637410938421911, "small_bldg_frac": 0.0, "mean_nn_dist": 95.05166506978446, "road_density": 292.77700378887397, "road_segments": 6.0, "dist_major_road": 99.10736875596545, "blue": 0.0, "green": 0.0, "red": 0.0, "nir": 0.0, "swir1": 0.0, "ndvi": 0.0, "ndbi": 0.0, "ndwi": 0.0, "vegetation_fraction": 0.0, "impervious_fraction": 0.0, "water_fraction": 0.0, "ndvi_std": 0.0, "ndbi_std": 0.0, "nir_std": 0.0, "open_space_fraction": 0.0, "building_irregularity": 0.0, "small_building_fraction": 0.0, "building_spacing_score": 0.7335426958668199, "footprint_irregularity": 0.055908290702586405, "building_density_norm": 0.49269431994890717, "building_irregularity_norm": 0.0, "small_building_fraction_norm": 0.0, "building_spacing_norm": 0.7335426958668199, "footprint_irregularity_norm": 0.0, "impervious_fraction_norm": 0.0, "ndbi_norm": 0.5781431462395603, "imi": 0.009569905698299408, "built_gate": false, "predicted_class": "sparse_low_development", "informal_probability": 0.0, "confidence": 0.9902482628822327, "explanation": "built-up intensity: 0.58; building density: 0.49; building irregularity: 0.00; impervious surface: 0.00", "year": 2025, "cell_uid": "2025_80.27079_13.08862", "label": "sparse_low_development"}, "geometry": {"type": "Polygon", "coordinates": [[[420900.0, 1447000.0], [420900.0, 1447100.0], [421000.0, 1447100.0], [421000.0, 1447000.0], [420900.0, 1447000.0]]]}}, {"id": "865", "type": "Feature", "properties": {"cell_id": 865, "row": 25, "col": 14, "cell_area_m2": 10000.0, "building_count": 1.0, "building_area": 387.25697461866145, "building_density": 0.038725697461866146, "mean_building_area": 387.25697461866145, "footprint_cv": 0.0, "compactness": 0.7622817166991279, "rectangularity": 0.9955491247585533, "small_bldg_frac": 0.0, "mean_nn_dist": 95.05166506978446, "road_density": 102.01039694265867, "road_segments": 2.0, "dist_major_road": 198.9803380002502, "blue": 0.0, "green": 0.0, "red": 0.0, "nir": 0.0, "swir1": 0.0, "ndvi": 0.0, "ndbi": 0.0, "ndwi": 0.0, "vegetation_fraction": 0.0, "impervious_fraction": 0.0, "water_fraction": 0.0, "ndvi_std": 0.0, "ndbi_std": 0.0, "nir_std": 0.0, "open_space_fraction": 0.9612743025381338, "building_irregularity": 0.0, "small_building_fraction": 0.0, "building_spacing_score": 0.7335426958668199, "footprint_irregularity": 0.23771828330087208, "building_density_norm": 0.018413556480922823, "building_irregularity_norm": 0.0, "small_building_fraction_norm": 0.0, "building_spacing_norm": 0.7335426958668199, "footprint_irregularity_norm": 0.1925766223851149, "impervious_fraction_norm": 0.0, "ndbi_norm": 0.5781431462395603, "imi": 0.010988505557179451, "built_gate": false, "predicted_class": "sparse_low_development", "informal_probability": 0.0, "confidence": 0.9886666536331177, "explanation": "built-up intensity: 0.58; building density: 0.02; building irregularity: 0.00; impervious surface: 0.00", "year": 2025, "cell_uid": "2025_80.27172_13.08862", "label": "sparse_low_development"}, "geometry": {"type": "Polygon", "coordinates": [[[421000.0, 1447000.0], [421000.0, 1447100.0], [421100.0, 1447100.0], [421100.0, 1447000.0], [421000.0, 1447000.0]]]}}, {"id": "866", "type": "Feature", "properties": {"cell_id": 866, "row": 25, "col": 15, "cell_area_m2": 10000.0, "building_count": 2.0, "building_area": 1597.2429106939207, "building_density": 0.15972429106939207, "mean_building_area": 798.6214553469604, "footprint_cv": 1.0684633321525308, "compactness": 0.5346832403203955, "rectangularity": 0.7772717362138235, "small_bldg_frac": 0.0, "mean_nn_dist": 80.52014392196863, "road_density": 64.3699792757416, "road_segments": 2.0, "dist_major_road": 298.85330724453496, "blue": 0.0, "green": 0.0, "red": 0.0, "nir": 0.0, "swir1": 0.0, "ndvi": 0.0, "ndbi": 0.0, "ndwi": 0.0, "vegetation_fraction": 0.0, "impervious_fraction": 0.0, "water_fraction": 0.0, "ndvi_std": 0.0, "ndbi_std": 0.0, "nir_std": 0.0, "open_space_fraction": 0.8402757089306079, "building_irregularity": 1.0684633321525308, "small_building_fraction": 0.0, "building_spacing_score": 0.774535259531019, "footprint_irregularity": 0.4653167596796045, "building_density_norm": 0.07594678592626385, "building_irregularity_norm": 0.48308342345566796, "small_building_fraction_norm": 0.0, "building_spacing_norm": 0.774535259531019, "footprint_irregularity_norm": 0.4336532827745061, "impervious_fraction_norm": 0.0, "ndbi_norm": 0.5781431462395603, "imi": 0.007874813862144947, "built_gate": false, "predicted_class": "sparse_low_development", "informal_probability": 0.0, "confidence": 0.9919511079788208, "explanation": "built-up intensity: 0.58; building irregularity: 0.48; building density: 0.08; impervious surface: 0.00", "year": 2025, "cell_uid": "2025_80.27264_13.08863", "label": "sparse_low_development"}, "geometry": {"type": "Polygon", "coordinates": [[[421100.0, 1447000.0], [421100.0, 1447100.0], [421200.0, 1447100.0], [421200.0, 1447000.0], [421100.0, 1447000.0]]]}}, {"id": "867", "type": "Feature", "properties": {"cell_id": 867, "row": 25, "col": 16, "cell_area_m2": 10000.0, "building_count": 0.0, "building_area": 0.0, "building_density": 0.0, "mean_building_area": 0.0, "footprint_cv": 0.0, "compactness": 0.0, "rectangularity": 0.0, "small_bldg_frac": 0.0, "mean_nn_dist": 100.0, "road_density": 0.0, "road_segments": 0.0, "dist_major_road": 204.97058969384327, "blue": 0.0, "green": 0.0, "red": 0.0, "nir": 0.0, "swir1": 0.0, "ndvi": 0.0, "ndbi": 0.0, "ndwi": 0.0, "vegetation_fraction": 0.0, "impervious_fraction": 0.0, "water_fraction": 0.0, "ndvi_std": 0.0, "ndbi_std": 0.0, "nir_std": 0.0, "open_space_fraction": 1.0, "building_irregularity": 0.0, "small_building_fraction": 0.0, "building_spacing_score": 0.7195837350260872, "footprint_irregularity": 1.0, "building_density_norm": 0.0, "building_irregularity_norm": 0.0, "small_building_fraction_norm": 0.0, "building_spacing_norm": 0.7195837350260872, "footprint_irregularity_norm": 1.0, "impervious_fraction_norm": 0.0, "ndbi_norm": 0.5781431462395603, "imi": 0.059135839343070984, "built_gate": false, "predicted_class": "sparse_low_development", "informal_probability": 0.0, "confidence": 0.9399369955062866, "explanation": "built-up intensity: 0.58; building density: 0.00; building irregularity: 0.00; impervious surface: 0.00", "year": 2025, "cell_uid": "2025_80.27356_13.08863", "label": "sparse_low_development"}, "geometry": {"type": "Polygon", "coordinates": [[[421200.0, 1447000.0], [421200.0, 1447100.0], [421300.0, 1447100.0], [421300.0, 1447000.0], [421200.0, 1447000.0]]]}}, {"id": "868", "type": "Feature", "properties": {"cell_id": 868, "row": 25, "col": 17, "cell_area_m2": 10000.0, "building_count": 0.0, "building_area": 0.0, "building_density": 0.0, "mean_building_area": 0.0, "footprint_cv": 0.0, "compactness": 0.0, "rectangularity": 0.0, "small_bldg_frac": 0.0, "mean_nn_dist": 100.0, "road_density": 0.0, "road_segments": 0.0, "dist_major_road": 105.76460037801948, "blue": 0.0, "green": 0.0, "red": 0.0, "nir": 0.0, "swir1": 0.0, "ndvi": 0.0, "ndbi": 0.0, "ndwi": 0.0, "vegetation_fraction": 0.0, "impervious_fraction": 0.0, "water_fraction": 0.0, "ndvi_std": 0.0, "ndbi_std": 0.0, "nir_std": 0.0, "open_space_fraction": 1.0, "building_irregularity": 0.0, "small_building_fraction": 0.0, "building_spacing_score": 0.7195837350260872, "footprint_irregularity": 1.0, "building_density_norm": 0.0, "building_irregularity_norm": 0.0, "small_building_fraction_norm": 0.0, "building_spacing_norm": 0.7195837350260872, "footprint_irregularity_norm": 1.0, "impervious_fraction_norm": 0.0, "ndbi_norm": 0.5781431462395603, "imi": 0.059135839343070984, "built_gate": false, "predicted_class": "sparse_low_development", "informal_probability": 0.0, "confidence": 0.9399369955062866, "explanation": "built-up intensity: 0.58; building density: 0.00; building irregularity: 0.00; impervious surface: 0.00", "year": 2025, "cell_uid": "2025_80.27448_13.08863", "label": "sparse_low_development"}, "geometry": {"type": "Polygon", "coordinates": [[[421300.0, 1447000.0], [421300.0, 1447100.0], [421400.0, 1447100.0], [421400.0, 1447000.0], [421300.0, 1447000.0]]]}}, {"id": "885", "type": "Feature", "properties": {"cell_id": 885, "row": 25, "col": 34, "cell_area_m2": 10000.0, "building_count": 1.0, "building_area": 537.2029620696738, "building_density": 0.05372029620696738, "mean_building_area": 537.2029620696738, "footprint_cv": 0.0, "compactness": 0.7763430871748185, "rectangularity": 0.9956288993171064, "small_bldg_frac": 0.0, "mean_nn_dist": 79.82586337630842, "road_density": 804.1721159321202, "road_segments": 26.0, "dist_major_road": 1.1496836197142604, "blue": 0.0, "green": 0.0, "red": 0.0, "nir": 0.0, "swir1": 0.0, "ndvi": 0.0, "ndbi": 0.0, "ndwi": 0.0, "vegetation_fraction": 0.0, "impervious_fraction": 0.0, "water_fraction": 0.0, "ndvi_std": 0.0, "ndbi_std": 0.0, "nir_std": 0.0, "open_space_fraction": 0.9462797037930326, "building_irregularity": 0.0, "small_building_fraction": 0.0, "building_spacing_score": 0.77649378398137, "footprint_irregularity": 0.22365691282518152, "building_density_norm": 0.025543289681301724, "building_irregularity_norm": 0.0, "small_building_fraction_norm": 0.0, "building_spacing_norm": 0.77649378398137, "footprint_irregularity_norm": 0.17768254976778947, "impervious_fraction_norm": 0.0, "ndbi_norm": 0.5781431462395603, "imi": 0.03323666751384735, "built_gate": false, "predicted_class": "sparse_low_development", "informal_probability": 0.0, "confidence": 0.9664385318756104, "explanation": "built-up intensity: 0.58; building density: 0.03; building irregularity: 0.00; impervious surface: 0.00", "year": 2025, "cell_uid": "2025_80.29016_13.08868", "label": "sparse_low_development"}, "geometry": {"type": "Polygon", "coordinates": [[[423000.0, 1447000.0], [423000.0, 1447100.0], [423100.0, 1447100.0], [423100.0, 1447000.0], [423000.0, 1447000.0]]]}}, {"id": "886", "type": "Feature", "properties": {"cell_id": 886, "row": 25, "col": 35, "cell_area_m2": 4069.390317084617, "building_count": 0.0, "building_area": 0.0, "building_density": 0.0, "mean_building_area": 0.0, "footprint_cv": 0.0, "compactness": 0.0, "rectangularity": 0.0, "small_bldg_frac": 0.0, "mean_nn_dist": 100.0, "road_density": 0.0, "road_segments": 0.0, "dist_major_road": 41.85274653084909, "blue": 0.0, "green": 0.0, "red": 0.0, "nir": 0.0, "swir1": 0.0, "ndvi": 0.0, "ndbi": 0.0, "ndwi": 0.0, "vegetation_fraction": 0.0, "impervious_fraction": 0.0, "water_fraction": 0.0, "ndvi_std": 0.0, "ndbi_std": 0.0, "nir_std": 0.0, "open_space_fraction": 1.0, "building_irregularity": 0.0, "small_building_fraction": 0.0, "building_spacing_score": 0.7195837350260872, "footprint_irregularity": 1.0, "building_density_norm": 0.0, "building_irregularity_norm": 0.0, "small_building_fraction_norm": 0.0, "building_spacing_norm": 0.7195837350260872, "footprint_irregularity_norm": 1.0, "impervious_fraction_norm": 0.0, "ndbi_norm": 0.5781431462395603, "imi": 0.059135839343070984, "built_gate": false, "predicted_class": "sparse_low_development", "informal_probability": 0.0, "confidence": 0.9399369955062866, "explanation": "built-up intensity: 0.58; building density: 0.00; building irregularity: 0.00; impervious surface: 0.00", "year": 2025, "cell_uid": "2025_80.29081_13.08868", "label": "sparse_low_development"}, "geometry": {"type": "Polygon", "coordinates": [[[423100.0, 1447000.0], [423100.0, 1447100.0], [423140.8340913867, 1447100.0], [423140.553714955, 1447000.0], [423100.0, 1447000.0]]]}}, {"id": "891", "type": "Feature", "properties": {"cell_id": 891, "row": 26, "col": 4, "cell_area_m2": 10000.0, "building_count": 2.0, "building_area": 373.8415493591709, "building_density": 0.1312946663985477, "mean_building_area": 186.92077467958546, "footprint_cv": 0.00767483621206171, "compactness": 0.7243337313377977, "rectangularity": 0.9980700110589436, "small_bldg_frac": 0.0, "mean_nn_dist": 44.92045598046408, "road_density": 440.9012666334481, "road_segments": 3.0, "dist_major_road": 51.902279768945476, "blue": 0.0, "green": 0.0, "red": 0.0, "nir": 0.0, "swir1": 0.0, "ndvi": 0.0, "ndbi": 0.0, "ndwi": 0.0, "vegetation_fraction": 0.0, "impervious_fraction": 0.0, "water_fraction": 0.0, "ndvi_std": 0.0, "ndbi_std": 0.0, "nir_std": 0.0, "open_space_fraction": 0.8687053336014523, "building_irregularity": 0.00767483621206171, "small_building_fraction": 0.0, "building_spacing_score": 0.874959878504036, "footprint_irregularity": 0.27566626866220234, "building_density_norm": 0.06242887575502627, "building_irregularity_norm": 0.0034700172108994916, "small_building_fraction_norm": 0.0, "building_spacing_norm": 0.874959878504036, "footprint_irregularity_norm": 0.2327718544665097, "impervious_fraction_norm": 0.0, "ndbi_norm": 0.5781431462395603, "imi": 0.0051519181579351425, "built_gate": false, "predicted_class": "sparse_low_development", "informal_probability": 0.0, "confidence": 0.9947264790534973, "explanation": "built-up intensity: 0.58; building density: 0.06; building irregularity: 0.00; impervious surface: 0.00", "year": 2025, "cell_uid": "2025_80.26249_13.08769", "label": "sparse_low_development"}, "geometry": {"type": "Polygon", "coordinates": [[[420000.0, 1446900.0], [420000.0, 1447000.0], [420100.0, 1447000.0], [420100.0, 1446900.0], [420000.0, 1446900.0]]]}}, {"id": "900", "type": "Feature", "properties": {"cell_id": 900, "row": 26, "col": 13, "cell_area_m2": 10000.0, "building_count": 0.0, "building_area": 0.0, "building_density": 0.0, "mean_building_area": 0.0, "footprint_cv": 0.0, "compactness": 0.0, "rectangularity": 0.0, "small_bldg_frac": 0.0, "mean_nn_dist": 100.0, "road_density": 368.33781456515624, "road_segments": 10.0, "dist_major_road": 103.13369057764257, "blue": 0.05506499979645014, "green": 0.08290250021964311, "red": 0.06934900006279349, "nir": 0.323132998496294, "swir1": 0.20912999987602235, "ndvi": 0.6663982552103698, "ndbi": -0.21332846552832052, "ndwi": -0.6041032586246728, "vegetation_fraction": 0.89, "impervious_fraction": 0.01, "water_fraction": 0.0, "ndvi_std": 0.2040381992229549, "ndbi_std": 0.09124561975500199, "nir_std": 0.03784088606084517, "open_space_fraction": 1.0, "building_irregularity": 0.0, "small_building_fraction": 0.0, "building_spacing_score": 0.7195837350260872, "footprint_irregularity": 1.0, "building_density_norm": 0.0, "building_irregularity_norm": 0.0, "small_building_fraction_norm": 0.0, "building_spacing_norm": 0.7195837350260872, "footprint_irregularity_norm": 1.0, "impervious_fraction_norm": 0.01, "ndbi_norm": 0.14413837025130521, "imi": 0.00013122661039233208, "built_gate": false, "predicted_class": "open_vegetated", "informal_probability": 0.0, "confidence": 0.999582827091217, "explanation": "built-up intensity: 0.14; impervious surface: 0.01; building density: 0.00; building irregularity: 0.00", "year": 2025, "cell_uid": "2025_80.27080_13.08772", "label": "open_vegetated"}, "geometry": {"type": "Polygon", "coordinates": [[[420900.0, 1446900.0], [420900.0, 1447000.0], [421000.0, 1447000.0], [421000.0, 1446900.0], [420900.0, 1446900.0]]]}}, {"id": "901", "type": "Feature", "properties": {"cell_id": 901, "row": 26, "col": 14, "cell_area_m2": 10000.0, "building_count": 0.0, "building_area": 0.0, "building_density": 0.0, "mean_building_area": 0.0, "footprint_cv": 0.0, "compactness": 0.0, "rectangularity": 0.0, "small_bldg_frac": 0.0, "mean_nn_dist": 100.0, "road_density": 48.9885350924925, "road_segments": 2.0, "dist_major_road": 193.7382003966627, "blue": 0.0, "green": 0.0, "red": 0.0, "nir": 0.0, "swir1": 0.0, "ndvi": 0.0, "ndbi": 0.0, "ndwi": 0.0, "vegetation_fraction": 0.0, "impervious_fraction": 0.0, "water_fraction": 0.0, "ndvi_std": 0.0, "ndbi_std": 0.0, "nir_std": 0.0, "open_space_fraction": 1.0, "building_irregularity": 0.0, "small_building_fraction": 0.0, "building_spacing_score": 0.7195837350260872, "footprint_irregularity": 1.0, "building_density_norm": 0.0, "building_irregularity_norm": 0.0, "small_building_fraction_norm": 0.0, "building_spacing_norm": 0.7195837350260872, "footprint_irregularity_norm": 1.0, "impervious_fraction_norm": 0.0, "ndbi_norm": 0.5781431462395603, "imi": 0.059135839343070984, "built_gate": false, "predicted_class": "sparse_low_development", "informal_probability": 0.0, "confidence": 0.9399369955062866, "explanation": "built-up intensity: 0.58; building density: 0.00; building irregularity: 0.00; impervious surface: 0.00", "year": 2025, "cell_uid": "2025_80.27172_13.08772", "label": "sparse_low_development"}, "geometry": {"type": "Polygon", "coordinates": [[[421000.0, 1446900.0], [421000.0, 1447000.0], [421100.0, 1447000.0], [421100.0, 1446900.0], [421000.0, 1446900.0]]]}}, {"id": "902", "type": "Feature", "properties": {"cell_id": 902, "row": 26, "col": 15, "cell_area_m2": 10000.0, "building_count": 0.0, "building_area": 0.0, "building_density": 0.0, "mean_building_area": 0.0, "footprint_cv": 0.0, "compactness": 0.0, "rectangularity": 0.0, "small_bldg_frac": 0.0, "mean_nn_dist": 100.0, "road_density": 121.94116781533697, "road_segments": 2.0, "dist_major_road": 285.62194729139014, "blue": 0.07900850029662251, "green": 0.10257649980485439, "red": 0.09487550001591444, "nir": 0.3260199993848801, "swir1": 0.23527600049972533, "ndvi": 0.5926264999806881, "ndbi": -0.16554449639632365, "ndwi": -0.5533870237320662, "vegetation_fraction": 0.76, "impervious_fraction": 0.02, "water_fraction": 0.0, "ndvi_std": 0.2369705932266904, "ndbi_std": 0.09633717850078295, "nir_std": 0.034800259348508514, "open_space_fraction": 1.0, "building_irregularity": 0.0, "small_building_fraction": 0.0, "building_spacing_score": 0.7195837350260872, "footprint_irregularity": 1.0, "building_density_norm": 0.0, "building_irregularity_norm": 0.0, "small_building_fraction_norm": 0.0, "building_spacing_norm": 0.7195837350260872, "footprint_irregularity_norm": 1.0, "impervious_fraction_norm": 0.02, "ndbi_norm": 0.2413521704237386, "imi": 0.00013122661039233208, "built_gate": false, "predicted_class": "open_vegetated", "informal_probability": 0.0, "confidence": 0.999582827091217, "explanation": "built-up intensity: 0.24; impervious surface: 0.02; building density: 0.00; building irregularity: 0.00", "year": 2025, "cell_uid": "2025_80.27264_13.08772", "label": "open_vegetated"}, "geometry": {"type": "Polygon", "coordinates": [[[421100.0, 1446900.0], [421100.0, 1447000.0], [421200.0, 1447000.0], [421200.0, 1446900.0], [421100.0, 1446900.0]]]}}, {"id": "903", "type": "Feature", "properties": {"cell_id": 903, "row": 26, "col": 16, "cell_area_m2": 10000.0, "building_count": 0.0, "building_area": 0.0, "building_density": 0.0, "mean_building_area": 0.0, "footprint_cv": 0.0, "compactness": 0.0, "rectangularity": 0.0, "small_bldg_frac": 0.0, "mean_nn_dist": 100.0, "road_density": 0.0, "road_segments": 0.0, "dist_major_road": 216.93582226825723, "blue": 0.055666000079363585, "green": 0.07918500017374754, "red": 0.07454099971801043, "nir": 0.26959999904036525, "swir1": 0.19867599964141847, "ndvi": 0.5529681499302387, "ndbi": -0.13403705188073217, "ndwi": -0.5299018082022667, "vegetation_fraction": 0.72, "impervious_fraction": 0.01, "water_fraction": 0.0, "ndvi_std": 0.18781674432159648, "ndbi_std": 0.1395797075678538, "nir_std": 0.07344002491894228, "open_space_fraction": 1.0, "building_irregularity": 0.0, "small_building_fraction": 0.0, "building_spacing_score": 0.7195837350260872, "footprint_irregularity": 1.0, "building_density_norm": 0.0, "building_irregularity_norm": 0.0, "small_building_fraction_norm": 0.0, "building_spacing_norm": 0.7195837350260872, "footprint_irregularity_norm": 1.0, "impervious_fraction_norm": 0.01, "ndbi_norm": 0.3054522958574741, "imi": 0.00013122661039233208, "built_gate": false, "predicted_class": "open_vegetated", "informal_probability": 0.0, "confidence": 0.999582827091217, "explanation": "built-up intensity: 0.31; impervious surface: 0.01; building density: 0.00; building irregularity: 0.00", "year": 2025, "cell_uid": "2025_80.27356_13.08773", "label": "open_vegetated"}, "geometry": {"type": "Polygon", "coordinates": [[[421200.0, 1446900.0], [421200.0, 1447000.0], [421300.0, 1447000.0], [421300.0, 1446900.0], [421200.0, 1446900.0]]]}}, {"id": "912", "type": "Feature", "properties": {"cell_id": 912, "row": 26, "col": 25, "cell_area_m2": 10000.0, "building_count": 2.0, "building_area": 254.64557593734912, "building_density": 0.02546455759373491, "mean_building_area": 127.32278796867456, "footprint_cv": 0.773697764113068, "compactness": 0.6295084523270513, "rectangularity": 0.9372670579776224, "small_bldg_frac": 0.0, "mean_nn_dist": 29.70157749933918, "road_density": 230.0158928903932, "road_segments": 13.0, "dist_major_road": 44.205988162622404, "blue": 0.0538785001821816, "green": 0.07415300026535988, "red": 0.06672500010579824, "nir": 0.24942100077867507, "swir1": 0.1913620012998581, "ndvi": 0.5573297448083758, "ndbi": -0.11395245595253073, "ndwi": -0.5204533937573433, "vegetation_fraction": 0.73, "impervious_fraction": 0.11, "water_fraction": 0.0, "ndvi_std": 0.22346456375961732, "ndbi_std": 0.1200135982812717, "nir_std": 0.06489381465125132, "open_space_fraction": 0.9745354424062651, "building_irregularity": 0.773697764113068, "small_building_fraction": 0.0, "building_spacing_score": 0.917891436645077, "footprint_irregularity": 0.3704915476729487, "building_density_norm": 0.012108060028503733, "building_irregularity_norm": 0.349811316271151, "small_building_fraction_norm": 0.0, "building_spacing_norm": 0.917891436645077, "footprint_irregularity_norm": 0.33321260410651515, "impervious_fraction_norm": 0.11, "ndbi_norm": 0.3463132777008769, "imi": 0.001352687948383391, "built_gate": false, "predicted_class": "open_vegetated", "informal_probability": 0.0, "confidence": 0.9887292981147766, "explanation": "building irregularity: 0.35; built-up intensity: 0.35; impervious surface: 0.11; building density: 0.01", "year": 2025, "cell_uid": "2025_80.28186_13.08775", "label": "open_vegetated"}, "geometry": {"type": "Polygon", "coordinates": [[[422100.0, 1446900.0], [422100.0, 1447000.0], [422200.0, 1447000.0], [422200.0, 1446900.0], [422100.0, 1446900.0]]]}}, {"id": "917", "type": "Feature", "properties": {"cell_id": 917, "row": 26, "col": 30, "cell_area_m2": 10000.0, "building_count": 2.0, "building_area": 2253.6789137225105, "building_density": 0.22536789137225105, "mean_building_area": 1126.8394568612553, "footprint_cv": 0.1832355884643786, "compactness": 0.5603100371783374, "rectangularity": 0.8652338725669542, "small_bldg_frac": 0.0, "mean_nn_dist": 35.953751394254816, "road_density": 223.76488086094577, "road_segments": 2.0, "dist_major_road": 75.59624780275843, "blue": 0.09933949997648597, "green": 0.12513300009071826, "red": 0.13166849937289954, "nir": 0.2976979996263981, "swir1": 0.2487639993429184, "ndvi": 0.4352017585746944, "ndbi": -0.08153938013594597, "ndwi": -0.4482840548083186, "vegetation_fraction": 0.54, "impervious_fraction": 0.11, "water_fraction": 0.0, "ndvi_std": 0.23739977392688072, "ndbi_std": 0.12596653653190484, "nir_std": 0.07643232658506977, "open_space_fraction": 0.774632108627749, "building_irregularity": 0.1832355884643786, "small_building_fraction": 0.0, "building_spacing_score": 0.900254423023451, "footprint_irregularity": 0.4396899628216626, "building_density_norm": 0.1071594488609489, "building_irregularity_norm": 0.08284615176821934, "small_building_fraction_norm": 0.0, "building_spacing_norm": 0.900254423023451, "footprint_irregularity_norm": 0.4065088892737802, "impervious_fraction_norm": 0.11, "ndbi_norm": 0.4122558591282001, "imi": 0.0014881303068250418, "built_gate": false, "predicted_class": "sparse_low_development", "informal_probability": 0.0, "confidence": 0.9984573125839233, "explanation": "built-up intensity: 0.41; impervious surface: 0.11; building density: 0.11; building irregularity: 0.08", "year": 2025, "cell_uid": "2025_80.28648_13.08776", "label": "sparse_low_development"}, "geometry": {"type": "Polygon", "coordinates": [[[422600.0, 1446900.0], [422600.0, 1447000.0], [422700.0, 1447000.0], [422700.0, 1446900.0], [422600.0, 1446900.0]]]}}, {"id": "920", "type": "Feature", "properties": {"cell_id": 920, "row": 26, "col": 33, "cell_area_m2": 10000.0, "building_count": 0.0, "building_area": 0.0, "building_density": 0.0, "mean_building_area": 0.0, "footprint_cv": 0.0, "compactness": 0.0, "rectangularity": 0.0, "small_bldg_frac": 0.0, "mean_nn_dist": 100.0, "road_density": 575.31086686057, "road_segments": 19.0, "dist_major_road": 54.987823238116235, "blue": 0.07647299986332655, "green": 0.10159850008785724, "red": 0.09490350000560284, "nir": 0.28504299983382225, "swir1": 0.2185640013217926, "ndvi": 0.5531160367652774, "ndbi": -0.14180600414518266, "ndwi": -0.5079515462368727, "vegetation_fraction": 0.7, "impervious_fraction": 0.09, "water_fraction": 0.0, "ndvi_std": 0.2613020625494795, "ndbi_std": 0.14401637558776934, "nir_std": 0.043933838616568195, "open_space_fraction": 1.0, "building_irregularity": 0.0, "small_building_fraction": 0.0, "building_spacing_score": 0.7195837350260872, "footprint_irregularity": 1.0, "building_density_norm": 0.0, "building_irregularity_norm": 0.0, "small_building_fraction_norm": 0.0, "building_spacing_norm": 0.7195837350260872, "footprint_irregularity_norm": 1.0, "impervious_fraction_norm": 0.09, "ndbi_norm": 0.2896467990202568, "imi": 0.0005179023719392717, "built_gate": false, "predicted_class": "open_vegetated", "informal_probability": 0.0, "confidence": 0.9978018403053284, "explanation": "built-up intensity: 0.29; impervious surface: 0.09; building density: 0.00; building irregularity: 0.00", "year": 2025, "cell_uid": "2025_80.28924_13.08777", "label": "open_vegetated"}, "geometry": {"type": "Polygon", "coordinates": [[[422900.0, 1446900.0], [422900.0, 1447000.0], [423000.0, 1447000.0], [423000.0, 1446900.0], [422900.0, 1446900.0]]]}}, {"id": "921", "type": "Feature", "properties": {"cell_id": 921, "row": 26, "col": 34, "cell_area_m2": 10000.0, "building_count": 0.0, "building_area": 0.0, "building_density": 0.0, "mean_building_area": 0.0, "footprint_cv": 0.0, "compactness": 0.0, "rectangularity": 0.0, "small_bldg_frac": 0.0, "mean_nn_dist": 100.0, "road_density": 409.8551580137879, "road_segments": 13.0, "dist_major_road": 8.646602466632348, "blue": 0.0, "green": 0.0, "red": 0.0, "nir": 0.0, "swir1": 0.0, "ndvi": 0.0, "ndbi": 0.0, "ndwi": 0.0, "vegetation_fraction": 0.0, "impervious_fraction": 0.0, "water_fraction": 0.0, "ndvi_std": 0.0, "ndbi_std": 0.0, "nir_std": 0.0, "open_space_fraction": 1.0, "building_irregularity": 0.0, "small_building_fraction": 0.0, "building_spacing_score": 0.7195837350260872, "footprint_irregularity": 1.0, "building_density_norm": 0.0, "building_irregularity_norm": 0.0, "small_building_fraction_norm": 0.0, "building_spacing_norm": 0.7195837350260872, "footprint_irregularity_norm": 1.0, "impervious_fraction_norm": 0.0, "ndbi_norm": 0.5781431462395603, "imi": 0.059135839343070984, "built_gate": false, "predicted_class": "sparse_low_development", "informal_probability": 0.0, "confidence": 0.9399369955062866, "explanation": "built-up intensity: 0.58; building density: 0.00; building irregularity: 0.00; impervious surface: 0.00", "year": 2025, "cell_uid": "2025_80.29017_13.08777", "label": "sparse_low_development"}, "geometry": {"type": "Polygon", "coordinates": [[[423000.0, 1446900.0], [423000.0, 1447000.0], [423100.0, 1447000.0], [423100.0, 1446900.0], [423000.0, 1446900.0]]]}}, {"id": "922", "type": "Feature", "properties": {"cell_id": 922, "row": 26, "col": 35, "cell_area_m2": 4041.352673911024, "building_count": 0.0, "building_area": 0.0, "building_density": 0.0, "mean_building_area": 0.0, "footprint_cv": 0.0, "compactness": 0.0, "rectangularity": 0.0, "small_bldg_frac": 0.0, "mean_nn_dist": 100.0, "road_density": 0.0, "road_segments": 0.0, "dist_major_road": 72.63685739206407, "blue": 0.08662375025451183, "green": 0.10611000023782254, "red": 0.11918999999761581, "nir": 0.18730500042438508, "swir1": 0.2067200005054474, "ndvi": 0.22144121592864394, "ndbi": 0.05101909895893186, "ndwi": -0.2762075772508979, "vegetation_fraction": 0.0, "impervious_fraction": 0.275, "water_fraction": 0.0, "ndvi_std": 0.06707604072176557, "ndbi_std": 0.03996086720877499, "nir_std": 0.02021477605156128, "open_space_fraction": 1.0, "building_irregularity": 0.0, "small_building_fraction": 0.0, "building_spacing_score": 0.7195837350260872, "footprint_irregularity": 1.0, "building_density_norm": 0.0, "building_irregularity_norm": 0.0, "small_building_fraction_norm": 0.0, "building_spacing_norm": 0.7195837350260872, "footprint_irregularity_norm": 1.0, "impervious_fraction_norm": 0.275, "ndbi_norm": 0.6819386362598749, "imi": 0.04778273403644562, "built_gate": false, "predicted_class": "sparse_low_development", "informal_probability": 0.0, "confidence": 0.9519546031951904, "explanation": "built-up intensity: 0.68; impervious surface: 0.28; building density: 0.00; building irregularity: 0.00", "year": 2025, "cell_uid": "2025_80.29081_13.08777", "label": "sparse_low_development"}, "geometry": {"type": "Polygon", "coordinates": [[[423100.0, 1446900.0], [423100.0, 1447000.0], [423140.553714955, 1447000.0], [423140.2733385232, 1446900.0], [423100.0, 1446900.0]]]}}, {"id": "923", "type": "Feature", "properties": {"cell_id": 923, "row": 27, "col": 0, "cell_area_m2": 2905.954039300559, "building_count": 0.0, "building_area": 0.0, "building_density": 0.0, "mean_building_area": 0.0, "footprint_cv": 0.0, "compactness": 0.0, "rectangularity": 0.0, "small_bldg_frac": 0.0, "mean_nn_dist": 100.0, "road_density": 0.0, "road_segments": 0.0, "dist_major_road": 168.54081018670362, "blue": 0.07788833317657312, "green": 0.09841166622936726, "red": 0.09943999933699767, "nir": 0.22607333014408748, "swir1": 0.22167333463827768, "ndvi": 0.4078718432535728, "ndbi": -0.011497060550997655, "ndwi": -0.40590140111744405, "vegetation_fraction": 0.5333333333333333, "impervious_fraction": 0.16666666666666666, "water_fraction": 0.0, "ndvi_std": 0.19327540151012426, "ndbi_std": 0.11386735189006511, "nir_std": 0.038215036231822694, "open_space_fraction": 1.0, "building_irregularity": 0.0, "small_building_fraction": 0.0, "building_spacing_score": 0.7195837350260872, "footprint_irregularity": 1.0, "building_density_norm": 0.0, "building_irregularity_norm": 0.0, "small_building_fraction_norm": 0.0, "building_spacing_norm": 0.7195837350260872, "footprint_irregularity_norm": 1.0, "impervious_fraction_norm": 0.16666666666666666, "ndbi_norm": 0.5547530225793087, "imi": 0.0012157508172094822, "built_gate": false, "predicted_class": "sparse_low_development", "informal_probability": 0.0, "confidence": 0.9982303977012634, "explanation": "built-up intensity: 0.55; impervious surface: 0.17; building density: 0.00; building irregularity: 0.00", "year": 2025, "cell_uid": "2025_80.25913_13.08678", "label": "sparse_low_development"}, "geometry": {"type": "Polygon", "coordinates": [[[419700.0, 1446900.0], [419700.0, 1446800.0], [419670.79394343443, 1446800.0], [419671.08697577956, 1446900.0], [419700.0, 1446900.0]]]}}, {"id": "929", "type": "Feature", "properties": {"cell_id": 929, "row": 27, "col": 6, "cell_area_m2": 10000.0, "building_count": 2.0, "building_area": 727.5525683517517, "building_density": 0.07275525683517517, "mean_building_area": 363.77628417587584, "footprint_cv": 0.15223186096986788, "compactness": 0.649953882553856, "rectangularity": 0.9995714625487042, "small_bldg_frac": 0.0, "mean_nn_dist": 32.16176944343493, "road_density": 73.41665673240357, "road_segments": 2.0, "dist_major_road": 133.1926772123439, "blue": 0.08648900005966426, "green": 0.11086599946022034, "red": 0.1157310002669692, "nir": 0.2795120006799698, "swir1": 0.25390799820423127, "ndvi": 0.42974056214094164, "ndbi": -0.047378921675262975, "ndwi": -0.44475256189703943, "vegetation_fraction": 0.62, "impervious_fraction": 0.14, "water_fraction": 0.0, "ndvi_std": 0.18783229427353532, "ndbi_std": 0.10623899381111238, "nir_std": 0.03813709895093399, "open_space_fraction": 0.9272447431648249, "building_irregularity": 0.15223186096986788, "small_building_fraction": 0.0, "building_spacing_score": 0.9109513803448008, "footprint_irregularity": 0.350046117446144, "building_density_norm": 0.03459416146959659, "building_irregularity_norm": 0.06882846265598622, "small_building_fraction_norm": 0.0, "building_spacing_norm": 0.9109513803448008, "footprint_irregularity_norm": 0.311556413266729, "impervious_fraction_norm": 0.14, "ndbi_norm": 0.48175339235785064, "imi": 0.0011995726963505149, "built_gate": false, "predicted_class": "sparse_low_development", "informal_probability": 0.0, "confidence": 0.9987525939941406, "explanation": "built-up intensity: 0.48; impervious surface: 0.14; building irregularity: 0.07; building density: 0.03", "year": 2025, "cell_uid": "2025_80.26434_13.08679", "label": "sparse_low_development"}, "geometry": {"type": "Polygon", "coordinates": [[[420200.0, 1446800.0], [420200.0, 1446900.0], [420300.0, 1446900.0], [420300.0, 1446800.0], [420200.0, 1446800.0]]]}}, {"id": "936", "type": "Feature", "properties": {"cell_id": 936, "row": 27, "col": 13, "cell_area_m2": 10000.0, "building_count": 1.0, "building_area": 248.02447894238952, "building_density": 0.024802447894238952, "mean_building_area": 248.02447894238952, "footprint_cv": 0.0, "compactness": 0.32597212080009796, "rectangularity": 0.8142206443901638, "small_bldg_frac": 0.0, "mean_nn_dist": 74.63487123936484, "road_density": 390.49594051882957, "road_segments": 6.0, "dist_major_road": 63.40608531520591, "blue": 0.0593609999679029, "green": 0.09439500004053115, "red": 0.0929565004631877, "nir": 0.2825499986112118, "swir1": 0.21407399892807008, "ndvi": 0.5479238664358854, "ndbi": -0.13212335913674905, "ndwi": -0.5308292139321565, "vegetation_fraction": 0.8, "impervious_fraction": 0.01, "water_fraction": 0.0, "ndvi_std": 0.19903277816415868, "ndbi_std": 0.09235183110226369, "nir_std": 0.060466645138496304, "open_space_fraction": 0.9751975521057611, "building_irregularity": 0.0, "small_building_fraction": 0.0, "building_spacing_score": 0.791137266483269, "footprint_irregularity": 0.674027879199902, "building_density_norm": 0.011793235631596713, "building_irregularity_norm": 0.0, "small_building_fraction_norm": 0.0, "building_spacing_norm": 0.791137266483269, "footprint_irregularity_norm": 0.6547240934435447, "impervious_fraction_norm": 0.01, "ndbi_norm": 0.30934559621289465, "imi": 8.159581921063364e-05, "built_gate": false, "predicted_class": "open_vegetated", "informal_probability": 0.0, "confidence": 0.9982790946960449, "explanation": "built-up intensity: 0.31; building density: 0.01; impervious surface: 0.01; building irregularity: 0.00", "year": 2025, "cell_uid": "2025_80.27080_13.08681", "label": "open_vegetated"}, "geometry": {"type": "Polygon", "coordinates": [[[420900.0, 1446800.0], [420900.0, 1446900.0], [421000.0, 1446900.0], [421000.0, 1446800.0], [420900.0, 1446800.0]]]}}, {"id": "937", "type": "Feature", "properties": {"cell_id": 937, "row": 27, "col": 14, "cell_area_m2": 10000.0, "building_count": 1.0, "building_area": 655.2879494935191, "building_density": 0.06552879494935192, "mean_building_area": 655.2879494935191, "footprint_cv": 0.0, "compactness": 0.3998129807624592, "rectangularity": 0.9999902021499834, "small_bldg_frac": 0.0, "mean_nn_dist": 74.63487123936484, "road_density": 450.71135978915004, "road_segments": 10.0, "dist_major_road": 161.7676460754319, "blue": 0.0, "green": 0.0, "red": 0.0, "nir": 0.0, "swir1": 0.0, "ndvi": 0.0, "ndbi": 0.0, "ndwi": 0.0, "vegetation_fraction": 0.0, "impervious_fraction": 0.0, "water_fraction": 0.0, "ndvi_std": 0.0, "ndbi_std": 0.0, "nir_std": 0.0, "open_space_fraction": 0.9344712050506481, "building_irregularity": 0.0, "small_building_fraction": 0.0, "building_spacing_score": 0.791137266483269, "footprint_irregularity": 0.6001870192375408, "building_density_norm": 0.03115807450891954, "building_irregularity_norm": 0.0, "small_building_fraction_norm": 0.0, "building_spacing_norm": 0.791137266483269, "footprint_irregularity_norm": 0.576510441914592, "impervious_fraction_norm": 0.0, "ndbi_norm": 0.5781431462395603, "imi": 0.020350772887468338, "built_gate": false, "predicted_class": "sparse_low_development", "informal_probability": 0.0, "confidence": 0.9793981909751892, "explanation": "built-up intensity: 0.58; building density: 0.03; building irregularity: 0.00; impervious surface: 0.00", "year": 2025, "cell_uid": "2025_80.27172_13.08682", "label": "sparse_low_development"}, "geometry": {"type": "Polygon", "coordinates": [[[421000.0, 1446800.0], [421000.0, 1446900.0], [421100.0, 1446900.0], [421100.0, 1446800.0], [421000.0, 1446800.0]]]}}, {"id": "939", "type": "Feature", "properties": {"cell_id": 939, "row": 27, "col": 16, "cell_area_m2": 10000.0, "building_count": 0.0, "building_area": 0.0, "building_density": 0.0, "mean_building_area": 0.0, "footprint_cv": 0.0, "compactness": 0.0, "rectangularity": 0.0, "small_bldg_frac": 0.0, "mean_nn_dist": 100.0, "road_density": 0.0, "road_segments": 0.0, "dist_major_road": 227.4476081725571, "blue": 0.0600590000115335, "green": 0.08391800001263619, "red": 0.08055800002068281, "nir": 0.26812800019979477, "swir1": 0.20883199989795684, "ndvi": 0.5329437988996506, "ndbi": -0.11765355223906226, "ndwi": -0.5164351260662079, "vegetation_fraction": 0.83, "impervious_fraction": 0.0, "water_fraction": 0.0, "ndvi_std": 0.1420557554173896, "ndbi_std": 0.09583820809117974, "nir_std": 0.04396803551063879, "open_space_fraction": 1.0, "building_irregularity": 0.0, "small_building_fraction": 0.0, "building_spacing_score": 0.7195837350260872, "footprint_irregularity": 1.0, "building_density_norm": 0.0, "building_irregularity_norm": 0.0, "small_building_fraction_norm": 0.0, "building_spacing_norm": 0.7195837350260872, "footprint_irregularity_norm": 1.0, "impervious_fraction_norm": 0.0, "ndbi_norm": 0.3387836052740444, "imi": 0.00013122661039233208, "built_gate": false, "predicted_class": "open_vegetated", "informal_probability": 0.0, "confidence": 0.999582827091217, "explanation": "built-up intensity: 0.34; building density: 0.00; building irregularity: 0.00; impervious surface: 0.00", "year": 2025, "cell_uid": "2025_80.27357_13.08682", "label": "open_vegetated"}, "geometry": {"type": "Polygon", "coordinates": [[[421200.0, 1446800.0], [421200.0, 1446900.0], [421300.0, 1446900.0], [421300.0, 1446800.0], [421200.0, 1446800.0]]]}}, {"id": "948", "type": "Feature", "properties": {"cell_id": 948, "row": 27, "col": 25, "cell_area_m2": 10000.0, "building_count": 0.0, "building_area": 0.0, "building_density": 0.0, "mean_building_area": 0.0, "footprint_cv": 0.0, "compactness": 0.0, "rectangularity": 0.0, "small_bldg_frac": 0.0, "mean_nn_dist": 100.0, "road_density": 271.3966475895447, "road_segments": 4.0, "dist_major_road": 69.26464324932945, "blue": 0.040014000032097104, "green": 0.06372350014746189, "red": 0.053542500119656326, "nir": 0.27302999958395957, "swir1": 0.19416599988937377, "ndvi": 0.6760204520821571, "ndbi": -0.16831256834324448, "ndwi": -0.6205537500977516, "vegetation_fraction": 0.97, "impervious_fraction": 0.0, "water_fraction": 0.0, "ndvi_std": 0.1023867920668797, "ndbi_std": 0.06058847242956395, "nir_std": 0.03203037926018339, "open_space_fraction": 1.0, "building_irregularity": 0.0, "small_building_fraction": 0.0, "building_spacing_score": 0.7195837350260872, "footprint_irregularity": 1.0, "building_density_norm": 0.0, "building_irregularity_norm": 0.0, "small_building_fraction_norm": 0.0, "building_spacing_norm": 0.7195837350260872, "footprint_irregularity_norm": 1.0, "impervious_fraction_norm": 0.0, "ndbi_norm": 0.23572068358832018, "imi": 0.00013122661039233208, "built_gate": false, "predicted_class": "open_vegetated", "informal_probability": 0.0, "confidence": 0.999582827091217, "explanation": "built-up intensity: 0.24; building density: 0.00; building irregularity: 0.00; impervious surface: 0.00", "year": 2025, "cell_uid": "2025_80.28187_13.08684", "label": "open_vegetated"}, "geometry": {"type": "Polygon", "coordinates": [[[422100.0, 1446800.0], [422100.0, 1446900.0], [422200.0, 1446900.0], [422200.0, 1446800.0], [422100.0, 1446800.0]]]}}, {"id": "949", "type": "Feature", "properties": {"cell_id": 949, "row": 27, "col": 26, "cell_area_m2": 10000.0, "building_count": 0.0, "building_area": 0.0, "building_density": 0.0, "mean_building_area": 0.0, "footprint_cv": 0.0, "compactness": 0.0, "rectangularity": 0.0, "small_bldg_frac": 0.0, "mean_nn_dist": 100.0, "road_density": 0.0, "road_segments": 0.0, "dist_major_road": 161.03569655738207, "blue": 0.05047900002449751, "green": 0.08222499996423721, "red": 0.08013950020074845, "nir": 0.28189900010824204, "swir1": 0.23302000045776367, "ndvi": 0.5600542184710503, "ndbi": -0.09435213807504624, "ndwi": -0.5488121184706688, "vegetation_fraction": 0.94, "impervious_fraction": 0.0, "water_fraction": 0.0, "ndvi_std": 0.08328362832993756, "ndbi_std": 0.045997821010364925, "nir_std": 0.019597644458401897, "open_space_fraction": 1.0, "building_irregularity": 0.0, "small_building_fraction": 0.0, "building_spacing_score": 0.7195837350260872, "footprint_irregularity": 1.0, "building_density_norm": 0.0, "building_irregularity_norm": 0.0, "small_building_fraction_norm": 0.0, "building_spacing_norm": 0.7195837350260872, "footprint_irregularity_norm": 1.0, "impervious_fraction_norm": 0.0, "ndbi_norm": 0.38618902306213976, "imi": 0.00013122324889991432, "built_gate": false, "predicted_class": "open_vegetated", "informal_probability": 0.0, "confidence": 0.9995571970939636, "explanation": "built-up intensity: 0.39; building density: 0.00; building irregularity: 0.00; impervious surface: 0.00", "year": 2025, "cell_uid": "2025_80.28279_13.08685", "label": "open_vegetated"}, "geometry": {"type": "Polygon", "coordinates": [[[422200.0, 1446800.0], [422200.0, 1446900.0], [422300.0, 1446900.0], [422300.0, 1446800.0], [422200.0, 1446800.0]]]}}, {"id": "955", "type": "Feature", "properties": {"cell_id": 955, "row": 27, "col": 32, "cell_area_m2": 10000.0, "building_count": 0.0, "building_area": 0.0, "building_density": 0.0, "mean_building_area": 0.0, "footprint_cv": 0.0, "compactness": 0.0, "rectangularity": 0.0, "small_bldg_frac": 0.0, "mean_nn_dist": 100.0, "road_density": 766.0424819511052, "road_segments": 14.0, "dist_major_road": 114.86047828855538, "blue": 0.12381249986588955, "green": 0.14824850045144558, "red": 0.15449500054121018, "nir": 0.28149100080132483, "swir1": 0.25079200088977815, "ndvi": 0.33452820498496294, "ndbi": -0.057635530593106526, "ndwi": -0.33999027740210297, "vegetation_fraction": 0.37, "impervious_fraction": 0.2, "water_fraction": 0.0, "ndvi_std": 0.23342718359275968, "ndbi_std": 0.09598302919599705, "nir_std": 0.048513093204925826, "open_space_fraction": 1.0, "building_irregularity": 0.0, "small_building_fraction": 0.0, "building_spacing_score": 0.7195837350260872, "footprint_irregularity": 1.0, "building_density_norm": 0.0, "building_irregularity_norm": 0.0, "small_building_fraction_norm": 0.0, "building_spacing_norm": 0.7195837350260872, "footprint_irregularity_norm": 1.0, "impervious_fraction_norm": 0.2, "ndbi_norm": 0.46088689784309556, "imi": 0.016299396753311157, "built_gate": false, "predicted_class": "sparse_low_development", "informal_probability": 0.0, "confidence": 0.9836095571517944, "explanation": "built-up intensity: 0.46; impervious surface: 0.20; building density: 0.00; building irregularity: 0.00", "year": 2025, "cell_uid": "2025_80.28832_13.08686", "label": "sparse_low_development"}, "geometry": {"type": "Polygon", "coordinates": [[[422800.0, 1446800.0], [422800.0, 1446900.0], [422900.0, 1446900.0], [422900.0, 1446800.0], [422800.0, 1446800.0]]]}}, {"id": "957", "type": "Feature", "properties": {"cell_id": 957, "row": 27, "col": 34, "cell_area_m2": 10000.0, "building_count": 0.0, "building_area": 0.0, "building_density": 0.0, "mean_building_area": 0.0, "footprint_cv": 0.0, "compactness": 0.0, "rectangularity": 0.0, "small_bldg_frac": 0.0, "mean_nn_dist": 100.0, "road_density": 103.94629354135684, "road_segments": 4.0, "dist_major_road": 45.394458748959366, "blue": 0.0, "green": 0.0, "red": 0.0, "nir": 0.0, "swir1": 0.0, "ndvi": 0.0, "ndbi": 0.0, "ndwi": 0.0, "vegetation_fraction": 0.0, "impervious_fraction": 0.0, "water_fraction": 0.0, "ndvi_std": 0.0, "ndbi_std": 0.0, "nir_std": 0.0, "open_space_fraction": 1.0, "building_irregularity": 0.0, "small_building_fraction": 0.0, "building_spacing_score": 0.7195837350260872, "footprint_irregularity": 1.0, "building_density_norm": 0.0, "building_irregularity_norm": 0.0, "small_building_fraction_norm": 0.0, "building_spacing_norm": 0.7195837350260872, "footprint_irregularity_norm": 1.0, "impervious_fraction_norm": 0.0, "ndbi_norm": 0.5781431462395603, "imi": 0.059135839343070984, "built_gate": false, "predicted_class": "sparse_low_development", "informal_probability": 0.0, "confidence": 0.9399369955062866, "explanation": "built-up intensity: 0.58; building density: 0.00; building irregularity: 0.00; impervious surface: 0.00", "year": 2025, "cell_uid": "2025_80.29017_13.08687", "label": "sparse_low_development"}, "geometry": {"type": "Polygon", "coordinates": [[[423000.0, 1446800.0], [423000.0, 1446900.0], [423100.0, 1446900.0], [423100.0, 1446800.0], [423000.0, 1446800.0]]]}}, {"id": "959", "type": "Feature", "properties": {"cell_id": 959, "row": 28, "col": 0, "cell_area_m2": 2935.257273813477, "building_count": 0.0, "building_area": 0.0, "building_density": 0.0, "mean_building_area": 0.0, "footprint_cv": 0.0, "compactness": 0.0, "rectangularity": 0.0, "small_bldg_frac": 0.0, "mean_nn_dist": 100.0, "road_density": 0.0, "road_segments": 0.0, "dist_major_road": 190.64145202382753, "blue": 0.07936499988039335, "green": 0.1055283340315024, "red": 0.10386666630705198, "nir": 0.24928333560625712, "swir1": 0.23610666592915852, "ndvi": 0.412796018520991, "ndbi": -0.02328473957410703, "ndwi": -0.4037907322247823, "vegetation_fraction": 0.5333333333333333, "impervious_fraction": 0.06666666666666667, "water_fraction": 0.0, "ndvi_std": 0.14307116188524263, "ndbi_std": 0.07013152491297328, "nir_std": 0.03049201175832894, "open_space_fraction": 1.0, "building_irregularity": 0.0, "small_building_fraction": 0.0, "building_spacing_score": 0.7195837350260872, "footprint_irregularity": 1.0, "building_density_norm": 0.0, "building_irregularity_norm": 0.0, "small_building_fraction_norm": 0.0, "building_spacing_norm": 0.7195837350260872, "footprint_irregularity_norm": 1.0, "impervious_fraction_norm": 0.06666666666666667, "ndbi_norm": 0.5307716519676737, "imi": 0.011230788193643093, "built_gate": false, "predicted_class": "sparse_low_development", "informal_probability": 0.0, "confidence": 0.9842676520347595, "explanation": "built-up intensity: 0.53; impervious surface: 0.07; building density: 0.00; building irregularity: 0.00", "year": 2025, "cell_uid": "2025_80.25914_13.08588", "label": "sparse_low_development"}, "geometry": {"type": "Polygon", "coordinates": [[[419700.0, 1446800.0], [419700.0, 1446700.0], [419670.5009110893, 1446700.0], [419670.79394343443, 1446800.0], [419700.0, 1446800.0]]]}}, {"id": "960", "type": "Feature", "properties": {"cell_id": 960, "row": 28, "col": 1, "cell_area_m2": 10000.0, "building_count": 1.0, "building_area": 632.5719853813296, "building_density": 0.22216184352990304, "mean_building_area": 632.5719853813296, "footprint_cv": 0.0, "compactness": 0.545531648474592, "rectangularity": 0.7360327019192483, "small_bldg_frac": 0.0, "mean_nn_dist": 71.07221898684939, "road_density": 0.0, "road_segments": 0.0, "dist_major_road": 136.87563421951933, "blue": 0.06869049990549683, "green": 0.09508449986577033, "red": 0.0977089997753501, "nir": 0.2603339995443821, "swir1": 0.24492599964141845, "ndvi": 0.4575384122878313, "ndbi": -0.025807192573556677, "ndwi": -0.4616588380932808, "vegetation_fraction": 0.59, "impervious_fraction": 0.08, "water_fraction": 0.0, "ndvi_std": 0.1868582388321, "ndbi_std": 0.09220418014529709, "nir_std": 0.04050372285605347, "open_space_fraction": 0.7778381564700969, "building_irregularity": 0.0, "small_building_fraction": 0.0, "building_spacing_score": 0.8011872982582695, "footprint_irregularity": 0.454468351525408, "building_density_norm": 0.1056350155545185, "building_irregularity_norm": 0.0, "small_building_fraction_norm": 0.0, "building_spacing_norm": 0.8011872982582695, "footprint_irregularity_norm": 0.4221624413156082, "impervious_fraction_norm": 0.08, "ndbi_norm": 0.5256398630793235, "imi": 0.00038189938641153276, "built_gate": false, "predicted_class": "sparse_low_development", "informal_probability": 0.0, "confidence": 0.999338686466217, "explanation": "built-up intensity: 0.53; building density: 0.11; impervious surface: 0.08; building irregularity: 0.00", "year": 2025, "cell_uid": "2025_80.25973_13.08588", "label": "sparse_low_development"}, "geometry": {"type": "Polygon", "coordinates": [[[419700.0, 1446700.0], [419700.0, 1446800.0], [419800.0, 1446800.0], [419800.0, 1446700.0], [419700.0, 1446700.0]]]}}, {"id": "963", "type": "Feature", "properties": {"cell_id": 963, "row": 28, "col": 4, "cell_area_m2": 10000.0, "building_count": 1.0, "building_area": 256.71110146750505, "building_density": 0.09015797865634693, "mean_building_area": 256.71110146750505, "footprint_cv": 0.0, "compactness": 0.7316610703914518, "rectangularity": 0.9309423775081189, "small_bldg_frac": 0.0, "mean_nn_dist": 54.87955694199057, "road_density": 1352.7093507236534, "road_segments": 15.0, "dist_major_road": 23.04085942628654, "blue": 0.0, "green": 0.0, "red": 0.0, "nir": 0.0, "swir1": 0.0, "ndvi": 0.0, "ndbi": 0.0, "ndwi": 0.0, "vegetation_fraction": 0.0, "impervious_fraction": 0.0, "water_fraction": 0.0, "ndvi_std": 0.0, "ndbi_std": 0.0, "nir_std": 0.0, "open_space_fraction": 0.9098420213436531, "building_irregularity": 0.0, "small_building_fraction": 0.0, "building_spacing_score": 0.8468658423703912, "footprint_irregularity": 0.2683389296085482, "building_density_norm": 0.04286892531320413, "building_irregularity_norm": 0.0, "small_building_fraction_norm": 0.0, "building_spacing_norm": 0.8468658423703912, "footprint_irregularity_norm": 0.22501059676082866, "impervious_fraction_norm": 0.0, "ndbi_norm": 0.5781431462395603, "imi": 0.009569905698299408, "built_gate": false, "predicted_class": "sparse_low_development", "informal_probability": 0.0, "confidence": 0.9902482628822327, "explanation": "built-up intensity: 0.58; building density: 0.04; building irregularity: 0.00; impervious surface: 0.00", "year": 2025, "cell_uid": "2025_80.26250_13.08589", "label": "sparse_low_development"}, "geometry": {"type": "Polygon", "coordinates": [[[420000.0, 1446700.0], [420000.0, 1446800.0], [420100.0, 1446800.0], [420100.0, 1446700.0], [420000.0, 1446700.0]]]}}, {"id": "972", "type": "Feature", "properties": {"cell_id": 972, "row": 28, "col": 13, "cell_area_m2": 10000.0, "building_count": 0.0, "building_area": 0.0, "building_density": 0.0, "mean_building_area": 0.0, "footprint_cv": 0.0, "compactness": 0.0, "rectangularity": 0.0, "small_bldg_frac": 0.0, "mean_nn_dist": 100.0, "road_density": 205.50477518082323, "road_segments": 2.0, "dist_major_road": 58.29833099168947, "blue": 0.1342665000259876, "green": 0.1529330001398921, "red": 0.20004800014197827, "nir": 0.2851130002737045, "swir1": 0.2800979995727539, "ndvi": 0.2226751633733511, "ndbi": -0.003811913141107652, "ndwi": -0.3252620666101575, "vegetation_fraction": 0.24, "impervious_fraction": 0.33, "water_fraction": 0.0, "ndvi_std": 0.17522171481076845, "ndbi_std": 0.11857649402453342, "nir_std": 0.0990532077741337, "open_space_fraction": 1.0, "building_irregularity": 0.0, "small_building_fraction": 0.0, "building_spacing_score": 0.7195837350260872, "footprint_irregularity": 1.0, "building_density_norm": 0.0, "building_irregularity_norm": 0.0, "small_building_fraction_norm": 0.0, "building_spacing_norm": 0.7195837350260872, "footprint_irregularity_norm": 1.0, "impervious_fraction_norm": 0.33, "ndbi_norm": 0.5703880231489971, "imi": 0.00413899589329958, "built_gate": false, "predicted_class": "sparse_low_development", "informal_probability": 0.0, "confidence": 0.9957700371742249, "explanation": "built-up intensity: 0.57; impervious surface: 0.33; building density: 0.00; building irregularity: 0.00", "year": 2025, "cell_uid": "2025_80.27080_13.08591", "label": "sparse_low_development"}, "geometry": {"type": "Polygon", "coordinates": [[[420900.0, 1446700.0], [420900.0, 1446800.0], [421000.0, 1446800.0], [421000.0, 1446700.0], [420900.0, 1446700.0]]]}}, {"id": "973", "type": "Feature", "properties": {"cell_id": 973, "row": 28, "col": 14, "cell_area_m2": 10000.0, "building_count": 1.0, "building_area": 21031.0797384457, "building_density": 2.10310797384457, "mean_building_area": 21031.0797384457, "footprint_cv": 0.0, "compactness": 0.17613980063163912, "rectangularity": 0.44953894483410634, "small_bldg_frac": 0.0, "mean_nn_dist": 147.65387393642473, "road_density": 0.0, "road_segments": 0.0, "dist_major_road": 158.06143312392385, "blue": 0.0, "green": 0.0, "red": 0.0, "nir": 0.0, "swir1": 0.0, "ndvi": 0.0, "ndbi": 0.0, "ndwi": 0.0, "vegetation_fraction": 0.0, "impervious_fraction": 0.0, "water_fraction": 0.0, "ndvi_std": 0.0, "ndbi_std": 0.0, "nir_std": 0.0, "open_space_fraction": 0.0, "building_irregularity": 0.0, "small_building_fraction": 0.0, "building_spacing_score": 0.5851549686695642, "footprint_irregularity": 0.8238601993683609, "building_density_norm": 1.0, "building_irregularity_norm": 0.0, "small_building_fraction_norm": 0.0, "building_spacing_norm": 0.5851549686695642, "footprint_irregularity_norm": 0.8134293534229623, "impervious_fraction_norm": 0.0, "ndbi_norm": 0.5781431462395603, "imi": 0.009569905698299408, "built_gate": false, "predicted_class": "sparse_low_development", "informal_probability": 0.0, "confidence": 0.9902482628822327, "explanation": "building density: 1.00; built-up intensity: 0.58; building irregularity: 0.00; impervious surface: 0.00", "year": 2025, "cell_uid": "2025_80.27172_13.08591", "label": "sparse_low_development"}, "geometry": {"type": "Polygon", "coordinates": [[[421000.0, 1446700.0], [421000.0, 1446800.0], [421100.0, 1446800.0], [421100.0, 1446700.0], [421000.0, 1446700.0]]]}}, {"id": "974", "type": "Feature", "properties": {"cell_id": 974, "row": 28, "col": 15, "cell_area_m2": 10000.0, "building_count": 1.0, "building_area": 359.50822733342983, "building_density": 0.035950822733342984, "mean_building_area": 359.50822733342983, "footprint_cv": 0.0, "compactness": 0.6054578716382021, "rectangularity": 0.9994119926025625, "small_bldg_frac": 0.0, "mean_nn_dist": 27.26627799849018, "road_density": 408.8007986384819, "road_segments": 4.0, "dist_major_road": 256.7425840737711, "blue": 0.10157299995422363, "green": 0.15196049999445677, "red": 0.1763534988462925, "nir": 0.3406700012087822, "swir1": 0.26218600034713746, "ndvi": 0.4198494162672432, "ndbi": -0.1260168187133968, "ndwi": -0.45086369417607786, "vegetation_fraction": 0.54, "impervious_fraction": 0.07, "water_fraction": 0.0, "ndvi_std": 0.2806711761551175, "ndbi_std": 0.12558874722044527, "nir_std": 0.09210681032635673, "open_space_fraction": 0.9640491772666571, "building_irregularity": 0.0, "small_building_fraction": 0.0, "building_spacing_score": 0.9247612728318377, "footprint_irregularity": 0.3945421283617979, "building_density_norm": 0.017094140282119405, "building_irregularity_norm": 0.0, "small_building_fraction_norm": 0.0, "building_spacing_norm": 0.9247612728318377, "footprint_irregularity_norm": 0.3586874392861901, "impervious_fraction_norm": 0.07, "ndbi_norm": 0.321769009571898, "imi": 0.0002599995059426874, "built_gate": false, "predicted_class": "sparse_low_development", "informal_probability": 0.0, "confidence": 0.9991787075996399, "explanation": "built-up intensity: 0.32; impervious surface: 0.07; building density: 0.02; building irregularity: 0.00", "year": 2025, "cell_uid": "2025_80.27265_13.08591", "label": "sparse_low_development"}, "geometry": {"type": "Polygon", "coordinates": [[[421100.0, 1446700.0], [421100.0, 1446800.0], [421200.0, 1446800.0], [421200.0, 1446700.0], [421100.0, 1446700.0]]]}}, {"id": "975", "type": "Feature", "properties": {"cell_id": 975, "row": 28, "col": 16, "cell_area_m2": 10000.0, "building_count": 0.0, "building_area": 0.0, "building_density": 0.0, "mean_building_area": 0.0, "footprint_cv": 0.0, "compactness": 0.0, "rectangularity": 0.0, "small_bldg_frac": 0.0, "mean_nn_dist": 100.0, "road_density": 0.0, "road_segments": 0.0, "dist_major_road": 236.54602441934182, "blue": 0.12020600020885468, "green": 0.12710499987006188, "red": 0.12613700021058322, "nir": 0.27181599944829943, "swir1": 0.2546399974822998, "ndvi": 0.37404264211654664, "ndbi": -0.03140988802537322, "ndwi": -0.36768502987921237, "vegetation_fraction": 0.38, "impervious_fraction": 0.28, "water_fraction": 0.0, "ndvi_std": 0.22780494967958292, "ndbi_std": 0.12063021771393131, "nir_std": 0.04036869299655329, "open_space_fraction": 1.0, "building_irregularity": 0.0, "small_building_fraction": 0.0, "building_spacing_score": 0.7195837350260872, "footprint_irregularity": 1.0, "building_density_norm": 0.0, "building_irregularity_norm": 0.0, "small_building_fraction_norm": 0.0, "building_spacing_norm": 0.7195837350260872, "footprint_irregularity_norm": 1.0, "impervious_fraction_norm": 0.28, "ndbi_norm": 0.514241494003382, "imi": 0.0013873050920665264, "built_gate": false, "predicted_class": "sparse_low_development", "informal_probability": 0.0, "confidence": 0.9985873699188232, "explanation": "built-up intensity: 0.51; impervious surface: 0.28; building density: 0.00; building irregularity: 0.00", "year": 2025, "cell_uid": "2025_80.27357_13.08592", "label": "sparse_low_development"}, "geometry": {"type": "Polygon", "coordinates": [[[421200.0, 1446700.0], [421200.0, 1446800.0], [421300.0, 1446800.0], [421300.0, 1446700.0], [421200.0, 1446700.0]]]}}, {"id": "978", "type": "Feature", "properties": {"cell_id": 978, "row": 28, "col": 19, "cell_area_m2": 10000.0, "building_count": 56.0, "building_area": 8226.220812905205, "building_density": 0.8226220812905205, "mean_building_area": 146.89680023045008, "footprint_cv": 0.49549315915923736, "compactness": 0.636662563670427, "rectangularity": 0.9400394445844645, "small_bldg_frac": 0.017857142857142856, "mean_nn_dist": 7.966544054691381, "road_density": 428.965622766196, "road_segments": 6.0, "dist_major_road": 52.022865545323235, "blue": 0.1594725002348423, "green": 0.17597200006246566, "red": 0.20539599969983102, "nir": 0.23117400020360945, "swir1": 0.3029139977693558, "ndvi": 0.06261001555161784, "ndbi": 0.14046837381320074, "ndwi": -0.14099779959768058, "vegetation_fraction": 0.0, "impervious_fraction": 0.97, "water_fraction": 0.0, "ndvi_std": 0.03185683979618458, "ndbi_std": 0.06999619964832239, "nir_std": 0.04495373075401264, "open_space_fraction": 0.1773779187094795, "building_irregularity": 0.49549315915923736, "small_building_fraction": 0.017857142857142856, "building_spacing_score": 0.9792046834249668, "footprint_irregularity": 0.36333743632957305, "building_density_norm": 0.39114590954012346, "building_irregularity_norm": 0.2240269033316134, "small_building_fraction_norm": 0.017857142857142856, "building_spacing_norm": 0.9792046834249668, "footprint_irregularity_norm": 0.3256348325055976, "impervious_fraction_norm": 0.97, "ndbi_norm": 0.8639181597111656, "imi": 0.9984720349311829, "built_gate": true, "predicted_class": "informal", "informal_probability": 0.42062457741074066, "confidence": 0.9984720349311829, "explanation": "impervious surface: 0.97; built-up intensity: 0.86; building density: 0.39; building irregularity: 0.22", "year": 2025, "cell_uid": "2025_80.27634_13.08592", "label": "informal"}, "geometry": {"type": "Polygon", "coordinates": [[[421500.0, 1446700.0], [421500.0, 1446800.0], [421600.0, 1446800.0], [421600.0, 1446700.0], [421500.0, 1446700.0]]]}}, {"id": "984", "type": "Feature", "properties": {"cell_id": 984, "row": 28, "col": 25, "cell_area_m2": 10000.0, "building_count": 0.0, "building_area": 0.0, "building_density": 0.0, "mean_building_area": 0.0, "footprint_cv": 0.0, "compactness": 0.0, "rectangularity": 0.0, "small_bldg_frac": 0.0, "mean_nn_dist": 100.0, "road_density": 903.4817878089784, "road_segments": 26.0, "dist_major_road": 93.55875652150905, "blue": 0.06122399995103479, "green": 0.08829400010406971, "red": 0.08709849998354911, "nir": 0.27268100038170817, "swir1": 0.23474600076675414, "ndvi": 0.5353045569360256, "ndbi": -0.07741865575662814, "ndwi": -0.5159788635373116, "vegetation_fraction": 0.79, "impervious_fraction": 0.03, "water_fraction": 0.0, "ndvi_std": 0.1708217357291043, "ndbi_std": 0.08432270721977154, "nir_std": 0.03240265131275727, "open_space_fraction": 1.0, "building_irregularity": 0.0, "small_building_fraction": 0.0, "building_spacing_score": 0.7195837350260872, "footprint_irregularity": 1.0, "building_density_norm": 0.0, "building_irregularity_norm": 0.0, "small_building_fraction_norm": 0.0, "building_spacing_norm": 0.7195837350260872, "footprint_irregularity_norm": 1.0, "impervious_fraction_norm": 0.03, "ndbi_norm": 0.4206392413305052, "imi": 0.003049684688448906, "built_gate": false, "predicted_class": "open_vegetated", "informal_probability": 0.0, "confidence": 0.9801859855651855, "explanation": "built-up intensity: 0.42; impervious surface: 0.03; building density: 0.00; building irregularity: 0.00", "year": 2025, "cell_uid": "2025_80.28187_13.08594", "label": "open_vegetated"}, "geometry": {"type": "Polygon", "coordinates": [[[422100.0, 1446700.0], [422100.0, 1446800.0], [422200.0, 1446800.0], [422200.0, 1446700.0], [422100.0, 1446700.0]]]}}, {"id": "985", "type": "Feature", "properties": {"cell_id": 985, "row": 28, "col": 26, "cell_area_m2": 10000.0, "building_count": 1.0, "building_area": 2614.3501344270608, "building_density": 0.2614350134427061, "mean_building_area": 2614.3501344270608, "footprint_cv": 0.0, "compactness": 0.09105187290782332, "rectangularity": 0.5852334147792136, "small_bldg_frac": 0.0, "mean_nn_dist": 92.69395769721287, "road_density": 683.3375460827353, "road_segments": 22.0, "dist_major_road": 137.28130213992287, "blue": 0.0704105000011623, "green": 0.10380050010979175, "red": 0.11677149955183268, "nir": 0.2761749996244907, "swir1": 0.26311800003051755, "ndvi": 0.41938483029603957, "ndbi": -0.02700014749309048, "ndwi": -0.4574956202507019, "vegetation_fraction": 0.52, "impervious_fraction": 0.06, "water_fraction": 0.0, "ndvi_std": 0.16684366050186378, "ndbi_std": 0.09674279948950795, "nir_std": 0.02985268635890798, "open_space_fraction": 0.7385649865572939, "building_irregularity": 0.0, "small_building_fraction": 0.0, "building_spacing_score": 0.7401936492383614, "footprint_irregularity": 0.9089481270921766, "building_density_norm": 0.12430888793826018, "building_irregularity_norm": 0.0, "small_building_fraction_norm": 0.0, "building_spacing_norm": 0.7401936492383614, "footprint_irregularity_norm": 0.9035561142936172, "impervious_fraction_norm": 0.06, "ndbi_norm": 0.523212863328802, "imi": 0.001949596917256713, "built_gate": false, "predicted_class": "sparse_low_development", "informal_probability": 0.0, "confidence": 0.9979737401008606, "explanation": "built-up intensity: 0.52; building density: 0.12; impervious surface: 0.06; building irregularity: 0.00", "year": 2025, "cell_uid": "2025_80.28279_13.08594", "label": "sparse_low_development"}, "geometry": {"type": "Polygon", "coordinates": [[[422200.0, 1446700.0], [422200.0, 1446800.0], [422300.0, 1446800.0], [422300.0, 1446700.0], [422200.0, 1446700.0]]]}}, {"id": "990", "type": "Feature", "properties": {"cell_id": 990, "row": 28, "col": 31, "cell_area_m2": 10000.0, "building_count": 2.0, "building_area": 3673.7443304462186, "building_density": 0.36737443304462186, "mean_building_area": 1836.8721652231093, "footprint_cv": 1.0128803763015555, "compactness": 0.6746834998684267, "rectangularity": 0.9982070040883416, "small_bldg_frac": 0.0, "mean_nn_dist": 58.28858685455205, "road_density": 513.0235626893441, "road_segments": 14.0, "dist_major_road": 78.3957508639005, "blue": 0.17771349988877774, "green": 0.20918750032782554, "red": 0.22090200036764146, "nir": 0.3582309973239899, "swir1": 0.2923199987411499, "ndvi": 0.3270081739361922, "ndbi": -0.10496416722307914, "ndwi": -0.33698782535269856, "vegetation_fraction": 0.39, "impervious_fraction": 0.05, "water_fraction": 0.0, "ndvi_std": 0.24465571214195656, "ndbi_std": 0.086866347390862, "nir_std": 0.08889262112562661, "open_space_fraction": 0.6326255669553782, "building_irregularity": 1.0128803763015555, "small_building_fraction": 0.0, "building_spacing_score": 0.8372491701512658, "footprint_irregularity": 0.3253165001315733, "building_density_norm": 0.17468167950171665, "building_irregularity_norm": 0.45795274859743035, "small_building_fraction_norm": 0.0, "building_spacing_norm": 0.8372491701512658, "footprint_irregularity_norm": 0.28536232950237284, "impervious_fraction_norm": 0.05, "ndbi_norm": 0.3645994460604647, "imi": 0.003747866954654455, "built_gate": false, "predicted_class": "sparse_low_development", "informal_probability": 0.0, "confidence": 0.9959977865219116, "explanation": "building irregularity: 0.46; built-up intensity: 0.36; building density: 0.17; impervious surface: 0.05", "year": 2025, "cell_uid": "2025_80.28740_13.08596", "label": "sparse_low_development"}, "geometry": {"type": "Polygon", "coordinates": [[[422700.0, 1446700.0], [422700.0, 1446800.0], [422800.0, 1446800.0], [422800.0, 1446700.0], [422700.0, 1446700.0]]]}}, {"id": "993", "type": "Feature", "properties": {"cell_id": 993, "row": 28, "col": 34, "cell_area_m2": 10000.0, "building_count": 0.0, "building_area": 0.0, "building_density": 0.0, "mean_building_area": 0.0, "footprint_cv": 0.0, "compactness": 0.0, "rectangularity": 0.0, "small_bldg_frac": 0.0, "mean_nn_dist": 100.0, "road_density": 0.0, "road_segments": 0.0, "dist_major_road": 71.29657571123171, "blue": 0.0, "green": 0.0, "red": 0.0, "nir": 0.0, "swir1": 0.0, "ndvi": 0.0, "ndbi": 0.0, "ndwi": 0.0, "vegetation_fraction": 0.0, "impervious_fraction": 0.0, "water_fraction": 0.0, "ndvi_std": 0.0, "ndbi_std": 0.0, "nir_std": 0.0, "open_space_fraction": 1.0, "building_irregularity": 0.0, "small_building_fraction": 0.0, "building_spacing_score": 0.7195837350260872, "footprint_irregularity": 1.0, "building_density_norm": 0.0, "building_irregularity_norm": 0.0, "small_building_fraction_norm": 0.0, "building_spacing_norm": 0.7195837350260872, "footprint_irregularity_norm": 1.0, "impervious_fraction_norm": 0.0, "ndbi_norm": 0.5781431462395603, "imi": 0.059135839343070984, "built_gate": false, "predicted_class": "sparse_low_development", "informal_probability": 0.0, "confidence": 0.9399369955062866, "explanation": "built-up intensity: 0.58; building density: 0.00; building irregularity: 0.00; impervious surface: 0.00", "year": 2025, "cell_uid": "2025_80.29017_13.08596", "label": "sparse_low_development"}, "geometry": {"type": "Polygon", "coordinates": [[[423000.0, 1446700.0], [423000.0, 1446800.0], [423100.0, 1446800.0], [423100.0, 1446700.0], [423000.0, 1446700.0]]]}}, {"id": "994", "type": "Feature", "properties": {"cell_id": 994, "row": 28, "col": 35, "cell_area_m2": 3985.277387566748, "building_count": 0.0, "building_area": 0.0, "building_density": 0.0, "mean_building_area": 0.0, "footprint_cv": 0.0, "compactness": 0.0, "rectangularity": 0.0, "small_bldg_frac": 0.0, "mean_nn_dist": 100.0, "road_density": 0.0, "road_segments": 0.0, "dist_major_road": 139.4134380205095, "blue": 0.07879125010222196, "green": 0.09965749941766262, "red": 0.10378875071182847, "nir": 0.21970499865710735, "swir1": 0.20287499874830245, "ndvi": 0.36450016833841803, "ndbi": -0.037474607164040205, "ndwi": -0.37824153434485197, "vegetation_fraction": 0.5, "impervious_fraction": 0.3, "water_fraction": 0.0, "ndvi_std": 0.16997427111210686, "ndbi_std": 0.0775586142667262, "nir_std": 0.025961682323575846, "open_space_fraction": 1.0, "building_irregularity": 0.0, "small_building_fraction": 0.0, "building_spacing_score": 0.7195837350260872, "footprint_irregularity": 1.0, "building_density_norm": 0.0, "building_irregularity_norm": 0.0, "small_building_fraction_norm": 0.0, "building_spacing_norm": 0.7195837350260872, "footprint_irregularity_norm": 1.0, "impervious_fraction_norm": 0.3, "ndbi_norm": 0.5019031636980932, "imi": 0.0007610535249114037, "built_gate": false, "predicted_class": "sparse_low_development", "informal_probability": 0.0, "confidence": 0.9992160797119141, "explanation": "built-up intensity: 0.50; impervious surface: 0.30; building density: 0.00; building irregularity: 0.00", "year": 2025, "cell_uid": "2025_80.29082_13.08597", "label": "sparse_low_development"}, "geometry": {"type": "Polygon", "coordinates": [[[423100.0, 1446700.0], [423100.0, 1446800.0], [423139.9929620915, 1446800.0], [423139.7125856598, 1446700.0], [423100.0, 1446700.0]]]}}, {"id": "995", "type": "Feature", "properties": {"cell_id": 995, "row": 29, "col": 0, "cell_area_m2": 2964.560508329305, "building_count": 0.0, "building_area": 0.0, "building_density": 0.0, "mean_building_area": 0.0, "footprint_cv": 0.0, "compactness": 0.0, "rectangularity": 0.0, "small_bldg_frac": 0.0, "mean_nn_dist": 100.0, "road_density": 0.0, "road_segments": 0.0, "dist_major_road": 253.53902150150634, "blue": 0.06565333331624666, "green": 0.09386999979615211, "red": 0.08737666718661785, "nir": 0.30643333594004313, "swir1": 0.24005000094572704, "ndvi": 0.5500514666239421, "ndbi": -0.11395710713695735, "ndwi": -0.5222261140743891, "vegetation_fraction": 0.8, "impervious_fraction": 0.03333333333333333, "water_fraction": 0.0, "ndvi_std": 0.18459799425035656, "ndbi_std": 0.11346866098256336, "nir_std": 0.05220027437912902, "open_space_fraction": 1.0, "building_irregularity": 0.0, "small_building_fraction": 0.0, "building_spacing_score": 0.7195837350260872, "footprint_irregularity": 1.0, "building_density_norm": 0.0, "building_irregularity_norm": 0.0, "small_building_fraction_norm": 0.0, "building_spacing_norm": 0.7195837350260872, "footprint_irregularity_norm": 1.0, "impervious_fraction_norm": 0.03333333333333333, "ndbi_norm": 0.3463038151275154, "imi": 0.00019268691539764404, "built_gate": false, "predicted_class": "open_vegetated", "informal_probability": 0.0, "confidence": 0.9993873834609985, "explanation": "built-up intensity: 0.35; impervious surface: 0.03; building density: 0.00; building irregularity: 0.00", "year": 2025, "cell_uid": "2025_80.25914_13.08497", "label": "open_vegetated"}, "geometry": {"type": "Polygon", "coordinates": [[[419700.0, 1446700.0], [419700.0, 1446600.0], [419670.2078787441, 1446600.0], [419670.5009110893, 1446700.0], [419700.0, 1446700.0]]]}}, {"id": "996", "type": "Feature", "properties": {"cell_id": 996, "row": 29, "col": 1, "cell_area_m2": 10000.0, "building_count": 1.0, "building_area": 752.1492590347161, "building_density": 0.26415786639060834, "mean_building_area": 752.1492590347161, "footprint_cv": 0.0, "compactness": 0.5492109073008123, "rectangularity": 0.9445754573813159, "small_bldg_frac": 0.0, "mean_nn_dist": 81.1880668362536, "road_density": 0.0, "road_segments": 0.0, "dist_major_road": 212.28494933913873, "blue": 0.07502349983900786, "green": 0.10977900017052888, "red": 0.11481699984520674, "nir": 0.2904359976947308, "swir1": 0.27696999788284304, "ndvi": 0.43898499056696894, "ndbi": -0.024671491185436024, "ndwi": -0.45252413567155597, "vegetation_fraction": 0.6, "impervious_fraction": 0.05, "water_fraction": 0.0, "ndvi_std": 0.14585531578537686, "ndbi_std": 0.07682027364938658, "nir_std": 0.04585419280461141, "open_space_fraction": 0.7358421336093917, "building_irregularity": 0.0, "small_building_fraction": 0.0, "building_spacing_score": 0.7726510884034341, "footprint_irregularity": 0.45078909269918765, "building_density_norm": 0.12560356846905804, "building_irregularity_norm": 0.0, "small_building_fraction_norm": 0.0, "building_spacing_norm": 0.7726510884034341, "footprint_irregularity_norm": 0.4182652999786099, "impervious_fraction_norm": 0.05, "ndbi_norm": 0.5279503837373152, "imi": 0.0006135390140116215, "built_gate": false, "predicted_class": "sparse_low_development", "informal_probability": 0.0, "confidence": 0.9983103275299072, "explanation": "built-up intensity: 0.53; building density: 0.13; impervious surface: 0.05; building irregularity: 0.00", "year": 2025, "cell_uid": "2025_80.25973_13.08497", "label": "sparse_low_development"}, "geometry": {"type": "Polygon", "coordinates": [[[419700.0, 1446600.0], [419700.0, 1446700.0], [419800.0, 1446700.0], [419800.0, 1446600.0], [419700.0, 1446600.0]]]}}, {"id": "998", "type": "Feature", "properties": {"cell_id": 998, "row": 29, "col": 3, "cell_area_m2": 10000.0, "building_count": 1.0, "building_area": 612.8875480446447, "building_density": 0.21524858940447644, "mean_building_area": 612.8875480446447, "footprint_cv": 0.0, "compactness": 0.6321763642609851, "rectangularity": 0.9319071483112523, "small_bldg_frac": 0.0, "mean_nn_dist": 45.135970476519226, "road_density": 318.6988419097354, "road_segments": 3.0, "dist_major_road": 110.93528061600497, "blue": 0.08710550017654896, "green": 0.11419899988919496, "red": 0.12073800034821033, "nir": 0.27392300009727477, "swir1": 0.260670000910759, "ndvi": 0.40279224831610916, "ndbi": -0.020235469118342734, "ndwi": -0.42198680906556546, "vegetation_fraction": 0.5, "impervious_fraction": 0.12, "water_fraction": 0.0, "ndvi_std": 0.19141219772457216, "ndbi_std": 0.09579379444197023, "nir_std": 0.05596150042497599, "open_space_fraction": 0.7847514105955236, "building_irregularity": 0.0, "small_building_fraction": 0.0, "building_spacing_score": 0.8743519248280076, "footprint_irregularity": 0.3678236357390149, "building_density_norm": 0.10234785473757343, "building_irregularity_norm": 0.0, "small_building_fraction_norm": 0.0, "building_spacing_norm": 0.8743519248280076, "footprint_irregularity_norm": 0.3303867007460045, "impervious_fraction_norm": 0.12, "ndbi_norm": 0.5369752213685229, "imi": 0.00038199048140086234, "built_gate": false, "predicted_class": "sparse_low_development", "informal_probability": 0.0, "confidence": 0.9995771050453186, "explanation": "built-up intensity: 0.54; impervious surface: 0.12; building density: 0.10; building irregularity: 0.00", "year": 2025, "cell_uid": "2025_80.26158_13.08498", "label": "sparse_low_development"}, "geometry": {"type": "Polygon", "coordinates": [[[419900.0, 1446600.0], [419900.0, 1446700.0], [420000.0, 1446700.0], [420000.0, 1446600.0], [419900.0, 1446600.0]]]}}, {"id": "1008", "type": "Feature", "properties": {"cell_id": 1008, "row": 29, "col": 13, "cell_area_m2": 10000.0, "building_count": 0.0, "building_area": 0.0, "building_density": 0.0, "mean_building_area": 0.0, "footprint_cv": 0.0, "compactness": 0.0, "rectangularity": 0.0, "small_bldg_frac": 0.0, "mean_nn_dist": 100.0, "road_density": 416.3803549464367, "road_segments": 11.0, "dist_major_road": 42.99231767221983, "blue": 0.11807399973273278, "green": 0.14792549941688776, "red": 0.17652450021356345, "nir": 0.29227599933743476, "swir1": 0.25934199869632724, "ndvi": 0.3324078397569247, "ndbi": -0.06044386613939423, "ndwi": -0.3845079995319247, "vegetation_fraction": 0.39, "impervious_fraction": 0.13, "water_fraction": 0.0, "ndvi_std": 0.239133972148421, "ndbi_std": 0.12865678346075524, "nir_std": 0.09366782331379579, "open_space_fraction": 1.0, "building_irregularity": 0.0, "small_building_fraction": 0.0, "building_spacing_score": 0.7195837350260872, "footprint_irregularity": 1.0, "building_density_norm": 0.0, "building_irregularity_norm": 0.0, "small_building_fraction_norm": 0.0, "building_spacing_norm": 0.7195837350260872, "footprint_irregularity_norm": 1.0, "impervious_fraction_norm": 0.13, "ndbi_norm": 0.4551734969772151, "imi": 0.0037889310624450445, "built_gate": false, "predicted_class": "sparse_low_development", "informal_probability": 0.0, "confidence": 0.9961202144622803, "explanation": "built-up intensity: 0.46; impervious surface: 0.13; building density: 0.00; building irregularity: 0.00", "year": 2025, "cell_uid": "2025_80.27080_13.08500", "label": "sparse_low_development"}, "geometry": {"type": "Polygon", "coordinates": [[[420900.0, 1446600.0], [420900.0, 1446700.0], [421000.0, 1446700.0], [421000.0, 1446600.0], [420900.0, 1446600.0]]]}}, {"id": "1009", "type": "Feature", "properties": {"cell_id": 1009, "row": 29, "col": 14, "cell_area_m2": 10000.0, "building_count": 0.0, "building_area": 0.0, "building_density": 0.0, "mean_building_area": 0.0, "footprint_cv": 0.0, "compactness": 0.0, "rectangularity": 0.0, "small_bldg_frac": 0.0, "mean_nn_dist": 100.0, "road_density": 0.0, "road_segments": 0.0, "dist_major_road": 142.03728800636952, "blue": 0.0, "green": 0.0, "red": 0.0, "nir": 0.0, "swir1": 0.0, "ndvi": 0.0, "ndbi": 0.0, "ndwi": 0.0, "vegetation_fraction": 0.0, "impervious_fraction": 0.0, "water_fraction": 0.0, "ndvi_std": 0.0, "ndbi_std": 0.0, "nir_std": 0.0, "open_space_fraction": 1.0, "building_irregularity": 0.0, "small_building_fraction": 0.0, "building_spacing_score": 0.7195837350260872, "footprint_irregularity": 1.0, "building_density_norm": 0.0, "building_irregularity_norm": 0.0, "small_building_fraction_norm": 0.0, "building_spacing_norm": 0.7195837350260872, "footprint_irregularity_norm": 1.0, "impervious_fraction_norm": 0.0, "ndbi_norm": 0.5781431462395603, "imi": 0.059135839343070984, "built_gate": false, "predicted_class": "sparse_low_development", "informal_probability": 0.0, "confidence": 0.9399369955062866, "explanation": "built-up intensity: 0.58; building density: 0.00; building irregularity: 0.00; impervious surface: 0.00", "year": 2025, "cell_uid": "2025_80.27173_13.08501", "label": "sparse_low_development"}, "geometry": {"type": "Polygon", "coordinates": [[[421000.0, 1446600.0], [421000.0, 1446700.0], [421100.0, 1446700.0], [421100.0, 1446600.0], [421000.0, 1446600.0]]]}}, {"id": "1010", "type": "Feature", "properties": {"cell_id": 1010, "row": 29, "col": 15, "cell_area_m2": 10000.0, "building_count": 1.0, "building_area": 211.13505371113172, "building_density": 0.021113505371113173, "mean_building_area": 211.13505371113172, "footprint_cv": 0.0, "compactness": 0.7837806524796359, "rectangularity": 0.9973489253032831, "small_bldg_frac": 0.0, "mean_nn_dist": 27.26627799849018, "road_density": 417.0947516933913, "road_segments": 4.0, "dist_major_road": 241.0822583405192, "blue": 0.10402650009840726, "green": 0.14243550151586531, "red": 0.175063499994576, "nir": 0.32056500017642975, "swir1": 0.27068199932575226, "ndvi": 0.3488878265954554, "ndbi": -0.07576880533015355, "ndwi": -0.41513311143964526, "vegetation_fraction": 0.4, "impervious_fraction": 0.15, "water_fraction": 0.0, "ndvi_std": 0.20864881883807335, "ndbi_std": 0.11344790368123418, "nir_std": 0.08198350818266584, "open_space_fraction": 0.9788864946288869, "building_irregularity": 0.0, "small_building_fraction": 0.0, "building_spacing_score": 0.9247612728318377, "footprint_irregularity": 0.2162193475203641, "building_density_norm": 0.01003919229715857, "building_irregularity_norm": 0.0, "small_building_fraction_norm": 0.0, "building_spacing_norm": 0.9247612728318377, "footprint_irregularity_norm": 0.16980453830812692, "impervious_fraction_norm": 0.15, "ndbi_norm": 0.4239957693165051, "imi": 0.002662220736965537, "built_gate": false, "predicted_class": "sparse_low_development", "informal_probability": 0.0, "confidence": 0.9970921277999878, "explanation": "built-up intensity: 0.42; impervious surface: 0.15; building density: 0.01; building irregularity: 0.00", "year": 2025, "cell_uid": "2025_80.27265_13.08501", "label": "sparse_low_development"}, "geometry": {"type": "Polygon", "coordinates": [[[421100.0, 1446600.0], [421100.0, 1446700.0], [421200.0, 1446700.0], [421200.0, 1446600.0], [421100.0, 1446600.0]]]}}, {"id": "1022", "type": "Feature", "properties": {"cell_id": 1022, "row": 29, "col": 27, "cell_area_m2": 10000.0, "building_count": 1.0, "building_area": 148.18290114913725, "building_density": 0.014818290114913726, "mean_building_area": 148.18290114913725, "footprint_cv": 0.0, "compactness": 0.7853124552425194, "rectangularity": 0.9980954018149448, "small_bldg_frac": 0.0, "mean_nn_dist": 49.823031100403604, "road_density": 585.1278564278969, "road_segments": 16.0, "dist_major_road": 2.2299921796149778, "blue": 0.07232349997386336, "green": 0.09147899981588126, "red": 0.09108750004321337, "nir": 0.20291800022125245, "swir1": 0.17973000049591065, "ndvi": 0.3725894086062908, "ndbi": -0.05025961895924411, "ndwi": -0.36869426757097246, "vegetation_fraction": 0.47, "impervious_fraction": 0.12, "water_fraction": 0.0, "ndvi_std": 0.16224580426824722, "ndbi_std": 0.09187240497320678, "nir_std": 0.04387412102347852, "open_space_fraction": 0.9851817098850862, "building_irregularity": 0.0, "small_building_fraction": 0.0, "building_spacing_score": 0.8611300033878411, "footprint_irregularity": 0.21468754475748064, "building_density_norm": 0.007045900780750342, "building_irregularity_norm": 0.0, "small_building_fraction_norm": 0.0, "building_spacing_norm": 0.8611300033878411, "footprint_irregularity_norm": 0.1681820235166101, "impervious_fraction_norm": 0.12, "ndbi_norm": 0.4758927756027077, "imi": 0.0016392635880038142, "built_gate": false, "predicted_class": "sparse_low_development", "informal_probability": 0.0, "confidence": 0.9981142282485962, "explanation": "built-up intensity: 0.48; impervious surface: 0.12; building density: 0.01; building irregularity: 0.00", "year": 2025, "cell_uid": "2025_80.28372_13.08504", "label": "sparse_low_development"}, "geometry": {"type": "Polygon", "coordinates": [[[422300.0, 1446600.0], [422300.0, 1446700.0], [422400.0, 1446700.0], [422400.0, 1446600.0], [422300.0, 1446600.0]]]}}, {"id": "1023", "type": "Feature", "properties": {"cell_id": 1023, "row": 29, "col": 28, "cell_area_m2": 10000.0, "building_count": 0.0, "building_area": 0.0, "building_density": 0.0, "mean_building_area": 0.0, "footprint_cv": 0.0, "compactness": 0.0, "rectangularity": 0.0, "small_bldg_frac": 0.0, "mean_nn_dist": 100.0, "road_density": 262.73910735196085, "road_segments": 16.0, "dist_major_road": 29.76727678654449, "blue": 0.07823049981147051, "green": 0.09746750019490719, "red": 0.0997079998627305, "nir": 0.19707299992442132, "swir1": 0.1769680005311966, "ndvi": 0.3117918626219034, "ndbi": -0.03978078719926998, "ndwi": -0.320498398244381, "vegetation_fraction": 0.3, "impervious_fraction": 0.31, "water_fraction": 0.0, "ndvi_std": 0.18510871158983205, "ndbi_std": 0.0922883026947655, "nir_std": 0.05178738927628568, "open_space_fraction": 1.0, "building_irregularity": 0.0, "small_building_fraction": 0.0, "building_spacing_score": 0.7195837350260872, "footprint_irregularity": 1.0, "building_density_norm": 0.0, "building_irregularity_norm": 0.0, "small_building_fraction_norm": 0.0, "building_spacing_norm": 0.7195837350260872, "footprint_irregularity_norm": 1.0, "impervious_fraction_norm": 0.31, "ndbi_norm": 0.49721137000286497, "imi": 0.0017977411625906825, "built_gate": false, "predicted_class": "sparse_low_development", "informal_probability": 0.0, "confidence": 0.9981790781021118, "explanation": "built-up intensity: 0.50; impervious surface: 0.31; building density: 0.00; building irregularity: 0.00", "year": 2025, "cell_uid": "2025_80.28464_13.08504", "label": "sparse_low_development"}, "geometry": {"type": "Polygon", "coordinates": [[[422400.0, 1446600.0], [422400.0, 1446700.0], [422500.0, 1446700.0], [422500.0, 1446600.0], [422400.0, 1446600.0]]]}}, {"id": "1029", "type": "Feature", "properties": {"cell_id": 1029, "row": 29, "col": 34, "cell_area_m2": 10000.0, "building_count": 0.0, "building_area": 0.0, "building_density": 0.0, "mean_building_area": 0.0, "footprint_cv": 0.0, "compactness": 0.0, "rectangularity": 0.0, "small_bldg_frac": 0.0, "mean_nn_dist": 100.0, "road_density": 611.3363662233403, "road_segments": 14.0, "dist_major_road": 99.64835801417792, "blue": 0.0, "green": 0.0, "red": 0.0, "nir": 0.0, "swir1": 0.0, "ndvi": 0.0, "ndbi": 0.0, "ndwi": 0.0, "vegetation_fraction": 0.0, "impervious_fraction": 0.0, "water_fraction": 0.0, "ndvi_std": 0.0, "ndbi_std": 0.0, "nir_std": 0.0, "open_space_fraction": 1.0, "building_irregularity": 0.0, "small_building_fraction": 0.0, "building_spacing_score": 0.7195837350260872, "footprint_irregularity": 1.0, "building_density_norm": 0.0, "building_irregularity_norm": 0.0, "small_building_fraction_norm": 0.0, "building_spacing_norm": 0.7195837350260872, "footprint_irregularity_norm": 1.0, "impervious_fraction_norm": 0.0, "ndbi_norm": 0.5781431462395603, "imi": 0.059135839343070984, "built_gate": false, "predicted_class": "sparse_low_development", "informal_probability": 0.0, "confidence": 0.9399369955062866, "explanation": "built-up intensity: 0.58; building density: 0.00; building irregularity: 0.00; impervious surface: 0.00", "year": 2025, "cell_uid": "2025_80.29017_13.08506", "label": "sparse_low_development"}, "geometry": {"type": "Polygon", "coordinates": [[[423000.0, 1446600.0], [423000.0, 1446700.0], [423100.0, 1446700.0], [423100.0, 1446600.0], [423000.0, 1446600.0]]]}}, {"id": "1030", "type": "Feature", "properties": {"cell_id": 1030, "row": 29, "col": 35, "cell_area_m2": 3957.2397443960654, "building_count": 0.0, "building_area": 0.0, "building_density": 0.0, "mean_building_area": 0.0, "footprint_cv": 0.0, "compactness": 0.0, "rectangularity": 0.0, "small_bldg_frac": 0.0, "mean_nn_dist": 100.0, "road_density": 422.13128946902674, "road_segments": 16.0, "dist_major_road": 168.93933663441726, "blue": 0.055737499985843895, "green": 0.07712250007316471, "red": 0.07457750085741281, "nir": 0.23984500020742416, "swir1": 0.18531000018119811, "ndvi": 0.5311223424971103, "ndbi": -0.12590463308733887, "ndwi": -0.5142906747758389, "vegetation_fraction": 0.825, "impervious_fraction": 0.025, "water_fraction": 0.0, "ndvi_std": 0.13977463895808756, "ndbi_std": 0.05533411960872425, "nir_std": 0.024547235165684172, "open_space_fraction": 1.0, "building_irregularity": 0.0, "small_building_fraction": 0.0, "building_spacing_score": 0.7195837350260872, "footprint_irregularity": 1.0, "building_density_norm": 0.0, "building_irregularity_norm": 0.0, "small_building_fraction_norm": 0.0, "building_spacing_norm": 0.7195837350260872, "footprint_irregularity_norm": 1.0, "impervious_fraction_norm": 0.025, "ndbi_norm": 0.32199724492429593, "imi": 0.00013122661039233208, "built_gate": false, "predicted_class": "open_vegetated", "informal_probability": 0.0, "confidence": 0.999582827091217, "explanation": "built-up intensity: 0.32; impervious surface: 0.03; building density: 0.00; building irregularity: 0.00", "year": 2025, "cell_uid": "2025_80.29082_13.08506", "label": "open_vegetated"}, "geometry": {"type": "Polygon", "coordinates": [[[423100.0, 1446600.0], [423100.0, 1446700.0], [423139.7125856598, 1446700.0], [423139.4322092281, 1446600.0], [423100.0, 1446600.0]]]}}, {"id": "1031", "type": "Feature", "properties": {"cell_id": 1031, "row": 30, "col": 0, "cell_area_m2": 2993.863742845133, "building_count": 0.0, "building_area": 0.0, "building_density": 0.0, "mean_building_area": 0.0, "footprint_cv": 0.0, "compactness": 0.0, "rectangularity": 0.0, "small_bldg_frac": 0.0, "mean_nn_dist": 100.0, "road_density": 0.0, "road_segments": 0.0, "dist_major_road": 330.71289479204347, "blue": 0.09504166655242444, "green": 0.13526999950408936, "red": 0.17781000087658563, "nir": 0.3091033324599266, "swir1": 0.33871000409126284, "ndvi": 0.2863103573520978, "ndbi": 0.042859387603433184, "ndwi": -0.3979826370875041, "vegetation_fraction": 0.23333333333333334, "impervious_fraction": 0.23333333333333334, "water_fraction": 0.0, "ndvi_std": 0.1216976654864018, "ndbi_std": 0.05121458353585847, "nir_std": 0.02243316282829352, "open_space_fraction": 1.0, "building_irregularity": 0.0, "small_building_fraction": 0.0, "building_spacing_score": 0.7195837350260872, "footprint_irregularity": 1.0, "building_density_norm": 0.0, "building_irregularity_norm": 0.0, "small_building_fraction_norm": 0.0, "building_spacing_norm": 0.7195837350260872, "footprint_irregularity_norm": 1.0, "impervious_fraction_norm": 0.23333333333333334, "ndbi_norm": 0.6653381620090446, "imi": 0.0619628019630909, "built_gate": false, "predicted_class": "sparse_low_development", "informal_probability": 0.0, "confidence": 0.9375636577606201, "explanation": "built-up intensity: 0.67; impervious surface: 0.23; building density: 0.00; building irregularity: 0.00", "year": 2025, "cell_uid": "2025_80.25914_13.08407", "label": "sparse_low_development"}, "geometry": {"type": "Polygon", "coordinates": [[[419700.0, 1446600.0], [419700.0, 1446500.0], [419669.914846399, 1446500.0], [419670.2078787441, 1446600.0], [419700.0, 1446600.0]]]}}, {"id": "1032", "type": "Feature", "properties": {"cell_id": 1032, "row": 30, "col": 1, "cell_area_m2": 10000.0, "building_count": 0.0, "building_area": 0.0, "building_density": 0.0, "mean_building_area": 0.0, "footprint_cv": 0.0, "compactness": 0.0, "rectangularity": 0.0, "small_bldg_frac": 0.0, "mean_nn_dist": 100.0, "road_density": 0.0, "road_segments": 0.0, "dist_major_road": 291.3799670387865, "blue": 0.07488649997860193, "green": 0.11961800009012222, "red": 0.13492000013589858, "nir": 0.34181699991226194, "swir1": 0.35577999949455263, "ndvi": 0.4358113077282906, "ndbi": 0.019304922393057495, "ndwi": -0.48276085138320923, "vegetation_fraction": 0.76, "impervious_fraction": 0.01, "water_fraction": 0.0, "ndvi_std": 0.0692750875341798, "ndbi_std": 0.031547836836073144, "nir_std": 0.027043040147808395, "open_space_fraction": 1.0, "building_irregularity": 0.0, "small_building_fraction": 0.0, "building_spacing_score": 0.7195837350260872, "footprint_irregularity": 1.0, "building_density_norm": 0.0, "building_irregularity_norm": 0.0, "small_building_fraction_norm": 0.0, "building_spacing_norm": 0.7195837350260872, "footprint_irregularity_norm": 1.0, "impervious_fraction_norm": 0.01, "ndbi_norm": 0.6174179260863092, "imi": 0.0022767819464206696, "built_gate": false, "predicted_class": "open_vegetated", "informal_probability": 0.0, "confidence": 0.9109925627708435, "explanation": "built-up intensity: 0.62; impervious surface: 0.01; building density: 0.00; building irregularity: 0.00", "year": 2025, "cell_uid": "2025_80.25974_13.08407", "label": "open_vegetated"}, "geometry": {"type": "Polygon", "coordinates": [[[419700.0, 1446500.0], [419700.0, 1446600.0], [419800.0, 1446600.0], [419800.0, 1446500.0], [419700.0, 1446500.0]]]}}, {"id": "1044", "type": "Feature", "properties": {"cell_id": 1044, "row": 30, "col": 13, "cell_area_m2": 10000.0, "building_count": 1.0, "building_area": 178.5810949417671, "building_density": 0.01785810949417671, "mean_building_area": 178.5810949417671, "footprint_cv": 0.0, "compactness": 0.7481524472174879, "rectangularity": 0.9988241646224939, "small_bldg_frac": 0.0, "mean_nn_dist": 52.94909967192971, "road_density": 689.7266428805099, "road_segments": 27.0, "dist_major_road": 28.242300003782457, "blue": 0.09019149970263243, "green": 0.11500049989670515, "red": 0.12589700009673835, "nir": 0.24138800159096718, "swir1": 0.22944600045681, "ndvi": 0.33970660564024, "ndbi": -0.023799017403580366, "ndwi": -0.36086126894690096, "vegetation_fraction": 0.47, "impervious_fraction": 0.27, "water_fraction": 0.0, "ndvi_std": 0.20928819947039204, "ndbi_std": 0.11189376162097839, "nir_std": 0.05649839671388939, "open_space_fraction": 0.9821418905058232, "building_irregularity": 0.0, "small_building_fraction": 0.0, "building_spacing_score": 0.8523115484144471, "footprint_irregularity": 0.25184755278251214, "building_density_norm": 0.008491294653565188, "building_irregularity_norm": 0.0, "small_building_fraction_norm": 0.0, "building_spacing_norm": 0.8523115484144471, "footprint_irregularity_norm": 0.20754261492852463, "impervious_fraction_norm": 0.27, "ndbi_norm": 0.52972538262137, "imi": 0.003838509786874056, "built_gate": false, "predicted_class": "sparse_low_development", "informal_probability": 0.0, "confidence": 0.9958056211471558, "explanation": "built-up intensity: 0.53; impervious surface: 0.27; building density: 0.01; building irregularity: 0.00", "year": 2025, "cell_uid": "2025_80.27081_13.08410", "label": "sparse_low_development"}, "geometry": {"type": "Polygon", "coordinates": [[[420900.0, 1446500.0], [420900.0, 1446600.0], [421000.0, 1446600.0], [421000.0, 1446500.0], [420900.0, 1446500.0]]]}}, {"id": "1045", "type": "Feature", "properties": {"cell_id": 1045, "row": 30, "col": 14, "cell_area_m2": 10000.0, "building_count": 0.0, "building_area": 0.0, "building_density": 0.0, "mean_building_area": 0.0, "footprint_cv": 0.0, "compactness": 0.0, "rectangularity": 0.0, "small_bldg_frac": 0.0, "mean_nn_dist": 100.0, "road_density": 273.74528325172383, "road_segments": 12.0, "dist_major_road": 127.27168467233541, "blue": 0.0, "green": 0.0, "red": 0.0, "nir": 0.0, "swir1": 0.0, "ndvi": 0.0, "ndbi": 0.0, "ndwi": 0.0, "vegetation_fraction": 0.0, "impervious_fraction": 0.0, "water_fraction": 0.0, "ndvi_std": 0.0, "ndbi_std": 0.0, "nir_std": 0.0, "open_space_fraction": 1.0, "building_irregularity": 0.0, "small_building_fraction": 0.0, "building_spacing_score": 0.7195837350260872, "footprint_irregularity": 1.0, "building_density_norm": 0.0, "building_irregularity_norm": 0.0, "small_building_fraction_norm": 0.0, "building_spacing_norm": 0.7195837350260872, "footprint_irregularity_norm": 1.0, "impervious_fraction_norm": 0.0, "ndbi_norm": 0.5781431462395603, "imi": 0.059135839343070984, "built_gate": false, "predicted_class": "sparse_low_development", "informal_probability": 0.0, "confidence": 0.9399369955062866, "explanation": "built-up intensity: 0.58; building density: 0.00; building irregularity: 0.00; impervious surface: 0.00", "year": 2025, "cell_uid": "2025_80.27173_13.08410", "label": "sparse_low_development"}, "geometry": {"type": "Polygon", "coordinates": [[[421000.0, 1446500.0], [421000.0, 1446600.0], [421100.0, 1446600.0], [421100.0, 1446500.0], [421000.0, 1446500.0]]]}}, {"id": "1046", "type": "Feature", "properties": {"cell_id": 1046, "row": 30, "col": 15, "cell_area_m2": 10000.0, "building_count": 0.0, "building_area": 0.0, "building_density": 0.0, "mean_building_area": 0.0, "footprint_cv": 0.0, "compactness": 0.0, "rectangularity": 0.0, "small_bldg_frac": 0.0, "mean_nn_dist": 100.0, "road_density": 566.9042295240013, "road_segments": 20.0, "dist_major_road": 226.3010693408884, "blue": 0.0746270002424717, "green": 0.10508400049060583, "red": 0.11563700042665005, "nir": 0.2691470013558865, "swir1": 0.24830999851226807, "ndvi": 0.4187583198398352, "ndbi": -0.04249704190529883, "ndwi": -0.44297227665781974, "vegetation_fraction": 0.55, "impervious_fraction": 0.11, "water_fraction": 0.0, "ndvi_std": 0.17651519624802625, "ndbi_std": 0.07806075813757873, "nir_std": 0.034706141738313386, "open_space_fraction": 1.0, "building_irregularity": 0.0, "small_building_fraction": 0.0, "building_spacing_score": 0.7195837350260872, "footprint_irregularity": 1.0, "building_density_norm": 0.0, "building_irregularity_norm": 0.0, "small_building_fraction_norm": 0.0, "building_spacing_norm": 0.7195837350260872, "footprint_irregularity_norm": 1.0, "impervious_fraction_norm": 0.11, "ndbi_norm": 0.4916853024323813, "imi": 0.0022587475832551718, "built_gate": false, "predicted_class": "sparse_low_development", "informal_probability": 0.0, "confidence": 0.9974453449249268, "explanation": "built-up intensity: 0.49; impervious surface: 0.11; building density: 0.00; building irregularity: 0.00", "year": 2025, "cell_uid": "2025_80.27265_13.08411", "label": "sparse_low_development"}, "geometry": {"type": "Polygon", "coordinates": [[[421100.0, 1446500.0], [421100.0, 1446600.0], [421200.0, 1446600.0], [421200.0, 1446500.0], [421100.0, 1446500.0]]]}}, {"id": "1064", "type": "Feature", "properties": {"cell_id": 1064, "row": 30, "col": 33, "cell_area_m2": 10000.0, "building_count": 0.0, "building_area": 0.0, "building_density": 0.0, "mean_building_area": 0.0, "footprint_cv": 0.0, "compactness": 0.0, "rectangularity": 0.0, "small_bldg_frac": 0.0, "mean_nn_dist": 100.0, "road_density": 1269.6612345293454, "road_segments": 34.0, "dist_major_road": 0.7630941963518668, "blue": 0.1116669999435544, "green": 0.13634999975562095, "red": 0.1442520000040531, "nir": 0.24504800006747246, "swir1": 0.22567599892616272, "ndvi": 0.2750329364836216, "ndbi": -0.03520048933947692, "ndwi": -0.2965679729729891, "vegetation_fraction": 0.25, "impervious_fraction": 0.26, "water_fraction": 0.0, "ndvi_std": 0.1723266129722783, "ndbi_std": 0.09925855747140284, "nir_std": 0.054772402875983034, "open_space_fraction": 1.0, "building_irregularity": 0.0, "small_building_fraction": 0.0, "building_spacing_score": 0.7195837350260872, "footprint_irregularity": 1.0, "building_density_norm": 0.0, "building_irregularity_norm": 0.0, "small_building_fraction_norm": 0.0, "building_spacing_norm": 0.7195837350260872, "footprint_irregularity_norm": 1.0, "impervious_fraction_norm": 0.26, "ndbi_norm": 0.5065297286273265, "imi": 0.0045031215995550156, "built_gate": false, "predicted_class": "sparse_low_development", "informal_probability": 0.0, "confidence": 0.9954705238342285, "explanation": "built-up intensity: 0.51; impervious surface: 0.26; building density: 0.00; building irregularity: 0.00", "year": 2025, "cell_uid": "2025_80.28925_13.08415", "label": "sparse_low_development"}, "geometry": {"type": "Polygon", "coordinates": [[[422900.0, 1446500.0], [422900.0, 1446600.0], [423000.0, 1446600.0], [423000.0, 1446500.0], [422900.0, 1446500.0]]]}}, {"id": "1066", "type": "Feature", "properties": {"cell_id": 1066, "row": 30, "col": 35, "cell_area_m2": 3929.2021012224723, "building_count": 2.0, "building_area": 465.92630960897714, "building_density": 0.04659263096089771, "mean_building_area": 232.96315480448857, "footprint_cv": 0.4988871324521349, "compactness": 0.5624457690095822, "rectangularity": 0.7727289312659569, "small_bldg_frac": 0.0, "mean_nn_dist": 28.807072855495264, "road_density": 93.22403484549793, "road_segments": 2.0, "dist_major_road": 170.3898487299705, "blue": 0.089990000333637, "green": 0.11035999953746796, "red": 0.11526000052690506, "nir": 0.24664750024676324, "swir1": 0.2256649985909462, "ndvi": 0.36986362747848034, "ndbi": -0.04413881412474439, "ndwi": -0.38607592321932316, "vegetation_fraction": 0.4, "impervious_fraction": 0.025, "water_fraction": 0.0, "ndvi_std": 0.12156258602496467, "ndbi_std": 0.04880234357150044, "nir_std": 0.01888719676137403, "open_space_fraction": 0.9534073690391023, "building_irregularity": 0.4988871324521349, "small_building_fraction": 0.0, "building_spacing_score": 0.9204147814613356, "footprint_irregularity": 0.4375542309904178, "building_density_norm": 0.022154179214928477, "building_irregularity_norm": 0.2255614176084365, "small_building_fraction_norm": 0.0, "building_spacing_norm": 0.9204147814613356, "footprint_irregularity_norm": 0.4042466812592281, "impervious_fraction_norm": 0.025, "ndbi_norm": 0.4883452091046598, "imi": 0.012032117694616318, "built_gate": false, "predicted_class": "sparse_low_development", "informal_probability": 0.0, "confidence": 0.9873033165931702, "explanation": "built-up intensity: 0.49; building irregularity: 0.23; impervious surface: 0.03; building density: 0.02", "year": 2025, "cell_uid": "2025_80.29082_13.08416", "label": "sparse_low_development"}, "geometry": {"type": "Polygon", "coordinates": [[[423100.0, 1446500.0], [423100.0, 1446600.0], [423139.4322092281, 1446600.0], [423139.15183279634, 1446500.0], [423100.0, 1446500.0]]]}}, {"id": "1067", "type": "Feature", "properties": {"cell_id": 1067, "row": 31, "col": 0, "cell_area_m2": 3023.1669773580506, "building_count": 1.0, "building_area": 178.41822581723724, "building_density": 0.05959463794691023, "mean_building_area": 178.41822581723724, "footprint_cv": 0.0, "compactness": 0.7795895068807784, "rectangularity": 0.9999995789260593, "small_bldg_frac": 0.0, "mean_nn_dist": 27.528885761507475, "road_density": 0.0, "road_segments": 0.0, "dist_major_road": 405.1110671010613, "blue": 0.076151667162776, "green": 0.10704166765014331, "red": 0.1167500006655852, "nir": 0.2719699998696645, "swir1": 0.257260004679362, "ndvi": 0.4042784651120504, "ndbi": -0.026784543483518063, "ndwi": -0.43717857052882514, "vegetation_fraction": 0.5, "impervious_fraction": 0.03333333333333333, "water_fraction": 0.0, "ndvi_std": 0.13619974860813636, "ndbi_std": 0.05481387372093451, "nir_std": 0.023437409987010986, "open_space_fraction": 0.9404053620530898, "building_irregularity": 0.0, "small_building_fraction": 0.0, "building_spacing_score": 0.9240204718286463, "footprint_irregularity": 0.22041049311922156, "building_density_norm": 0.02833646141237757, "building_irregularity_norm": 0.0, "small_building_fraction_norm": 0.0, "building_spacing_norm": 0.9240204718286463, "footprint_irregularity_norm": 0.1742438799076591, "impervious_fraction_norm": 0.03333333333333333, "ndbi_norm": 0.523651497571283, "imi": 0.0033425805158913136, "built_gate": false, "predicted_class": "sparse_low_development", "informal_probability": 0.0, "confidence": 0.9965289235115051, "explanation": "built-up intensity: 0.52; impervious surface: 0.03; building density: 0.03; building irregularity: 0.00", "year": 2025, "cell_uid": "2025_80.25914_13.08316", "label": "sparse_low_development"}, "geometry": {"type": "Polygon", "coordinates": [[[419700.0, 1446500.0], [419700.0, 1446400.0], [419669.62181405385, 1446400.0], [419669.914846399, 1446500.0], [419700.0, 1446500.0]]]}}, {"id": "1081", "type": "Feature", "properties": {"cell_id": 1081, "row": 31, "col": 14, "cell_area_m2": 10000.0, "building_count": 2.0, "building_area": 2490.910628702134, "building_density": 0.2490910628702134, "mean_building_area": 1245.455314351067, "footprint_cv": 1.1687721063210355, "compactness": 0.6879853783110809, "rectangularity": 0.9666181125654449, "small_bldg_frac": 0.0, "mean_nn_dist": 27.614444895687562, "road_density": 775.4697523420525, "road_segments": 10.0, "dist_major_road": 113.59615032929598, "blue": 0.0, "green": 0.0, "red": 0.0, "nir": 0.0, "swir1": 0.0, "ndvi": 0.0, "ndbi": 0.0, "ndwi": 0.0, "vegetation_fraction": 0.0, "impervious_fraction": 0.0, "water_fraction": 0.0, "ndvi_std": 0.0, "ndbi_std": 0.0, "nir_std": 0.0, "open_space_fraction": 0.7509089371297866, "building_irregularity": 1.1687721063210355, "small_building_fraction": 0.0, "building_spacing_score": 0.9237791145599025, "footprint_irregularity": 0.31201462168891914, "building_density_norm": 0.11843950285389507, "building_irregularity_norm": 0.5284359447540264, "small_building_fraction_norm": 0.0, "building_spacing_norm": 0.9237791145599025, "footprint_irregularity_norm": 0.271272725376357, "impervious_fraction_norm": 0.0, "ndbi_norm": 0.5781431462395603, "imi": 0.007874813862144947, "built_gate": false, "predicted_class": "sparse_low_development", "informal_probability": 0.0, "confidence": 0.9919511079788208, "explanation": "built-up intensity: 0.58; building irregularity: 0.53; building density: 0.12; impervious surface: 0.00", "year": 2025, "cell_uid": "2025_80.27173_13.08320", "label": "sparse_low_development"}, "geometry": {"type": "Polygon", "coordinates": [[[421000.0, 1446400.0], [421000.0, 1446500.0], [421100.0, 1446500.0], [421100.0, 1446400.0], [421000.0, 1446400.0]]]}}, {"id": "1096", "type": "Feature", "properties": {"cell_id": 1096, "row": 31, "col": 29, "cell_area_m2": 10000.0, "building_count": 1.0, "building_area": 287.3006946785986, "building_density": 0.02873006946785986, "mean_building_area": 287.3006946785986, "footprint_cv": 0.0, "compactness": 0.4815698492491002, "rectangularity": 0.7111802722810623, "small_bldg_frac": 0.0, "mean_nn_dist": 17.706420384766876, "road_density": 0.0, "road_segments": 0.0, "dist_major_road": 227.50119451493032, "blue": 0.04373350027948618, "green": 0.06824050009250641, "red": 0.04915100025013089, "nir": 0.3112709991633892, "swir1": 0.19339599967002868, "ndvi": 0.7267467029392719, "ndbi": -0.22986859234690202, "ndwi": -0.638302541077137, "vegetation_fraction": 0.94, "impervious_fraction": 0.01, "water_fraction": 0.0, "ndvi_std": 0.14920769572088102, "ndbi_std": 0.08538096973127543, "nir_std": 0.038754220362063975, "open_space_fraction": 0.9712699305321402, "building_irregularity": 0.0, "small_building_fraction": 0.0, "building_spacing_score": 0.95172906704037, "footprint_irregularity": 0.5184301507508998, "building_density_norm": 0.013660767694841688, "building_irregularity_norm": 0.0, "small_building_fraction_norm": 0.0, "building_spacing_norm": 0.95172906704037, "footprint_irregularity_norm": 0.4899120027147775, "impervious_fraction_norm": 0.01, "ndbi_norm": 0.11048841164433812, "imi": 0.00010868974641198292, "built_gate": false, "predicted_class": "open_vegetated", "informal_probability": 0.0, "confidence": 0.9971422553062439, "explanation": "built-up intensity: 0.11; building density: 0.01; impervious surface: 0.01; building irregularity: 0.00", "year": 2025, "cell_uid": "2025_80.28557_13.08324", "label": "open_vegetated"}, "geometry": {"type": "Polygon", "coordinates": [[[422500.0, 1446400.0], [422500.0, 1446500.0], [422600.0, 1446500.0], [422600.0, 1446400.0], [422500.0, 1446400.0]]]}}, {"id": "1097", "type": "Feature", "properties": {"cell_id": 1097, "row": 31, "col": 30, "cell_area_m2": 10000.0, "building_count": 0.0, "building_area": 0.0, "building_density": 0.0, "mean_building_area": 0.0, "footprint_cv": 0.0, "compactness": 0.0, "rectangularity": 0.0, "small_bldg_frac": 0.0, "mean_nn_dist": 100.0, "road_density": 0.0, "road_segments": 0.0, "dist_major_road": 218.1605773232504, "blue": 0.030147999934852125, "green": 0.05903149992227554, "red": 0.03520850010216236, "nir": 0.3214439997076988, "swir1": 0.18077000081539155, "ndvi": 0.7997884041070938, "ndbi": -0.27752871476113794, "ndwi": -0.6869645169377327, "vegetation_fraction": 1.0, "impervious_fraction": 0.0, "water_fraction": 0.0, "ndvi_std": 0.08425156618775573, "ndbi_std": 0.06645501581072498, "nir_std": 0.0337597356212739, "open_space_fraction": 1.0, "building_irregularity": 0.0, "small_building_fraction": 0.0, "building_spacing_score": 0.7195837350260872, "footprint_irregularity": 1.0, "building_density_norm": 0.0, "building_irregularity_norm": 0.0, "small_building_fraction_norm": 0.0, "building_spacing_norm": 0.7195837350260872, "footprint_irregularity_norm": 1.0, "impervious_fraction_norm": 0.0, "ndbi_norm": 0.013526570660124656, "imi": 0.00013122661039233208, "built_gate": false, "predicted_class": "open_vegetated", "informal_probability": 0.0, "confidence": 0.999582827091217, "explanation": "built-up intensity: 0.01; building density: 0.00; building irregularity: 0.00; impervious surface: 0.00", "year": 2025, "cell_uid": "2025_80.28649_13.08324", "label": "open_vegetated"}, "geometry": {"type": "Polygon", "coordinates": [[[422600.0, 1446400.0], [422600.0, 1446500.0], [422700.0, 1446500.0], [422700.0, 1446400.0], [422600.0, 1446400.0]]]}}, {"id": "1101", "type": "Feature", "properties": {"cell_id": 1101, "row": 31, "col": 34, "cell_area_m2": 10000.0, "building_count": 2.0, "building_area": 958.2977156701584, "building_density": 0.09582977156701583, "mean_building_area": 479.1488578350792, "footprint_cv": 1.000897317185648, "compactness": 0.44355017548797004, "rectangularity": 0.6838960225304032, "small_bldg_frac": 0.0, "mean_nn_dist": 41.374226551872376, "road_density": 311.43323859816064, "road_segments": 4.0, "dist_major_road": 99.44182784709861, "blue": 0.0, "green": 0.0, "red": 0.0, "nir": 0.0, "swir1": 0.0, "ndvi": 0.0, "ndbi": 0.0, "ndwi": 0.0, "vegetation_fraction": 0.0, "impervious_fraction": 0.0, "water_fraction": 0.0, "ndvi_std": 0.0, "ndbi_std": 0.0, "nir_std": 0.0, "open_space_fraction": 0.9041702284329842, "building_irregularity": 1.000897317185648, "small_building_fraction": 0.0, "building_spacing_score": 0.8849635824618458, "footprint_irregularity": 0.55644982451203, "building_density_norm": 0.0455657877573613, "building_irregularity_norm": 0.45253485820570105, "small_building_fraction_norm": 0.0, "building_spacing_norm": 0.8849635824618458, "footprint_irregularity_norm": 0.5301831685207182, "impervious_fraction_norm": 0.0, "ndbi_norm": 0.5781431462395603, "imi": 0.007874813862144947, "built_gate": false, "predicted_class": "sparse_low_development", "informal_probability": 0.0, "confidence": 0.9919511079788208, "explanation": "built-up intensity: 0.58; building irregularity: 0.45; building density: 0.05; impervious surface: 0.00", "year": 2025, "cell_uid": "2025_80.29018_13.08325", "label": "sparse_low_development"}, "geometry": {"type": "Polygon", "coordinates": [[[423000.0, 1446400.0], [423000.0, 1446500.0], [423100.0, 1446500.0], [423100.0, 1446400.0], [423000.0, 1446400.0]]]}}, {"id": "1102", "type": "Feature", "properties": {"cell_id": 1102, "row": 31, "col": 35, "cell_area_m2": 3901.164458048879, "building_count": 1.0, "building_area": 179.78065905348208, "building_density": 0.017978065905348208, "mean_building_area": 179.78065905348208, "footprint_cv": 0.0, "compactness": 0.7607453663666432, "rectangularity": 0.9975954364872339, "small_bldg_frac": 0.0, "mean_nn_dist": 49.16533949888118, "road_density": 9.833362140508793, "road_segments": 2.0, "dist_major_road": 168.8874028370439, "blue": 0.06402625031769275, "green": 0.08683374961838126, "red": 0.08706249929964542, "nir": 0.2464724998921156, "swir1": 0.20883999913930892, "ndvi": 0.4795667614787817, "ndbi": -0.08009836795972661, "ndwi": -0.4774941734969616, "vegetation_fraction": 0.7, "impervious_fraction": 0.025, "water_fraction": 0.0, "ndvi_std": 0.13986956615469917, "ndbi_std": 0.06098764638037106, "nir_std": 0.025801105412771783, "open_space_fraction": 0.9820219340946518, "building_irregularity": 0.0, "small_building_fraction": 0.0, "building_spacing_score": 0.8629853125858646, "footprint_irregularity": 0.23925463363335675, "building_density_norm": 0.008548332339058915, "building_irregularity_norm": 0.0, "small_building_fraction_norm": 0.0, "building_spacing_norm": 0.8629853125858646, "footprint_irregularity_norm": 0.1942039540493533, "impervious_fraction_norm": 0.025, "ndbi_norm": 0.41518751742887544, "imi": 0.000589907867833972, "built_gate": false, "predicted_class": "open_vegetated", "informal_probability": 0.0, "confidence": 0.9148255586624146, "explanation": "built-up intensity: 0.42; impervious surface: 0.03; building density: 0.01; building irregularity: 0.00", "year": 2025, "cell_uid": "2025_80.29082_13.08325", "label": "open_vegetated"}, "geometry": {"type": "Polygon", "coordinates": [[[423100.0, 1446400.0], [423100.0, 1446500.0], [423139.15183279634, 1446500.0], [423138.87145636464, 1446400.0], [423100.0, 1446400.0]]]}}, {"id": "1122", "type": "Feature", "properties": {"cell_id": 1122, "row": 32, "col": 19, "cell_area_m2": 10000.0, "building_count": 0.0, "building_area": 0.0, "building_density": 0.0, "mean_building_area": 0.0, "footprint_cv": 0.0, "compactness": 0.0, "rectangularity": 0.0, "small_bldg_frac": 0.0, "mean_nn_dist": 100.0, "road_density": 883.3831630854247, "road_segments": 29.0, "dist_major_road": 2.910164959729318, "blue": 0.1104560000449419, "green": 0.12505300004035236, "red": 0.12672200050204993, "nir": 0.2043540006130934, "swir1": 0.19302000045776369, "ndvi": 0.2643003926743404, "ndbi": -0.025827374034561215, "ndwi": -0.2667421983947861, "vegetation_fraction": 0.26, "impervious_fraction": 0.26, "water_fraction": 0.0, "ndvi_std": 0.19891807658625946, "ndbi_std": 0.10157354491546176, "nir_std": 0.044770895101069505, "open_space_fraction": 1.0, "building_irregularity": 0.0, "small_building_fraction": 0.0, "building_spacing_score": 0.7195837350260872, "footprint_irregularity": 1.0, "building_density_norm": 0.0, "building_irregularity_norm": 0.0, "small_building_fraction_norm": 0.0, "building_spacing_norm": 0.7195837350260872, "footprint_irregularity_norm": 1.0, "impervious_fraction_norm": 0.26, "ndbi_norm": 0.5255988050309253, "imi": 0.013299534097313881, "built_gate": false, "predicted_class": "sparse_low_development", "informal_probability": 0.0, "confidence": 0.9866089224815369, "explanation": "built-up intensity: 0.53; impervious surface: 0.26; building density: 0.00; building irregularity: 0.00", "year": 2025, "cell_uid": "2025_80.27635_13.08231", "label": "sparse_low_development"}, "geometry": {"type": "Polygon", "coordinates": [[[421500.0, 1446300.0], [421500.0, 1446400.0], [421600.0, 1446400.0], [421600.0, 1446300.0], [421500.0, 1446300.0]]]}}, {"id": "1125", "type": "Feature", "properties": {"cell_id": 1125, "row": 32, "col": 22, "cell_area_m2": 10000.0, "building_count": 0.0, "building_area": 0.0, "building_density": 0.0, "mean_building_area": 0.0, "footprint_cv": 0.0, "compactness": 0.0, "rectangularity": 0.0, "small_bldg_frac": 0.0, "mean_nn_dist": 100.0, "road_density": 561.7361887300423, "road_segments": 12.0, "dist_major_road": 10.842537876363771, "blue": 0.06736100021749734, "green": 0.08546800006181002, "red": 0.08546499963849782, "nir": 0.20837200045585633, "swir1": 0.1862720012664795, "ndvi": 0.4112339094653726, "ndbi": -0.043070745097356845, "ndwi": -0.40768228642642496, "vegetation_fraction": 0.55, "impervious_fraction": 0.16, "water_fraction": 0.0, "ndvi_std": 0.2023117668583796, "ndbi_std": 0.10646141910188696, "nir_std": 0.05290062314922395, "open_space_fraction": 1.0, "building_irregularity": 0.0, "small_building_fraction": 0.0, "building_spacing_score": 0.7195837350260872, "footprint_irregularity": 1.0, "building_density_norm": 0.0, "building_irregularity_norm": 0.0, "small_building_fraction_norm": 0.0, "building_spacing_norm": 0.7195837350260872, "footprint_irregularity_norm": 1.0, "impervious_fraction_norm": 0.16, "ndbi_norm": 0.49051813552506657, "imi": 0.001974032958969474, "built_gate": false, "predicted_class": "sparse_low_development", "informal_probability": 0.0, "confidence": 0.9977673292160034, "explanation": "built-up intensity: 0.49; impervious surface: 0.16; building density: 0.00; building irregularity: 0.00", "year": 2025, "cell_uid": "2025_80.27911_13.08232", "label": "sparse_low_development"}, "geometry": {"type": "Polygon", "coordinates": [[[421800.0, 1446300.0], [421800.0, 1446400.0], [421900.0, 1446400.0], [421900.0, 1446300.0], [421800.0, 1446300.0]]]}}, {"id": "1126", "type": "Feature", "properties": {"cell_id": 1126, "row": 32, "col": 23, "cell_area_m2": 10000.0, "building_count": 1.0, "building_area": 863.187095176941, "building_density": 0.0863187095176941, "mean_building_area": 863.187095176941, "footprint_cv": 0.0, "compactness": 0.5890492340408916, "rectangularity": 0.9988012995578583, "small_bldg_frac": 0.0, "mean_nn_dist": 48.39588357480019, "road_density": 241.6869215348915, "road_segments": 4.0, "dist_major_road": 2.993485609560958, "blue": 0.07157650034874678, "green": 0.09016499999910593, "red": 0.092861500531435, "nir": 0.23332000054419041, "swir1": 0.21738800048828125, "ndvi": 0.4379141832143068, "ndbi": -0.031430868187453595, "ndwi": -0.4418277783691883, "vegetation_fraction": 0.58, "impervious_fraction": 0.08, "water_fraction": 0.0, "ndvi_std": 0.1752942266446253, "ndbi_std": 0.09378721397769961, "nir_std": 0.0586377265111124, "open_space_fraction": 0.913681290482306, "building_irregularity": 0.0, "small_building_fraction": 0.0, "building_spacing_score": 0.8651559023427, "footprint_irregularity": 0.4109507659591084, "building_density_norm": 0.04104340366315091, "building_irregularity_norm": 0.0, "small_building_fraction_norm": 0.0, "building_spacing_norm": 0.8651559023427, "footprint_irregularity_norm": 0.3760677821445356, "impervious_fraction_norm": 0.08, "ndbi_norm": 0.5141988110425247, "imi": 0.0010455184383317828, "built_gate": false, "predicted_class": "sparse_low_development", "informal_probability": 0.0, "confidence": 0.9985530972480774, "explanation": "built-up intensity: 0.51; impervious surface: 0.08; building density: 0.04; building irregularity: 0.00", "year": 2025, "cell_uid": "2025_80.28004_13.08232", "label": "sparse_low_development"}, "geometry": {"type": "Polygon", "coordinates": [[[421900.0, 1446300.0], [421900.0, 1446400.0], [422000.0, 1446400.0], [422000.0, 1446300.0], [421900.0, 1446300.0]]]}}, {"id": "1127", "type": "Feature", "properties": {"cell_id": 1127, "row": 32, "col": 24, "cell_area_m2": 10000.0, "building_count": 0.0, "building_area": 0.0, "building_density": 0.0, "mean_building_area": 0.0, "footprint_cv": 0.0, "compactness": 0.0, "rectangularity": 0.0, "small_bldg_frac": 0.0, "mean_nn_dist": 100.0, "road_density": 335.29405650455857, "road_segments": 7.0, "dist_major_road": 3.1656900073021874, "blue": 0.0, "green": 0.0, "red": 0.0, "nir": 0.0, "swir1": 0.0, "ndvi": 0.0, "ndbi": 0.0, "ndwi": 0.0, "vegetation_fraction": 0.0, "impervious_fraction": 0.0, "water_fraction": 0.0, "ndvi_std": 0.0, "ndbi_std": 0.0, "nir_std": 0.0, "open_space_fraction": 1.0, "building_irregularity": 0.0, "small_building_fraction": 0.0, "building_spacing_score": 0.7195837350260872, "footprint_irregularity": 1.0, "building_density_norm": 0.0, "building_irregularity_norm": 0.0, "small_building_fraction_norm": 0.0, "building_spacing_norm": 0.7195837350260872, "footprint_irregularity_norm": 1.0, "impervious_fraction_norm": 0.0, "ndbi_norm": 0.5781431462395603, "imi": 0.059135839343070984, "built_gate": false, "predicted_class": "sparse_low_development", "informal_probability": 0.0, "confidence": 0.9399369955062866, "explanation": "built-up intensity: 0.58; building density: 0.00; building irregularity: 0.00; impervious surface: 0.00", "year": 2025, "cell_uid": "2025_80.28096_13.08232", "label": "sparse_low_development"}, "geometry": {"type": "Polygon", "coordinates": [[[422000.0, 1446300.0], [422000.0, 1446400.0], [422100.0, 1446400.0], [422100.0, 1446300.0], [422000.0, 1446300.0]]]}}, {"id": "1129", "type": "Feature", "properties": {"cell_id": 1129, "row": 32, "col": 26, "cell_area_m2": 10000.0, "building_count": 1.0, "building_area": 231.54038173933503, "building_density": 0.023154038173933505, "mean_building_area": 231.54038173933503, "footprint_cv": 0.0, "compactness": 0.5171037188046306, "rectangularity": 0.9556316344521483, "small_bldg_frac": 0.0, "mean_nn_dist": 32.25247744079252, "road_density": 483.2895729270968, "road_segments": 14.0, "dist_major_road": 90.2356642476574, "blue": 0.07616550024598837, "green": 0.09640800040215254, "red": 0.09228350065648555, "nir": 0.28494800001382825, "swir1": 0.22256599962711335, "ndvi": 0.5169558454677463, "ndbi": -0.11741234721092042, "ndwi": -0.4942405542731285, "vegetation_fraction": 0.72, "impervious_fraction": 0.16, "water_fraction": 0.0, "ndvi_std": 0.2301554228853021, "ndbi_std": 0.12446904855806745, "nir_std": 0.04886575146915833, "open_space_fraction": 0.9768459618260665, "building_irregularity": 0.0, "small_building_fraction": 0.0, "building_spacing_score": 0.9106954984368637, "footprint_irregularity": 0.4828962811953694, "building_density_norm": 0.011009438631725097, "building_irregularity_norm": 0.0, "small_building_fraction_norm": 0.0, "building_spacing_norm": 0.9106954984368637, "footprint_irregularity_norm": 0.45227384827957495, "impervious_fraction_norm": 0.16, "ndbi_norm": 0.3392743233502593, "imi": 0.0004543444374576211, "built_gate": false, "predicted_class": "open_vegetated", "informal_probability": 0.0, "confidence": 0.9851071238517761, "explanation": "built-up intensity: 0.34; impervious surface: 0.16; building density: 0.01; building irregularity: 0.00", "year": 2025, "cell_uid": "2025_80.28280_13.08233", "label": "open_vegetated"}, "geometry": {"type": "Polygon", "coordinates": [[[422200.0, 1446300.0], [422200.0, 1446400.0], [422300.0, 1446400.0], [422300.0, 1446300.0], [422200.0, 1446300.0]]]}}, {"id": "1137", "type": "Feature", "properties": {"cell_id": 1137, "row": 32, "col": 34, "cell_area_m2": 10000.0, "building_count": 1.0, "building_area": 289.74759603346877, "building_density": 0.028974759603346875, "mean_building_area": 289.74759603346877, "footprint_cv": 0.0, "compactness": 0.7285843475123199, "rectangularity": 0.9980109900188197, "small_bldg_frac": 0.0, "mean_nn_dist": 60.212515691708234, "road_density": 0.0, "road_segments": 0.0, "dist_major_road": 121.52938473917976, "blue": 0.0, "green": 0.0, "red": 0.0, "nir": 0.0, "swir1": 0.0, "ndvi": 0.0, "ndbi": 0.0, "ndwi": 0.0, "vegetation_fraction": 0.0, "impervious_fraction": 0.0, "water_fraction": 0.0, "ndvi_std": 0.0, "ndbi_std": 0.0, "nir_std": 0.0, "open_space_fraction": 0.9710252403966532, "building_irregularity": 0.0, "small_building_fraction": 0.0, "building_spacing_score": 0.8318218804311963, "footprint_irregularity": 0.27141565248768007, "building_density_norm": 0.013777114614985646, "building_irregularity_norm": 0.0, "small_building_fraction_norm": 0.0, "building_spacing_norm": 0.8318218804311963, "footprint_irregularity_norm": 0.22826952049549584, "impervious_fraction_norm": 0.0, "ndbi_norm": 0.5781431462395603, "imi": 0.01113590132445097, "built_gate": false, "predicted_class": "sparse_low_development", "informal_probability": 0.0, "confidence": 0.9885146021842957, "explanation": "built-up intensity: 0.58; building density: 0.01; building irregularity: 0.00; impervious surface: 0.00", "year": 2025, "cell_uid": "2025_80.29018_13.08235", "label": "sparse_low_development"}, "geometry": {"type": "Polygon", "coordinates": [[[423000.0, 1446300.0], [423000.0, 1446400.0], [423100.0, 1446400.0], [423100.0, 1446300.0], [423000.0, 1446300.0]]]}}, {"id": "1138", "type": "Feature", "properties": {"cell_id": 1138, "row": 32, "col": 35, "cell_area_m2": 3873.1268148781965, "building_count": 0.0, "building_area": 0.0, "building_density": 0.0, "mean_building_area": 0.0, "footprint_cv": 0.0, "compactness": 0.0, "rectangularity": 0.0, "small_bldg_frac": 0.0, "mean_nn_dist": 100.0, "road_density": 0.0, "road_segments": 0.0, "dist_major_road": 185.80701516000528, "blue": 0.06946750013157725, "green": 0.09040000047534705, "red": 0.09842374986037612, "nir": 0.2018700011074543, "swir1": 0.1987299993634224, "ndvi": 0.34434878434985877, "ndbi": -0.002629845732735703, "ndwi": -0.3771511990576982, "vegetation_fraction": 0.375, "impervious_fraction": 0.275, "water_fraction": 0.0, "ndvi_std": 0.18110134765551766, "ndbi_std": 0.08329573702839119, "nir_std": 0.030554005934581293, "open_space_fraction": 1.0, "building_irregularity": 0.0, "small_building_fraction": 0.0, "building_spacing_score": 0.7195837350260872, "footprint_irregularity": 1.0, "building_density_norm": 0.0, "building_irregularity_norm": 0.0, "small_building_fraction_norm": 0.0, "building_spacing_norm": 0.7195837350260872, "footprint_irregularity_norm": 1.0, "impervious_fraction_norm": 0.275, "ndbi_norm": 0.5727928728698392, "imi": 0.008735795505344868, "built_gate": false, "predicted_class": "sparse_low_development", "informal_probability": 0.0, "confidence": 0.9911025762557983, "explanation": "built-up intensity: 0.57; impervious surface: 0.28; building density: 0.00; building irregularity: 0.00", "year": 2025, "cell_uid": "2025_80.29082_13.08235", "label": "sparse_low_development"}, "geometry": {"type": "Polygon", "coordinates": [[[423100.0, 1446300.0], [423100.0, 1446400.0], [423138.87145636464, 1446400.0], [423138.5910799329, 1446300.0], [423100.0, 1446300.0]]]}}, {"id": "1143", "type": "Feature", "properties": {"cell_id": 1143, "row": 33, "col": 4, "cell_area_m2": 10000.0, "building_count": 2.0, "building_area": 730.9262829937641, "building_density": 0.24414146593697317, "mean_building_area": 365.46314149688203, "footprint_cv": 0.0621932226343316, "compactness": 0.667689507218567, "rectangularity": 0.9472429288876727, "small_bldg_frac": 0.0, "mean_nn_dist": 28.452826836071242, "road_density": 2862.98192220405, "road_segments": 36.0, "dist_major_road": 121.79106438159285, "blue": 0.0, "green": 0.0, "red": 0.0, "nir": 0.0, "swir1": 0.0, "ndvi": 0.0, "ndbi": 0.0, "ndwi": 0.0, "vegetation_fraction": 0.0, "impervious_fraction": 0.0, "water_fraction": 0.0, "ndvi_std": 0.0, "ndbi_std": 0.0, "nir_std": 0.0, "open_space_fraction": 0.7558585340630268, "building_irregularity": 0.0621932226343316, "small_building_fraction": 0.0, "building_spacing_score": 0.921414088578348, "footprint_irregularity": 0.332310492781433, "building_density_norm": 0.11608603503636206, "building_irregularity_norm": 0.02811936919295643, "small_building_fraction_norm": 0.0, "building_spacing_norm": 0.921414088578348, "footprint_irregularity_norm": 0.2927705003198716, "impervious_fraction_norm": 0.0, "ndbi_norm": 0.5781431462395603, "imi": 0.005571851972490549, "built_gate": false, "predicted_class": "sparse_low_development", "informal_probability": 0.0, "confidence": 0.9942966103553772, "explanation": "built-up intensity: 0.58; building density: 0.12; building irregularity: 0.03; impervious surface: 0.00", "year": 2025, "cell_uid": "2025_80.26251_13.08136", "label": "sparse_low_development"}, "geometry": {"type": "Polygon", "coordinates": [[[420000.0, 1446200.0], [420000.0, 1446300.0], [420100.0, 1446300.0], [420100.0, 1446200.0], [420000.0, 1446200.0]]]}}, {"id": "1146", "type": "Feature", "properties": {"cell_id": 1146, "row": 33, "col": 7, "cell_area_m2": 10000.0, "building_count": 0.0, "building_area": 0.0, "building_density": 0.0, "mean_building_area": 0.0, "footprint_cv": 0.0, "compactness": 0.0, "rectangularity": 0.0, "small_bldg_frac": 0.0, "mean_nn_dist": 100.0, "road_density": 0.0, "road_segments": 0.0, "dist_major_road": 63.72849158261925, "blue": 0.038412000089883803, "green": 0.06408900007605553, "red": 0.049877000153064725, "nir": 0.30114699885249135, "swir1": 0.20584999918937683, "ndvi": 0.7105200135707855, "ndbi": -0.1830910286854487, "ndwi": -0.6443291965126992, "vegetation_fraction": 0.99, "impervious_fraction": 0.0, "water_fraction": 0.0, "ndvi_std": 0.11127682705396856, "ndbi_std": 0.08450175989097905, "nir_std": 0.04135044667828366, "open_space_fraction": 1.0, "building_irregularity": 0.0, "small_building_fraction": 0.0, "building_spacing_score": 0.7195837350260872, "footprint_irregularity": 1.0, "building_density_norm": 0.0, "building_irregularity_norm": 0.0, "small_building_fraction_norm": 0.0, "building_spacing_norm": 0.7195837350260872, "footprint_irregularity_norm": 1.0, "impervious_fraction_norm": 0.0, "ndbi_norm": 0.20565473643783003, "imi": 0.00013122661039233208, "built_gate": false, "predicted_class": "open_vegetated", "informal_probability": 0.0, "confidence": 0.999582827091217, "explanation": "built-up intensity: 0.21; building density: 0.00; building irregularity: 0.00; impervious surface: 0.00", "year": 2025, "cell_uid": "2025_80.26528_13.08137", "label": "open_vegetated"}, "geometry": {"type": "Polygon", "coordinates": [[[420300.0, 1446200.0], [420300.0, 1446300.0], [420400.0, 1446300.0], [420400.0, 1446200.0], [420300.0, 1446200.0]]]}}, {"id": "1147", "type": "Feature", "properties": {"cell_id": 1147, "row": 33, "col": 8, "cell_area_m2": 10000.0, "building_count": 0.0, "building_area": 0.0, "building_density": 0.0, "mean_building_area": 0.0, "footprint_cv": 0.0, "compactness": 0.0, "rectangularity": 0.0, "small_bldg_frac": 0.0, "mean_nn_dist": 100.0, "road_density": 0.0, "road_segments": 0.0, "dist_major_road": 64.58733500332542, "blue": 0.04814400009810924, "green": 0.07330300007015467, "red": 0.06323100009933114, "nir": 0.28790600001811983, "swir1": 0.2034639996290207, "ndvi": 0.6567812138795852, "ndbi": -0.17531528580933808, "ndwi": -0.6001485323905945, "vegetation_fraction": 0.91, "impervious_fraction": 0.04, "water_fraction": 0.0, "ndvi_std": 0.16962372364199735, "ndbi_std": 0.09888703409291763, "nir_std": 0.03683922498972433, "open_space_fraction": 1.0, "building_irregularity": 0.0, "small_building_fraction": 0.0, "building_spacing_score": 0.7195837350260872, "footprint_irregularity": 1.0, "building_density_norm": 0.0, "building_irregularity_norm": 0.0, "small_building_fraction_norm": 0.0, "building_spacing_norm": 0.7195837350260872, "footprint_irregularity_norm": 1.0, "impervious_fraction_norm": 0.04, "ndbi_norm": 0.22147404839289886, "imi": 0.00019268691539764404, "built_gate": false, "predicted_class": "open_vegetated", "informal_probability": 0.0, "confidence": 0.9993873834609985, "explanation": "built-up intensity: 0.22; impervious surface: 0.04; building density: 0.00; building irregularity: 0.00", "year": 2025, "cell_uid": "2025_80.26620_13.08137", "label": "open_vegetated"}, "geometry": {"type": "Polygon", "coordinates": [[[420400.0, 1446200.0], [420400.0, 1446300.0], [420500.0, 1446300.0], [420500.0, 1446200.0], [420400.0, 1446200.0]]]}}, {"id": "1153", "type": "Feature", "properties": {"cell_id": 1153, "row": 33, "col": 14, "cell_area_m2": 10000.0, "building_count": 0.0, "building_area": 0.0, "building_density": 0.0, "mean_building_area": 0.0, "footprint_cv": 0.0, "compactness": 0.0, "rectangularity": 0.0, "small_bldg_frac": 0.0, "mean_nn_dist": 100.0, "road_density": 1356.6429545072551, "road_segments": 84.0, "dist_major_road": 20.55386733748986, "blue": 0.0, "green": 0.0, "red": 0.0, "nir": 0.0, "swir1": 0.0, "ndvi": 0.0, "ndbi": 0.0, "ndwi": 0.0, "vegetation_fraction": 0.0, "impervious_fraction": 0.0, "water_fraction": 0.0, "ndvi_std": 0.0, "ndbi_std": 0.0, "nir_std": 0.0, "open_space_fraction": 1.0, "building_irregularity": 0.0, "small_building_fraction": 0.0, "building_spacing_score": 0.7195837350260872, "footprint_irregularity": 1.0, "building_density_norm": 0.0, "building_irregularity_norm": 0.0, "small_building_fraction_norm": 0.0, "building_spacing_norm": 0.7195837350260872, "footprint_irregularity_norm": 1.0, "impervious_fraction_norm": 0.0, "ndbi_norm": 0.5781431462395603, "imi": 0.059135839343070984, "built_gate": false, "predicted_class": "sparse_low_development", "informal_probability": 0.0, "confidence": 0.9399369955062866, "explanation": "built-up intensity: 0.58; building density: 0.00; building irregularity: 0.00; impervious surface: 0.00", "year": 2025, "cell_uid": "2025_80.27174_13.08139", "label": "sparse_low_development"}, "geometry": {"type": "Polygon", "coordinates": [[[421000.0, 1446200.0], [421000.0, 1446300.0], [421100.0, 1446300.0], [421100.0, 1446200.0], [421000.0, 1446200.0]]]}}, {"id": "1162", "type": "Feature", "properties": {"cell_id": 1162, "row": 33, "col": 23, "cell_area_m2": 10000.0, "building_count": 0.0, "building_area": 0.0, "building_density": 0.0, "mean_building_area": 0.0, "footprint_cv": 0.0, "compactness": 0.0, "rectangularity": 0.0, "small_bldg_frac": 0.0, "mean_nn_dist": 100.0, "road_density": 197.35958404704576, "road_segments": 2.0, "dist_major_road": 84.32225281929344, "blue": 0.07269150033593177, "green": 0.11439800053834916, "red": 0.15795500010251998, "nir": 0.30265099942684176, "swir1": 0.3541680014133453, "ndvi": 0.3188162759691477, "ndbi": 0.08222326247720048, "ndwi": -0.44907378241419793, "vegetation_fraction": 0.19, "impervious_fraction": 0.11, "water_fraction": 0.0, "ndvi_std": 0.09752291237168934, "ndbi_std": 0.0548725462925225, "nir_std": 0.04565118629546655, "open_space_fraction": 1.0, "building_irregularity": 0.0, "small_building_fraction": 0.0, "building_spacing_score": 0.7195837350260872, "footprint_irregularity": 1.0, "building_density_norm": 0.0, "building_irregularity_norm": 0.0, "small_building_fraction_norm": 0.0, "building_spacing_norm": 0.7195837350260872, "footprint_irregularity_norm": 1.0, "impervious_fraction_norm": 0.11, "ndbi_norm": 0.7454217535462043, "imi": 0.04592784121632576, "built_gate": false, "predicted_class": "sparse_low_development", "informal_probability": 0.0, "confidence": 0.9529373049736023, "explanation": "built-up intensity: 0.75; impervious surface: 0.11; building density: 0.00; building irregularity: 0.00", "year": 2025, "cell_uid": "2025_80.28004_13.08141", "label": "sparse_low_development"}, "geometry": {"type": "Polygon", "coordinates": [[[421900.0, 1446200.0], [421900.0, 1446300.0], [422000.0, 1446300.0], [422000.0, 1446200.0], [421900.0, 1446200.0]]]}}, {"id": "1163", "type": "Feature", "properties": {"cell_id": 1163, "row": 33, "col": 24, "cell_area_m2": 10000.0, "building_count": 0.0, "building_area": 0.0, "building_density": 0.0, "mean_building_area": 0.0, "footprint_cv": 0.0, "compactness": 0.0, "rectangularity": 0.0, "small_bldg_frac": 0.0, "mean_nn_dist": 100.0, "road_density": 28.15563099361138, "road_segments": 2.0, "dist_major_road": 45.55771760487007, "blue": 0.0, "green": 0.0, "red": 0.0, "nir": 0.0, "swir1": 0.0, "ndvi": 0.0, "ndbi": 0.0, "ndwi": 0.0, "vegetation_fraction": 0.0, "impervious_fraction": 0.0, "water_fraction": 0.0, "ndvi_std": 0.0, "ndbi_std": 0.0, "nir_std": 0.0, "open_space_fraction": 1.0, "building_irregularity": 0.0, "small_building_fraction": 0.0, "building_spacing_score": 0.7195837350260872, "footprint_irregularity": 1.0, "building_density_norm": 0.0, "building_irregularity_norm": 0.0, "small_building_fraction_norm": 0.0, "building_spacing_norm": 0.7195837350260872, "footprint_irregularity_norm": 1.0, "impervious_fraction_norm": 0.0, "ndbi_norm": 0.5781431462395603, "imi": 0.059135839343070984, "built_gate": false, "predicted_class": "sparse_low_development", "informal_probability": 0.0, "confidence": 0.9399369955062866, "explanation": "built-up intensity: 0.58; building density: 0.00; building irregularity: 0.00; impervious surface: 0.00", "year": 2025, "cell_uid": "2025_80.28096_13.08142", "label": "sparse_low_development"}, "geometry": {"type": "Polygon", "coordinates": [[[422000.0, 1446200.0], [422000.0, 1446300.0], [422100.0, 1446300.0], [422100.0, 1446200.0], [422000.0, 1446200.0]]]}}, {"id": "1169", "type": "Feature", "properties": {"cell_id": 1169, "row": 33, "col": 30, "cell_area_m2": 10000.0, "building_count": 2.0, "building_area": 11141.154762282757, "building_density": 1.1141154762282757, "mean_building_area": 5570.577381141378, "footprint_cv": 0.557907758829313, "compactness": 0.2867190670692064, "rectangularity": 0.787053237661347, "small_bldg_frac": 0.0, "mean_nn_dist": 61.00429870234417, "road_density": 201.0037911985041, "road_segments": 2.0, "dist_major_road": 209.90515438291044, "blue": 0.15334049958735704, "green": 0.17876800011843444, "red": 0.19096899911761284, "nir": 0.28387199968099597, "swir1": 0.2904280000925064, "ndvi": 0.2693982718279585, "ndbi": 0.03533456259639934, "ndwi": -0.29440998752601444, "vegetation_fraction": 0.25, "impervious_fraction": 0.11, "water_fraction": 0.0, "ndvi_std": 0.16922487743006867, "ndbi_std": 0.12483295701299361, "nir_std": 0.11067417674913185, "open_space_fraction": 0.0, "building_irregularity": 0.557907758829313, "small_building_fraction": 0.0, "building_spacing_score": 0.8295883072806934, "footprint_irregularity": 0.7132809329307936, "building_density_norm": 0.5297471599575678, "building_irregularity_norm": 0.25224636353666496, "small_building_fraction_norm": 0.0, "building_spacing_norm": 0.8295883072806934, "footprint_irregularity_norm": 0.6963016789093713, "impervious_fraction_norm": 0.11, "ndbi_norm": 0.650029328359299, "imi": 0.005181753076612949, "built_gate": false, "predicted_class": "sparse_low_development", "informal_probability": 0.0, "confidence": 0.9947348833084106, "explanation": "built-up intensity: 0.65; building density: 0.53; building irregularity: 0.25; impervious surface: 0.11", "year": 2025, "cell_uid": "2025_80.28649_13.08143", "label": "sparse_low_development"}, "geometry": {"type": "Polygon", "coordinates": [[[422600.0, 1446200.0], [422600.0, 1446300.0], [422700.0, 1446300.0], [422700.0, 1446200.0], [422600.0, 1446200.0]]]}}, {"id": "1170", "type": "Feature", "properties": {"cell_id": 1170, "row": 33, "col": 31, "cell_area_m2": 10000.0, "building_count": 2.0, "building_area": 5158.583719535238, "building_density": 0.5158583719535238, "mean_building_area": 2579.291859767619, "footprint_cv": 0.519440220790073, "compactness": 0.47887047599731747, "rectangularity": 0.81932621235946, "small_bldg_frac": 0.0, "mean_nn_dist": 38.80736243581024, "road_density": 451.0573879672529, "road_segments": 8.0, "dist_major_road": 114.80841711536527, "blue": 0.12316649965941906, "green": 0.13511050015687942, "red": 0.13288800030946732, "nir": 0.28762099966406823, "swir1": 0.25872000217437746, "ndvi": 0.3952664312906563, "ndbi": -0.051424562071915716, "ndwi": -0.3795802470855415, "vegetation_fraction": 0.49, "impervious_fraction": 0.07, "water_fraction": 0.0, "ndvi_std": 0.1921119261370172, "ndbi_std": 0.08212852772871754, "nir_std": 0.04534484637184691, "open_space_fraction": 0.4841416280464762, "building_irregularity": 0.519440220790073, "small_building_fraction": 0.0, "building_spacing_score": 0.8922045546645969, "footprint_irregularity": 0.5211295240026825, "building_density_norm": 0.24528382677876162, "building_irregularity_norm": 0.23485406807017506, "small_building_fraction_norm": 0.0, "building_spacing_norm": 0.8922045546645969, "footprint_irregularity_norm": 0.4927712305050433, "impervious_fraction_norm": 0.07, "ndbi_norm": 0.4735227642992374, "imi": 0.006070687901228666, "built_gate": false, "predicted_class": "sparse_low_development", "informal_probability": 0.0, "confidence": 0.993877112865448, "explanation": "built-up intensity: 0.47; building density: 0.25; building irregularity: 0.23; impervious surface: 0.07", "year": 2025, "cell_uid": "2025_80.28742_13.08143", "label": "sparse_low_development"}, "geometry": {"type": "Polygon", "coordinates": [[[422700.0, 1446200.0], [422700.0, 1446300.0], [422800.0, 1446300.0], [422800.0, 1446200.0], [422700.0, 1446200.0]]]}}, {"id": "1171", "type": "Feature", "properties": {"cell_id": 1171, "row": 33, "col": 32, "cell_area_m2": 10000.0, "building_count": 2.0, "building_area": 2178.981974004207, "building_density": 0.2178981974004207, "mean_building_area": 1089.4909870021036, "footprint_cv": 1.2209730955215279, "compactness": 0.39456648493191476, "rectangularity": 0.6848381219850316, "small_bldg_frac": 0.0, "mean_nn_dist": 56.74117360631643, "road_density": 527.1424393815762, "road_segments": 11.0, "dist_major_road": 19.711679847820157, "blue": 0.08061799980700016, "green": 0.10055999994277955, "red": 0.09970849987119436, "nir": 0.25336699798703194, "swir1": 0.21948600053787232, "ndvi": 0.4343484406918287, "ndbi": -0.06220228304620832, "ndwi": -0.425760233849287, "vegetation_fraction": 0.56, "impervious_fraction": 0.17, "water_fraction": 0.0, "ndvi_std": 0.2181832047640876, "ndbi_std": 0.11423770358548918, "nir_std": 0.05540617497076148, "open_space_fraction": 0.7821018025995793, "building_irregularity": 1.2209730955215279, "small_building_fraction": 0.0, "building_spacing_score": 0.8416143316128831, "footprint_irregularity": 0.6054335150680852, "building_density_norm": 0.10360770826335351, "building_irregularity_norm": 0.5520375338885296, "small_building_fraction_norm": 0.0, "building_spacing_norm": 0.8416143316128831, "footprint_irregularity_norm": 0.5820676306695369, "impervious_fraction_norm": 0.17, "ndbi_norm": 0.4515960965874181, "imi": 0.002577698091045022, "built_gate": false, "predicted_class": "sparse_low_development", "informal_probability": 0.0, "confidence": 0.9973669648170471, "explanation": "building irregularity: 0.55; built-up intensity: 0.45; impervious surface: 0.17; building density: 0.10", "year": 2025, "cell_uid": "2025_80.28834_13.08144", "label": "sparse_low_development"}, "geometry": {"type": "Polygon", "coordinates": [[[422800.0, 1446200.0], [422800.0, 1446300.0], [422900.0, 1446300.0], [422900.0, 1446200.0], [422800.0, 1446200.0]]]}}, {"id": "1173", "type": "Feature", "properties": {"cell_id": 1173, "row": 33, "col": 34, "cell_area_m2": 10000.0, "building_count": 2.0, "building_area": 489.85566490253683, "building_density": 0.048985566490253686, "mean_building_area": 244.92783245126842, "footprint_cv": 0.6111213590153913, "compactness": 0.6468054085911297, "rectangularity": 0.8960831431929761, "small_bldg_frac": 0.0, "mean_nn_dist": 58.0012731264716, "road_density": 0.0, "road_segments": 0.0, "dist_major_road": 159.1633958310147, "blue": 0.0, "green": 0.0, "red": 0.0, "nir": 0.0, "swir1": 0.0, "ndvi": 0.0, "ndbi": 0.0, "ndwi": 0.0, "vegetation_fraction": 0.0, "impervious_fraction": 0.0, "water_fraction": 0.0, "ndvi_std": 0.0, "ndbi_std": 0.0, "nir_std": 0.0, "open_space_fraction": 0.9510144335097463, "building_irregularity": 0.6111213590153913, "small_building_fraction": 0.0, "building_spacing_score": 0.8380596652240205, "footprint_irregularity": 0.35319459140887033, "building_density_norm": 0.023291988380751565, "building_irregularity_norm": 0.276305783620369, "small_building_fraction_norm": 0.0, "building_spacing_norm": 0.8380596652240205, "footprint_irregularity_norm": 0.3148913371218166, "impervious_fraction_norm": 0.0, "ndbi_norm": 0.5781431462395603, "imi": 0.07218386232852936, "built_gate": false, "predicted_class": "sparse_low_development", "informal_probability": 0.0, "confidence": 0.924852192401886, "explanation": "built-up intensity: 0.58; building irregularity: 0.28; building density: 0.02; impervious surface: 0.00", "year": 2025, "cell_uid": "2025_80.29018_13.08144", "label": "sparse_low_development"}, "geometry": {"type": "Polygon", "coordinates": [[[423000.0, 1446200.0], [423000.0, 1446300.0], [423100.0, 1446300.0], [423100.0, 1446200.0], [423000.0, 1446200.0]]]}}, {"id": "1179", "type": "Feature", "properties": {"cell_id": 1179, "row": 34, "col": 4, "cell_area_m2": 10000.0, "building_count": 1.0, "building_area": 1100.304989255435, "building_density": 0.36752006228907114, "mean_building_area": 1100.304989255435, "footprint_cv": 0.0, "compactness": 0.7553343997200967, "rectangularity": 0.9985723574357294, "small_bldg_frac": 0.0, "mean_nn_dist": 52.76288479092131, "road_density": 1846.1059904253727, "road_segments": 22.0, "dist_major_road": 23.81054967394945, "blue": 0.0, "green": 0.0, "red": 0.0, "nir": 0.0, "swir1": 0.0, "ndvi": 0.0, "ndbi": 0.0, "ndwi": 0.0, "vegetation_fraction": 0.0, "impervious_fraction": 0.0, "water_fraction": 0.0, "ndvi_std": 0.0, "ndbi_std": 0.0, "nir_std": 0.0, "open_space_fraction": 0.6324799377109289, "building_irregularity": 0.0, "small_building_fraction": 0.0, "building_spacing_score": 0.8528368496053761, "footprint_irregularity": 0.24466560027990325, "building_density_norm": 0.17475092427956943, "building_irregularity_norm": 0.0, "small_building_fraction_norm": 0.0, "building_spacing_norm": 0.8528368496053761, "footprint_irregularity_norm": 0.19993535343911525, "impervious_fraction_norm": 0.0, "ndbi_norm": 0.5781431462395603, "imi": 0.009569905698299408, "built_gate": false, "predicted_class": "sparse_low_development", "informal_probability": 0.0, "confidence": 0.9902482628822327, "explanation": "built-up intensity: 0.58; building density: 0.17; building irregularity: 0.00; impervious surface: 0.00", "year": 2025, "cell_uid": "2025_80.26252_13.08046", "label": "sparse_low_development"}, "geometry": {"type": "Polygon", "coordinates": [[[420000.0, 1446100.0], [420000.0, 1446200.0], [420100.0, 1446200.0], [420100.0, 1446100.0], [420000.0, 1446100.0]]]}}, {"id": "1180", "type": "Feature", "properties": {"cell_id": 1180, "row": 34, "col": 5, "cell_area_m2": 10000.0, "building_count": 0.0, "building_area": 0.0, "building_density": 0.0, "mean_building_area": 0.0, "footprint_cv": 0.0, "compactness": 0.0, "rectangularity": 0.0, "small_bldg_frac": 0.0, "mean_nn_dist": 100.0, "road_density": 436.6821764748205, "road_segments": 10.0, "dist_major_road": 2.585345473388849, "blue": 0.05158399999141693, "green": 0.0744735000655055, "red": 0.07940850012004376, "nir": 0.24361700028181077, "swir1": 0.19773000240325928, "ndvi": 0.5008464029431343, "ndbi": -0.09911995557835325, "ndwi": -0.5122356322407723, "vegetation_fraction": 0.7, "impervious_fraction": 0.06, "water_fraction": 0.0, "ndvi_std": 0.17756846086307654, "ndbi_std": 0.09779809624353375, "nir_std": 0.05956690008255749, "open_space_fraction": 1.0, "building_irregularity": 0.0, "small_building_fraction": 0.0, "building_spacing_score": 0.7195837350260872, "footprint_irregularity": 1.0, "building_density_norm": 0.0, "building_irregularity_norm": 0.0, "small_building_fraction_norm": 0.0, "building_spacing_norm": 0.7195837350260872, "footprint_irregularity_norm": 1.0, "impervious_fraction_norm": 0.06, "ndbi_norm": 0.37648916625985596, "imi": 0.0010132398456335068, "built_gate": false, "predicted_class": "open_vegetated", "informal_probability": 0.0, "confidence": 0.9555425643920898, "explanation": "built-up intensity: 0.38; impervious surface: 0.06; building density: 0.00; building irregularity: 0.00", "year": 2025, "cell_uid": "2025_80.26344_13.08046", "label": "open_vegetated"}, "geometry": {"type": "Polygon", "coordinates": [[[420100.0, 1446100.0], [420100.0, 1446200.0], [420200.0, 1446200.0], [420200.0, 1446100.0], [420100.0, 1446100.0]]]}}, {"id": "1189", "type": "Feature", "properties": {"cell_id": 1189, "row": 34, "col": 14, "cell_area_m2": 10000.0, "building_count": 1.0, "building_area": 663.8479407336151, "building_density": 0.06638479407336151, "mean_building_area": 663.8479407336151, "footprint_cv": 0.0, "compactness": 0.7822385356449294, "rectangularity": 0.9784473212348793, "small_bldg_frac": 0.0, "mean_nn_dist": 73.97216852097769, "road_density": 0.0, "road_segments": 0.0, "dist_major_road": 65.91395827152542, "blue": 0.0, "green": 0.0, "red": 0.0, "nir": 0.0, "swir1": 0.0, "ndvi": 0.0, "ndbi": 0.0, "ndwi": 0.0, "vegetation_fraction": 0.0, "impervious_fraction": 0.0, "water_fraction": 0.0, "ndvi_std": 0.0, "ndbi_std": 0.0, "nir_std": 0.0, "open_space_fraction": 0.9336152059266385, "building_irregularity": 0.0, "small_building_fraction": 0.0, "building_spacing_score": 0.7930067117462659, "footprint_irregularity": 0.2177614643550706, "building_density_norm": 0.031565090760417455, "building_irregularity_norm": 0.0, "small_building_fraction_norm": 0.0, "building_spacing_norm": 0.7930067117462659, "footprint_irregularity_norm": 0.17143797796183824, "impervious_fraction_norm": 0.0, "ndbi_norm": 0.5781431462395603, "imi": 0.01631823368370533, "built_gate": false, "predicted_class": "sparse_low_development", "informal_probability": 0.0, "confidence": 0.9834296703338623, "explanation": "built-up intensity: 0.58; building density: 0.03; building irregularity: 0.00; impervious surface: 0.00", "year": 2025, "cell_uid": "2025_80.27174_13.08049", "label": "sparse_low_development"}, "geometry": {"type": "Polygon", "coordinates": [[[421000.0, 1446100.0], [421000.0, 1446200.0], [421100.0, 1446200.0], [421100.0, 1446100.0], [421000.0, 1446100.0]]]}}, {"id": "1192", "type": "Feature", "properties": {"cell_id": 1192, "row": 34, "col": 17, "cell_area_m2": 10000.0, "building_count": 0.0, "building_area": 0.0, "building_density": 0.0, "mean_building_area": 0.0, "footprint_cv": 0.0, "compactness": 0.0, "rectangularity": 0.0, "small_bldg_frac": 0.0, "mean_nn_dist": 100.0, "road_density": 526.2822543805313, "road_segments": 14.0, "dist_major_road": 78.81628400912051, "blue": 0.1028665003925562, "green": 0.12139849990606308, "red": 0.12542849946767093, "nir": 0.24544299975037576, "swir1": 0.2262799996137619, "ndvi": 0.3283315787278116, "ndbi": -0.035876535712159235, "ndwi": -0.3392488434910774, "vegetation_fraction": 0.34, "impervious_fraction": 0.28, "water_fraction": 0.0, "ndvi_std": 0.18828843456182595, "ndbi_std": 0.078015393454973, "nir_std": 0.04218668371177155, "open_space_fraction": 1.0, "building_irregularity": 0.0, "small_building_fraction": 0.0, "building_spacing_score": 0.7195837350260872, "footprint_irregularity": 1.0, "building_density_norm": 0.0, "building_irregularity_norm": 0.0, "small_building_fraction_norm": 0.0, "building_spacing_norm": 0.7195837350260872, "footprint_irregularity_norm": 1.0, "impervious_fraction_norm": 0.28, "ndbi_norm": 0.5051543502697922, "imi": 0.005815933924168348, "built_gate": false, "predicted_class": "sparse_low_development", "informal_probability": 0.0, "confidence": 0.9941595792770386, "explanation": "built-up intensity: 0.51; impervious surface: 0.28; building density: 0.00; building irregularity: 0.00", "year": 2025, "cell_uid": "2025_80.27451_13.08049", "label": "sparse_low_development"}, "geometry": {"type": "Polygon", "coordinates": [[[421300.0, 1446100.0], [421300.0, 1446200.0], [421400.0, 1446200.0], [421400.0, 1446100.0], [421300.0, 1446100.0]]]}}, {"id": "1198", "type": "Feature", "properties": {"cell_id": 1198, "row": 34, "col": 23, "cell_area_m2": 10000.0, "building_count": 1.0, "building_area": 2046.7754065353151, "building_density": 0.20467754065353153, "mean_building_area": 2046.7754065353151, "footprint_cv": 0.0, "compactness": 0.6872232452686974, "rectangularity": 0.9535210401324347, "small_bldg_frac": 0.0, "mean_nn_dist": 71.5227028590107, "road_density": 0.0, "road_segments": 0.0, "dist_major_road": 183.83187428449799, "blue": 0.07013400005176663, "green": 0.09362650007009506, "red": 0.09913500007241964, "nir": 0.2715079990029335, "swir1": 0.24931399881839753, "ndvi": 0.46165366157889365, "ndbi": -0.040121537687082307, "ndwi": -0.47953097134828565, "vegetation_fraction": 0.63, "impervious_fraction": 0.04, "water_fraction": 0.0, "ndvi_std": 0.1800080183567604, "ndbi_std": 0.13664641090752083, "nir_std": 0.06442285413528867, "open_space_fraction": 0.7953224593464685, "building_irregularity": 0.0, "small_building_fraction": 0.0, "building_spacing_score": 0.7999165098376063, "footprint_irregularity": 0.3127767547313026, "building_density_norm": 0.09732146099915753, "building_irregularity_norm": 0.0, "small_building_fraction_norm": 0.0, "building_spacing_norm": 0.7999165098376063, "footprint_irregularity_norm": 0.2720799912752924, "impervious_fraction_norm": 0.04, "ndbi_norm": 0.4965181322825043, "imi": 0.0016455650329589844, "built_gate": false, "predicted_class": "sparse_low_development", "informal_probability": 0.0, "confidence": 0.997688889503479, "explanation": "built-up intensity: 0.50; building density: 0.10; impervious surface: 0.04; building irregularity: 0.00", "year": 2025, "cell_uid": "2025_80.28004_13.08051", "label": "sparse_low_development"}, "geometry": {"type": "Polygon", "coordinates": [[[421900.0, 1446100.0], [421900.0, 1446200.0], [422000.0, 1446200.0], [422000.0, 1446100.0], [421900.0, 1446100.0]]]}}, {"id": "1199", "type": "Feature", "properties": {"cell_id": 1199, "row": 34, "col": 24, "cell_area_m2": 10000.0, "building_count": 0.0, "building_area": 0.0, "building_density": 0.0, "mean_building_area": 0.0, "footprint_cv": 0.0, "compactness": 0.0, "rectangularity": 0.0, "small_bldg_frac": 0.0, "mean_nn_dist": 100.0, "road_density": 98.72917338888773, "road_segments": 2.0, "dist_major_road": 140.3088862290273, "blue": 0.0, "green": 0.0, "red": 0.0, "nir": 0.0, "swir1": 0.0, "ndvi": 0.0, "ndbi": 0.0, "ndwi": 0.0, "vegetation_fraction": 0.0, "impervious_fraction": 0.0, "water_fraction": 0.0, "ndvi_std": 0.0, "ndbi_std": 0.0, "nir_std": 0.0, "open_space_fraction": 1.0, "building_irregularity": 0.0, "small_building_fraction": 0.0, "building_spacing_score": 0.7195837350260872, "footprint_irregularity": 1.0, "building_density_norm": 0.0, "building_irregularity_norm": 0.0, "small_building_fraction_norm": 0.0, "building_spacing_norm": 0.7195837350260872, "footprint_irregularity_norm": 1.0, "impervious_fraction_norm": 0.0, "ndbi_norm": 0.5781431462395603, "imi": 0.059135839343070984, "built_gate": false, "predicted_class": "sparse_low_development", "informal_probability": 0.0, "confidence": 0.9399369955062866, "explanation": "built-up intensity: 0.58; building density: 0.00; building irregularity: 0.00; impervious surface: 0.00", "year": 2025, "cell_uid": "2025_80.28096_13.08051", "label": "sparse_low_development"}, "geometry": {"type": "Polygon", "coordinates": [[[422000.0, 1446100.0], [422000.0, 1446200.0], [422100.0, 1446200.0], [422100.0, 1446100.0], [422000.0, 1446100.0]]]}}, {"id": "1207", "type": "Feature", "properties": {"cell_id": 1207, "row": 34, "col": 32, "cell_area_m2": 10000.0, "building_count": 0.0, "building_area": 0.0, "building_density": 0.0, "mean_building_area": 0.0, "footprint_cv": 0.0, "compactness": 0.0, "rectangularity": 0.0, "small_bldg_frac": 0.0, "mean_nn_dist": 100.0, "road_density": 723.1954500635286, "road_segments": 30.0, "dist_major_road": 0.8861107726327371, "blue": 0.08350550014525653, "green": 0.10638399980962276, "red": 0.10900150012224913, "nir": 0.23136199921369552, "swir1": 0.20626800000667572, "ndvi": 0.348354609683156, "ndbi": -0.045465222321799954, "ndwi": -0.3550230792909861, "vegetation_fraction": 0.41, "impervious_fraction": 0.31, "water_fraction": 0.0, "ndvi_std": 0.20011635520935228, "ndbi_std": 0.10588864177884458, "nir_std": 0.055131368529285414, "open_space_fraction": 1.0, "building_irregularity": 0.0, "small_building_fraction": 0.0, "building_spacing_score": 0.7195837350260872, "footprint_irregularity": 1.0, "building_density_norm": 0.0, "building_irregularity_norm": 0.0, "small_building_fraction_norm": 0.0, "building_spacing_norm": 0.7195837350260872, "footprint_irregularity_norm": 1.0, "impervious_fraction_norm": 0.31, "ndbi_norm": 0.48564670615988675, "imi": 0.004976824391633272, "built_gate": false, "predicted_class": "sparse_low_development", "informal_probability": 0.0, "confidence": 0.9949943423271179, "explanation": "built-up intensity: 0.49; impervious surface: 0.31; building density: 0.00; building irregularity: 0.00", "year": 2025, "cell_uid": "2025_80.28834_13.08053", "label": "sparse_low_development"}, "geometry": {"type": "Polygon", "coordinates": [[[422800.0, 1446100.0], [422800.0, 1446200.0], [422900.0, 1446200.0], [422900.0, 1446100.0], [422800.0, 1446100.0]]]}}, {"id": "1209", "type": "Feature", "properties": {"cell_id": 1209, "row": 34, "col": 34, "cell_area_m2": 10000.0, "building_count": 0.0, "building_area": 0.0, "building_density": 0.0, "mean_building_area": 0.0, "footprint_cv": 0.0, "compactness": 0.0, "rectangularity": 0.0, "small_bldg_frac": 0.0, "mean_nn_dist": 100.0, "road_density": 0.0, "road_segments": 0.0, "dist_major_road": 189.07379128275738, "blue": 0.0, "green": 0.0, "red": 0.0, "nir": 0.0, "swir1": 0.0, "ndvi": 0.0, "ndbi": 0.0, "ndwi": 0.0, "vegetation_fraction": 0.0, "impervious_fraction": 0.0, "water_fraction": 0.0, "ndvi_std": 0.0, "ndbi_std": 0.0, "nir_std": 0.0, "open_space_fraction": 1.0, "building_irregularity": 0.0, "small_building_fraction": 0.0, "building_spacing_score": 0.7195837350260872, "footprint_irregularity": 1.0, "building_density_norm": 0.0, "building_irregularity_norm": 0.0, "small_building_fraction_norm": 0.0, "building_spacing_norm": 0.7195837350260872, "footprint_irregularity_norm": 1.0, "impervious_fraction_norm": 0.0, "ndbi_norm": 0.5781431462395603, "imi": 0.059135839343070984, "built_gate": false, "predicted_class": "sparse_low_development", "informal_probability": 0.0, "confidence": 0.9399369955062866, "explanation": "built-up intensity: 0.58; building density: 0.00; building irregularity: 0.00; impervious surface: 0.00", "year": 2025, "cell_uid": "2025_80.29019_13.08054", "label": "sparse_low_development"}, "geometry": {"type": "Polygon", "coordinates": [[[423000.0, 1446100.0], [423000.0, 1446200.0], [423100.0, 1446200.0], [423100.0, 1446100.0], [423000.0, 1446100.0]]]}}, {"id": "1210", "type": "Feature", "properties": {"cell_id": 1210, "row": 34, "col": 35, "cell_area_m2": 3817.0515285339206, "building_count": 0.0, "building_area": 0.0, "building_density": 0.0, "mean_building_area": 0.0, "footprint_cv": 0.0, "compactness": 0.0, "rectangularity": 0.0, "small_bldg_frac": 0.0, "mean_nn_dist": 100.0, "road_density": 0.0, "road_segments": 0.0, "dist_major_road": 254.89162016470914, "blue": 0.07294499995186925, "green": 0.09515749998390674, "red": 0.10682750009000301, "nir": 0.2138275008648634, "swir1": 0.20982000082731248, "ndvi": 0.3273797057569027, "ndbi": -0.0034552258090116083, "ndwi": -0.37551467716693876, "vegetation_fraction": 0.35, "impervious_fraction": 0.3, "water_fraction": 0.0, "ndvi_std": 0.15788677089185246, "ndbi_std": 0.09895152214301237, "nir_std": 0.035129194833629786, "open_space_fraction": 1.0, "building_irregularity": 0.0, "small_building_fraction": 0.0, "building_spacing_score": 0.7195837350260872, "footprint_irregularity": 1.0, "building_density_norm": 0.0, "building_irregularity_norm": 0.0, "small_building_fraction_norm": 0.0, "building_spacing_norm": 0.7195837350260872, "footprint_irregularity_norm": 1.0, "impervious_fraction_norm": 0.3, "ndbi_norm": 0.5711136834835464, "imi": 0.0034580312203615904, "built_gate": false, "predicted_class": "sparse_low_development", "informal_probability": 0.0, "confidence": 0.9964312314987183, "explanation": "built-up intensity: 0.57; impervious surface: 0.30; building density: 0.00; building irregularity: 0.00", "year": 2025, "cell_uid": "2025_80.29082_13.08054", "label": "sparse_low_development"}, "geometry": {"type": "Polygon", "coordinates": [[[423100.0, 1446100.0], [423100.0, 1446200.0], [423138.3107035012, 1446200.0], [423138.03032706946, 1446100.0], [423100.0, 1446100.0]]]}}, {"id": "1211", "type": "Feature", "properties": {"cell_id": 1211, "row": 35, "col": 0, "cell_area_m2": 2597.501033543807, "building_count": 0.0, "building_area": 0.0, "building_density": 0.0, "mean_building_area": 0.0, "footprint_cv": 0.0, "compactness": 0.0, "rectangularity": 0.0, "small_bldg_frac": 0.0, "mean_nn_dist": 100.0, "road_density": 0.0, "road_segments": 0.0, "dist_major_road": 27.57148407677896, "blue": 0.05921458344285687, "green": 0.07984791680549581, "red": 0.07067916666467984, "nir": 0.25872499744097394, "swir1": 0.19170832882324854, "ndvi": 0.5587478339051207, "ndbi": -0.1394835968191425, "ndwi": -0.5158697292208672, "vegetation_fraction": 0.8333333333333334, "impervious_fraction": 0.041666666666666664, "water_fraction": 0.0, "ndvi_std": 0.17854501140183943, "ndbi_std": 0.0951483447681418, "nir_std": 0.04690595965907193, "open_space_fraction": 1.0, "building_irregularity": 0.0, "small_building_fraction": 0.0, "building_spacing_score": 0.7195837350260872, "footprint_irregularity": 1.0, "building_density_norm": 0.0, "building_irregularity_norm": 0.0, "small_building_fraction_norm": 0.0, "building_spacing_norm": 0.7195837350260872, "footprint_irregularity_norm": 1.0, "impervious_fraction_norm": 0.041666666666666664, "ndbi_norm": 0.29437160622681185, "imi": 0.00019268691539764404, "built_gate": false, "predicted_class": "open_vegetated", "informal_probability": 0.0, "confidence": 0.9993873834609985, "explanation": "built-up intensity: 0.29; impervious surface: 0.04; building density: 0.00; building irregularity: 0.00", "year": 2025, "cell_uid": "2025_80.25914_13.07962", "label": "open_vegetated"}, "geometry": {"type": "Polygon", "coordinates": [[[419700.0, 1446100.0], [419700.0, 1446017.175434683], [419668.50027858024, 1446017.265639038], [419668.7427170184, 1446100.0], [419700.0, 1446100.0]]]}}, {"id": "1215", "type": "Feature", "properties": {"cell_id": 1215, "row": 35, "col": 4, "cell_area_m2": 8382.684479258023, "building_count": 2.0, "building_area": 1241.5018387430976, "building_density": 0.4146821450074651, "mean_building_area": 620.7509193715488, "footprint_cv": 0.9469745025350846, "compactness": 0.6835153906756517, "rectangularity": 0.9219486694820196, "small_bldg_frac": 0.0, "mean_nn_dist": 36.943652510327894, "road_density": 1339.3709535519195, "road_segments": 10.0, "dist_major_road": 54.44651900072015, "blue": 0.0, "green": 0.0, "red": 0.0, "nir": 0.0, "swir1": 0.0, "ndvi": 0.0, "ndbi": 0.0, "ndwi": 0.0, "vegetation_fraction": 0.0, "impervious_fraction": 0.0, "water_fraction": 0.0, "ndvi_std": 0.0, "ndbi_std": 0.0, "nir_std": 0.0, "open_space_fraction": 0.5853178549925349, "building_irregularity": 0.9469745025350846, "small_building_fraction": 0.0, "building_spacing_score": 0.8974619703883058, "footprint_irregularity": 0.3164846093243483, "building_density_norm": 0.1971758702666172, "building_irregularity_norm": 0.42815478158549486, "small_building_fraction_norm": 0.0, "building_spacing_norm": 0.8974619703883058, "footprint_irregularity_norm": 0.2760074217955806, "impervious_fraction_norm": 0.0, "ndbi_norm": 0.5781431462395603, "imi": 0.007874813862144947, "built_gate": false, "predicted_class": "sparse_low_development", "informal_probability": 0.0, "confidence": 0.9919511079788208, "explanation": "built-up intensity: 0.58; building irregularity: 0.43; building density: 0.20; impervious surface: 0.00", "year": 2025, "cell_uid": "2025_80.26252_13.07963", "label": "sparse_low_development"}, "geometry": {"type": "Polygon", "coordinates": [[[420000.0, 1446100.0], [420100.0, 1446100.0], [420100.0, 1446016.0299724252], [420000.0, 1446016.3163379896], [420000.0, 1446100.0]]]}}, {"id": "1216", "type": "Feature", "properties": {"cell_id": 1216, "row": 35, "col": 5, "cell_area_m2": 8411.321035702713, "building_count": 0.0, "building_area": 0.0, "building_density": 0.0, "mean_building_area": 0.0, "footprint_cv": 0.0, "compactness": 0.0, "rectangularity": 0.0, "small_bldg_frac": 0.0, "mean_nn_dist": 100.0, "road_density": 412.2830930477322, "road_segments": 13.0, "dist_major_road": 74.87618226635949, "blue": 0.06372875038068741, "green": 0.09050187496468425, "red": 0.09262750027701258, "nir": 0.2679787499830127, "swir1": 0.2254624992609024, "ndvi": 0.4921151014044881, "ndbi": -0.08244141603499884, "ndwi": -0.49275524597615006, "vegetation_fraction": 0.625, "impervious_fraction": 0.0625, "water_fraction": 0.0, "ndvi_std": 0.19614473252516684, "ndbi_std": 0.10618031823722605, "nir_std": 0.05371879652192236, "open_space_fraction": 1.0, "building_irregularity": 0.0, "small_building_fraction": 0.0, "building_spacing_score": 0.7195837350260872, "footprint_irregularity": 1.0, "building_density_norm": 0.0, "building_irregularity_norm": 0.0, "small_building_fraction_norm": 0.0, "building_spacing_norm": 0.7195837350260872, "footprint_irregularity_norm": 1.0, "impervious_fraction_norm": 0.0625, "ndbi_norm": 0.41042071777783107, "imi": 0.01031674537807703, "built_gate": false, "predicted_class": "sparse_low_development", "informal_probability": 0.0, "confidence": 0.9566103219985962, "explanation": "built-up intensity: 0.41; impervious surface: 0.06; building density: 0.00; building irregularity: 0.00", "year": 2025, "cell_uid": "2025_80.26344_13.07963", "label": "sparse_low_development"}, "geometry": {"type": "Polygon", "coordinates": [[[420100.0, 1446100.0], [420200.0, 1446100.0], [420200.0, 1446015.7436068607], [420100.0, 1446016.0299724252], [420100.0, 1446100.0]]]}}, {"id": "1218", "type": "Feature", "properties": {"cell_id": 1218, "row": 35, "col": 7, "cell_area_m2": 8468.594148592092, "building_count": 1.0, "building_area": 494.7107519039405, "building_density": 0.04947107519039405, "mean_building_area": 494.7107519039405, "footprint_cv": 0.0, "compactness": 0.5088508880567125, "rectangularity": 0.9994577914622875, "small_bldg_frac": 0.0, "mean_nn_dist": 64.95607245915977, "road_density": 0.0, "road_segments": 0.0, "dist_major_road": 83.24357678570607, "blue": 0.059502499829977754, "green": 0.0826568752527237, "red": 0.07955874996259808, "nir": 0.2423012487590313, "swir1": 0.19849999919533728, "ndvi": 0.49025474954396486, "ndbi": -0.08554971768753603, "ndwi": -0.4741982646286488, "vegetation_fraction": 0.6625, "impervious_fraction": 0.15, "water_fraction": 0.0, "ndvi_std": 0.20261243201124893, "ndbi_std": 0.10483894926322837, "nir_std": 0.05666073261013998, "open_space_fraction": 0.9505289248096059, "building_irregularity": 0.0, "small_building_fraction": 0.0, "building_spacing_score": 0.8184405867038202, "footprint_irregularity": 0.4911491119432875, "building_density_norm": 0.02352284134036107, "building_irregularity_norm": 0.0, "small_building_fraction_norm": 0.0, "building_spacing_norm": 0.8184405867038202, "footprint_irregularity_norm": 0.46101540449349376, "impervious_fraction_norm": 0.15, "ndbi_norm": 0.40409705272416646, "imi": 0.002907055662944913, "built_gate": false, "predicted_class": "open_vegetated", "informal_probability": 0.0, "confidence": 0.9562394022941589, "explanation": "built-up intensity: 0.40; impervious surface: 0.15; building density: 0.02; building irregularity: 0.00", "year": 2025, "cell_uid": "2025_80.26529_13.07963", "label": "open_vegetated"}, "geometry": {"type": "Polygon", "coordinates": [[[420300.0, 1446100.0], [420400.0, 1446100.0], [420400.0, 1446015.1708757319], [420300.0, 1446015.4572412963], [420300.0, 1446100.0]]]}}, {"id": "1225", "type": "Feature", "properties": {"cell_id": 1225, "row": 35, "col": 14, "cell_area_m2": 8669.05004370492, "building_count": 1.0, "building_area": 437.1296128160708, "building_density": 0.04371296128160708, "mean_building_area": 437.1296128160708, "footprint_cv": 0.0, "compactness": 0.6807997934191806, "rectangularity": 0.9994323282218713, "small_bldg_frac": 0.0, "mean_nn_dist": 73.97216852097769, "road_density": 0.0, "road_segments": 0.0, "dist_major_road": 156.38668886276253, "blue": 0.0, "green": 0.0, "red": 0.0, "nir": 0.0, "swir1": 0.0, "ndvi": 0.0, "ndbi": 0.0, "ndwi": 0.0, "vegetation_fraction": 0.0, "impervious_fraction": 0.0, "water_fraction": 0.0, "ndvi_std": 0.0, "ndbi_std": 0.0, "nir_std": 0.0, "open_space_fraction": 0.9562870387183929, "building_irregularity": 0.0, "small_building_fraction": 0.0, "building_spacing_score": 0.7930067117462659, "footprint_irregularity": 0.3192002065808194, "building_density_norm": 0.020784934404341565, "building_irregularity_norm": 0.0, "small_building_fraction_norm": 0.0, "building_spacing_norm": 0.7930067117462659, "footprint_irregularity_norm": 0.2788838343619954, "impervious_fraction_norm": 0.0, "ndbi_norm": 0.5781431462395603, "imi": 0.04411632940173149, "built_gate": false, "predicted_class": "sparse_low_development", "informal_probability": 0.0, "confidence": 0.9545053243637085, "explanation": "built-up intensity: 0.58; building density: 0.02; building irregularity: 0.00; impervious surface: 0.00", "year": 2025, "cell_uid": "2025_80.27174_13.07964", "label": "sparse_low_development"}, "geometry": {"type": "Polygon", "coordinates": [[[421000.0, 1446100.0], [421100.0, 1446100.0], [421100.0, 1446013.1663167807], [421000.0, 1446013.4526823452], [421000.0, 1446100.0]]]}}, {"id": "1226", "type": "Feature", "properties": {"cell_id": 1226, "row": 35, "col": 15, "cell_area_m2": 8697.68660014961, "building_count": 1.0, "building_area": 4336.257638496614, "building_density": 0.4336257638496614, "mean_building_area": 4336.257638496614, "footprint_cv": 0.0, "compactness": 0.2222170238315132, "rectangularity": 0.5744391156138814, "small_bldg_frac": 0.0, "mean_nn_dist": 92.39289456077299, "road_density": 0.0, "road_segments": 0.0, "dist_major_road": 176.35112684314637, "blue": 0.22429722195698154, "green": 0.26307055585914185, "red": 0.2782933320850134, "nir": 0.39163777778546016, "swir1": 0.3385777768161562, "ndvi": 0.26842007069272866, "ndbi": -0.06824743920199884, "ndwi": -0.2808371574204001, "vegetation_fraction": 0.36666666666666664, "impervious_fraction": 0.13333333333333333, "water_fraction": 0.0, "ndvi_std": 0.24942864294262246, "ndbi_std": 0.1042509522758856, "nir_std": 0.13354761651920383, "open_space_fraction": 0.5663742361503386, "building_irregularity": 0.0, "small_building_fraction": 0.0, "building_spacing_score": 0.7410429305807562, "footprint_irregularity": 0.7777829761684868, "building_density_norm": 0.20618331024487307, "building_irregularity_norm": 0.0, "small_building_fraction_norm": 0.0, "building_spacing_norm": 0.7410429305807562, "footprint_irregularity_norm": 0.7646234771017261, "impervious_fraction_norm": 0.13333333333333333, "ndbi_norm": 0.43929756607152887, "imi": 0.0022347010672092438, "built_gate": false, "predicted_class": "sparse_low_development", "informal_probability": 0.0, "confidence": 0.9977232813835144, "explanation": "built-up intensity: 0.44; building density: 0.21; impervious surface: 0.13; building irregularity: 0.00", "year": 2025, "cell_uid": "2025_80.27266_13.07964", "label": "sparse_low_development"}, "geometry": {"type": "Polygon", "coordinates": [[[421100.0, 1446100.0], [421200.0, 1446100.0], [421200.0, 1446012.8799512163], [421100.0, 1446013.1663167807], [421100.0, 1446100.0]]]}}, {"id": "1233", "type": "Feature", "properties": {"cell_id": 1233, "row": 35, "col": 22, "cell_area_m2": 8898.142495262437, "building_count": 0.0, "building_area": 0.0, "building_density": 0.0, "mean_building_area": 0.0, "footprint_cv": 0.0, "compactness": 0.0, "rectangularity": 0.0, "small_bldg_frac": 0.0, "mean_nn_dist": 100.0, "road_density": 0.0, "road_segments": 0.0, "dist_major_road": 268.50675886125555, "blue": 0.07743444451027447, "green": 0.08758555615527762, "red": 0.08882277802460724, "nir": 0.1541022221247355, "swir1": 0.1529677775171068, "ndvi": 0.2759450860735443, "ndbi": 0.036458199634216724, "ndwi": -0.2717498742043972, "vegetation_fraction": 0.2222222222222222, "impervious_fraction": 0.26666666666666666, "water_fraction": 0.0, "ndvi_std": 0.19015602079674418, "ndbi_std": 0.14993248327715586, "nir_std": 0.0717889482972709, "open_space_fraction": 1.0, "building_irregularity": 0.0, "small_building_fraction": 0.0, "building_spacing_score": 0.7195837350260872, "footprint_irregularity": 1.0, "building_density_norm": 0.0, "building_irregularity_norm": 0.0, "small_building_fraction_norm": 0.0, "building_spacing_norm": 0.7195837350260872, "footprint_irregularity_norm": 1.0, "impervious_fraction_norm": 0.26666666666666666, "ndbi_norm": 0.652315304774506, "imi": 0.008178992196917534, "built_gate": false, "predicted_class": "sparse_low_development", "informal_probability": 0.0, "confidence": 0.9916450381278992, "explanation": "built-up intensity: 0.65; impervious surface: 0.27; building density: 0.00; building irregularity: 0.00", "year": 2025, "cell_uid": "2025_80.27912_13.07965", "label": "sparse_low_development"}, "geometry": {"type": "Polygon", "coordinates": [[[421800.0, 1446100.0], [421900.0, 1446100.0], [421900.0, 1446010.8753922652], [421800.0, 1446011.1617578296], [421800.0, 1446100.0]]]}}, {"id": "1234", "type": "Feature", "properties": {"cell_id": 1234, "row": 35, "col": 23, "cell_area_m2": 8926.779051707126, "building_count": 0.0, "building_area": 0.0, "building_density": 0.0, "mean_building_area": 0.0, "footprint_cv": 0.0, "compactness": 0.0, "rectangularity": 0.0, "small_bldg_frac": 0.0, "mean_nn_dist": 100.0, "road_density": 0.0, "road_segments": 0.0, "dist_major_road": 264.1478611383342, "blue": 0.057166111117435824, "green": 0.06962333325710561, "red": 0.07011055571751462, "nir": 0.1365166663295693, "swir1": 0.12705444478326375, "ndvi": 0.30886865672138003, "ndbi": 0.017429654150166445, "ndwi": -0.2978384087483088, "vegetation_fraction": 0.3, "impervious_fraction": 0.3333333333333333, "water_fraction": 0.0, "ndvi_std": 0.1898956253851214, "ndbi_std": 0.1758446206539709, "nir_std": 0.07209562604118935, "open_space_fraction": 1.0, "building_irregularity": 0.0, "small_building_fraction": 0.0, "building_spacing_score": 0.7195837350260872, "footprint_irregularity": 1.0, "building_density_norm": 0.0, "building_irregularity_norm": 0.0, "small_building_fraction_norm": 0.0, "building_spacing_norm": 0.7195837350260872, "footprint_irregularity_norm": 1.0, "impervious_fraction_norm": 0.3333333333333333, "ndbi_norm": 0.6136027982192512, "imi": 0.011537580750882626, "built_gate": false, "predicted_class": "sparse_low_development", "informal_probability": 0.0, "confidence": 0.9881569743156433, "explanation": "built-up intensity: 0.61; impervious surface: 0.33; building density: 0.00; building irregularity: 0.00", "year": 2025, "cell_uid": "2025_80.28004_13.07965", "label": "sparse_low_development"}, "geometry": {"type": "Polygon", "coordinates": [[[421900.0, 1446100.0], [422000.0, 1446100.0], [422000.0, 1446010.5890267007], [421900.0, 1446010.8753922652], [421900.0, 1446100.0]]]}}, {"id": "1235", "type": "Feature", "properties": {"cell_id": 1235, "row": 35, "col": 24, "cell_area_m2": 8955.415608151816, "building_count": 0.0, "building_area": 0.0, "building_density": 0.0, "mean_building_area": 0.0, "footprint_cv": 0.0, "compactness": 0.0, "rectangularity": 0.0, "small_bldg_frac": 0.0, "mean_nn_dist": 100.0, "road_density": 0.0, "road_segments": 0.0, "dist_major_road": 234.1728733542612, "blue": 0.0, "green": 0.0, "red": 0.0, "nir": 0.0, "swir1": 0.0, "ndvi": 0.0, "ndbi": 0.0, "ndwi": 0.0, "vegetation_fraction": 0.0, "impervious_fraction": 0.0, "water_fraction": 0.0, "ndvi_std": 0.0, "ndbi_std": 0.0, "nir_std": 0.0, "open_space_fraction": 1.0, "building_irregularity": 0.0, "small_building_fraction": 0.0, "building_spacing_score": 0.7195837350260872, "footprint_irregularity": 1.0, "building_density_norm": 0.0, "building_irregularity_norm": 0.0, "small_building_fraction_norm": 0.0, "building_spacing_norm": 0.7195837350260872, "footprint_irregularity_norm": 1.0, "impervious_fraction_norm": 0.0, "ndbi_norm": 0.5781431462395603, "imi": 0.059135839343070984, "built_gate": false, "predicted_class": "sparse_low_development", "informal_probability": 0.0, "confidence": 0.9399369955062866, "explanation": "built-up intensity: 0.58; building density: 0.00; building irregularity: 0.00; impervious surface: 0.00", "year": 2025, "cell_uid": "2025_80.28097_13.07966", "label": "sparse_low_development"}, "geometry": {"type": "Polygon", "coordinates": [[[422000.0, 1446100.0], [422100.0, 1446100.0], [422100.0, 1446010.3026611363], [422000.0, 1446010.5890267007], [422000.0, 1446100.0]]]}}, {"id": "1236", "type": "Feature", "properties": {"cell_id": 1236, "row": 35, "col": 25, "cell_area_m2": 8984.052164596505, "building_count": 2.0, "building_area": 482.37856893626105, "building_density": 0.048237856893626106, "mean_building_area": 241.18928446813052, "footprint_cv": 0.37508701595915345, "compactness": 0.5669786029515744, "rectangularity": 0.8738055954131247, "small_bldg_frac": 0.0, "mean_nn_dist": 22.888477266784157, "road_density": 319.96953467274744, "road_segments": 4.0, "dist_major_road": 244.74432287024882, "blue": 0.08845666638678974, "green": 0.11083166578577625, "red": 0.11051722197896904, "nir": 0.26844333393706216, "swir1": 0.21920222159889008, "ndvi": 0.42005750975675055, "ndbi": -0.0925539300751148, "ndwi": -0.41787634003493523, "vegetation_fraction": 0.4888888888888889, "impervious_fraction": 0.08888888888888889, "water_fraction": 0.0, "ndvi_std": 0.194121954788196, "ndbi_std": 0.10058970213423064, "nir_std": 0.057824698484797835, "open_space_fraction": 0.9517621431063739, "building_irregularity": 0.37508701595915345, "small_building_fraction": 0.0, "building_spacing_score": 0.9371107903653556, "footprint_irregularity": 0.43302139704842557, "building_density_norm": 0.02293646236595512, "building_irregularity_norm": 0.16958777555639248, "small_building_fraction_norm": 0.0, "building_spacing_norm": 0.9371107903653556, "footprint_irregularity_norm": 0.39944541682977397, "impervious_fraction_norm": 0.08888888888888889, "ndbi_norm": 0.3898473761949846, "imi": 0.005864815320819616, "built_gate": false, "predicted_class": "sparse_low_development", "informal_probability": 0.0, "confidence": 0.990555465221405, "explanation": "built-up intensity: 0.39; building irregularity: 0.17; impervious surface: 0.09; building density: 0.02", "year": 2025, "cell_uid": "2025_80.28189_13.07966", "label": "sparse_low_development"}, "geometry": {"type": "Polygon", "coordinates": [[[422100.0, 1446100.0], [422200.0, 1446100.0], [422200.0, 1446010.0162955718], [422100.0, 1446010.3026611363], [422100.0, 1446100.0]]]}}, {"id": "1237", "type": "Feature", "properties": {"cell_id": 1237, "row": 35, "col": 26, "cell_area_m2": 9012.688721041195, "building_count": 0.0, "building_area": 0.0, "building_density": 0.0, "mean_building_area": 0.0, "footprint_cv": 0.0, "compactness": 0.0, "rectangularity": 0.0, "small_bldg_frac": 0.0, "mean_nn_dist": 100.0, "road_density": 0.0, "road_segments": 0.0, "dist_major_road": 291.48351541085736, "blue": 0.04945111113289992, "green": 0.07523222230374813, "red": 0.05612111093683375, "nir": 0.31035222162803017, "swir1": 0.19895222153928543, "ndvi": 0.7181022754973836, "ndbi": -0.21872147530731229, "ndwi": -0.6275549405150943, "vegetation_fraction": 0.9111111111111111, "impervious_fraction": 0.0, "water_fraction": 0.0, "ndvi_std": 0.16889445695657, "ndbi_std": 0.06062345142466411, "nir_std": 0.032739180003166043, "open_space_fraction": 1.0, "building_irregularity": 0.0, "small_building_fraction": 0.0, "building_spacing_score": 0.7195837350260872, "footprint_irregularity": 1.0, "building_density_norm": 0.0, "building_irregularity_norm": 0.0, "small_building_fraction_norm": 0.0, "building_spacing_norm": 0.7195837350260872, "footprint_irregularity_norm": 1.0, "impervious_fraction_norm": 0.0, "ndbi_norm": 0.13316659489428861, "imi": 0.00013122661039233208, "built_gate": false, "predicted_class": "open_vegetated", "informal_probability": 0.0, "confidence": 0.999582827091217, "explanation": "built-up intensity: 0.13; building density: 0.00; building irregularity: 0.00; impervious surface: 0.00", "year": 2025, "cell_uid": "2025_80.28281_13.07966", "label": "open_vegetated"}, "geometry": {"type": "Polygon", "coordinates": [[[422200.0, 1446100.0], [422300.0, 1446100.0], [422300.0, 1446009.7299300074], [422200.0, 1446010.0162955718], [422200.0, 1446100.0]]]}}, {"id": "1243", "type": "Feature", "properties": {"cell_id": 1243, "row": 35, "col": 32, "cell_area_m2": 9184.508059709333, "building_count": 0.0, "building_area": 0.0, "building_density": 0.0, "mean_building_area": 0.0, "footprint_cv": 0.0, "compactness": 0.0, "rectangularity": 0.0, "small_bldg_frac": 0.0, "mean_nn_dist": 100.0, "road_density": 196.04989318134997, "road_segments": 14.0, "dist_major_road": 45.022938369158574, "blue": 0.07723944476909107, "green": 0.09937055562105444, "red": 0.10002055569655366, "nir": 0.24016444484392802, "swir1": 0.2007877783642875, "ndvi": 0.4057373801453246, "ndbi": -0.07778288980221583, "ndwi": -0.4043544549908903, "vegetation_fraction": 0.5333333333333333, "impervious_fraction": 0.2111111111111111, "water_fraction": 0.0, "ndvi_std": 0.21810512874131782, "ndbi_std": 0.11097141549739148, "nir_std": 0.05024966550247126, "open_space_fraction": 1.0, "building_irregularity": 0.0, "small_building_fraction": 0.0, "building_spacing_score": 0.7195837350260872, "footprint_irregularity": 1.0, "building_density_norm": 0.0, "building_irregularity_norm": 0.0, "small_building_fraction_norm": 0.0, "building_spacing_norm": 0.7195837350260872, "footprint_irregularity_norm": 1.0, "impervious_fraction_norm": 0.2111111111111111, "ndbi_norm": 0.4198982276314141, "imi": 0.0002174012770410627, "built_gate": false, "predicted_class": "sparse_low_development", "informal_probability": 0.0, "confidence": 0.9997574687004089, "explanation": "built-up intensity: 0.42; impervious surface: 0.21; building density: 0.00; building irregularity: 0.00", "year": 2025, "cell_uid": "2025_80.28834_13.07967", "label": "sparse_low_development"}, "geometry": {"type": "Polygon", "coordinates": [[[422800.0, 1446100.0], [422900.0, 1446100.0], [422900.0, 1446008.0117366207], [422800.0, 1446008.2981021851], [422800.0, 1446100.0]]]}}, {"id": "1245", "type": "Feature", "properties": {"cell_id": 1245, "row": 35, "col": 34, "cell_area_m2": 9241.781172598712, "building_count": 0.0, "building_area": 0.0, "building_density": 0.0, "mean_building_area": 0.0, "footprint_cv": 0.0, "compactness": 0.0, "rectangularity": 0.0, "small_bldg_frac": 0.0, "mean_nn_dist": 100.0, "road_density": 0.0, "road_segments": 0.0, "dist_major_road": 218.4263633130542, "blue": 0.0, "green": 0.0, "red": 0.0, "nir": 0.0, "swir1": 0.0, "ndvi": 0.0, "ndbi": 0.0, "ndwi": 0.0, "vegetation_fraction": 0.0, "impervious_fraction": 0.0, "water_fraction": 0.0, "ndvi_std": 0.0, "ndbi_std": 0.0, "nir_std": 0.0, "open_space_fraction": 1.0, "building_irregularity": 0.0, "small_building_fraction": 0.0, "building_spacing_score": 0.7195837350260872, "footprint_irregularity": 1.0, "building_density_norm": 0.0, "building_irregularity_norm": 0.0, "small_building_fraction_norm": 0.0, "building_spacing_norm": 0.7195837350260872, "footprint_irregularity_norm": 1.0, "impervious_fraction_norm": 0.0, "ndbi_norm": 0.5781431462395603, "imi": 0.059135839343070984, "built_gate": false, "predicted_class": "sparse_low_development", "informal_probability": 0.0, "confidence": 0.9399369955062866, "explanation": "built-up intensity: 0.58; building density: 0.00; building irregularity: 0.00; impervious surface: 0.00", "year": 2025, "cell_uid": "2025_80.29019_13.07967", "label": "sparse_low_development"}, "geometry": {"type": "Polygon", "coordinates": [[[423000.0, 1446100.0], [423100.0, 1446100.0], [423100.0, 1446007.4390054918], [423000.0, 1446007.7253710562], [423000.0, 1446100.0]]]}}], "crs": {"type": "name", "properties": {"name": "urn:ogc:def:crs:EPSG::32644"}}}