{
"type": "FeatureCollection",
"name": "informal_morphology",
"crs": { "type": "name", "properties": { "name": "urn:ogc:def:crs:OGC:1.3:CRS84" } },
"features": [
{ "type": "Feature", "properties": { "cell_id": 231, "row": 7, "col": 7, "class_2019": "informal", "conf_2019": 0.867, "imi_2019": 0.348, "informal_prob_2019": 0.867, "class_2020": "informal", "conf_2020": 1.0, "imi_2020": 0.347, "informal_prob_2020": 1.0, "class_2021": "informal", "conf_2021": 1.0, "imi_2021": 0.334, "informal_prob_2021": 1.0, "class_2022": "informal", "conf_2022": 1.0, "imi_2022": 0.339, "informal_prob_2022": 1.0, "class_2023": "informal", "conf_2023": 0.997, "imi_2023": 0.325, "informal_prob_2023": 0.997, "class_2024": "informal", "conf_2024": 1.0, "imi_2024": 0.354, "informal_prob_2024": 1.0, "class_2025": "informal", "conf_2025": 0.998, "imi_2025": 0.345, "informal_prob_2025": 0.998, "class_2026": "informal", "conf_2026": 1.0, "imi_2026": 0.35, "informal_prob_2026": 1.0, "trajectory": "stable_informal", "cluster_last": 1, "emerging_score": 0.20659862512507077, "emerging_zone": 0, "building_count": 104.0, "building_density": 0.31345727857729699, "road_density": 343.57675521109422, "ndvi": 0.22246289308182896, "ndbi": 0.12170379280607449, "imi": 0.35019206803319902, "informal_probability": 1.0, "confidence": 1.0, "explanation": "built-up intensity: 0.83; impervious surface: 0.43; building irregularity: 0.38; building density: 0.29; road structure: 0.02" }, "geometry": { "type": "Polygon", "coordinates": [ [ [ 80.26329941420245, 13.089912575704769 ], [ 80.263296727841166, 13.090816765887562 ], [ 80.262374310718755, 13.090814130861872 ], [ 80.262377000442854, 13.089909940867326 ], [ 80.26329941420245, 13.089912575704769 ] ] ] } },
{ "type": "Feature", "properties": { "cell_id": 232, "row": 7, "col": 8, "class_2019": "informal", "conf_2019": 0.985, "imi_2019": 0.3, "informal_prob_2019": 0.985, "class_2020": "informal", "conf_2020": 0.999, "imi_2020": 0.326, "informal_prob_2020": 0.999, "class_2021": "informal", "conf_2021": 1.0, "imi_2021": 0.318, "informal_prob_2021": 1.0, "class_2022": "informal", "conf_2022": 0.99, "imi_2022": 0.325, "informal_prob_2022": 0.99, "class_2023": "informal", "conf_2023": 0.995, "imi_2023": 0.296, "informal_prob_2023": 0.995, "class_2024": "informal", "conf_2024": 1.0, "imi_2024": 0.322, "informal_prob_2024": 1.0, "class_2025": "informal", "conf_2025": 1.0, "imi_2025": 0.316, "informal_prob_2025": 1.0, "class_2026": "informal", "conf_2026": 1.0, "imi_2026": 0.307, "informal_prob_2026": 1.0, "trajectory": "stable_informal", "cluster_last": 1, "emerging_score": 0.1995818322211925, "emerging_zone": 0, "building_count": 84.0, "building_density": 0.26732320996997627, "road_density": 256.0691560601478, "ndvi": 0.23502247306518256, "ndbi": 0.10739163411955815, "imi": 0.3070299477426392, "informal_probability": 1.0, "confidence": 1.0, "explanation": "built-up intensity: 0.81; building irregularity: 0.33; impervious surface: 0.32; building density: 0.25; road structure: 0.02" }, "geometry": { "type": "Polygon", "coordinates": [ [ [ 80.26422182816394, 13.089915207245921 ], [ 80.26421914516547, 13.090819397616729 ], [ 80.263296727841166, 13.090816765887562 ], [ 80.26329941420245, 13.089912575704769 ], [ 80.26422182816394, 13.089915207245921 ] ] ] } },
{ "type": "Feature", "properties": { "cell_id": 233, "row": 7, "col": 9, "class_2019": "informal", "conf_2019": 0.999, "imi_2019": 0.306, "informal_prob_2019": 0.999, "class_2020": "informal", "conf_2020": 1.0, "imi_2020": 0.316, "informal_prob_2020": 1.0, "class_2021": "informal", "conf_2021": 1.0, "imi_2021": 0.301, "informal_prob_2021": 1.0, "class_2022": "informal", "conf_2022": 1.0, "imi_2022": 0.321, "informal_prob_2022": 1.0, "class_2023": "informal", "conf_2023": 0.995, "imi_2023": 0.301, "informal_prob_2023": 0.995, "class_2024": "informal", "conf_2024": 1.0, "imi_2024": 0.304, "informal_prob_2024": 1.0, "class_2025": "informal", "conf_2025": 1.0, "imi_2025": 0.299, "informal_prob_2025": 1.0, "class_2026": "informal", "conf_2026": 1.0, "imi_2026": 0.303, "informal_prob_2026": 1.0, "trajectory": "stable_informal", "cluster_last": 1, "emerging_score": 0.20006581463501699, "emerging_zone": 0, "building_count": 60.0, "building_density": 0.18341088118580007, "road_density": 259.62923880402008, "ndvi": 0.22513247095979749, "ndbi": 0.11578169051092119, "imi": 0.30336329236862175, "informal_probability": 1.0, "confidence": 1.0, "explanation": "built-up intensity: 0.82; impervious surface: 0.39; building irregularity: 0.38; building density: 0.17; road structure: 0.07" }, "geometry": { "type": "Polygon", "coordinates": [ [ [ 80.265144242327082, 13.089917835490789 ], [ 80.265141562691454, 13.09082202604937 ], [ 80.26421914516547, 13.090819397616729 ], [ 80.26422182816394, 13.089915207245921 ], [ 80.265144242327082, 13.089917835490789 ] ] ] } },
{ "type": "Feature", "properties": { "cell_id": 234, "row": 7, "col": 10, "class_2019": "informal", "conf_2019": 1.0, "imi_2019": 0.316, "informal_prob_2019": 1.0, "class_2020": "informal", "conf_2020": 1.0, "imi_2020": 0.309, "informal_prob_2020": 1.0, "class_2021": "informal", "conf_2021": 1.0, "imi_2021": 0.306, "informal_prob_2021": 1.0, "class_2022": "informal", "conf_2022": 0.999, "imi_2022": 0.316, "informal_prob_2022": 0.999, "class_2023": "informal", "conf_2023": 1.0, "imi_2023": 0.312, "informal_prob_2023": 1.0, "class_2024": "informal", "conf_2024": 1.0, "imi_2024": 0.305, "informal_prob_2024": 1.0, "class_2025": "informal", "conf_2025": 1.0, "imi_2025": 0.313, "informal_prob_2025": 1.0, "class_2026": "informal", "conf_2026": 1.0, "imi_2026": 0.313, "informal_prob_2026": 1.0, "trajectory": "stable_informal", "cluster_last": 1, "emerging_score": 0.20075954861010781, "emerging_zone": 0, "building_count": 70.0, "building_density": 0.21736296259220977, "road_density": 231.98965932056035, "ndvi": 0.21080980567261576, "ndbi": 0.12645014240406455, "imi": 0.3134713778726636, "informal_probability": 1.0, "confidence": 1.0, "explanation": "built-up intensity: 0.84; impervious surface: 0.45; building irregularity: 0.35; building density: 0.20; road structure: 0.06" }, "geometry": { "type": "Polygon", "coordinates": [ [ [ 80.266066656691635, 13.089920460439361 ], [ 80.266063980418821, 13.090824651185487 ], [ 80.265141562691454, 13.09082202604937 ], [ 80.265144242327082, 13.089917835490789 ], [ 80.266066656691635, 13.089920460439361 ] ] ] } },
{ "type": "Feature", "properties": { "cell_id": 235, "row": 7, "col": 11, "class_2019": "informal", "conf_2019": 1.0, "imi_2019": 0.329, "informal_prob_2019": 1.0, "class_2020": "informal", "conf_2020": 1.0, "imi_2020": 0.337, "informal_prob_2020": 1.0, "class_2021": "informal", "conf_2021": 1.0, "imi_2021": 0.33, "informal_prob_2021": 1.0, "class_2022": "informal", "conf_2022": 1.0, "imi_2022": 0.338, "informal_prob_2022": 1.0, "class_2023": "informal", "conf_2023": 1.0, "imi_2023": 0.33, "informal_prob_2023": 1.0, "class_2024": "informal", "conf_2024": 0.994, "imi_2024": 0.337, "informal_prob_2024": 0.994, "class_2025": "informal", "conf_2025": 1.0, "imi_2025": 0.33, "informal_prob_2025": 1.0, "class_2026": "informal", "conf_2026": 1.0, "imi_2026": 0.332, "informal_prob_2026": 1.0, "trajectory": "stable_informal", "cluster_last": 1, "emerging_score": 0.20327809854813816, "emerging_zone": 0, "building_count": 65.0, "building_density": 0.20377400853128216, "road_density": 226.80536919444145, "ndvi": 0.21906818969175221, "ndbi": 0.11542527467521722, "imi": 0.33184175747270805, "informal_probability": 1.0, "confidence": 1.0, "explanation": "built-up intensity: 0.82; impervious surface: 0.42; building irregularity: 0.36; building density: 0.19; road structure: 0.06" }, "geometry": { "type": "Polygon", "coordinates": [ [ [ 80.266989071257328, 13.089923082091635 ], [ 80.266986398347342, 13.09082727302507 ], [ 80.266063980418821, 13.090824651185487 ], [ 80.266066656691635, 13.089920460439361 ], [ 80.266989071257328, 13.089923082091635 ] ] ] } },
{ "type": "Feature", "properties": { "cell_id": 263, "row": 8, "col": 7, "class_2019": "informal", "conf_2019": 0.998, "imi_2019": 0.336, "informal_prob_2019": 0.998, "class_2020": "informal", "conf_2020": 0.998, "imi_2020": 0.343, "informal_prob_2020": 0.998, "class_2021": "informal", "conf_2021": 1.0, "imi_2021": 0.345, "informal_prob_2021": 1.0, "class_2022": "informal", "conf_2022": 0.999, "imi_2022": 0.367, "informal_prob_2022": 0.999, "class_2023": "informal", "conf_2023": 1.0, "imi_2023": 0.348, "informal_prob_2023": 1.0, "class_2024": "informal", "conf_2024": 1.0, "imi_2024": 0.345, "informal_prob_2024": 1.0, "class_2025": "informal", "conf_2025": 1.0, "imi_2025": 0.354, "informal_prob_2025": 1.0, "class_2026": "informal", "conf_2026": 0.998, "imi_2026": 0.356, "informal_prob_2026": 0.998, "trajectory": "stable_informal", "cluster_last": 1, "emerging_score": 0.22407752213333165, "emerging_zone": 0, "building_count": 85.0, "building_density": 0.25056325008708363, "road_density": 353.93951947204334, "ndvi": 0.20034829556941985, "ndbi": 0.12376851099776104, "imi": 0.35612144026763343, "informal_probability": 0.99760067954220322, "confidence": 0.99760067954220322, "explanation": "built-up intensity: 0.83; impervious surface: 0.49; building irregularity: 0.39; building density: 0.23; road structure: 0.01" }, "geometry": { "type": "Polygon", "coordinates": [ [ [ 80.263302100361827, 13.089008385458195 ], [ 80.26329941420245, 13.089912575704769 ], [ 80.262377000442854, 13.089909940867326 ], [ 80.262379689964803, 13.089005750808999 ], [ 80.263302100361827, 13.089008385458195 ] ] ] } },
{ "type": "Feature", "properties": { "cell_id": 264, "row": 8, "col": 8, "class_2019": "informal", "conf_2019": 1.0, "imi_2019": 0.315, "informal_prob_2019": 1.0, "class_2020": "informal", "conf_2020": 1.0, "imi_2020": 0.328, "informal_prob_2020": 1.0, "class_2021": "informal", "conf_2021": 1.0, "imi_2021": 0.316, "informal_prob_2021": 1.0, "class_2022": "informal", "conf_2022": 1.0, "imi_2022": 0.312, "informal_prob_2022": 1.0, "class_2023": "informal", "conf_2023": 1.0, "imi_2023": 0.32, "informal_prob_2023": 1.0, "class_2024": "informal", "conf_2024": 0.999, "imi_2024": 0.335, "informal_prob_2024": 0.999, "class_2025": "informal", "conf_2025": 1.0, "imi_2025": 0.327, "informal_prob_2025": 1.0, "class_2026": "informal", "conf_2026": 1.0, "imi_2026": 0.32, "informal_prob_2026": 1.0, "trajectory": "stable_informal", "cluster_last": 1, "emerging_score": 0.2018471839671161, "emerging_zone": 0, "building_count": 65.0, "building_density": 0.19707146440257231, "road_density": 223.56160111672671, "ndvi": 0.22246673118323088, "ndbi": 0.11577452776953578, "imi": 0.31992340329474461, "informal_probability": 1.0, "confidence": 1.0, "explanation": "built-up intensity: 0.82; impervious surface: 0.43; building irregularity: 0.35; building density: 0.18; road structure: 0.05" }, "geometry": { "type": "Polygon", "coordinates": [ [ [ 80.264224510960759, 13.089011016811339 ], [ 80.26422182816394, 13.089915207245921 ], [ 80.26329941420245, 13.089912575704769 ], [ 80.263302100361827, 13.089008385458195 ], [ 80.264224510960759, 13.089011016811339 ] ] ] } },
{ "type": "Feature", "properties": { "cell_id": 265, "row": 8, "col": 9, "class_2019": "informal", "conf_2019": 1.0, "imi_2019": 0.338, "informal_prob_2019": 1.0, "class_2020": "informal", "conf_2020": 1.0, "imi_2020": 0.337, "informal_prob_2020": 1.0, "class_2021": "informal", "conf_2021": 1.0, "imi_2021": 0.326, "informal_prob_2021": 1.0, "class_2022": "informal", "conf_2022": 1.0, "imi_2022": 0.323, "informal_prob_2022": 1.0, "class_2023": "informal", "conf_2023": 0.996, "imi_2023": 0.318, "informal_prob_2023": 0.996, "class_2024": "informal", "conf_2024": 0.871, "imi_2024": 0.34, "informal_prob_2024": 0.871, "class_2025": "informal", "conf_2025": 0.996, "imi_2025": 0.346, "informal_prob_2025": 0.996, "class_2026": "informal", "conf_2026": 1.0, "imi_2026": 0.345, "informal_prob_2026": 1.0, "trajectory": "stable_informal", "cluster_last": 1, "emerging_score": 0.20647185802518409, "emerging_zone": 0, "building_count": 68.0, "building_density": 0.19938085428502461, "road_density": 303.12476685519084, "ndvi": 0.20372779438737779, "ndbi": 0.11753923979362298, "imi": 0.34517398700986451, "informal_probability": 1.0, "confidence": 1.0, "explanation": "built-up intensity: 0.82; impervious surface: 0.52; building irregularity: 0.42; building density: 0.18; road structure: 0.06" }, "geometry": { "type": "Polygon", "coordinates": [ [ [ 80.265146921761328, 13.08901364486843 ], [ 80.265144242327082, 13.089917835490789 ], [ 80.26422182816394, 13.089915207245921 ], [ 80.264224510960759, 13.089011016811339 ], [ 80.265146921761328, 13.08901364486843 ] ] ] } },
{ "type": "Feature", "properties": { "cell_id": 266, "row": 8, "col": 10, "class_2019": "informal", "conf_2019": 0.998, "imi_2019": 0.362, "informal_prob_2019": 0.998, "class_2020": "informal", "conf_2020": 0.998, "imi_2020": 0.358, "informal_prob_2020": 0.998, "class_2021": "informal", "conf_2021": 1.0, "imi_2021": 0.354, "informal_prob_2021": 1.0, "class_2022": "informal", "conf_2022": 1.0, "imi_2022": 0.339, "informal_prob_2022": 1.0, "class_2023": "informal", "conf_2023": 1.0, "imi_2023": 0.344, "informal_prob_2023": 1.0, "class_2024": "informal", "conf_2024": 1.0, "imi_2024": 0.351, "informal_prob_2024": 1.0, "class_2025": "informal", "conf_2025": 0.998, "imi_2025": 0.357, "informal_prob_2025": 0.998, "class_2026": "informal", "conf_2026": 1.0, "imi_2026": 0.358, "informal_prob_2026": 1.0, "trajectory": "stable_informal", "cluster_last": 1, "emerging_score": 0.19706726560088919, "emerging_zone": 0, "building_count": 105.0, "building_density": 0.31411402564788216, "road_density": 233.38151491576491, "ndvi": 0.21601029495708646, "ndbi": 0.12467397217638791, "imi": 0.35790839798370011, "informal_probability": 1.0, "confidence": 1.0, "explanation": "built-up intensity: 0.84; impervious surface: 0.45; building irregularity: 0.39; building density: 0.29; road structure: 0.05" }, "geometry": { "type": "Polygon", "coordinates": [ [ [ 80.266069332763308, 13.089016269629461 ], [ 80.266066656691635, 13.089920460439361 ], [ 80.265144242327082, 13.089917835490789 ], [ 80.265146921761328, 13.08901364486843 ], [ 80.266069332763308, 13.089016269629461 ] ] ] } },
{ "type": "Feature", "properties": { "cell_id": 267, "row": 8, "col": 11, "class_2019": "informal", "conf_2019": 1.0, "imi_2019": 0.351, "informal_prob_2019": 1.0, "class_2020": "informal", "conf_2020": 1.0, "imi_2020": 0.37, "informal_prob_2020": 1.0, "class_2021": "informal", "conf_2021": 0.997, "imi_2021": 0.332, "informal_prob_2021": 0.997, "class_2022": "informal", "conf_2022": 1.0, "imi_2022": 0.362, "informal_prob_2022": 1.0, "class_2023": "informal", "conf_2023": 1.0, "imi_2023": 0.343, "informal_prob_2023": 1.0, "class_2024": "informal", "conf_2024": 1.0, "imi_2024": 0.348, "informal_prob_2024": 1.0, "class_2025": "informal", "conf_2025": 1.0, "imi_2025": 0.355, "informal_prob_2025": 1.0, "class_2026": "informal", "conf_2026": 0.999, "imi_2026": 0.361, "informal_prob_2026": 0.999, "trajectory": "stable_informal", "cluster_last": 1, "emerging_score": 0.20748787934569909, "emerging_zone": 0, "building_count": 101.0, "building_density": 0.33886552513269619, "road_density": 235.18296748264854, "ndvi": 0.21294885883107781, "ndbi": 0.10634747188072652, "imi": 0.36072925704974956, "informal_probability": 0.99893153526970968, "confidence": 0.99893153526970968, "explanation": "built-up intensity: 0.81; impervious surface: 0.48; building irregularity: 0.31; building density: 0.31; road structure: 0.04" }, "geometry": { "type": "Polygon", "coordinates": [ [ [ 80.266991743966415, 13.089018891094435 ], [ 80.266989071257328, 13.089923082091635 ], [ 80.266066656691635, 13.089920460439361 ], [ 80.266069332763308, 13.089016269629461 ], [ 80.266991743966415, 13.089018891094435 ] ] ] } },
{ "type": "Feature", "properties": { "cell_id": 268, "row": 8, "col": 12, "class_2019": "informal", "conf_2019": 0.912, "imi_2019": 0.361, "informal_prob_2019": 0.912, "class_2020": "informal", "conf_2020": 0.911, "imi_2020": 0.373, "informal_prob_2020": 0.911, "class_2021": "informal", "conf_2021": 0.911, "imi_2021": 0.374, "informal_prob_2021": 0.911, "class_2022": "informal", "conf_2022": 0.887, "imi_2022": 0.404, "informal_prob_2022": 0.887, "class_2023": "informal", "conf_2023": 0.914, "imi_2023": 0.358, "informal_prob_2023": 0.914, "class_2024": "informal", "conf_2024": 0.912, "imi_2024": 0.369, "informal_prob_2024": 0.912, "class_2025": "informal", "conf_2025": 0.905, "imi_2025": 0.38, "informal_prob_2025": 0.905, "class_2026": "informal", "conf_2026": 0.898, "imi_2026": 0.388, "informal_prob_2026": 0.898, "trajectory": "stable_informal", "cluster_last": 1, "emerging_score": 0.22495314415872314, "emerging_zone": 0, "building_count": 81.0, "building_density": 0.24609868721768238, "road_density": 207.1861332471307, "ndvi": 0.20900547990109772, "ndbi": 0.11062096086330712, "imi": 0.38806666662271205, "informal_probability": 0.89849125999122481, "confidence": 0.89849125999122481, "explanation": "built-up intensity: 0.81; impervious surface: 0.54; building irregularity: 0.38; building density: 0.23; road structure: 0.09" }, "geometry": { "type": "Polygon", "coordinates": [ [ [ 80.26791415537042, 13.089021509263343 ], [ 80.267911486023905, 13.089925700447614 ], [ 80.266989071257328, 13.089923082091635 ], [ 80.266991743966415, 13.089018891094435 ], [ 80.26791415537042, 13.089021509263343 ] ] ] } },
{ "type": "Feature", "properties": { "cell_id": 295, "row": 9, "col": 7, "class_2019": "informal", "conf_2019": 1.0, "imi_2019": 0.335, "informal_prob_2019": 1.0, "class_2020": "informal", "conf_2020": 0.999, "imi_2020": 0.35, "informal_prob_2020": 0.999, "class_2021": "informal", "conf_2021": 1.0, "imi_2021": 0.321, "informal_prob_2021": 1.0, "class_2022": "informal", "conf_2022": 1.0, "imi_2022": 0.341, "informal_prob_2022": 1.0, "class_2023": "informal", "conf_2023": 1.0, "imi_2023": 0.332, "informal_prob_2023": 1.0, "class_2024": "informal", "conf_2024": 1.0, "imi_2024": 0.344, "informal_prob_2024": 1.0, "class_2025": "informal", "conf_2025": 1.0, "imi_2025": 0.338, "informal_prob_2025": 1.0, "class_2026": "informal", "conf_2026": 1.0, "imi_2026": 0.33, "informal_prob_2026": 1.0, "trajectory": "stable_informal", "cluster_last": 1, "emerging_score": 0.19483609433794991, "emerging_zone": 0, "building_count": 68.0, "building_density": 0.20540205434719064, "road_density": 173.07335810686433, "ndvi": 0.23322225238196551, "ndbi": 0.1270096359681338, "imi": 0.33049935682069642, "informal_probability": 1.0, "confidence": 1.0, "explanation": "built-up intensity: 0.84; building irregularity: 0.36; impervious surface: 0.36; building density: 0.19; road structure: 0.02" }, "geometry": { "type": "Polygon", "coordinates": [ [ [ 80.26330478631931, 13.088104195147848 ], [ 80.263302100361827, 13.089008385458195 ], [ 80.262379689964803, 13.089005750808999 ], [ 80.262382379284588, 13.0881015606869 ], [ 80.26330478631931, 13.088104195147848 ] ] ] } },
{ "type": "Feature", "properties": { "cell_id": 296, "row": 9, "col": 8, "class_2019": "informal", "conf_2019": 1.0, "imi_2019": 0.338, "informal_prob_2019": 1.0, "class_2020": "informal", "conf_2020": 0.999, "imi_2020": 0.328, "informal_prob_2020": 0.999, "class_2021": "informal", "conf_2021": 1.0, "imi_2021": 0.323, "informal_prob_2021": 1.0, "class_2022": "informal", "conf_2022": 0.999, "imi_2022": 0.325, "informal_prob_2022": 0.999, "class_2023": "informal", "conf_2023": 1.0, "imi_2023": 0.33, "informal_prob_2023": 1.0, "class_2024": "informal", "conf_2024": 1.0, "imi_2024": 0.331, "informal_prob_2024": 1.0, "class_2025": "informal", "conf_2025": 1.0, "imi_2025": 0.335, "informal_prob_2025": 1.0, "class_2026": "informal", "conf_2026": 1.0, "imi_2026": 0.336, "informal_prob_2026": 1.0, "trajectory": "stable_informal", "cluster_last": 1, "emerging_score": 0.19781377512592585, "emerging_zone": 0, "building_count": 78.0, "building_density": 0.22794919631744756, "road_density": 207.55070187169744, "ndvi": 0.21662601664662362, "ndbi": 0.1187734510959126, "imi": 0.33558032196844412, "informal_probability": 1.0, "confidence": 1.0, "explanation": "built-up intensity: 0.83; impervious surface: 0.46; building irregularity: 0.37; building density: 0.21; road structure: 0.05" }, "geometry": { "type": "Polygon", "coordinates": [ [ [ 80.264227193555925, 13.088106826312982 ], [ 80.264224510960759, 13.089011016811339 ], [ 80.263302100361827, 13.089008385458195 ], [ 80.26330478631931, 13.088104195147848 ], [ 80.264227193555925, 13.088106826312982 ] ] ] } },
{ "type": "Feature", "properties": { "cell_id": 297, "row": 9, "col": 9, "class_2019": "informal", "conf_2019": 1.0, "imi_2019": 0.31, "informal_prob_2019": 1.0, "class_2020": "informal", "conf_2020": 1.0, "imi_2020": 0.322, "informal_prob_2020": 1.0, "class_2021": "informal", "conf_2021": 1.0, "imi_2021": 0.323, "informal_prob_2021": 1.0, "class_2022": "informal", "conf_2022": 1.0, "imi_2022": 0.322, "informal_prob_2022": 1.0, "class_2023": "informal", "conf_2023": 1.0, "imi_2023": 0.339, "informal_prob_2023": 1.0, "class_2024": "informal", "conf_2024": 1.0, "imi_2024": 0.332, "informal_prob_2024": 1.0, "class_2025": "informal", "conf_2025": 1.0, "imi_2025": 0.335, "informal_prob_2025": 1.0, "class_2026": "informal", "conf_2026": 1.0, "imi_2026": 0.326, "informal_prob_2026": 1.0, "trajectory": "stable_informal", "cluster_last": 1, "emerging_score": 0.21637504944065516, "emerging_zone": 0, "building_count": 73.0, "building_density": 0.23264454724670519, "road_density": 237.7125100003027, "ndvi": 0.22992354024201631, "ndbi": 0.11494106451980769, "imi": 0.32616135831600651, "informal_probability": 1.0, "confidence": 1.0, "explanation": "built-up intensity: 0.82; impervious surface: 0.42; building irregularity: 0.33; building density: 0.21; road structure: 0.06" }, "geometry": { "type": "Polygon", "coordinates": [ [ [ 80.265149600994178, 13.088109454182298 ], [ 80.265146921761328, 13.08901364486843 ], [ 80.264224510960759, 13.089011016811339 ], [ 80.264227193555925, 13.088106826312982 ], [ 80.265149600994178, 13.088109454182298 ] ] ] } },
{ "type": "Feature", "properties": { "cell_id": 298, "row": 9, "col": 10, "class_2019": "informal", "conf_2019": 1.0, "imi_2019": 0.334, "informal_prob_2019": 1.0, "class_2020": "informal", "conf_2020": 0.996, "imi_2020": 0.336, "informal_prob_2020": 0.996, "class_2021": "informal", "conf_2021": 0.993, "imi_2021": 0.347, "informal_prob_2021": 0.993, "class_2022": "informal", "conf_2022": 1.0, "imi_2022": 0.34, "informal_prob_2022": 1.0, "class_2023": "informal", "conf_2023": 0.998, "imi_2023": 0.359, "informal_prob_2023": 0.998, "class_2024": "informal", "conf_2024": 0.999, "imi_2024": 0.353, "informal_prob_2024": 0.999, "class_2025": "informal", "conf_2025": 0.999, "imi_2025": 0.345, "informal_prob_2025": 0.999, "class_2026": "informal", "conf_2026": 1.0, "imi_2026": 0.354, "informal_prob_2026": 1.0, "trajectory": "stable_informal", "cluster_last": 1, "emerging_score": 0.22058004637287884, "emerging_zone": 0, "building_count": 94.0, "building_density": 0.2677555619725307, "road_density": 233.4600211875298, "ndvi": 0.22011821947060525, "ndbi": 0.11795328035950661, "imi": 0.35414272829119431, "informal_probability": 1.0, "confidence": 1.0, "explanation": "built-up intensity: 0.83; impervious surface: 0.46; building irregularity: 0.39; building density: 0.25; road structure: 0.07" }, "geometry": { "type": "Polygon", "coordinates": [ [ [ 80.266072008633827, 13.088112078755792 ], [ 80.266069332763308, 13.089016269629461 ], [ 80.265146921761328, 13.08901364486843 ], [ 80.265149600994178, 13.088109454182298 ], [ 80.266072008633827, 13.088112078755792 ] ] ] } },
{ "type": "Feature", "properties": { "cell_id": 299, "row": 9, "col": 11, "class_2019": "informal", "conf_2019": 1.0, "imi_2019": 0.346, "informal_prob_2019": 1.0, "class_2020": "informal", "conf_2020": 1.0, "imi_2020": 0.346, "informal_prob_2020": 1.0, "class_2021": "informal", "conf_2021": 0.998, "imi_2021": 0.343, "informal_prob_2021": 0.998, "class_2022": "informal", "conf_2022": 1.0, "imi_2022": 0.358, "informal_prob_2022": 1.0, "class_2023": "informal", "conf_2023": 1.0, "imi_2023": 0.343, "informal_prob_2023": 1.0, "class_2024": "informal", "conf_2024": 0.999, "imi_2024": 0.347, "informal_prob_2024": 0.999, "class_2025": "informal", "conf_2025": 0.99, "imi_2025": 0.372, "informal_prob_2025": 0.99, "class_2026": "informal", "conf_2026": 1.0, "imi_2026": 0.363, "informal_prob_2026": 1.0, "trajectory": "stable_informal", "cluster_last": 1, "emerging_score": 0.21520228390944818, "emerging_zone": 0, "building_count": 106.0, "building_density": 0.31207611165059768, "road_density": 319.32078000197322, "ndvi": 0.20374404089292511, "ndbi": 0.11785949104698375, "imi": 0.36293632670160703, "informal_probability": 1.0, "confidence": 1.0, "explanation": "built-up intensity: 0.83; impervious surface: 0.49; building irregularity: 0.39; building density: 0.29; road structure: 0.03" }, "geometry": { "type": "Polygon", "coordinates": [ [ [ 80.266994416474603, 13.08811470003346 ], [ 80.266991743966415, 13.089018891094435 ], [ 80.266069332763308, 13.089016269629461 ], [ 80.266072008633827, 13.088112078755792 ], [ 80.266994416474603, 13.08811470003346 ] ] ] } },
{ "type": "Feature", "properties": { "cell_id": 300, "row": 9, "col": 12, "class_2019": "informal", "conf_2019": 0.915, "imi_2019": 0.348, "informal_prob_2019": 0.915, "class_2020": "informal", "conf_2020": 0.915, "imi_2020": 0.368, "informal_prob_2020": 0.915, "class_2021": "informal", "conf_2021": 0.915, "imi_2021": 0.342, "informal_prob_2021": 0.915, "class_2022": "informal", "conf_2022": 0.915, "imi_2022": 0.365, "informal_prob_2022": 0.915, "class_2023": "informal", "conf_2023": 0.915, "imi_2023": 0.346, "informal_prob_2023": 0.915, "class_2024": "informal", "conf_2024": 0.915, "imi_2024": 0.349, "informal_prob_2024": 0.915, "class_2025": "informal", "conf_2025": 0.915, "imi_2025": 0.355, "informal_prob_2025": 0.915, "class_2026": "informal", "conf_2026": 0.912, "imi_2026": 0.353, "informal_prob_2026": 0.912, "trajectory": "stable_informal", "cluster_last": 1, "emerging_score": 0.20287122876576369, "emerging_zone": 0, "building_count": 81.0, "building_density": 0.23935682501883088, "road_density": 165.77865149982725, "ndvi": 0.22142211758997291, "ndbi": 0.11890565990936011, "imi": 0.3528319931725849, "informal_probability": 0.9125, "confidence": 0.9125, "explanation": "built-up intensity: 0.83; impervious surface: 0.40; building irregularity: 0.36; building density: 0.22; road structure: 0.09" }, "geometry": { "type": "Polygon", "coordinates": [ [ [ 80.267916824516277, 13.088117318015302 ], [ 80.26791415537042, 13.089021509263343 ], [ 80.266991743966415, 13.089018891094435 ], [ 80.266994416474603, 13.08811470003346 ], [ 80.267916824516277, 13.088117318015302 ] ] ] } },
{ "type": "Feature", "properties": { "cell_id": 301, "row": 9, "col": 13, "class_2019": "informal", "conf_2019": 0.903, "imi_2019": 0.377, "informal_prob_2019": 0.903, "class_2020": "informal", "conf_2020": 0.882, "imi_2020": 0.405, "informal_prob_2020": 0.882, "class_2021": "informal", "conf_2021": 0.887, "imi_2021": 0.401, "informal_prob_2021": 0.887, "class_2022": "informal", "conf_2022": 0.889, "imi_2022": 0.391, "informal_prob_2022": 0.889, "class_2023": "informal", "conf_2023": 0.898, "imi_2023": 0.392, "informal_prob_2023": 0.898, "class_2024": "informal", "conf_2024": 0.909, "imi_2024": 0.374, "informal_prob_2024": 0.909, "class_2025": "informal", "conf_2025": 0.894, "imi_2025": 0.386, "informal_prob_2025": 0.894, "class_2026": "informal", "conf_2026": 0.899, "imi_2026": 0.384, "informal_prob_2026": 0.899, "trajectory": "stable_informal", "cluster_last": 1, "emerging_score": 0.20293783694152118, "emerging_zone": 0, "building_count": 107.0, "building_density": 0.32919114957733459, "road_density": 181.63986423754915, "ndvi": 0.22301627450622619, "ndbi": 0.12140352946706116, "imi": 0.38357687698708665, "informal_probability": 0.8992186438543055, "confidence": 0.8992186438543055, "explanation": "built-up intensity: 0.83; impervious surface: 0.40; building irregularity: 0.33; building density: 0.30; road structure: 0.09" }, "geometry": { "type": "Polygon", "coordinates": [ [ [ 80.26883923275858, 13.088119932701307 ], [ 80.268836566975054, 13.089024124136181 ], [ 80.26791415537042, 13.089021509263343 ], [ 80.267916824516277, 13.088117318015302 ], [ 80.26883923275858, 13.088119932701307 ] ] ] } },
{ "type": "Feature", "properties": { "cell_id": 327, "row": 10, "col": 7, "class_2019": "informal", "conf_2019": 1.0, "imi_2019": 0.362, "informal_prob_2019": 1.0, "class_2020": "informal", "conf_2020": 1.0, "imi_2020": 0.367, "informal_prob_2020": 1.0, "class_2021": "informal", "conf_2021": 0.996, "imi_2021": 0.338, "informal_prob_2021": 0.996, "class_2022": "informal", "conf_2022": 0.998, "imi_2022": 0.369, "informal_prob_2022": 0.998, "class_2023": "informal", "conf_2023": 1.0, "imi_2023": 0.35, "informal_prob_2023": 1.0, "class_2024": "informal", "conf_2024": 1.0, "imi_2024": 0.364, "informal_prob_2024": 1.0, "class_2025": "informal", "conf_2025": 0.986, "imi_2025": 0.382, "informal_prob_2025": 0.986, "class_2026": "informal", "conf_2026": 1.0, "imi_2026": 0.359, "informal_prob_2026": 1.0, "trajectory": "stable_informal", "cluster_last": 1, "emerging_score": 0.19699061314188487, "emerging_zone": 0, "building_count": 104.0, "building_density": 0.30948066035340904, "road_density": 269.09193351115493, "ndvi": 0.23003714364022015, "ndbi": 0.12085715278983117, "imi": 0.3588345446980879, "informal_probability": 1.0, "confidence": 1.0, "explanation": "built-up intensity: 0.83; impervious surface: 0.42; building irregularity: 0.38; building density: 0.28; road structure: 0.02" }, "geometry": { "type": "Polygon", "coordinates": [ [ [ 80.263307472074899, 13.087200004773729 ], [ 80.26330478631931, 13.088104195147848 ], [ 80.262382379284588, 13.0881015606869 ], [ 80.262385068402239, 13.087197370501025 ], [ 80.263307472074899, 13.087200004773729 ] ] ] } },
{ "type": "Feature", "properties": { "cell_id": 328, "row": 10, "col": 8, "class_2019": "informal", "conf_2019": 1.0, "imi_2019": 0.323, "informal_prob_2019": 1.0, "class_2020": "informal", "conf_2020": 1.0, "imi_2020": 0.338, "informal_prob_2020": 1.0, "class_2021": "informal", "conf_2021": 0.995, "imi_2021": 0.33, "informal_prob_2021": 0.995, "class_2022": "informal", "conf_2022": 1.0, "imi_2022": 0.33, "informal_prob_2022": 1.0, "class_2023": "informal", "conf_2023": 0.999, "imi_2023": 0.311, "informal_prob_2023": 0.999, "class_2024": "informal", "conf_2024": 1.0, "imi_2024": 0.334, "informal_prob_2024": 1.0, "class_2025": "informal", "conf_2025": 1.0, "imi_2025": 0.337, "informal_prob_2025": 1.0, "class_2026": "informal", "conf_2026": 0.992, "imi_2026": 0.33, "informal_prob_2026": 0.992, "trajectory": "stable_informal", "cluster_last": 1, "emerging_score": 0.2014648025452192, "emerging_zone": 0, "building_count": 69.0, "building_density": 0.2052319699555267, "road_density": 392.80779904032278, "ndvi": 0.21047090671025218, "ndbi": 0.099711565882316791, "imi": 0.33005455206336326, "informal_probability": 0.99170645789372913, "confidence": 0.99170645789372913, "explanation": "built-up intensity: 0.80; impervious surface: 0.48; building irregularity: 0.41; building density: 0.19; road structure: 0.00" }, "geometry": { "type": "Polygon", "coordinates": [ [ [ 80.264229875949439, 13.087202635750854 ], [ 80.264227193555925, 13.088106826312982 ], [ 80.26330478631931, 13.088104195147848 ], [ 80.263307472074899, 13.087200004773729 ], [ 80.264229875949439, 13.087202635750854 ] ] ] } },
{ "type": "Feature", "properties": { "cell_id": 329, "row": 10, "col": 9, "class_2019": "informal", "conf_2019": 1.0, "imi_2019": 0.326, "informal_prob_2019": 1.0, "class_2020": "informal", "conf_2020": 1.0, "imi_2020": 0.335, "informal_prob_2020": 1.0, "class_2021": "informal", "conf_2021": 1.0, "imi_2021": 0.347, "informal_prob_2021": 1.0, "class_2022": "informal", "conf_2022": 0.996, "imi_2022": 0.346, "informal_prob_2022": 0.996, "class_2023": "informal", "conf_2023": 1.0, "imi_2023": 0.351, "informal_prob_2023": 1.0, "class_2024": "informal", "conf_2024": 1.0, "imi_2024": 0.341, "informal_prob_2024": 1.0, "class_2025": "informal", "conf_2025": 1.0, "imi_2025": 0.338, "informal_prob_2025": 1.0, "class_2026": "informal", "conf_2026": 1.0, "imi_2026": 0.344, "informal_prob_2026": 1.0, "trajectory": "stable_informal", "cluster_last": 1, "emerging_score": 0.22221463568247202, "emerging_zone": 0, "building_count": 101.0, "building_density": 0.30019608238777534, "road_density": 286.81039719575216, "ndvi": 0.22668203154578806, "ndbi": 0.12312567109504016, "imi": 0.34394840250399333, "informal_probability": 1.0, "confidence": 1.0, "explanation": "built-up intensity: 0.83; impervious surface: 0.44; building irregularity: 0.34; building density: 0.28; road structure: 0.05" }, "geometry": { "type": "Polygon", "coordinates": [ [ [ 80.265152280025632, 13.087205263432397 ], [ 80.265149600994178, 13.088109454182298 ], [ 80.264227193555925, 13.088106826312982 ], [ 80.264229875949439, 13.087202635750854 ], [ 80.265152280025632, 13.087205263432397 ] ] ] } },
{ "type": "Feature", "properties": { "cell_id": 330, "row": 10, "col": 10, "class_2019": "informal", "conf_2019": 0.972, "imi_2019": 0.35, "informal_prob_2019": 0.972, "class_2020": "informal", "conf_2020": 0.965, "imi_2020": 0.361, "informal_prob_2020": 0.965, "class_2021": "informal", "conf_2021": 0.972, "imi_2021": 0.347, "informal_prob_2021": 0.972, "class_2022": "informal", "conf_2022": 0.967, "imi_2022": 0.356, "informal_prob_2022": 0.967, "class_2023": "informal", "conf_2023": 0.879, "imi_2023": 0.367, "informal_prob_2023": 0.879, "class_2024": "informal", "conf_2024": 0.952, "imi_2024": 0.341, "informal_prob_2024": 0.952, "class_2025": "informal", "conf_2025": 0.913, "imi_2025": 0.352, "informal_prob_2025": 0.913, "class_2026": "informal", "conf_2026": 0.968, "imi_2026": 0.353, "informal_prob_2026": 0.968, "trajectory": "stable_informal", "cluster_last": 1, "emerging_score": 0.20367188768501007, "emerging_zone": 0, "building_count": 3.0, "building_density": 0.25597759589590657, "road_density": 271.69680005895526, "ndvi": 0.23922065578401089, "ndbi": 0.12488499394617975, "imi": 0.35283153748510554, "informal_probability": 0.96823356796633542, "confidence": 0.96823356796633542, "explanation": "built-up intensity: 0.84; impervious surface: 0.43; building irregularity: 0.43; building density: 0.24; road structure: 0.05" }, "geometry": { "type": "Polygon", "coordinates": [ [ [ 80.26607468430322, 13.087207887818352 ], [ 80.266072008633827, 13.088112078755792 ], [ 80.265149600994178, 13.088109454182298 ], [ 80.265152280025632, 13.087205263432397 ], [ 80.26607468430322, 13.087207887818352 ] ] ] } },
{ "type": "Feature", "properties": { "cell_id": 331, "row": 10, "col": 11, "class_2019": "informal", "conf_2019": 1.0, "imi_2019": 0.338, "informal_prob_2019": 1.0, "class_2020": "informal", "conf_2020": 1.0, "imi_2020": 0.348, "informal_prob_2020": 1.0, "class_2021": "informal", "conf_2021": 1.0, "imi_2021": 0.337, "informal_prob_2021": 1.0, "class_2022": "informal", "conf_2022": 1.0, "imi_2022": 0.333, "informal_prob_2022": 1.0, "class_2023": "informal", "conf_2023": 0.999, "imi_2023": 0.345, "informal_prob_2023": 0.999, "class_2024": "informal", "conf_2024": 1.0, "imi_2024": 0.328, "informal_prob_2024": 1.0, "class_2025": "informal", "conf_2025": 1.0, "imi_2025": 0.328, "informal_prob_2025": 1.0, "class_2026": "informal", "conf_2026": 0.994, "imi_2026": 0.343, "informal_prob_2026": 0.994, "trajectory": "stable_informal", "cluster_last": 1, "emerging_score": 0.20026095513341799, "emerging_zone": 0, "building_count": 75.0, "building_density": 0.23077097585134465, "road_density": 231.13565524146208, "ndvi": 0.20602317491080613, "ndbi": 0.10418806745437906, "imi": 0.34336304385797595, "informal_probability": 0.9944065816443336, "confidence": 0.9944065816443336, "explanation": "built-up intensity: 0.80; impervious surface: 0.49; building irregularity: 0.40; building density: 0.21; road structure: 0.03" }, "geometry": { "type": "Polygon", "coordinates": [ [ [ 80.266997088781935, 13.087210508908722 ], [ 80.266994416474603, 13.08811470003346 ], [ 80.266072008633827, 13.088112078755792 ], [ 80.26607468430322, 13.087207887818352 ], [ 80.266997088781935, 13.087210508908722 ] ] ] } },
{ "type": "Feature", "properties": { "cell_id": 332, "row": 10, "col": 12, "class_2019": "informal", "conf_2019": 1.0, "imi_2019": 0.352, "informal_prob_2019": 1.0, "class_2020": "informal", "conf_2020": 1.0, "imi_2020": 0.356, "informal_prob_2020": 1.0, "class_2021": "informal", "conf_2021": 1.0, "imi_2021": 0.362, "informal_prob_2021": 1.0, "class_2022": "informal", "conf_2022": 1.0, "imi_2022": 0.341, "informal_prob_2022": 1.0, "class_2023": "informal", "conf_2023": 1.0, "imi_2023": 0.346, "informal_prob_2023": 1.0, "class_2024": "informal", "conf_2024": 1.0, "imi_2024": 0.344, "informal_prob_2024": 1.0, "class_2025": "informal", "conf_2025": 1.0, "imi_2025": 0.354, "informal_prob_2025": 1.0, "class_2026": "informal", "conf_2026": 0.981, "imi_2026": 0.36, "informal_prob_2026": 0.981, "trajectory": "stable_informal", "cluster_last": 1, "emerging_score": 0.20528522085303752, "emerging_zone": 0, "building_count": 90.0, "building_density": 0.2759736315802187, "road_density": 133.22415048344999, "ndvi": 0.20128344489261507, "ndbi": 0.11579910816624761, "imi": 0.36041737093665349, "informal_probability": 0.98131337251161799, "confidence": 0.98131337251161799, "explanation": "built-up intensity: 0.82; impervious surface: 0.53; building irregularity: 0.36; building density: 0.25; road structure: 0.07" }, "geometry": { "type": "Polygon", "coordinates": [ [ [ 80.26791949346152, 13.087213126703494 ], [ 80.267916824516277, 13.088117318015302 ], [ 80.266994416474603, 13.08811470003346 ], [ 80.266997088781935, 13.087210508908722 ], [ 80.26791949346152, 13.087213126703494 ] ] ] } },
{ "type": "Feature", "properties": { "cell_id": 333, "row": 10, "col": 13, "class_2019": "informal", "conf_2019": 0.929, "imi_2019": 0.372, "informal_prob_2019": 0.929, "class_2020": "informal", "conf_2020": 0.922, "imi_2020": 0.367, "informal_prob_2020": 0.922, "class_2021": "informal", "conf_2021": 0.918, "imi_2021": 0.379, "informal_prob_2021": 0.918, "class_2022": "informal", "conf_2022": 0.929, "imi_2022": 0.369, "informal_prob_2022": 0.929, "class_2023": "informal", "conf_2023": 0.927, "imi_2023": 0.374, "informal_prob_2023": 0.927, "class_2024": "informal", "conf_2024": 0.896, "imi_2024": 0.383, "informal_prob_2024": 0.896, "class_2025": "informal", "conf_2025": 0.914, "imi_2025": 0.38, "informal_prob_2025": 0.914, "class_2026": "informal", "conf_2026": 0.925, "imi_2026": 0.378, "informal_prob_2026": 0.925, "trajectory": "stable_informal", "cluster_last": 1, "emerging_score": 0.20776047976782497, "emerging_zone": 0, "building_count": 91.0, "building_density": 0.29219758155235992, "road_density": 146.71295029424158, "ndvi": 0.20845002536661922, "ndbi": 0.11906128040980547, "imi": 0.37821906654883736, "informal_probability": 0.92467211105505454, "confidence": 0.92467211105505454, "explanation": "built-up intensity: 0.83; impervious surface: 0.46; building irregularity: 0.34; building density: 0.27; road structure: 0.12" }, "geometry": { "type": "Polygon", "coordinates": [ [ [ 80.268841898341748, 13.087215741202668 ], [ 80.26883923275858, 13.088119932701307 ], [ 80.267916824516277, 13.088117318015302 ], [ 80.26791949346152, 13.087213126703494 ], [ 80.268841898341748, 13.087215741202668 ] ] ] } },
{ "type": "Feature", "properties": { "cell_id": 359, "row": 11, "col": 7, "class_2019": "informal", "conf_2019": 0.96, "imi_2019": 0.328, "informal_prob_2019": 0.96, "class_2020": "informal", "conf_2020": 0.977, "imi_2020": 0.317, "informal_prob_2020": 0.977, "class_2021": "informal", "conf_2021": 0.971, "imi_2021": 0.317, "informal_prob_2021": 0.971, "class_2022": "informal", "conf_2022": 0.981, "imi_2022": 0.331, "informal_prob_2022": 0.981, "class_2023": "informal", "conf_2023": 0.97, "imi_2023": 0.325, "informal_prob_2023": 0.97, "class_2024": "informal", "conf_2024": 0.973, "imi_2024": 0.333, "informal_prob_2024": 0.973, "class_2025": "informal", "conf_2025": 0.977, "imi_2025": 0.323, "informal_prob_2025": 0.977, "class_2026": "informal", "conf_2026": 0.967, "imi_2026": 0.317, "informal_prob_2026": 0.967, "trajectory": "stable_informal", "cluster_last": 1, "emerging_score": 0.19549647575712426, "emerging_zone": 0, "building_count": 3.0, "building_density": 0.23669618729234193, "road_density": 145.50137743364829, "ndvi": 0.23253257186268456, "ndbi": 0.13230033074738456, "imi": 0.31709233464316866, "informal_probability": 0.96667520990900979, "confidence": 0.96667520990900979, "explanation": "built-up intensity: 0.85; impervious surface: 0.36; building density: 0.22; building irregularity: 0.20; road structure: 0.09" }, "geometry": { "type": "Polygon", "coordinates": [ [ [ 80.263310157628581, 13.086295814335845 ], [ 80.263307472074899, 13.087200004773729 ], [ 80.262385068402239, 13.087197370501025 ], [ 80.26238775731774, 13.086293180251381 ], [ 80.263310157628581, 13.086295814335845 ] ] ] } },
{ "type": "Feature", "properties": { "cell_id": 360, "row": 11, "col": 8, "class_2019": "informal", "conf_2019": 0.999, "imi_2019": 0.35, "informal_prob_2019": 0.999, "class_2020": "informal", "conf_2020": 1.0, "imi_2020": 0.341, "informal_prob_2020": 1.0, "class_2021": "informal", "conf_2021": 0.999, "imi_2021": 0.343, "informal_prob_2021": 0.999, "class_2022": "informal", "conf_2022": 1.0, "imi_2022": 0.342, "informal_prob_2022": 1.0, "class_2023": "informal", "conf_2023": 1.0, "imi_2023": 0.337, "informal_prob_2023": 1.0, "class_2024": "informal", "conf_2024": 1.0, "imi_2024": 0.337, "informal_prob_2024": 1.0, "class_2025": "informal", "conf_2025": 1.0, "imi_2025": 0.33, "informal_prob_2025": 1.0, "class_2026": "informal", "conf_2026": 1.0, "imi_2026": 0.319, "informal_prob_2026": 1.0, "trajectory": "stable_informal", "cluster_last": 1, "emerging_score": 0.1649440216901856, "emerging_zone": 0, "building_count": 71.0, "building_density": 0.21658196835143259, "road_density": 260.17883079513285, "ndvi": 0.24072821464389563, "ndbi": 0.10671191484492738, "imi": 0.3188445515005392, "informal_probability": 1.0, "confidence": 1.0, "explanation": "built-up intensity: 0.81; building irregularity: 0.37; impervious surface: 0.35; building density: 0.20; road structure: 0.06" }, "geometry": { "type": "Polygon", "coordinates": [ [ [ 80.26423255814133, 13.086298445124964 ], [ 80.264229875949439, 13.087202635750854 ], [ 80.263307472074899, 13.087200004773729 ], [ 80.263310157628581, 13.086295814335845 ], [ 80.26423255814133, 13.086298445124964 ] ] ] } },
{ "type": "Feature", "properties": { "cell_id": 361, "row": 11, "col": 9, "class_2019": "informal", "conf_2019": 0.964, "imi_2019": 0.313, "informal_prob_2019": 0.964, "class_2020": "informal", "conf_2020": 0.973, "imi_2020": 0.317, "informal_prob_2020": 0.973, "class_2021": "informal", "conf_2021": 0.968, "imi_2021": 0.323, "informal_prob_2021": 0.968, "class_2022": "informal", "conf_2022": 0.97, "imi_2022": 0.303, "informal_prob_2022": 0.97, "class_2023": "informal", "conf_2023": 0.954, "imi_2023": 0.324, "informal_prob_2023": 0.954, "class_2024": "informal", "conf_2024": 0.974, "imi_2024": 0.321, "informal_prob_2024": 0.974, "class_2025": "informal", "conf_2025": 0.97, "imi_2025": 0.319, "informal_prob_2025": 0.97, "class_2026": "informal", "conf_2026": 0.958, "imi_2026": 0.322, "informal_prob_2026": 0.958, "trajectory": "stable_informal", "cluster_last": 1, "emerging_score": 0.20594369174022209, "emerging_zone": 0, "building_count": 4.0, "building_density": 0.33154761059380733, "road_density": 385.01686067675718, "ndvi": 0.22385458326432853, "ndbi": 0.11705969599890523, "imi": 0.32169201917317691, "informal_probability": 0.9578680118484364, "confidence": 0.9578680118484364, "explanation": "built-up intensity: 0.82; impervious surface: 0.41; building density: 0.31; building irregularity: 0.19; road structure: 0.04" }, "geometry": { "type": "Polygon", "coordinates": [ [ [ 80.265154958855703, 13.086301072618733 ], [ 80.265152280025632, 13.087205263432397 ], [ 80.264229875949439, 13.087202635750854 ], [ 80.26423255814133, 13.086298445124964 ], [ 80.265154958855703, 13.086301072618733 ] ] ] } },
{ "type": "Feature", "properties": { "cell_id": 362, "row": 11, "col": 10, "class_2019": "informal", "conf_2019": 1.0, "imi_2019": 0.337, "informal_prob_2019": 1.0, "class_2020": "informal", "conf_2020": 1.0, "imi_2020": 0.327, "informal_prob_2020": 1.0, "class_2021": "informal", "conf_2021": 1.0, "imi_2021": 0.319, "informal_prob_2021": 1.0, "class_2022": "informal", "conf_2022": 1.0, "imi_2022": 0.326, "informal_prob_2022": 1.0, "class_2023": "informal", "conf_2023": 1.0, "imi_2023": 0.323, "informal_prob_2023": 1.0, "class_2024": "informal", "conf_2024": 1.0, "imi_2024": 0.328, "informal_prob_2024": 1.0, "class_2025": "informal", "conf_2025": 1.0, "imi_2025": 0.324, "informal_prob_2025": 1.0, "class_2026": "informal", "conf_2026": 0.999, "imi_2026": 0.347, "informal_prob_2026": 0.999, "trajectory": "stable_informal", "cluster_last": 1, "emerging_score": 0.2092487762127124, "emerging_zone": 0, "building_count": 61.0, "building_density": 0.18455040998392899, "road_density": 154.16647451983488, "ndvi": 0.19938356912674862, "ndbi": 0.1194425937673077, "imi": 0.34660920276689738, "informal_probability": 0.99882882882882884, "confidence": 0.99882882882882884, "explanation": "built-up intensity: 0.83; impervious surface: 0.55; building irregularity: 0.37; building density: 0.17; road structure: 0.06" }, "geometry": { "type": "Polygon", "coordinates": [ [ [ 80.266077359771458, 13.086303696817154 ], [ 80.26607468430322, 13.087207887818352 ], [ 80.265152280025632, 13.087205263432397 ], [ 80.265154958855703, 13.086301072618733 ], [ 80.266077359771458, 13.086303696817154 ] ] ] } },
{ "type": "Feature", "properties": { "cell_id": 363, "row": 11, "col": 11, "class_2019": "informal", "conf_2019": 0.999, "imi_2019": 0.344, "informal_prob_2019": 0.999, "class_2020": "informal", "conf_2020": 1.0, "imi_2020": 0.34, "informal_prob_2020": 1.0, "class_2021": "informal", "conf_2021": 0.996, "imi_2021": 0.344, "informal_prob_2021": 0.996, "class_2022": "informal", "conf_2022": 1.0, "imi_2022": 0.333, "informal_prob_2022": 1.0, "class_2023": "informal", "conf_2023": 1.0, "imi_2023": 0.324, "informal_prob_2023": 1.0, "class_2024": "informal", "conf_2024": 1.0, "imi_2024": 0.336, "informal_prob_2024": 1.0, "class_2025": "informal", "conf_2025": 1.0, "imi_2025": 0.324, "informal_prob_2025": 1.0, "class_2026": "informal", "conf_2026": 1.0, "imi_2026": 0.343, "informal_prob_2026": 1.0, "trajectory": "stable_informal", "cluster_last": 1, "emerging_score": 0.2004693749176551, "emerging_zone": 0, "building_count": 85.0, "building_density": 0.24961023370031044, "road_density": 313.02750478097937, "ndvi": 0.21898540520109236, "ndbi": 0.12659003567416222, "imi": 0.34323212954056082, "informal_probability": 1.0, "confidence": 1.0, "explanation": "built-up intensity: 0.84; impervious surface: 0.43; building irregularity: 0.38; building density: 0.23; road structure: 0.03" }, "geometry": { "type": "Polygon", "coordinates": [ [ [ 80.266999760888353, 13.08630631772022 ], [ 80.266997088781935, 13.087210508908722 ], [ 80.26607468430322, 13.087207887818352 ], [ 80.266077359771458, 13.086303696817154 ], [ 80.266999760888353, 13.08630631772022 ] ] ] } },
{ "type": "Feature", "properties": { "cell_id": 364, "row": 11, "col": 12, "class_2019": "informal", "conf_2019": 0.999, "imi_2019": 0.324, "informal_prob_2019": 0.999, "class_2020": "informal", "conf_2020": 0.999, "imi_2020": 0.343, "informal_prob_2020": 0.999, "class_2021": "informal", "conf_2021": 0.999, "imi_2021": 0.333, "informal_prob_2021": 0.999, "class_2022": "informal", "conf_2022": 0.995, "imi_2022": 0.314, "informal_prob_2022": 0.995, "class_2023": "informal", "conf_2023": 0.999, "imi_2023": 0.327, "informal_prob_2023": 0.999, "class_2024": "informal", "conf_2024": 0.999, "imi_2024": 0.337, "informal_prob_2024": 0.999, "class_2025": "informal", "conf_2025": 0.992, "imi_2025": 0.338, "informal_prob_2025": 0.992, "class_2026": "informal", "conf_2026": 0.999, "imi_2026": 0.33, "informal_prob_2026": 0.999, "trajectory": "stable_informal", "cluster_last": 1, "emerging_score": 0.20957768622817541, "emerging_zone": 0, "building_count": 60.0, "building_density": 0.18392833204875123, "road_density": 302.54862457732997, "ndvi": 0.236517534814775, "ndbi": 0.11936701863305643, "imi": 0.33024741304167704, "informal_probability": 0.99882882882882884, "confidence": 0.99882882882882884, "explanation": "built-up intensity: 0.83; impervious surface: 0.40; building irregularity: 0.38; building density: 0.17; road structure: 0.03" }, "geometry": { "type": "Polygon", "coordinates": [ [ [ 80.267922162206119, 13.086308935327926 ], [ 80.26791949346152, 13.087213126703494 ], [ 80.266997088781935, 13.087210508908722 ], [ 80.266999760888353, 13.08630631772022 ], [ 80.267922162206119, 13.086308935327926 ] ] ] } },
{ "type": "Feature", "properties": { "cell_id": 391, "row": 12, "col": 7, "class_2019": "informal", "conf_2019": 1.0, "imi_2019": 0.355, "informal_prob_2019": 1.0, "class_2020": "informal", "conf_2020": 0.995, "imi_2020": 0.339, "informal_prob_2020": 0.995, "class_2021": "informal", "conf_2021": 1.0, "imi_2021": 0.341, "informal_prob_2021": 1.0, "class_2022": "informal", "conf_2022": 1.0, "imi_2022": 0.343, "informal_prob_2022": 1.0, "class_2023": "informal", "conf_2023": 1.0, "imi_2023": 0.339, "informal_prob_2023": 1.0, "class_2024": "informal", "conf_2024": 1.0, "imi_2024": 0.333, "informal_prob_2024": 1.0, "class_2025": "informal", "conf_2025": 1.0, "imi_2025": 0.34, "informal_prob_2025": 1.0, "class_2026": "informal", "conf_2026": 1.0, "imi_2026": 0.331, "informal_prob_2026": 1.0, "trajectory": "stable_informal", "cluster_last": 1, "emerging_score": 0.17309943943903061, "emerging_zone": 0, "building_count": 96.0, "building_density": 0.27320072537118506, "road_density": 230.01443912237224, "ndvi": 0.23507879985496402, "ndbi": 0.11975328021799214, "imi": 0.33100833784180561, "informal_probability": 1.0, "confidence": 1.0, "explanation": "built-up intensity: 0.83; building irregularity: 0.39; impervious surface: 0.35; building density: 0.25; road structure: 0.05" }, "geometry": { "type": "Polygon", "coordinates": [ [ [ 80.263312842980397, 13.0853916238342 ], [ 80.263310157628581, 13.086295814335845 ], [ 80.26238775731774, 13.086293180251381 ], [ 80.262390446031091, 13.085388989937979 ], [ 80.263312842980397, 13.0853916238342 ] ] ] } },
{ "type": "Feature", "properties": { "cell_id": 392, "row": 12, "col": 8, "class_2019": "informal", "conf_2019": 0.999, "imi_2019": 0.317, "informal_prob_2019": 0.999, "class_2020": "informal", "conf_2020": 0.999, "imi_2020": 0.312, "informal_prob_2020": 0.999, "class_2021": "informal", "conf_2021": 0.999, "imi_2021": 0.319, "informal_prob_2021": 0.999, "class_2022": "informal", "conf_2022": 0.999, "imi_2022": 0.321, "informal_prob_2022": 0.999, "class_2023": "informal", "conf_2023": 0.999, "imi_2023": 0.31, "informal_prob_2023": 0.999, "class_2024": "informal", "conf_2024": 0.998, "imi_2024": 0.318, "informal_prob_2024": 0.998, "class_2025": "informal", "conf_2025": 0.999, "imi_2025": 0.319, "informal_prob_2025": 0.999, "class_2026": "informal", "conf_2026": 0.944, "imi_2026": 0.328, "informal_prob_2026": 0.944, "trajectory": "stable_informal", "cluster_last": 1, "emerging_score": 0.20876722650465063, "emerging_zone": 0, "building_count": 63.0, "building_density": 0.1799979058298993, "road_density": 338.82444815564747, "ndvi": 0.19262058790307493, "ndbi": 0.10374937644694, "imi": 0.32836535295421021, "informal_probability": 0.94374159274607716, "confidence": 0.94374159274607716, "explanation": "built-up intensity: 0.80; impervious surface: 0.56; building irregularity: 0.38; building density: 0.17; road structure: 0.02" }, "geometry": { "type": "Polygon", "coordinates": [ [ [ 80.264235240131569, 13.085394254435313 ], [ 80.26423255814133, 13.086298445124964 ], [ 80.263310157628581, 13.086295814335845 ], [ 80.263312842980397, 13.0853916238342 ], [ 80.264235240131569, 13.085394254435313 ] ] ] } },
{ "type": "Feature", "properties": { "cell_id": 393, "row": 12, "col": 9, "class_2019": "informal", "conf_2019": 0.999, "imi_2019": 0.365, "informal_prob_2019": 0.999, "class_2020": "informal", "conf_2020": 1.0, "imi_2020": 0.342, "informal_prob_2020": 1.0, "class_2021": "informal", "conf_2021": 1.0, "imi_2021": 0.344, "informal_prob_2021": 1.0, "class_2022": "informal", "conf_2022": 1.0, "imi_2022": 0.355, "informal_prob_2022": 1.0, "class_2023": "informal", "conf_2023": 1.0, "imi_2023": 0.341, "informal_prob_2023": 1.0, "class_2024": "informal", "conf_2024": 1.0, "imi_2024": 0.346, "informal_prob_2024": 1.0, "class_2025": "informal", "conf_2025": 0.994, "imi_2025": 0.33, "informal_prob_2025": 0.994, "class_2026": "informal", "conf_2026": 1.0, "imi_2026": 0.347, "informal_prob_2026": 1.0, "trajectory": "stable_informal", "cluster_last": 1, "emerging_score": 0.18581245789260456, "emerging_zone": 0, "building_count": 110.0, "building_density": 0.32337799588712834, "road_density": 489.87723456380786, "ndvi": 0.2497655631438829, "ndbi": 0.13069694524689113, "imi": 0.34725417442891376, "informal_probability": 1.0, "confidence": 1.0, "explanation": "built-up intensity: 0.84; building irregularity: 0.37; impervious surface: 0.35; building density: 0.30; road structure: 0.01" }, "geometry": { "type": "Polygon", "coordinates": [ [ [ 80.265157637484393, 13.085396881741312 ], [ 80.265154958855703, 13.086301072618733 ], [ 80.26423255814133, 13.086298445124964 ], [ 80.264235240131569, 13.085394254435313 ], [ 80.265157637484393, 13.085396881741312 ] ] ] } },
{ "type": "Feature", "properties": { "cell_id": 395, "row": 12, "col": 11, "class_2019": "informal", "conf_2019": 1.0, "imi_2019": 0.329, "informal_prob_2019": 1.0, "class_2020": "informal", "conf_2020": 1.0, "imi_2020": 0.335, "informal_prob_2020": 1.0, "class_2021": "informal", "conf_2021": 1.0, "imi_2021": 0.33, "informal_prob_2021": 1.0, "class_2022": "informal", "conf_2022": 1.0, "imi_2022": 0.343, "informal_prob_2022": 1.0, "class_2023": "informal", "conf_2023": 1.0, "imi_2023": 0.341, "informal_prob_2023": 1.0, "class_2024": "informal", "conf_2024": 1.0, "imi_2024": 0.334, "informal_prob_2024": 1.0, "class_2025": "informal", "conf_2025": 1.0, "imi_2025": 0.345, "informal_prob_2025": 1.0, "class_2026": "informal", "conf_2026": 1.0, "imi_2026": 0.351, "informal_prob_2026": 1.0, "trajectory": "stable_informal", "cluster_last": 1, "emerging_score": 0.2258741073169469, "emerging_zone": 0, "building_count": 68.0, "building_density": 0.19809475568435389, "road_density": 319.78592946803889, "ndvi": 0.21578959183301777, "ndbi": 0.1231858653575182, "imi": 0.35114218402501896, "informal_probability": 1.0, "confidence": 1.0, "explanation": "built-up intensity: 0.83; impervious surface: 0.47; building irregularity: 0.40; building density: 0.18; road structure: 0.02" }, "geometry": { "type": "Polygon", "coordinates": [ [ [ 80.267002432793916, 13.085402126467965 ], [ 80.266999760888353, 13.08630631772022 ], [ 80.266077359771458, 13.086303696817154 ], [ 80.266080035038584, 13.085399505752195 ], [ 80.267002432793916, 13.085402126467965 ] ] ] } },
{ "type": "Feature", "properties": { "cell_id": 396, "row": 12, "col": 12, "class_2019": "informal", "conf_2019": 0.996, "imi_2019": 0.338, "informal_prob_2019": 0.996, "class_2020": "informal", "conf_2020": 1.0, "imi_2020": 0.351, "informal_prob_2020": 1.0, "class_2021": "informal", "conf_2021": 0.964, "imi_2021": 0.35, "informal_prob_2021": 0.964, "class_2022": "informal", "conf_2022": 0.991, "imi_2022": 0.332, "informal_prob_2022": 0.991, "class_2023": "informal", "conf_2023": 0.987, "imi_2023": 0.351, "informal_prob_2023": 0.987, "class_2024": "informal", "conf_2024": 0.993, "imi_2024": 0.355, "informal_prob_2024": 0.993, "class_2025": "informal", "conf_2025": 0.993, "imi_2025": 0.351, "informal_prob_2025": 0.993, "class_2026": "informal", "conf_2026": 0.992, "imi_2026": 0.367, "informal_prob_2026": 0.992, "trajectory": "stable_informal", "cluster_last": 1, "emerging_score": 0.22981972465913367, "emerging_zone": 0, "building_count": 69.0, "building_density": 0.2035243852863664, "road_density": 404.91055057040603, "ndvi": 0.20773145643994212, "ndbi": 0.12079425845644437, "imi": 0.3667420344304762, "informal_probability": 0.9919675413433956, "confidence": 0.9919675413433956, "explanation": "built-up intensity: 0.83; impervious surface: 0.53; building irregularity: 0.39; building density: 0.19; road structure: 0.04" }, "geometry": { "type": "Polygon", "coordinates": [ [ [ 80.267924830750118, 13.085404743888606 ], [ 80.267922162206119, 13.086308935327926 ], [ 80.266999760888353, 13.08630631772022 ], [ 80.267002432793916, 13.085402126467965 ], [ 80.267924830750118, 13.085404743888606 ] ] ] } },
{ "type": "Feature", "properties": { "cell_id": 405, "row": 12, "col": 21, "class_2019": "informal", "conf_2019": 0.999, "imi_2019": 0.315, "informal_prob_2019": 0.999, "class_2020": "informal", "conf_2020": 1.0, "imi_2020": 0.324, "informal_prob_2020": 1.0, "class_2021": "informal", "conf_2021": 0.998, "imi_2021": 0.32, "informal_prob_2021": 0.998, "class_2022": "informal", "conf_2022": 1.0, "imi_2022": 0.325, "informal_prob_2022": 1.0, "class_2023": "informal", "conf_2023": 1.0, "imi_2023": 0.327, "informal_prob_2023": 1.0, "class_2024": "informal", "conf_2024": 0.995, "imi_2024": 0.319, "informal_prob_2024": 0.995, "class_2025": "informal", "conf_2025": 1.0, "imi_2025": 0.317, "informal_prob_2025": 1.0, "class_2026": "informal", "conf_2026": 0.999, "imi_2026": 0.331, "informal_prob_2026": 0.999, "trajectory": "stable_informal", "cluster_last": 2, "emerging_score": 0.21996535022406927, "emerging_zone": 0, "building_count": 85.0, "building_density": 0.24854484300772148, "road_density": 379.41899869476902, "ndvi": 0.20485755967674776, "ndbi": 0.12392785030009691, "imi": 0.33066359284919666, "informal_probability": 0.99879166666666663, "confidence": 0.99879166666666663, "explanation": "built-up intensity: 0.83; impervious surface: 0.51; building irregularity: 0.39; building density: 0.23; road structure: 0.04" }, "geometry": { "type": "Polygon", "coordinates": [ [ [ 80.276226421353599, 13.085428152393369 ], [ 80.276223783063912, 13.086332345505673 ], [ 80.275301379949596, 13.08632975755633 ], [ 80.275304021600888, 13.085425564628974 ], [ 80.276226421353599, 13.085428152393369 ] ] ] } },
{ "type": "Feature", "properties": { "cell_id": 424, "row": 13, "col": 8, "class_2019": "informal", "conf_2019": 1.0, "imi_2019": 0.333, "informal_prob_2019": 1.0, "class_2020": "informal", "conf_2020": 1.0, "imi_2020": 0.332, "informal_prob_2020": 1.0, "class_2021": "informal", "conf_2021": 0.996, "imi_2021": 0.352, "informal_prob_2021": 0.996, "class_2022": "informal", "conf_2022": 0.999, "imi_2022": 0.331, "informal_prob_2022": 0.999, "class_2023": "informal", "conf_2023": 0.999, "imi_2023": 0.343, "informal_prob_2023": 0.999, "class_2024": "informal", "conf_2024": 1.0, "imi_2024": 0.333, "informal_prob_2024": 1.0, "class_2025": "informal", "conf_2025": 1.0, "imi_2025": 0.327, "informal_prob_2025": 1.0, "class_2026": "informal", "conf_2026": 1.0, "imi_2026": 0.333, "informal_prob_2026": 1.0, "trajectory": "stable_informal", "cluster_last": 1, "emerging_score": 0.19772992888458032, "emerging_zone": 0, "building_count": 106.0, "building_density": 0.31671459846927213, "road_density": 262.55007870570199, "ndvi": 0.21512227344326676, "ndbi": 0.11062535008706618, "imi": 0.33349677475301442, "informal_probability": 1.0, "confidence": 1.0, "explanation": "built-up intensity: 0.81; impervious surface: 0.47; building irregularity: 0.36; building density: 0.29; road structure: 0.04" }, "geometry": { "type": "Polygon", "coordinates": [ [ [ 80.264237921920184, 13.084490063681899 ], [ 80.264235240131569, 13.085394254435313 ], [ 80.263312842980397, 13.0853916238342 ], [ 80.263315528130306, 13.084487433268793 ], [ 80.264237921920184, 13.084490063681899 ] ] ] } },
{ "type": "Feature", "properties": { "cell_id": 425, "row": 13, "col": 9, "class_2019": "informal", "conf_2019": 0.996, "imi_2019": 0.337, "informal_prob_2019": 0.996, "class_2020": "informal", "conf_2020": 1.0, "imi_2020": 0.32, "informal_prob_2020": 1.0, "class_2021": "informal", "conf_2021": 1.0, "imi_2021": 0.339, "informal_prob_2021": 1.0, "class_2022": "informal", "conf_2022": 0.994, "imi_2022": 0.354, "informal_prob_2022": 0.994, "class_2023": "informal", "conf_2023": 0.999, "imi_2023": 0.318, "informal_prob_2023": 0.999, "class_2024": "informal", "conf_2024": 1.0, "imi_2024": 0.321, "informal_prob_2024": 1.0, "class_2025": "informal", "conf_2025": 1.0, "imi_2025": 0.329, "informal_prob_2025": 1.0, "class_2026": "informal", "conf_2026": 1.0, "imi_2026": 0.353, "informal_prob_2026": 1.0, "trajectory": "stable_informal", "cluster_last": 1, "emerging_score": 0.21750549594736876, "emerging_zone": 0, "building_count": 94.0, "building_density": 0.2784137635590509, "road_density": 427.92773300048214, "ndvi": 0.21454293509945274, "ndbi": 0.12187662590877153, "imi": 0.3530370614773678, "informal_probability": 1.0, "confidence": 1.0, "explanation": "built-up intensity: 0.83; impervious surface: 0.53; building irregularity: 0.37; building density: 0.26; road structure: 0.01" }, "geometry": { "type": "Polygon", "coordinates": [ [ [ 80.265160315911686, 13.084492690800131 ], [ 80.265157637484393, 13.085396881741312 ], [ 80.264235240131569, 13.085394254435313 ], [ 80.264237921920184, 13.084490063681899 ], [ 80.265160315911686, 13.084492690800131 ] ] ] } },
{ "type": "Feature", "properties": { "cell_id": 426, "row": 13, "col": 10, "class_2019": "informal", "conf_2019": 1.0, "imi_2019": 0.365, "informal_prob_2019": 1.0, "class_2020": "informal", "conf_2020": 1.0, "imi_2020": 0.354, "informal_prob_2020": 1.0, "class_2021": "informal", "conf_2021": 0.998, "imi_2021": 0.342, "informal_prob_2021": 0.998, "class_2022": "informal", "conf_2022": 0.993, "imi_2022": 0.377, "informal_prob_2022": 0.993, "class_2023": "informal", "conf_2023": 0.991, "imi_2023": 0.371, "informal_prob_2023": 0.991, "class_2024": "informal", "conf_2024": 1.0, "imi_2024": 0.346, "informal_prob_2024": 1.0, "class_2025": "informal", "conf_2025": 0.998, "imi_2025": 0.346, "informal_prob_2025": 0.998, "class_2026": "informal", "conf_2026": 0.996, "imi_2026": 0.377, "informal_prob_2026": 0.996, "trajectory": "stable_informal", "cluster_last": 1, "emerging_score": 0.20799436464667601, "emerging_zone": 0, "building_count": 110.0, "building_density": 0.33733637315371751, "road_density": 297.48112980277983, "ndvi": 0.22088923569768668, "ndbi": 0.11989330646989402, "imi": 0.3774281645329573, "informal_probability": 0.99586309817951812, "confidence": 0.99586309817951812, "explanation": "built-up intensity: 0.83; impervious surface: 0.54; building irregularity: 0.35; building density: 0.31; road structure: 0.03" }, "geometry": { "type": "Polygon", "coordinates": [ [ [ 80.266082710104584, 13.084495314623483 ], [ 80.266080035038584, 13.085399505752195 ], [ 80.265157637484393, 13.085396881741312 ], [ 80.265160315911686, 13.084492690800131 ], [ 80.266082710104584, 13.084495314623483 ] ] ] } },
{ "type": "Feature", "properties": { "cell_id": 436, "row": 13, "col": 20, "class_2019": "informal", "conf_2019": 1.0, "imi_2019": 0.333, "informal_prob_2019": 1.0, "class_2020": "informal", "conf_2020": 0.996, "imi_2020": 0.342, "informal_prob_2020": 0.996, "class_2021": "informal", "conf_2021": 0.99, "imi_2021": 0.339, "informal_prob_2021": 0.99, "class_2022": "informal", "conf_2022": 0.992, "imi_2022": 0.325, "informal_prob_2022": 0.992, "class_2023": "informal", "conf_2023": 0.999, "imi_2023": 0.338, "informal_prob_2023": 0.999, "class_2024": "informal", "conf_2024": 1.0, "imi_2024": 0.349, "informal_prob_2024": 1.0, "class_2025": "informal", "conf_2025": 0.999, "imi_2025": 0.344, "informal_prob_2025": 0.999, "class_2026": "informal", "conf_2026": 1.0, "imi_2026": 0.338, "informal_prob_2026": 1.0, "trajectory": "stable_informal", "cluster_last": 2, "emerging_score": 0.20533519134170791, "emerging_zone": 0, "building_count": 69.0, "building_density": 0.20938286090692929, "road_density": 153.27072566198513, "ndvi": 0.23497851198073477, "ndbi": 0.12038441966753453, "imi": 0.33838563234170149, "informal_probability": 1.0, "confidence": 1.0, "explanation": "built-up intensity: 0.83; impervious surface: 0.40; building irregularity: 0.38; building density: 0.19; road structure: 0.09" }, "geometry": { "type": "Polygon", "coordinates": [ [ [ 80.27530666305357, 13.084521371637873 ], [ 80.275304021600888, 13.085425564628974 ], [ 80.274381622046775, 13.085422973569425 ], [ 80.274384266860821, 13.084518780763505 ], [ 80.27530666305357, 13.084521371637873 ] ] ] } },
{ "type": "Feature", "properties": { "cell_id": 437, "row": 13, "col": 21, "class_2019": "informal", "conf_2019": 0.999, "imi_2019": 0.29, "informal_prob_2019": 0.999, "class_2020": "informal", "conf_2020": 0.999, "imi_2020": 0.29, "informal_prob_2020": 0.999, "class_2021": "informal", "conf_2021": 0.992, "imi_2021": 0.296, "informal_prob_2021": 0.992, "class_2022": "informal", "conf_2022": 0.999, "imi_2022": 0.306, "informal_prob_2022": 0.999, "class_2023": "informal", "conf_2023": 0.993, "imi_2023": 0.308, "informal_prob_2023": 0.993, "class_2024": "informal", "conf_2024": 0.995, "imi_2024": 0.292, "informal_prob_2024": 0.995, "class_2025": "informal", "conf_2025": 0.998, "imi_2025": 0.313, "informal_prob_2025": 0.998, "class_2026": "informal", "conf_2026": 0.997, "imi_2026": 0.296, "informal_prob_2026": 0.997, "trajectory": "stable_informal", "cluster_last": 2, "emerging_score": 0.21227563333837104, "emerging_zone": 0, "building_count": 63.0, "building_density": 0.18017124419560662, "road_density": 202.57134852852229, "ndvi": 0.22995880522765219, "ndbi": 0.13687734046950936, "imi": 0.29633634944419651, "informal_probability": 0.9967441860465116, "confidence": 0.9967441860465116, "explanation": "built-up intensity: 0.85; building irregularity: 0.36; impervious surface: 0.34; building density: 0.17; road structure: 0.09" }, "geometry": { "type": "Polygon", "coordinates": [ [ [ 80.27622905944493, 13.084523959217327 ], [ 80.276226421353599, 13.085428152393369 ], [ 80.275304021600888, 13.085425564628974 ], [ 80.27530666305357, 13.084521371637873 ], [ 80.27622905944493, 13.084523959217327 ] ] ] } },
{ "type": "Feature", "properties": { "cell_id": 440, "row": 13, "col": 24, "class_2019": "informal", "conf_2019": 1.0, "imi_2019": 0.31, "informal_prob_2019": 1.0, "class_2020": "informal", "conf_2020": 1.0, "imi_2020": 0.327, "informal_prob_2020": 1.0, "class_2021": "informal", "conf_2021": 1.0, "imi_2021": 0.32, "informal_prob_2021": 1.0, "class_2022": "informal", "conf_2022": 1.0, "imi_2022": 0.326, "informal_prob_2022": 1.0, "class_2023": "informal", "conf_2023": 1.0, "imi_2023": 0.301, "informal_prob_2023": 1.0, "class_2024": "informal", "conf_2024": 1.0, "imi_2024": 0.301, "informal_prob_2024": 1.0, "class_2025": "informal", "conf_2025": 1.0, "imi_2025": 0.305, "informal_prob_2025": 1.0, "class_2026": "informal", "conf_2026": 1.0, "imi_2026": 0.31, "informal_prob_2026": 1.0, "trajectory": "stable_informal", "cluster_last": 3, "emerging_score": 0.1988187014291706, "emerging_zone": 0, "building_count": 94.0, "building_density": 0.27954669032102603, "road_density": 270.12095988418798, "ndvi": 0.2435025030086399, "ndbi": 0.12372620172798633, "imi": 0.31045133153922289, "informal_probability": 1.0, "confidence": 1.0, "explanation": "built-up intensity: 0.83; building irregularity: 0.40; impervious surface: 0.37; building density: 0.26; road structure: 0.03" }, "geometry": { "type": "Polygon", "coordinates": [ [ [ 80.278996249808046, 13.084531702186164 ], [ 80.278993621800794, 13.085435895915619 ], [ 80.278071221453786, 13.085433318036699 ], [ 80.278073852822416, 13.084529124491477 ], [ 80.278996249808046, 13.084531702186164 ] ] ] } },
{ "type": "Feature", "properties": { "cell_id": 441, "row": 13, "col": 25, "class_2019": "informal", "conf_2019": 0.993, "imi_2019": 0.321, "informal_prob_2019": 0.993, "class_2020": "informal", "conf_2020": 0.998, "imi_2020": 0.334, "informal_prob_2020": 0.998, "class_2021": "informal", "conf_2021": 0.969, "imi_2021": 0.321, "informal_prob_2021": 0.969, "class_2022": "informal", "conf_2022": 1.0, "imi_2022": 0.314, "informal_prob_2022": 1.0, "class_2023": "informal", "conf_2023": 1.0, "imi_2023": 0.309, "informal_prob_2023": 1.0, "class_2024": "informal", "conf_2024": 0.999, "imi_2024": 0.331, "informal_prob_2024": 0.999, "class_2025": "informal", "conf_2025": 1.0, "imi_2025": 0.311, "informal_prob_2025": 1.0, "class_2026": "informal", "conf_2026": 1.0, "imi_2026": 0.328, "informal_prob_2026": 1.0, "trajectory": "stable_informal", "cluster_last": 3, "emerging_score": 0.21156726460167505, "emerging_zone": 0, "building_count": 94.0, "building_density": 0.28118680061351425, "road_density": 142.36110531873376, "ndvi": 0.21445628593210131, "ndbi": 0.11483195966109633, "imi": 0.32840466620177033, "informal_probability": 1.0, "confidence": 1.0, "explanation": "built-up intensity: 0.82; impervious surface: 0.49; building irregularity: 0.35; building density: 0.26; road structure: 0.09" }, "geometry": { "type": "Polygon", "coordinates": [ [ [ 80.279918646991277, 13.08453427658592 ], [ 80.279916022345361, 13.085438470499378 ], [ 80.278993621800794, 13.085435895915619 ], [ 80.278996249808046, 13.084531702186164 ], [ 80.279918646991277, 13.08453427658592 ] ] ] } },
{ "type": "Feature", "properties": { "cell_id": 457, "row": 14, "col": 9, "class_2019": "informal", "conf_2019": 0.979, "imi_2019": 0.363, "informal_prob_2019": 0.979, "class_2020": "informal", "conf_2020": 0.983, "imi_2020": 0.331, "informal_prob_2020": 0.983, "class_2021": "informal", "conf_2021": 0.987, "imi_2021": 0.343, "informal_prob_2021": 0.987, "class_2022": "informal", "conf_2022": 0.981, "imi_2022": 0.353, "informal_prob_2022": 0.981, "class_2023": "informal", "conf_2023": 0.984, "imi_2023": 0.362, "informal_prob_2023": 0.984, "class_2024": "informal", "conf_2024": 0.981, "imi_2024": 0.346, "informal_prob_2024": 0.981, "class_2025": "informal", "conf_2025": 0.936, "imi_2025": 0.358, "informal_prob_2025": 0.936, "class_2026": "informal", "conf_2026": 0.984, "imi_2026": 0.336, "informal_prob_2026": 0.984, "trajectory": "stable_informal", "cluster_last": 1, "emerging_score": 0.16973991040727465, "emerging_zone": 0, "building_count": 5.0, "building_density": 0.2966413142226042, "road_density": 357.70830885073161, "ndvi": 0.25604743126779794, "ndbi": 0.11706178287509829, "imi": 0.33609815151121974, "informal_probability": 0.98447181379359872, "confidence": 0.98447181379359872, "explanation": "built-up intensity: 0.82; building irregularity: 0.50; impervious surface: 0.29; building density: 0.27; road structure: 0.04" }, "geometry": { "type": "Polygon", "coordinates": [ [ [ 80.265162994137611, 13.0835884997952 ], [ 80.265160315911686, 13.084492690800131 ], [ 80.264237921920184, 13.084490063681899 ], [ 80.264240603507162, 13.083585872864735 ], [ 80.265162994137611, 13.0835884997952 ] ] ] } },
{ "type": "Feature", "properties": { "cell_id": 458, "row": 14, "col": 10, "class_2019": "informal", "conf_2019": 1.0, "imi_2019": 0.348, "informal_prob_2019": 1.0, "class_2020": "informal", "conf_2020": 1.0, "imi_2020": 0.351, "informal_prob_2020": 1.0, "class_2021": "informal", "conf_2021": 1.0, "imi_2021": 0.348, "informal_prob_2021": 1.0, "class_2022": "informal", "conf_2022": 1.0, "imi_2022": 0.345, "informal_prob_2022": 1.0, "class_2023": "informal", "conf_2023": 0.974, "imi_2023": 0.349, "informal_prob_2023": 0.974, "class_2024": "informal", "conf_2024": 0.997, "imi_2024": 0.331, "informal_prob_2024": 0.997, "class_2025": "informal", "conf_2025": 1.0, "imi_2025": 0.356, "informal_prob_2025": 1.0, "class_2026": "informal", "conf_2026": 1.0, "imi_2026": 0.358, "informal_prob_2026": 1.0, "trajectory": "stable_informal", "cluster_last": 1, "emerging_score": 0.21004278409143162, "emerging_zone": 0, "building_count": 100.0, "building_density": 0.3115475541395421, "road_density": 280.6060097913292, "ndvi": 0.21202304795384408, "ndbi": 0.12004140614531934, "imi": 0.358035971864756, "informal_probability": 1.0, "confidence": 1.0, "explanation": "built-up intensity: 0.83; impervious surface: 0.46; building irregularity: 0.36; building density: 0.29; road structure: 0.04" }, "geometry": { "type": "Polygon", "coordinates": [ [ [ 80.266085384969443, 13.083591123431015 ], [ 80.266082710104584, 13.084495314623483 ], [ 80.265160315911686, 13.084492690800131 ], [ 80.265162994137611, 13.0835884997952 ], [ 80.266085384969443, 13.083591123431015 ] ] ] } },
{ "type": "Feature", "properties": { "cell_id": 468, "row": 14, "col": 20, "class_2019": "informal", "conf_2019": 0.999, "imi_2019": 0.31, "informal_prob_2019": 0.999, "class_2020": "informal", "conf_2020": 1.0, "imi_2020": 0.31, "informal_prob_2020": 1.0, "class_2021": "informal", "conf_2021": 0.998, "imi_2021": 0.293, "informal_prob_2021": 0.998, "class_2022": "informal", "conf_2022": 1.0, "imi_2022": 0.304, "informal_prob_2022": 1.0, "class_2023": "informal", "conf_2023": 0.999, "imi_2023": 0.326, "informal_prob_2023": 0.999, "class_2024": "informal", "conf_2024": 1.0, "imi_2024": 0.306, "informal_prob_2024": 1.0, "class_2025": "informal", "conf_2025": 1.0, "imi_2025": 0.32, "informal_prob_2025": 1.0, "class_2026": "informal", "conf_2026": 0.99, "imi_2026": 0.309, "informal_prob_2026": 0.99, "trajectory": "stable_informal", "cluster_last": 2, "emerging_score": 0.20421031782155472, "emerging_zone": 0, "building_count": 65.0, "building_density": 0.20439672425429437, "road_density": 222.71721663996661, "ndvi": 0.24825818561017512, "ndbi": 0.14559844098519534, "imi": 0.30907776776707885, "informal_probability": 0.99036257939151673, "confidence": 0.99036257939151673, "explanation": "built-up intensity: 0.87; impervious surface: 0.35; building irregularity: 0.33; building density: 0.19; road structure: 0.04" }, "geometry": { "type": "Polygon", "coordinates": [ [ [ 80.275309304307669, 13.083617178583038 ], [ 80.27530666305357, 13.084521371637873 ], [ 80.274384266860821, 13.084518780763505 ], [ 80.274386911476, 13.083614587893843 ], [ 80.275309304307669, 13.083617178583038 ] ] ] } },
{ "type": "Feature", "properties": { "cell_id": 472, "row": 14, "col": 24, "class_2019": "informal", "conf_2019": 0.998, "imi_2019": 0.326, "informal_prob_2019": 0.998, "class_2020": "informal", "conf_2020": 0.999, "imi_2020": 0.333, "informal_prob_2020": 0.999, "class_2021": "informal", "conf_2021": 1.0, "imi_2021": 0.33, "informal_prob_2021": 1.0, "class_2022": "informal", "conf_2022": 1.0, "imi_2022": 0.324, "informal_prob_2022": 1.0, "class_2023": "informal", "conf_2023": 0.99, "imi_2023": 0.309, "informal_prob_2023": 0.99, "class_2024": "informal", "conf_2024": 0.999, "imi_2024": 0.337, "informal_prob_2024": 0.999, "class_2025": "informal", "conf_2025": 1.0, "imi_2025": 0.315, "informal_prob_2025": 1.0, "class_2026": "informal", "conf_2026": 0.999, "imi_2026": 0.337, "informal_prob_2026": 0.999, "trajectory": "stable_informal", "cluster_last": 3, "emerging_score": 0.20611193746490536, "emerging_zone": 0, "building_count": 76.0, "building_density": 0.22073049438510575, "road_density": 187.75015840794825, "ndvi": 0.21116417701356113, "ndbi": 0.10498268127441407, "imi": 0.3368498479302231, "informal_probability": 0.99893153526970968, "confidence": 0.99893153526970968, "explanation": "built-up intensity: 0.81; impervious surface: 0.51; building irregularity: 0.38; building density: 0.20; road structure: 0.09" }, "geometry": { "type": "Polygon", "coordinates": [ [ [ 80.278998877617738, 13.083627508392972 ], [ 80.278996249808046, 13.084531702186164 ], [ 80.278073852822416, 13.084529124491477 ], [ 80.278076483993203, 13.08362493088252 ], [ 80.278998877617738, 13.083627508392972 ] ] ] } },
{ "type": "Feature", "properties": { "cell_id": 473, "row": 14, "col": 25, "class_2019": "informal", "conf_2019": 1.0, "imi_2019": 0.329, "informal_prob_2019": 1.0, "class_2020": "informal", "conf_2020": 1.0, "imi_2020": 0.335, "informal_prob_2020": 1.0, "class_2021": "informal", "conf_2021": 0.996, "imi_2021": 0.343, "informal_prob_2021": 0.996, "class_2022": "informal", "conf_2022": 0.977, "imi_2022": 0.353, "informal_prob_2022": 0.977, "class_2023": "informal", "conf_2023": 1.0, "imi_2023": 0.318, "informal_prob_2023": 1.0, "class_2024": "informal", "conf_2024": 1.0, "imi_2024": 0.345, "informal_prob_2024": 1.0, "class_2025": "informal", "conf_2025": 1.0, "imi_2025": 0.332, "informal_prob_2025": 1.0, "class_2026": "informal", "conf_2026": 1.0, "imi_2026": 0.34, "informal_prob_2026": 1.0, "trajectory": "stable_informal", "cluster_last": 3, "emerging_score": 0.20993218839516331, "emerging_zone": 0, "building_count": 87.0, "building_density": 0.26160946979347666, "road_density": 221.81162934917492, "ndvi": 0.21319917178712786, "ndbi": 0.11743458354154428, "imi": 0.33999863962999421, "informal_probability": 1.0, "confidence": 1.0, "explanation": "built-up intensity: 0.82; impervious surface: 0.46; building irregularity: 0.37; building density: 0.24; road structure: 0.04" }, "geometry": { "type": "Polygon", "coordinates": [ [ [ 80.279921271439832, 13.083630082608728 ], [ 80.279918646991277, 13.08453427658592 ], [ 80.278996249808046, 13.084531702186164 ], [ 80.278998877617738, 13.083627508392972 ], [ 80.279921271439832, 13.083630082608728 ] ] ] } },
{ "type": "Feature", "properties": { "cell_id": 474, "row": 14, "col": 26, "class_2019": "informal", "conf_2019": 1.0, "imi_2019": 0.322, "informal_prob_2019": 1.0, "class_2020": "informal", "conf_2020": 1.0, "imi_2020": 0.329, "informal_prob_2020": 1.0, "class_2021": "informal", "conf_2021": 1.0, "imi_2021": 0.326, "informal_prob_2021": 1.0, "class_2022": "informal", "conf_2022": 1.0, "imi_2022": 0.341, "informal_prob_2022": 1.0, "class_2023": "informal", "conf_2023": 0.999, "imi_2023": 0.336, "informal_prob_2023": 0.999, "class_2024": "informal", "conf_2024": 1.0, "imi_2024": 0.319, "informal_prob_2024": 1.0, "class_2025": "informal", "conf_2025": 0.999, "imi_2025": 0.341, "informal_prob_2025": 0.999, "class_2026": "informal", "conf_2026": 1.0, "imi_2026": 0.339, "informal_prob_2026": 1.0, "trajectory": "stable_informal", "cluster_last": 3, "emerging_score": 0.21952830859016823, "emerging_zone": 0, "building_count": 98.0, "building_density": 0.31176356370019198, "road_density": 288.51122511174822, "ndvi": 0.22224172210320831, "ndbi": 0.12878996597370132, "imi": 0.33876809562832461, "informal_probability": 1.0, "confidence": 1.0, "explanation": "built-up intensity: 0.84; impervious surface: 0.47; building irregularity: 0.32; building density: 0.29; road structure: 0.05" }, "geometry": { "type": "Polygon", "coordinates": [ [ [ 80.280843665459273, 13.083632653529788 ], [ 80.280841044371812, 13.084536847690744 ], [ 80.279918646991277, 13.08453427658592 ], [ 80.279921271439832, 13.083630082608728 ], [ 80.280843665459273, 13.083632653529788 ] ] ] } },
{ "type": "Feature", "properties": { "cell_id": 475, "row": 14, "col": 27, "class_2019": "informal", "conf_2019": 0.958, "imi_2019": 0.29, "informal_prob_2019": 0.958, "class_2020": "informal", "conf_2020": 0.969, "imi_2020": 0.292, "informal_prob_2020": 0.969, "class_2021": "informal", "conf_2021": 0.973, "imi_2021": 0.292, "informal_prob_2021": 0.973, "class_2022": "informal", "conf_2022": 0.965, "imi_2022": 0.304, "informal_prob_2022": 0.965, "class_2023": "informal", "conf_2023": 0.974, "imi_2023": 0.289, "informal_prob_2023": 0.974, "class_2024": "informal", "conf_2024": 0.971, "imi_2024": 0.293, "informal_prob_2024": 0.971, "class_2025": "informal", "conf_2025": 0.972, "imi_2025": 0.307, "informal_prob_2025": 0.972, "class_2026": "informal", "conf_2026": 0.971, "imi_2026": 0.294, "informal_prob_2026": 0.971, "trajectory": "stable_informal", "cluster_last": 3, "emerging_score": 0.20202866542728468, "emerging_zone": 0, "building_count": 4.0, "building_density": 0.31443607640685006, "road_density": 219.67320167337903, "ndvi": 0.22017673537833615, "ndbi": 0.11606933759059757, "imi": 0.29351509761197425, "informal_probability": 0.97089738561211558, "confidence": 0.97089738561211558, "explanation": "built-up intensity: 0.82; impervious surface: 0.41; building density: 0.29; building irregularity: 0.23; road structure: 0.07" }, "geometry": { "type": "Polygon", "coordinates": [ [ [ 80.281766059675789, 13.083635221156149 ], [ 80.281763441949451, 13.084539415500631 ], [ 80.280841044371812, 13.084536847690744 ], [ 80.280843665459273, 13.083632653529788 ], [ 80.281766059675789, 13.083635221156149 ] ] ] } },
{ "type": "Feature", "properties": { "cell_id": 490, "row": 15, "col": 10, "class_2019": "informal", "conf_2019": 0.996, "imi_2019": 0.321, "informal_prob_2019": 0.996, "class_2020": "informal", "conf_2020": 1.0, "imi_2020": 0.315, "informal_prob_2020": 1.0, "class_2021": "informal", "conf_2021": 0.998, "imi_2021": 0.31, "informal_prob_2021": 0.998, "class_2022": "informal", "conf_2022": 0.999, "imi_2022": 0.321, "informal_prob_2022": 0.999, "class_2023": "informal", "conf_2023": 1.0, "imi_2023": 0.313, "informal_prob_2023": 1.0, "class_2024": "informal", "conf_2024": 1.0, "imi_2024": 0.311, "informal_prob_2024": 1.0, "class_2025": "informal", "conf_2025": 0.999, "imi_2025": 0.332, "informal_prob_2025": 0.999, "class_2026": "informal", "conf_2026": 1.0, "imi_2026": 0.32, "informal_prob_2026": 1.0, "trajectory": "stable_informal", "cluster_last": 1, "emerging_score": 0.19864462501011129, "emerging_zone": 0, "building_count": 63.0, "building_density": 0.18950886428199851, "road_density": 119.44678267023778, "ndvi": 0.223458213750273, "ndbi": 0.12914204721804709, "imi": 0.31953256895596599, "informal_probability": 1.0, "confidence": 1.0, "explanation": "built-up intensity: 0.84; impervious surface: 0.42; building irregularity: 0.36; building density: 0.17; road structure: 0.07" }, "geometry": { "type": "Polygon", "coordinates": [ [ [ 80.266088059633191, 13.082686932174807 ], [ 80.266085384969443, 13.083591123431015 ], [ 80.265162994137611, 13.0835884997952 ], [ 80.265165672162169, 13.082684308726522 ], [ 80.266088059633191, 13.082686932174807 ] ] ] } },
{ "type": "Feature", "properties": { "cell_id": 499, "row": 15, "col": 19, "class_2019": "informal", "conf_2019": 0.992, "imi_2019": 0.368, "informal_prob_2019": 0.992, "class_2020": "informal", "conf_2020": 0.986, "imi_2020": 0.388, "informal_prob_2020": 0.986, "class_2021": "informal", "conf_2021": 0.992, "imi_2021": 0.375, "informal_prob_2021": 0.992, "class_2022": "informal", "conf_2022": 0.988, "imi_2022": 0.391, "informal_prob_2022": 0.988, "class_2023": "informal", "conf_2023": 0.981, "imi_2023": 0.378, "informal_prob_2023": 0.981, "class_2024": "informal", "conf_2024": 0.996, "imi_2024": 0.371, "informal_prob_2024": 0.996, "class_2025": "informal", "conf_2025": 0.994, "imi_2025": 0.367, "informal_prob_2025": 0.994, "class_2026": "informal", "conf_2026": 0.987, "imi_2026": 0.384, "informal_prob_2026": 0.987, "trajectory": "stable_informal", "cluster_last": 2, "emerging_score": 0.21785918622429779, "emerging_zone": 0, "building_count": 107.0, "building_density": 0.31480925284927197, "road_density": 160.99929601820364, "ndvi": 0.20772118725581096, "ndbi": 0.12720962679595688, "imi": 0.38425494022479761, "informal_probability": 0.98700431918776044, "confidence": 0.98700431918776044, "explanation": "built-up intensity: 0.84; impervious surface: 0.52; building irregularity: 0.40; building density: 0.29; road structure: 0.12" }, "geometry": { "type": "Polygon", "coordinates": [ [ [ 80.274389555892327, 13.082710394960454 ], [ 80.274386911476, 13.083614587893843 ], [ 80.273464518843184, 13.083611993909972 ], [ 80.27346716662035, 13.082707801161996 ], [ 80.274389555892327, 13.082710394960454 ] ] ] } },
{ "type": "Feature", "properties": { "cell_id": 500, "row": 15, "col": 20, "class_2019": "informal", "conf_2019": 0.966, "imi_2019": 0.306, "informal_prob_2019": 0.966, "class_2020": "informal", "conf_2020": 1.0, "imi_2020": 0.304, "informal_prob_2020": 1.0, "class_2021": "informal", "conf_2021": 0.982, "imi_2021": 0.285, "informal_prob_2021": 0.982, "class_2022": "informal", "conf_2022": 1.0, "imi_2022": 0.304, "informal_prob_2022": 1.0, "class_2023": "informal", "conf_2023": 1.0, "imi_2023": 0.321, "informal_prob_2023": 1.0, "class_2024": "informal", "conf_2024": 0.992, "imi_2024": 0.305, "informal_prob_2024": 0.992, "class_2025": "informal", "conf_2025": 1.0, "imi_2025": 0.292, "informal_prob_2025": 1.0, "class_2026": "informal", "conf_2026": 0.999, "imi_2026": 0.311, "informal_prob_2026": 0.999, "trajectory": "stable_informal", "cluster_last": 2, "emerging_score": 0.21038873009788853, "emerging_zone": 0, "building_count": 69.0, "building_density": 0.21658910794914196, "road_density": 254.99671174403986, "ndvi": 0.21012126566842199, "ndbi": 0.12844622181262821, "imi": 0.31116108504341311, "informal_probability": 0.99921830985915494, "confidence": 0.99921830985915494, "explanation": "built-up intensity: 0.84; impervious surface: 0.49; building irregularity: 0.35; building density: 0.20; road structure: 0.05" }, "geometry": { "type": "Polygon", "coordinates": [ [ [ 80.275311945363157, 13.082712985464472 ], [ 80.275309304307669, 13.083617178583038 ], [ 80.274386911476, 13.083614587893843 ], [ 80.274389555892327, 13.082710394960454 ], [ 80.275311945363157, 13.082712985464472 ] ] ] } },
{ "type": "Feature", "properties": { "cell_id": 503, "row": 15, "col": 23, "class_2019": "informal", "conf_2019": 1.0, "imi_2019": 0.321, "informal_prob_2019": 1.0, "class_2020": "informal", "conf_2020": 1.0, "imi_2020": 0.341, "informal_prob_2020": 1.0, "class_2021": "informal", "conf_2021": 1.0, "imi_2021": 0.329, "informal_prob_2021": 1.0, "class_2022": "informal", "conf_2022": 1.0, "imi_2022": 0.322, "informal_prob_2022": 1.0, "class_2023": "informal", "conf_2023": 0.999, "imi_2023": 0.34, "informal_prob_2023": 0.999, "class_2024": "informal", "conf_2024": 1.0, "imi_2024": 0.309, "informal_prob_2024": 1.0, "class_2025": "informal", "conf_2025": 1.0, "imi_2025": 0.312, "informal_prob_2025": 1.0, "class_2026": "informal", "conf_2026": 1.0, "imi_2026": 0.335, "informal_prob_2026": 1.0, "trajectory": "stable_informal", "cluster_last": 3, "emerging_score": 0.22017597095932862, "emerging_zone": 0, "building_count": 90.0, "building_density": 0.27368950905992512, "road_density": 283.34671055664938, "ndvi": 0.21710936328396202, "ndbi": 0.1343960075546056, "imi": 0.3353360720719637, "informal_probability": 1.0, "confidence": 1.0, "explanation": "built-up intensity: 0.85; impervious surface: 0.47; building irregularity: 0.38; building density: 0.25; road structure: 0.06" }, "geometry": { "type": "Polygon", "coordinates": [ [ [ 80.278079114966161, 13.082720737209838 ], [ 80.278076483993203, 13.08362493088252 ], [ 80.277154090566526, 13.083622350077379 ], [ 80.277156724900323, 13.082718156589166 ], [ 80.278079114966161, 13.082720737209838 ] ] ] } },
{ "type": "Feature", "properties": { "cell_id": 504, "row": 15, "col": 24, "class_2019": "informal", "conf_2019": 1.0, "imi_2019": 0.346, "informal_prob_2019": 1.0, "class_2020": "informal", "conf_2020": 0.999, "imi_2020": 0.356, "informal_prob_2020": 0.999, "class_2021": "informal", "conf_2021": 1.0, "imi_2021": 0.345, "informal_prob_2021": 1.0, "class_2022": "informal", "conf_2022": 1.0, "imi_2022": 0.35, "informal_prob_2022": 1.0, "class_2023": "informal", "conf_2023": 1.0, "imi_2023": 0.342, "informal_prob_2023": 1.0, "class_2024": "informal", "conf_2024": 0.999, "imi_2024": 0.336, "informal_prob_2024": 0.999, "class_2025": "informal", "conf_2025": 1.0, "imi_2025": 0.338, "informal_prob_2025": 1.0, "class_2026": "informal", "conf_2026": 1.0, "imi_2026": 0.36, "informal_prob_2026": 1.0, "trajectory": "stable_informal", "cluster_last": 3, "emerging_score": 0.2122504746101837, "emerging_zone": 0, "building_count": 108.0, "building_density": 0.33688226897231416, "road_density": 251.79999238826412, "ndvi": 0.2161223458684981, "ndbi": 0.11576324730645865, "imi": 0.35959049080441186, "informal_probability": 1.0, "confidence": 1.0, "explanation": "built-up intensity: 0.82; impervious surface: 0.55; building irregularity: 0.35; building density: 0.31; road structure: 0.05" }, "geometry": { "type": "Polygon", "coordinates": [ [ [ 80.279001505229829, 13.082723314536056 ], [ 80.278998877617738, 13.083627508392972 ], [ 80.278076483993203, 13.08362493088252 ], [ 80.278079114966161, 13.082720737209838 ], [ 80.279001505229829, 13.082723314536056 ] ] ] } },
{ "type": "Feature", "properties": { "cell_id": 505, "row": 15, "col": 25, "class_2019": "informal", "conf_2019": 0.997, "imi_2019": 0.337, "informal_prob_2019": 0.997, "class_2020": "informal", "conf_2020": 0.997, "imi_2020": 0.341, "informal_prob_2020": 0.997, "class_2021": "informal", "conf_2021": 1.0, "imi_2021": 0.349, "informal_prob_2021": 1.0, "class_2022": "informal", "conf_2022": 1.0, "imi_2022": 0.357, "informal_prob_2022": 1.0, "class_2023": "informal", "conf_2023": 1.0, "imi_2023": 0.335, "informal_prob_2023": 1.0, "class_2024": "informal", "conf_2024": 0.996, "imi_2024": 0.358, "informal_prob_2024": 0.996, "class_2025": "informal", "conf_2025": 1.0, "imi_2025": 0.359, "informal_prob_2025": 1.0, "class_2026": "informal", "conf_2026": 1.0, "imi_2026": 0.353, "informal_prob_2026": 1.0, "trajectory": "stable_informal", "cluster_last": 3, "emerging_score": 0.21139929671650978, "emerging_zone": 0, "building_count": 103.0, "building_density": 0.3124473946484459, "road_density": 309.02368155881101, "ndvi": 0.22409190673381091, "ndbi": 0.10970333606237545, "imi": 0.3527172750758476, "informal_probability": 1.0, "confidence": 1.0, "explanation": "built-up intensity: 0.81; impervious surface: 0.43; building irregularity: 0.39; building density: 0.29; road structure: 0.02" }, "geometry": { "type": "Polygon", "coordinates": [ [ [ 80.27992389569107, 13.082725888567811 ], [ 80.279921271439832, 13.083630082608728 ], [ 80.278998877617738, 13.083627508392972 ], [ 80.279001505229829, 13.082723314536056 ], [ 80.27992389569107, 13.082725888567811 ] ] ] } },
{ "type": "Feature", "properties": { "cell_id": 506, "row": 15, "col": 26, "class_2019": "informal", "conf_2019": 1.0, "imi_2019": 0.321, "informal_prob_2019": 1.0, "class_2020": "informal", "conf_2020": 1.0, "imi_2020": 0.333, "informal_prob_2020": 1.0, "class_2021": "informal", "conf_2021": 1.0, "imi_2021": 0.34, "informal_prob_2021": 1.0, "class_2022": "informal", "conf_2022": 1.0, "imi_2022": 0.333, "informal_prob_2022": 1.0, "class_2023": "informal", "conf_2023": 1.0, "imi_2023": 0.325, "informal_prob_2023": 1.0, "class_2024": "informal", "conf_2024": 1.0, "imi_2024": 0.329, "informal_prob_2024": 1.0, "class_2025": "informal", "conf_2025": 1.0, "imi_2025": 0.34, "informal_prob_2025": 1.0, "class_2026": "informal", "conf_2026": 0.998, "imi_2026": 0.337, "informal_prob_2026": 0.998, "trajectory": "stable_informal", "cluster_last": 3, "emerging_score": 0.22338643498783001, "emerging_zone": 0, "building_count": 86.0, "building_density": 0.25869024524194922, "road_density": 233.87855546760875, "ndvi": 0.23506300712935627, "ndbi": 0.13788673184695655, "imi": 0.33737019245308014, "informal_probability": 0.9975, "confidence": 0.9975, "explanation": "built-up intensity: 0.86; impervious surface: 0.42; building irregularity: 0.35; building density: 0.24; road structure: 0.07" }, "geometry": { "type": "Polygon", "coordinates": [ [ [ 80.280846286349657, 13.082728459305111 ], [ 80.280843665459273, 13.083632653529788 ], [ 80.279921271439832, 13.083630082608728 ], [ 80.27992389569107, 13.082725888567811 ], [ 80.280846286349657, 13.082728459305111 ] ] ] } },
{ "type": "Feature", "properties": { "cell_id": 507, "row": 15, "col": 27, "class_2019": "informal", "conf_2019": 0.994, "imi_2019": 0.296, "informal_prob_2019": 0.994, "class_2020": "informal", "conf_2020": 0.998, "imi_2020": 0.316, "informal_prob_2020": 0.998, "class_2021": "informal", "conf_2021": 1.0, "imi_2021": 0.319, "informal_prob_2021": 1.0, "class_2022": "informal", "conf_2022": 1.0, "imi_2022": 0.309, "informal_prob_2022": 1.0, "class_2023": "informal", "conf_2023": 0.996, "imi_2023": 0.304, "informal_prob_2023": 0.996, "class_2024": "informal", "conf_2024": 0.999, "imi_2024": 0.316, "informal_prob_2024": 0.999, "class_2025": "informal", "conf_2025": 0.995, "imi_2025": 0.32, "informal_prob_2025": 0.995, "class_2026": "informal", "conf_2026": 1.0, "imi_2026": 0.316, "informal_prob_2026": 1.0, "trajectory": "stable_informal", "cluster_last": 3, "emerging_score": 0.2226654788598002, "emerging_zone": 0, "building_count": 86.0, "building_density": 0.25700686506694964, "road_density": 202.97193266915275, "ndvi": 0.21709899659268558, "ndbi": 0.12566807883325964, "imi": 0.31626034389751467, "informal_probability": 1.0, "confidence": 1.0, "explanation": "built-up intensity: 0.84; impervious surface: 0.46; building irregularity: 0.35; building density: 0.24; road structure: 0.05" }, "geometry": { "type": "Polygon", "coordinates": [ [ [ 80.281768677205292, 13.082731026747943 ], [ 80.281766059675789, 13.083635221156149 ], [ 80.280843665459273, 13.083632653529788 ], [ 80.280846286349657, 13.082728459305111 ], [ 80.281768677205292, 13.082731026747943 ] ] ] } },
{ "type": "Feature", "properties": { "cell_id": 531, "row": 16, "col": 19, "class_2019": "informal", "conf_2019": 1.0, "imi_2019": 0.324, "informal_prob_2019": 1.0, "class_2020": "informal", "conf_2020": 1.0, "imi_2020": 0.33, "informal_prob_2020": 1.0, "class_2021": "informal", "conf_2021": 1.0, "imi_2021": 0.327, "informal_prob_2021": 1.0, "class_2022": "informal", "conf_2022": 0.998, "imi_2022": 0.336, "informal_prob_2022": 0.998, "class_2023": "informal", "conf_2023": 1.0, "imi_2023": 0.334, "informal_prob_2023": 1.0, "class_2024": "informal", "conf_2024": 1.0, "imi_2024": 0.335, "informal_prob_2024": 1.0, "class_2025": "informal", "conf_2025": 1.0, "imi_2025": 0.339, "informal_prob_2025": 1.0, "class_2026": "informal", "conf_2026": 1.0, "imi_2026": 0.329, "informal_prob_2026": 1.0, "trajectory": "stable_informal", "cluster_last": 2, "emerging_score": 0.20542253400132823, "emerging_zone": 0, "building_count": 84.0, "building_density": 0.24713741096275188, "road_density": 198.81353984613173, "ndvi": 0.21561540258582682, "ndbi": 0.11189739248773549, "imi": 0.32932351541148586, "informal_probability": 1.0, "confidence": 1.0, "explanation": "built-up intensity: 0.82; impervious surface: 0.40; building irregularity: 0.39; building density: 0.23; road structure: 0.06" }, "geometry": { "type": "Polygon", "coordinates": [ [ [ 80.27439220010983, 13.081806201963332 ], [ 80.274389555892327, 13.082710394960454 ], [ 80.27346716662035, 13.082707801161996 ], [ 80.273469814198435, 13.081803608350281 ], [ 80.27439220010983, 13.081806201963332 ] ] ] } },
{ "type": "Feature", "properties": { "cell_id": 534, "row": 16, "col": 22, "class_2019": "informal", "conf_2019": 0.994, "imi_2019": 0.298, "informal_prob_2019": 0.994, "class_2020": "informal", "conf_2020": 0.999, "imi_2020": 0.319, "informal_prob_2020": 0.999, "class_2021": "informal", "conf_2021": 1.0, "imi_2021": 0.315, "informal_prob_2021": 1.0, "class_2022": "informal", "conf_2022": 0.999, "imi_2022": 0.316, "informal_prob_2022": 0.999, "class_2023": "informal", "conf_2023": 0.992, "imi_2023": 0.312, "informal_prob_2023": 0.992, "class_2024": "informal", "conf_2024": 1.0, "imi_2024": 0.322, "informal_prob_2024": 1.0, "class_2025": "informal", "conf_2025": 1.0, "imi_2025": 0.309, "informal_prob_2025": 1.0, "class_2026": "informal", "conf_2026": 1.0, "imi_2026": 0.318, "informal_prob_2026": 1.0, "trajectory": "stable_informal", "cluster_last": 3, "emerging_score": 0.22746624363886433, "emerging_zone": 0, "building_count": 94.0, "building_density": 0.28549043958644515, "road_density": 261.93716773026927, "ndvi": 0.21102218279615045, "ndbi": 0.12761734169442207, "imi": 0.31834022751593716, "informal_probability": 1.0, "confidence": 1.0, "explanation": "built-up intensity: 0.84; impervious surface: 0.45; building irregularity: 0.35; building density: 0.26; road structure: 0.04" }, "geometry": { "type": "Polygon", "coordinates": [ [ [ 80.277159359036048, 13.081813963037225 ], [ 80.277156724900323, 13.082718156589166 ], [ 80.276234335032569, 13.082715572674045 ], [ 80.276236972528892, 13.081811379306805 ], [ 80.277159359036048, 13.081813963037225 ] ] ] } },
{ "type": "Feature", "properties": { "cell_id": 535, "row": 16, "col": 23, "class_2019": "informal", "conf_2019": 0.994, "imi_2019": 0.329, "informal_prob_2019": 0.994, "class_2020": "informal", "conf_2020": 1.0, "imi_2020": 0.336, "informal_prob_2020": 1.0, "class_2021": "informal", "conf_2021": 0.995, "imi_2021": 0.344, "informal_prob_2021": 0.995, "class_2022": "informal", "conf_2022": 0.994, "imi_2022": 0.321, "informal_prob_2022": 0.994, "class_2023": "informal", "conf_2023": 1.0, "imi_2023": 0.332, "informal_prob_2023": 1.0, "class_2024": "informal", "conf_2024": 1.0, "imi_2024": 0.324, "informal_prob_2024": 1.0, "class_2025": "informal", "conf_2025": 1.0, "imi_2025": 0.33, "informal_prob_2025": 1.0, "class_2026": "informal", "conf_2026": 0.993, "imi_2026": 0.328, "informal_prob_2026": 0.993, "trajectory": "stable_informal", "cluster_last": 3, "emerging_score": 0.20210400755754698, "emerging_zone": 0, "building_count": 67.0, "building_density": 0.19487615279172465, "road_density": 137.65986955045904, "ndvi": 0.23724533876869827, "ndbi": 0.14307454925728963, "imi": 0.32791676440870077, "informal_probability": 0.99325111187136494, "confidence": 0.99325111187136494, "explanation": "built-up intensity: 0.86; building irregularity: 0.41; impervious surface: 0.37; building density: 0.18; road structure: 0.07" }, "geometry": { "type": "Polygon", "coordinates": [ [ [ 80.278081745741289, 13.081816543473428 ], [ 80.278079114966161, 13.082720737209838 ], [ 80.277156724900323, 13.082718156589166 ], [ 80.277159359036048, 13.081813963037225 ], [ 80.278081745741289, 13.081816543473428 ] ] ] } },
{ "type": "Feature", "properties": { "cell_id": 536, "row": 16, "col": 24, "class_2019": "informal", "conf_2019": 0.999, "imi_2019": 0.331, "informal_prob_2019": 0.999, "class_2020": "informal", "conf_2020": 1.0, "imi_2020": 0.343, "informal_prob_2020": 1.0, "class_2021": "informal", "conf_2021": 0.996, "imi_2021": 0.339, "informal_prob_2021": 0.996, "class_2022": "informal", "conf_2022": 1.0, "imi_2022": 0.324, "informal_prob_2022": 1.0, "class_2023": "informal", "conf_2023": 1.0, "imi_2023": 0.326, "informal_prob_2023": 1.0, "class_2024": "informal", "conf_2024": 1.0, "imi_2024": 0.329, "informal_prob_2024": 1.0, "class_2025": "informal", "conf_2025": 1.0, "imi_2025": 0.327, "informal_prob_2025": 1.0, "class_2026": "informal", "conf_2026": 0.997, "imi_2026": 0.332, "informal_prob_2026": 0.997, "trajectory": "stable_informal", "cluster_last": 3, "emerging_score": 0.20054660278707814, "emerging_zone": 0, "building_count": 72.0, "building_density": 0.22894960384797663, "road_density": 238.42816402828109, "ndvi": 0.21175315840169787, "ndbi": 0.10964800321031362, "imi": 0.33197357402579669, "informal_probability": 0.99715939650725005, "confidence": 0.99715939650725005, "explanation": "built-up intensity: 0.81; impervious surface: 0.44; building irregularity: 0.36; building density: 0.21; road structure: 0.05" }, "geometry": { "type": "Polygon", "coordinates": [ [ [ 80.279004132644346, 13.081819120615414 ], [ 80.279001505229829, 13.082723314536056 ], [ 80.278079114966161, 13.082720737209838 ], [ 80.278081745741289, 13.081816543473428 ], [ 80.279004132644346, 13.081819120615414 ] ] ] } },
{ "type": "Feature", "properties": { "cell_id": 537, "row": 16, "col": 25, "class_2019": "informal", "conf_2019": 1.0, "imi_2019": 0.33, "informal_prob_2019": 1.0, "class_2020": "informal", "conf_2020": 1.0, "imi_2020": 0.351, "informal_prob_2020": 1.0, "class_2021": "informal", "conf_2021": 1.0, "imi_2021": 0.343, "informal_prob_2021": 1.0, "class_2022": "informal", "conf_2022": 0.999, "imi_2022": 0.321, "informal_prob_2022": 0.999, "class_2023": "informal", "conf_2023": 1.0, "imi_2023": 0.335, "informal_prob_2023": 1.0, "class_2024": "informal", "conf_2024": 0.996, "imi_2024": 0.331, "informal_prob_2024": 0.996, "class_2025": "informal", "conf_2025": 1.0, "imi_2025": 0.342, "informal_prob_2025": 1.0, "class_2026": "informal", "conf_2026": 1.0, "imi_2026": 0.338, "informal_prob_2026": 1.0, "trajectory": "stable_informal", "cluster_last": 3, "emerging_score": 0.20475302440843615, "emerging_zone": 0, "building_count": 99.0, "building_density": 0.29564614788280247, "road_density": 206.11973593585094, "ndvi": 0.21527037225663662, "ndbi": 0.10750320526654832, "imi": 0.33821528228042619, "informal_probability": 1.0, "confidence": 1.0, "explanation": "built-up intensity: 0.81; impervious surface: 0.44; building irregularity: 0.35; building density: 0.27; road structure: 0.05" }, "geometry": { "type": "Polygon", "coordinates": [ [ [ 80.27992651974499, 13.081821694463173 ], [ 80.27992389569107, 13.082725888567811 ], [ 80.279001505229829, 13.082723314536056 ], [ 80.279004132644346, 13.081819120615414 ], [ 80.27992651974499, 13.081821694463173 ] ] ] } },
{ "type": "Feature", "properties": { "cell_id": 538, "row": 16, "col": 26, "class_2019": "informal", "conf_2019": 0.998, "imi_2019": 0.314, "informal_prob_2019": 0.998, "class_2020": "informal", "conf_2020": 1.0, "imi_2020": 0.319, "informal_prob_2020": 1.0, "class_2021": "informal", "conf_2021": 1.0, "imi_2021": 0.323, "informal_prob_2021": 1.0, "class_2022": "informal", "conf_2022": 1.0, "imi_2022": 0.314, "informal_prob_2022": 1.0, "class_2023": "informal", "conf_2023": 1.0, "imi_2023": 0.329, "informal_prob_2023": 1.0, "class_2024": "informal", "conf_2024": 1.0, "imi_2024": 0.317, "informal_prob_2024": 1.0, "class_2025": "informal", "conf_2025": 1.0, "imi_2025": 0.319, "informal_prob_2025": 1.0, "class_2026": "informal", "conf_2026": 1.0, "imi_2026": 0.327, "informal_prob_2026": 1.0, "trajectory": "stable_informal", "cluster_last": 3, "emerging_score": 0.21303652321411634, "emerging_zone": 0, "building_count": 72.0, "building_density": 0.20500418177899216, "road_density": 234.34176898397232, "ndvi": 0.21517260912805797, "ndbi": 0.1276755759306252, "imi": 0.32679190040692674, "informal_probability": 1.0, "confidence": 1.0, "explanation": "built-up intensity: 0.84; impervious surface: 0.49; building irregularity: 0.41; building density: 0.19; road structure: 0.05" }, "geometry": { "type": "Polygon", "coordinates": [ [ [ 80.280848907042952, 13.081824265016708 ], [ 80.280846286349657, 13.082728459305111 ], [ 80.27992389569107, 13.082725888567811 ], [ 80.27992651974499, 13.081821694463173 ], [ 80.280848907042952, 13.081824265016708 ] ] ] } },
{ "type": "Feature", "properties": { "cell_id": 562, "row": 17, "col": 18, "class_2019": "informal", "conf_2019": 0.999, "imi_2019": 0.359, "informal_prob_2019": 0.999, "class_2020": "informal", "conf_2020": 0.999, "imi_2020": 0.368, "informal_prob_2020": 0.999, "class_2021": "informal", "conf_2021": 1.0, "imi_2021": 0.357, "informal_prob_2021": 1.0, "class_2022": "informal", "conf_2022": 1.0, "imi_2022": 0.359, "informal_prob_2022": 1.0, "class_2023": "informal", "conf_2023": 0.996, "imi_2023": 0.353, "informal_prob_2023": 0.996, "class_2024": "informal", "conf_2024": 0.99, "imi_2024": 0.365, "informal_prob_2024": 0.99, "class_2025": "informal", "conf_2025": 0.992, "imi_2025": 0.359, "informal_prob_2025": 0.992, "class_2026": "informal", "conf_2026": 0.988, "imi_2026": 0.373, "informal_prob_2026": 0.988, "trajectory": "stable_informal", "cluster_last": 2, "emerging_score": 0.21893212001148002, "emerging_zone": 0, "building_count": 104.0, "building_density": 0.31437860231919262, "road_density": 173.27415395711847, "ndvi": 0.21879860572516918, "ndbi": 0.11929940079222433, "imi": 0.37304741027083221, "informal_probability": 0.98789949491813533, "confidence": 0.98789949491813533, "explanation": "built-up intensity: 0.83; impervious surface: 0.49; building irregularity: 0.36; building density: 0.29; road structure: 0.09" }, "geometry": { "type": "Polygon", "coordinates": [ [ [ 80.273472461577427, 13.080899415474841 ], [ 80.273469814198435, 13.081803608350281 ], [ 80.272547428486135, 13.08180101144303 ], [ 80.272550079225439, 13.080896818753233 ], [ 80.273472461577427, 13.080899415474841 ] ] ] } },
{ "type": "Feature", "properties": { "cell_id": 566, "row": 17, "col": 22, "class_2019": "informal", "conf_2019": 1.0, "imi_2019": 0.337, "informal_prob_2019": 1.0, "class_2020": "informal", "conf_2020": 1.0, "imi_2020": 0.339, "informal_prob_2020": 1.0, "class_2021": "informal", "conf_2021": 1.0, "imi_2021": 0.326, "informal_prob_2021": 1.0, "class_2022": "informal", "conf_2022": 0.998, "imi_2022": 0.338, "informal_prob_2022": 0.998, "class_2023": "informal", "conf_2023": 1.0, "imi_2023": 0.341, "informal_prob_2023": 1.0, "class_2024": "informal", "conf_2024": 1.0, "imi_2024": 0.333, "informal_prob_2024": 1.0, "class_2025": "informal", "conf_2025": 1.0, "imi_2025": 0.34, "informal_prob_2025": 1.0, "class_2026": "informal", "conf_2026": 1.0, "imi_2026": 0.335, "informal_prob_2026": 1.0, "trajectory": "stable_informal", "cluster_last": 3, "emerging_score": 0.19601628437512036, "emerging_zone": 0, "building_count": 90.0, "building_density": 0.2788061797652035, "road_density": 143.44780565039738, "ndvi": 0.23446897518821061, "ndbi": 0.11828207868034951, "imi": 0.33480688030490979, "informal_probability": 1.0, "confidence": 1.0, "explanation": "built-up intensity: 0.83; impervious surface: 0.43; building irregularity: 0.38; building density: 0.26; road structure: 0.07" }, "geometry": { "type": "Polygon", "coordinates": [ [ [ 80.277161992973674, 13.080909769421563 ], [ 80.277159359036048, 13.081813963037225 ], [ 80.276236972528892, 13.081811379306805 ], [ 80.27623960982686, 13.080907185875846 ], [ 80.277161992973674, 13.080909769421563 ] ] ] } },
{ "type": "Feature", "properties": { "cell_id": 567, "row": 17, "col": 23, "class_2019": "informal", "conf_2019": 1.0, "imi_2019": 0.336, "informal_prob_2019": 1.0, "class_2020": "informal", "conf_2020": 1.0, "imi_2020": 0.351, "informal_prob_2020": 1.0, "class_2021": "informal", "conf_2021": 0.993, "imi_2021": 0.338, "informal_prob_2021": 0.993, "class_2022": "informal", "conf_2022": 1.0, "imi_2022": 0.337, "informal_prob_2022": 1.0, "class_2023": "informal", "conf_2023": 1.0, "imi_2023": 0.335, "informal_prob_2023": 1.0, "class_2024": "informal", "conf_2024": 1.0, "imi_2024": 0.349, "informal_prob_2024": 1.0, "class_2025": "informal", "conf_2025": 0.993, "imi_2025": 0.345, "informal_prob_2025": 0.993, "class_2026": "informal", "conf_2026": 1.0, "imi_2026": 0.334, "informal_prob_2026": 1.0, "trajectory": "stable_informal", "cluster_last": 3, "emerging_score": 0.20151854793204527, "emerging_zone": 0, "building_count": 103.0, "building_density": 0.32564738528167536, "road_density": 292.78523195132857, "ndvi": 0.23522963769733907, "ndbi": 0.12619073044625112, "imi": 0.33426599183728745, "informal_probability": 1.0, "confidence": 1.0, "explanation": "built-up intensity: 0.84; building irregularity: 0.35; impervious surface: 0.34; building density: 0.30; road structure: 0.04" }, "geometry": { "type": "Polygon", "coordinates": [ [ [ 80.278084376318574, 13.080912349673298 ], [ 80.278081745741289, 13.081816543473428 ], [ 80.277159359036048, 13.081813963037225 ], [ 80.277161992973674, 13.080909769421563 ], [ 80.278084376318574, 13.080912349673298 ] ] ] } },
{ "type": "Feature", "properties": { "cell_id": 568, "row": 17, "col": 24, "class_2019": "informal", "conf_2019": 0.994, "imi_2019": 0.312, "informal_prob_2019": 0.994, "class_2020": "informal", "conf_2020": 1.0, "imi_2020": 0.323, "informal_prob_2020": 1.0, "class_2021": "informal", "conf_2021": 1.0, "imi_2021": 0.321, "informal_prob_2021": 1.0, "class_2022": "informal", "conf_2022": 1.0, "imi_2022": 0.318, "informal_prob_2022": 1.0, "class_2023": "informal", "conf_2023": 1.0, "imi_2023": 0.315, "informal_prob_2023": 1.0, "class_2024": "informal", "conf_2024": 1.0, "imi_2024": 0.31, "informal_prob_2024": 1.0, "class_2025": "informal", "conf_2025": 1.0, "imi_2025": 0.309, "informal_prob_2025": 1.0, "class_2026": "informal", "conf_2026": 1.0, "imi_2026": 0.315, "informal_prob_2026": 1.0, "trajectory": "stable_informal", "cluster_last": 3, "emerging_score": 0.20884035687604754, "emerging_zone": 0, "building_count": 73.0, "building_density": 0.21302658082904435, "road_density": 204.92381887088095, "ndvi": 0.22896107289940118, "ndbi": 0.12285076127751381, "imi": 0.31514710524797268, "informal_probability": 1.0, "confidence": 1.0, "explanation": "built-up intensity: 0.83; impervious surface: 0.41; building irregularity: 0.33; building density: 0.20; road structure: 0.05" }, "geometry": { "type": "Polygon", "coordinates": [ [ [ 80.279006759861289, 13.080914926631049 ], [ 80.279004132644346, 13.081819120615414 ], [ 80.278081745741289, 13.081816543473428 ], [ 80.278084376318574, 13.080912349673298 ], [ 80.279006759861289, 13.080914926631049 ] ] ] } },
{ "type": "Feature", "properties": { "cell_id": 569, "row": 17, "col": 25, "class_2019": "informal", "conf_2019": 1.0, "imi_2019": 0.316, "informal_prob_2019": 1.0, "class_2020": "informal", "conf_2020": 0.998, "imi_2020": 0.318, "informal_prob_2020": 0.998, "class_2021": "informal", "conf_2021": 1.0, "imi_2021": 0.332, "informal_prob_2021": 1.0, "class_2022": "informal", "conf_2022": 1.0, "imi_2022": 0.325, "informal_prob_2022": 1.0, "class_2023": "informal", "conf_2023": 1.0, "imi_2023": 0.331, "informal_prob_2023": 1.0, "class_2024": "informal", "conf_2024": 1.0, "imi_2024": 0.327, "informal_prob_2024": 1.0, "class_2025": "informal", "conf_2025": 0.999, "imi_2025": 0.332, "informal_prob_2025": 0.999, "class_2026": "informal", "conf_2026": 1.0, "imi_2026": 0.33, "informal_prob_2026": 1.0, "trajectory": "stable_informal", "cluster_last": 3, "emerging_score": 0.21427738267858881, "emerging_zone": 0, "building_count": 89.0, "building_density": 0.26558104247599429, "road_density": 263.05750840166303, "ndvi": 0.21088450968265535, "ndbi": 0.12139091653283686, "imi": 0.32977284690532321, "informal_probability": 1.0, "confidence": 1.0, "explanation": "built-up intensity: 0.83; impervious surface: 0.47; building irregularity: 0.37; building density: 0.24; road structure: 0.07" }, "geometry": { "type": "Polygon", "coordinates": [ [ [ 80.279929143601578, 13.080917500294815 ], [ 80.27992651974499, 13.081821694463173 ], [ 80.279004132644346, 13.081819120615414 ], [ 80.279006759861289, 13.080914926631049 ], [ 80.279929143601578, 13.080917500294815 ] ] ] } },
{ "type": "Feature", "properties": { "cell_id": 597, "row": 18, "col": 21, "class_2019": "informal", "conf_2019": 0.999, "imi_2019": 0.319, "informal_prob_2019": 0.999, "class_2020": "informal", "conf_2020": 0.999, "imi_2020": 0.344, "informal_prob_2020": 0.999, "class_2021": "informal", "conf_2021": 1.0, "imi_2021": 0.319, "informal_prob_2021": 1.0, "class_2022": "informal", "conf_2022": 1.0, "imi_2022": 0.333, "informal_prob_2022": 1.0, "class_2023": "informal", "conf_2023": 0.997, "imi_2023": 0.337, "informal_prob_2023": 0.997, "class_2024": "informal", "conf_2024": 1.0, "imi_2024": 0.318, "informal_prob_2024": 1.0, "class_2025": "informal", "conf_2025": 1.0, "imi_2025": 0.332, "informal_prob_2025": 1.0, "class_2026": "informal", "conf_2026": 1.0, "imi_2026": 0.329, "informal_prob_2026": 1.0, "trajectory": "stable_informal", "cluster_last": 3, "emerging_score": 0.2075978667593037, "emerging_zone": 0, "building_count": 110.0, "building_density": 0.34088383394000732, "road_density": 322.35160888225391, "ndvi": 0.21875858499668538, "ndbi": 0.12406074262689799, "imi": 0.32920188796875594, "informal_probability": 1.0, "confidence": 1.0, "explanation": "built-up intensity: 0.83; impervious surface: 0.46; building irregularity: 0.36; building density: 0.31; road structure: 0.04" }, "geometry": { "type": "Polygon", "coordinates": [ [ [ 80.276242246926515, 13.080002992381164 ], [ 80.27623960982686, 13.080907185875846 ], [ 80.275317226878386, 13.080904599036151 ], [ 80.275319867338126, 13.080000405726404 ], [ 80.276242246926515, 13.080002992381164 ] ] ] } },
{ "type": "Feature", "properties": { "cell_id": 598, "row": 18, "col": 22, "class_2019": "informal", "conf_2019": 0.999, "imi_2019": 0.304, "informal_prob_2019": 0.999, "class_2020": "informal", "conf_2020": 1.0, "imi_2020": 0.32, "informal_prob_2020": 1.0, "class_2021": "informal", "conf_2021": 1.0, "imi_2021": 0.317, "informal_prob_2021": 1.0, "class_2022": "informal", "conf_2022": 1.0, "imi_2022": 0.319, "informal_prob_2022": 1.0, "class_2023": "informal", "conf_2023": 1.0, "imi_2023": 0.323, "informal_prob_2023": 1.0, "class_2024": "informal", "conf_2024": 1.0, "imi_2024": 0.329, "informal_prob_2024": 1.0, "class_2025": "informal", "conf_2025": 1.0, "imi_2025": 0.329, "informal_prob_2025": 1.0, "class_2026": "informal", "conf_2026": 1.0, "imi_2026": 0.302, "informal_prob_2026": 1.0, "trajectory": "stable_informal", "cluster_last": 3, "emerging_score": 0.19496802349529596, "emerging_zone": 0, "building_count": 62.0, "building_density": 0.18525988176206587, "road_density": 270.83308030888594, "ndvi": 0.23833001831546427, "ndbi": 0.11707679431885482, "imi": 0.30194622133070081, "informal_probability": 1.0, "confidence": 1.0, "explanation": "built-up intensity: 0.82; building irregularity: 0.36; impervious surface: 0.34; building density: 0.17; road structure: 0.03" }, "geometry": { "type": "Polygon", "coordinates": [ [ [ 80.277164626713244, 13.080005575742177 ], [ 80.277161992973674, 13.080909769421563 ], [ 80.27623960982686, 13.080907185875846 ], [ 80.276242246926515, 13.080002992381164 ], [ 80.277164626713244, 13.080005575742177 ] ] ] } },
{ "type": "Feature", "properties": { "cell_id": 599, "row": 18, "col": 23, "class_2019": "informal", "conf_2019": 1.0, "imi_2019": 0.341, "informal_prob_2019": 1.0, "class_2020": "informal", "conf_2020": 1.0, "imi_2020": 0.339, "informal_prob_2020": 1.0, "class_2021": "informal", "conf_2021": 1.0, "imi_2021": 0.343, "informal_prob_2021": 1.0, "class_2022": "informal", "conf_2022": 1.0, "imi_2022": 0.342, "informal_prob_2022": 1.0, "class_2023": "informal", "conf_2023": 1.0, "imi_2023": 0.345, "informal_prob_2023": 1.0, "class_2024": "informal", "conf_2024": 1.0, "imi_2024": 0.349, "informal_prob_2024": 1.0, "class_2025": "informal", "conf_2025": 0.999, "imi_2025": 0.341, "informal_prob_2025": 0.999, "class_2026": "informal", "conf_2026": 0.998, "imi_2026": 0.354, "informal_prob_2026": 0.998, "trajectory": "stable_informal", "cluster_last": 3, "emerging_score": 0.21618899994949312, "emerging_zone": 0, "building_count": 90.0, "building_density": 0.26295824873255247, "road_density": 118.46235572735904, "ndvi": 0.20173320601694286, "ndbi": 0.12338078731670976, "imi": 0.35424044294528489, "informal_probability": 0.99835038363171347, "confidence": 0.99835038363171347, "explanation": "built-up intensity: 0.83; impervious surface: 0.55; building irregularity: 0.37; building density: 0.24; road structure: 0.06" }, "geometry": { "type": "Polygon", "coordinates": [ [ [ 80.27808700669803, 13.080008155809448 ], [ 80.278084376318574, 13.080912349673298 ], [ 80.277161992973674, 13.080909769421563 ], [ 80.277164626713244, 13.080005575742177 ], [ 80.27808700669803, 13.080008155809448 ] ] ] } },
{ "type": "Feature", "properties": { "cell_id": 600, "row": 18, "col": 24, "class_2019": "informal", "conf_2019": 1.0, "imi_2019": 0.324, "informal_prob_2019": 1.0, "class_2020": "informal", "conf_2020": 1.0, "imi_2020": 0.319, "informal_prob_2020": 1.0, "class_2021": "informal", "conf_2021": 0.99, "imi_2021": 0.311, "informal_prob_2021": 0.99, "class_2022": "informal", "conf_2022": 1.0, "imi_2022": 0.319, "informal_prob_2022": 1.0, "class_2023": "informal", "conf_2023": 1.0, "imi_2023": 0.332, "informal_prob_2023": 1.0, "class_2024": "informal", "conf_2024": 0.998, "imi_2024": 0.343, "informal_prob_2024": 0.998, "class_2025": "informal", "conf_2025": 0.976, "imi_2025": 0.345, "informal_prob_2025": 0.976, "class_2026": "informal", "conf_2026": 0.998, "imi_2026": 0.309, "informal_prob_2026": 0.998, "trajectory": "stable_informal", "cluster_last": 3, "emerging_score": 0.1834750036737427, "emerging_zone": 0, "building_count": 78.0, "building_density": 0.2425139336431327, "road_density": 201.14561353956128, "ndvi": 0.23235837582498789, "ndbi": 0.11587012720294297, "imi": 0.30938789542885248, "informal_probability": 0.9975, "confidence": 0.9975, "explanation": "built-up intensity: 0.82; building irregularity: 0.32; impervious surface: 0.32; building density: 0.22; road structure: 0.12" }, "geometry": { "type": "Polygon", "coordinates": [ [ [ 80.279009386880659, 13.080010732582972 ], [ 80.279006759861289, 13.080914926631049 ], [ 80.278084376318574, 13.080912349673298 ], [ 80.27808700669803, 13.080008155809448 ], [ 80.279009386880659, 13.080010732582972 ] ] ] } },
{ "type": "Feature", "properties": { "cell_id": 629, "row": 19, "col": 21, "class_2019": "informal", "conf_2019": 1.0, "imi_2019": 0.322, "informal_prob_2019": 1.0, "class_2020": "informal", "conf_2020": 1.0, "imi_2020": 0.31, "informal_prob_2020": 1.0, "class_2021": "informal", "conf_2021": 1.0, "imi_2021": 0.327, "informal_prob_2021": 1.0, "class_2022": "informal", "conf_2022": 1.0, "imi_2022": 0.335, "informal_prob_2022": 1.0, "class_2023": "informal", "conf_2023": 1.0, "imi_2023": 0.327, "informal_prob_2023": 1.0, "class_2024": "informal", "conf_2024": 0.999, "imi_2024": 0.32, "informal_prob_2024": 0.999, "class_2025": "informal", "conf_2025": 0.997, "imi_2025": 0.343, "informal_prob_2025": 0.997, "class_2026": "informal", "conf_2026": 1.0, "imi_2026": 0.329, "informal_prob_2026": 1.0, "trajectory": "stable_informal", "cluster_last": 3, "emerging_score": 0.20866816333667004, "emerging_zone": 0, "building_count": 100.0, "building_density": 0.30760263262936227, "road_density": 264.50813331304704, "ndvi": 0.25090995598584415, "ndbi": 0.12281223724043229, "imi": 0.32870665005057698, "informal_probability": 1.0, "confidence": 1.0, "explanation": "built-up intensity: 0.83; building irregularity: 0.40; impervious surface: 0.36; building density: 0.28; road structure: 0.03" }, "geometry": { "type": "Polygon", "coordinates": [ [ [ 80.276244883827843, 13.079098798822766 ], [ 80.276242246926515, 13.080002992381164 ], [ 80.275319867338126, 13.080000405726404 ], [ 80.27532250759927, 13.079096212352946 ], [ 80.276244883827843, 13.079098798822766 ] ] ] } },
{ "type": "Feature", "properties": { "cell_id": 630, "row": 19, "col": 22, "class_2019": "informal", "conf_2019": 1.0, "imi_2019": 0.321, "informal_prob_2019": 1.0, "class_2020": "informal", "conf_2020": 0.992, "imi_2020": 0.327, "informal_prob_2020": 0.992, "class_2021": "informal", "conf_2021": 1.0, "imi_2021": 0.328, "informal_prob_2021": 1.0, "class_2022": "informal", "conf_2022": 1.0, "imi_2022": 0.317, "informal_prob_2022": 1.0, "class_2023": "informal", "conf_2023": 1.0, "imi_2023": 0.319, "informal_prob_2023": 1.0, "class_2024": "informal", "conf_2024": 1.0, "imi_2024": 0.322, "informal_prob_2024": 1.0, "class_2025": "informal", "conf_2025": 1.0, "imi_2025": 0.327, "informal_prob_2025": 1.0, "class_2026": "informal", "conf_2026": 1.0, "imi_2026": 0.327, "informal_prob_2026": 1.0, "trajectory": "stable_informal", "cluster_last": 3, "emerging_score": 0.20780256241262612, "emerging_zone": 0, "building_count": 70.0, "building_density": 0.21636481835803661, "road_density": 235.08941247436073, "ndvi": 0.23736599955707788, "ndbi": 0.12996133106295019, "imi": 0.32693857666917153, "informal_probability": 1.0, "confidence": 1.0, "explanation": "built-up intensity: 0.84; impervious surface: 0.43; building irregularity: 0.36; building density: 0.20; road structure: 0.03" }, "geometry": { "type": "Polygon", "coordinates": [ [ [ 80.277167260254728, 13.079101381999083 ], [ 80.277164626713244, 13.080005575742177 ], [ 80.276242246926515, 13.080002992381164 ], [ 80.276244883827843, 13.079098798822766 ], [ 80.277167260254728, 13.079101381999083 ] ] ] } },
{ "type": "Feature", "properties": { "cell_id": 631, "row": 19, "col": 23, "class_2019": "informal", "conf_2019": 1.0, "imi_2019": 0.33, "informal_prob_2019": 1.0, "class_2020": "informal", "conf_2020": 0.993, "imi_2020": 0.302, "informal_prob_2020": 0.993, "class_2021": "informal", "conf_2021": 1.0, "imi_2021": 0.32, "informal_prob_2021": 1.0, "class_2022": "informal", "conf_2022": 1.0, "imi_2022": 0.315, "informal_prob_2022": 1.0, "class_2023": "informal", "conf_2023": 1.0, "imi_2023": 0.308, "informal_prob_2023": 1.0, "class_2024": "informal", "conf_2024": 0.999, "imi_2024": 0.338, "informal_prob_2024": 0.999, "class_2025": "informal", "conf_2025": 1.0, "imi_2025": 0.328, "informal_prob_2025": 1.0, "class_2026": "informal", "conf_2026": 1.0, "imi_2026": 0.315, "informal_prob_2026": 1.0, "trajectory": "stable_informal", "cluster_last": 3, "emerging_score": 0.18235329184272181, "emerging_zone": 0, "building_count": 70.0, "building_density": 0.20265479339622811, "road_density": 233.72434182670352, "ndvi": 0.23359449912270067, "ndbi": 0.11239518825896085, "imi": 0.31549046706218248, "informal_probability": 1.0, "confidence": 1.0, "explanation": "built-up intensity: 0.82; impervious surface: 0.41; building irregularity: 0.38; building density: 0.19; road structure: 0.03" }, "geometry": { "type": "Polygon", "coordinates": [ [ [ 80.278089636879685, 13.07910396188189 ], [ 80.27808700669803, 13.080008155809448 ], [ 80.277164626713244, 13.080005575742177 ], [ 80.277167260254728, 13.079101381999083 ], [ 80.278089636879685, 13.07910396188189 ] ] ] } },
{ "type": "Feature", "properties": { "cell_id": 632, "row": 19, "col": 24, "class_2019": "informal", "conf_2019": 0.994, "imi_2019": 0.319, "informal_prob_2019": 0.994, "class_2020": "informal", "conf_2020": 0.983, "imi_2020": 0.32, "informal_prob_2020": 0.983, "class_2021": "informal", "conf_2021": 0.988, "imi_2021": 0.32, "informal_prob_2021": 0.988, "class_2022": "informal", "conf_2022": 0.977, "imi_2022": 0.305, "informal_prob_2022": 0.977, "class_2023": "informal", "conf_2023": 0.988, "imi_2023": 0.312, "informal_prob_2023": 0.988, "class_2024": "informal", "conf_2024": 0.989, "imi_2024": 0.318, "informal_prob_2024": 0.989, "class_2025": "informal", "conf_2025": 0.952, "imi_2025": 0.332, "informal_prob_2025": 0.952, "class_2026": "informal", "conf_2026": 0.986, "imi_2026": 0.324, "informal_prob_2026": 0.986, "trajectory": "stable_informal", "cluster_last": 3, "emerging_score": 0.20592870716085473, "emerging_zone": 0, "building_count": 5.0, "building_density": 0.29037269826296697, "road_density": 190.86870858330664, "ndvi": 0.22230838448856957, "ndbi": 0.13221482075285165, "imi": 0.32387145606412882, "informal_probability": 0.98594209380433984, "confidence": 0.98594209380433984, "explanation": "built-up intensity: 0.85; impervious surface: 0.47; building irregularity: 0.31; building density: 0.27; road structure: 0.09" }, "geometry": { "type": "Polygon", "coordinates": [ [ [ 80.279012013702456, 13.079106538471184 ], [ 80.279009386880659, 13.080010732582972 ], [ 80.27808700669803, 13.080008155809448 ], [ 80.278089636879685, 13.07910396188189 ], [ 80.279012013702456, 13.079106538471184 ] ] ] } },
{ "type": "Feature", "properties": { "cell_id": 652, "row": 20, "col": 12, "class_2019": "open_vegetated", "conf_2019": 1.0, "imi_2019": 0.174, "informal_prob_2019": 0.0, "class_2020": "open_vegetated", "conf_2020": 0.992, "imi_2020": 0.182, "informal_prob_2020": 0.0, "class_2021": "open_vegetated", "conf_2021": 0.999, "imi_2021": 0.189, "informal_prob_2021": 0.0, "class_2022": "informal", "conf_2022": 0.976, "imi_2022": 0.481, "informal_prob_2022": 0.976, "class_2023": "informal", "conf_2023": 0.966, "imi_2023": 0.468, "informal_prob_2023": 0.966, "class_2024": "informal", "conf_2024": 0.978, "imi_2024": 0.478, "informal_prob_2024": 0.978, "class_2025": "informal", "conf_2025": 0.974, "imi_2025": 0.485, "informal_prob_2025": 0.974, "class_2026": "informal", "conf_2026": 0.969, "imi_2026": 0.489, "informal_prob_2026": 0.969, "trajectory": "new_informal", "cluster_last": 4, "emerging_score": 0.72464077701169138, "emerging_zone": 1, "building_count": 98.0, "building_density": 0.27658799721647515, "road_density": 0.0, "ndvi": 0.23568805635906756, "ndbi": 0.13584924475289881, "imi": 0.48928595371029682, "informal_probability": 0.96891170154709416, "confidence": 0.96891170154709416, "explanation": "road structure: 1.00; built-up intensity: 0.85; impervious surface: 0.43; building irregularity: 0.40; building density: 0.25" }, "geometry": { "type": "Polygon", "coordinates": [ [ [ 80.267946171879842, 13.078171210079303 ], [ 80.267943504940746, 13.079075402028527 ], [ 80.267021130508468, 13.079072785917292 ], [ 80.26702380080711, 13.078168594155123 ], [ 80.267946171879842, 13.078171210079303 ] ] ] } },
{ "type": "Feature", "properties": { "cell_id": 653, "row": 20, "col": 13, "class_2019": "open_vegetated", "conf_2019": 1.0, "imi_2019": 0.21, "informal_prob_2019": 0.0, "class_2020": "open_vegetated", "conf_2020": 0.999, "imi_2020": 0.214, "informal_prob_2020": 0.0, "class_2021": "informal", "conf_2021": 0.998, "imi_2021": 0.402, "informal_prob_2021": 0.998, "class_2022": "informal", "conf_2022": 0.991, "imi_2022": 0.45, "informal_prob_2022": 0.991, "class_2023": "informal", "conf_2023": 0.988, "imi_2023": 0.428, "informal_prob_2023": 0.988, "class_2024": "informal", "conf_2024": 0.994, "imi_2024": 0.44, "informal_prob_2024": 0.994, "class_2025": "informal", "conf_2025": 0.99, "imi_2025": 0.448, "informal_prob_2025": 0.99, "class_2026": "informal", "conf_2026": 0.99, "imi_2026": 0.434, "informal_prob_2026": 0.99, "trajectory": "new_informal", "cluster_last": 4, "emerging_score": 0.60042264045336702, "emerging_zone": 0, "building_count": 70.0, "building_density": 0.20921954205458218, "road_density": 0.0, "ndvi": 0.21382494652643799, "ndbi": 0.10774207800393924, "imi": 0.43440200959286202, "informal_probability": 0.98990712535014014, "confidence": 0.98990712535014014, "explanation": "road structure: 1.00; built-up intensity: 0.81; impervious surface: 0.43; building irregularity: 0.35; building density: 0.19" }, "geometry": { "type": "Polygon", "coordinates": [ [ [ 80.268868543153161, 13.078173822710241 ], [ 80.26886587957361, 13.079078014846282 ], [ 80.267943504940746, 13.079075402028527 ], [ 80.267946171879842, 13.078171210079303 ], [ 80.268868543153161, 13.078173822710241 ] ] ] } },
{ "type": "Feature", "properties": { "cell_id": 656, "row": 20, "col": 16, "class_2019": "open_vegetated", "conf_2019": 1.0, "imi_2019": 0.245, "informal_prob_2019": 0.0, "class_2020": "informal", "conf_2020": 0.992, "imi_2020": 0.417, "informal_prob_2020": 0.992, "class_2021": "informal", "conf_2021": 0.998, "imi_2021": 0.404, "informal_prob_2021": 0.998, "class_2022": "informal", "conf_2022": 0.996, "imi_2022": 0.42, "informal_prob_2022": 0.996, "class_2023": "informal", "conf_2023": 1.0, "imi_2023": 0.417, "informal_prob_2023": 1.0, "class_2024": "informal", "conf_2024": 1.0, "imi_2024": 0.432, "informal_prob_2024": 1.0, "class_2025": "informal", "conf_2025": 0.988, "imi_2025": 0.429, "informal_prob_2025": 0.988, "class_2026": "informal", "conf_2026": 1.0, "imi_2026": 0.425, "informal_prob_2026": 1.0, "trajectory": "new_informal", "cluster_last": 0, "emerging_score": 0.57313474531607, "emerging_zone": 0, "building_count": 85.0, "building_density": 0.2532936112339878, "road_density": 0.0, "ndvi": 0.23200361708179115, "ndbi": 0.12447146945632995, "imi": 0.42524761524740612, "informal_probability": 1.0, "confidence": 1.0, "explanation": "road structure: 1.00; built-up intensity: 0.84; impervious surface: 0.38; building irregularity: 0.38; building density: 0.23" }, "geometry": { "type": "Polygon", "coordinates": [ [ [ 80.271635658174176, 13.078181640843574 ], [ 80.271633004673305, 13.079085833538658 ], [ 80.27071062944016, 13.079083230601352 ], [ 80.270713286300577, 13.078179038092379 ], [ 80.271635658174176, 13.078181640843574 ] ] ] } },
{ "type": "Feature", "properties": { "cell_id": 660, "row": 20, "col": 20, "class_2019": "open_vegetated", "conf_2019": 1.0, "imi_2019": 0.137, "informal_prob_2019": 0.0, "class_2020": "open_vegetated", "conf_2020": 1.0, "imi_2020": 0.129, "informal_prob_2020": 0.0, "class_2021": "informal", "conf_2021": 0.946, "imi_2021": 0.353, "informal_prob_2021": 0.946, "class_2022": "informal", "conf_2022": 0.966, "imi_2022": 0.361, "informal_prob_2022": 0.966, "class_2023": "informal", "conf_2023": 0.971, "imi_2023": 0.349, "informal_prob_2023": 0.971, "class_2024": "informal", "conf_2024": 0.952, "imi_2024": 0.352, "informal_prob_2024": 0.952, "class_2025": "informal", "conf_2025": 0.937, "imi_2025": 0.383, "informal_prob_2025": 0.937, "class_2026": "informal", "conf_2026": 0.968, "imi_2026": 0.37, "informal_prob_2026": 0.968, "trajectory": "new_informal", "cluster_last": 3, "emerging_score": 0.59909886809991308, "emerging_zone": 0, "building_count": 10.0, "building_density": 0.13531230001751102, "road_density": 0.0, "ndvi": 0.23701379118952901, "ndbi": 0.13073257995769383, "imi": 0.36963096728816791, "informal_probability": 0.96792233122190363, "confidence": 0.96792233122190363, "explanation": "road structure: 1.00; built-up intensity: 0.85; impervious surface: 0.39; building irregularity: 0.20; building density: 0.12" }, "geometry": { "type": "Polygon", "coordinates": [ [ [ 80.275325147661846, 13.078192018915773 ], [ 80.27532250759927, 13.079096212352946 ], [ 80.27440013156928, 13.079093622589619 ], [ 80.274402774991444, 13.078189429337614 ], [ 80.275325147661846, 13.078192018915773 ] ] ] } },
{ "type": "Feature", "properties": { "cell_id": 661, "row": 20, "col": 21, "class_2019": "open_vegetated", "conf_2019": 0.995, "imi_2019": 0.169, "informal_prob_2019": 0.001, "class_2020": "open_vegetated", "conf_2020": 0.995, "imi_2020": 0.161, "informal_prob_2020": 0.001, "class_2021": "informal", "conf_2021": 0.993, "imi_2021": 0.294, "informal_prob_2021": 0.993, "class_2022": "informal", "conf_2022": 0.998, "imi_2022": 0.309, "informal_prob_2022": 0.998, "class_2023": "informal", "conf_2023": 0.998, "imi_2023": 0.312, "informal_prob_2023": 0.998, "class_2024": "informal", "conf_2024": 0.993, "imi_2024": 0.303, "informal_prob_2024": 0.993, "class_2025": "informal", "conf_2025": 0.993, "imi_2025": 0.325, "informal_prob_2025": 0.993, "class_2026": "informal", "conf_2026": 0.998, "imi_2026": 0.318, "informal_prob_2026": 0.998, "trajectory": "new_informal", "cluster_last": 3, "emerging_score": 0.51772019439601025, "emerging_zone": 0, "building_count": 60.0, "building_density": 0.18019711908531919, "road_density": 42.576344062339537, "ndvi": 0.21899046974838712, "ndbi": 0.1175266989460215, "imi": 0.31774736696341771, "informal_probability": 0.9983914163672114, "confidence": 0.9983914163672114, "explanation": "built-up intensity: 0.82; impervious surface: 0.43; building irregularity: 0.34; road structure: 0.21; building density: 0.17" }, "geometry": { "type": "Polygon", "coordinates": [ [ [ 80.276247520530831, 13.078194605200659 ], [ 80.276244883827843, 13.079098798822766 ], [ 80.27532250759927, 13.079096212352946 ], [ 80.275325147661846, 13.078192018915773 ], [ 80.276247520530831, 13.078194605200659 ] ] ] } },
{ "type": "Feature", "properties": { "cell_id": 662, "row": 20, "col": 22, "class_2019": "informal", "conf_2019": 0.913, "imi_2019": 0.254, "informal_prob_2019": 0.913, "class_2020": "informal", "conf_2020": 0.9, "imi_2020": 0.258, "informal_prob_2020": 0.9, "class_2021": "informal", "conf_2021": 0.935, "imi_2021": 0.268, "informal_prob_2021": 0.935, "class_2022": "informal", "conf_2022": 0.936, "imi_2022": 0.274, "informal_prob_2022": 0.936, "class_2023": "informal", "conf_2023": 0.914, "imi_2023": 0.261, "informal_prob_2023": 0.914, "class_2024": "informal", "conf_2024": 0.936, "imi_2024": 0.28, "informal_prob_2024": 0.936, "class_2025": "informal", "conf_2025": 0.817, "imi_2025": 0.304, "informal_prob_2025": 0.817, "class_2026": "informal", "conf_2026": 0.919, "imi_2026": 0.307, "informal_prob_2026": 0.919, "trajectory": "stable_informal", "cluster_last": 3, "emerging_score": 0.24971608192803213, "emerging_zone": 0, "building_count": 2.0, "building_density": 0.25008011706384703, "road_density": 160.09670543395561, "ndvi": 0.20209076346131041, "ndbi": 0.10899003639351576, "imi": 0.30716909254878139, "informal_probability": 0.91920629923202535, "confidence": 0.91920629923202535, "explanation": "built-up intensity: 0.81; impervious surface: 0.55; building density: 0.23; building irregularity: 0.16; road structure: 0.07" }, "geometry": { "type": "Polygon", "coordinates": [ [ [ 80.277169893598128, 13.078197188192277 ], [ 80.277167260254728, 13.079101381999083 ], [ 80.276244883827843, 13.079098798822766 ], [ 80.276247520530831, 13.078194605200659 ], [ 80.277169893598128, 13.078197188192277 ] ] ] } },
{ "type": "Feature", "properties": { "cell_id": 663, "row": 20, "col": 23, "class_2019": "informal", "conf_2019": 1.0, "imi_2019": 0.325, "informal_prob_2019": 1.0, "class_2020": "informal", "conf_2020": 1.0, "imi_2020": 0.306, "informal_prob_2020": 1.0, "class_2021": "informal", "conf_2021": 0.997, "imi_2021": 0.317, "informal_prob_2021": 0.997, "class_2022": "informal", "conf_2022": 0.997, "imi_2022": 0.295, "informal_prob_2022": 0.997, "class_2023": "informal", "conf_2023": 0.999, "imi_2023": 0.302, "informal_prob_2023": 0.999, "class_2024": "informal", "conf_2024": 0.968, "imi_2024": 0.283, "informal_prob_2024": 0.968, "class_2025": "informal", "conf_2025": 0.998, "imi_2025": 0.323, "informal_prob_2025": 0.998, "class_2026": "informal", "conf_2026": 0.989, "imi_2026": 0.307, "informal_prob_2026": 0.989, "trajectory": "stable_informal", "cluster_last": 3, "emerging_score": 0.17863593029131325, "emerging_zone": 0, "building_count": 95.0, "building_density": 0.28598616851884479, "road_density": 362.8885584935714, "ndvi": 0.27194669783115388, "ndbi": 0.12815741249825804, "imi": 0.30663654905208437, "informal_probability": 0.98945420332336231, "confidence": 0.98945420332336231, "explanation": "built-up intensity: 0.84; building irregularity: 0.37; impervious surface: 0.27; building density: 0.26; road structure: 0.03" }, "geometry": { "type": "Polygon", "coordinates": [ [ [ 80.27809226686351, 13.078199767890618 ], [ 80.278089636879685, 13.07910396188189 ], [ 80.277167260254728, 13.079101381999083 ], [ 80.277169893598128, 13.078197188192277 ], [ 80.27809226686351, 13.078199767890618 ] ] ] } },
{ "type": "Feature", "properties": { "cell_id": 683, "row": 21, "col": 11, "class_2019": "informal", "conf_2019": 0.992, "imi_2019": 0.311, "informal_prob_2019": 0.992, "class_2020": "informal", "conf_2020": 0.994, "imi_2020": 0.338, "informal_prob_2020": 0.994, "class_2021": "informal", "conf_2021": 0.992, "imi_2021": 0.335, "informal_prob_2021": 0.992, "class_2022": "informal", "conf_2022": 0.992, "imi_2022": 0.365, "informal_prob_2022": 0.992, "class_2023": "informal", "conf_2023": 0.987, "imi_2023": 0.377, "informal_prob_2023": 0.987, "class_2024": "informal", "conf_2024": 0.998, "imi_2024": 0.361, "informal_prob_2024": 0.998, "class_2025": "informal", "conf_2025": 0.99, "imi_2025": 0.37, "informal_prob_2025": 0.99, "class_2026": "informal", "conf_2026": 0.983, "imi_2026": 0.379, "informal_prob_2026": 0.983, "trajectory": "stable_informal", "cluster_last": 4, "emerging_score": 0.27246653446089542, "emerging_zone": 0, "building_count": 96.0, "building_density": 0.27570849877252185, "road_density": 131.48345161960324, "ndvi": 0.21145322298165412, "ndbi": 0.115195118393749, "imi": 0.37949860780618377, "informal_probability": 0.98306680214402264, "confidence": 0.98306680214402264, "explanation": "built-up intensity: 0.82; impervious surface: 0.51; building irregularity: 0.38; building density: 0.25; road structure: 0.09" }, "geometry": { "type": "Polygon", "coordinates": [ [ [ 80.267026470904909, 13.077264402329231 ], [ 80.26702380080711, 13.078168594155123 ], [ 80.266101429935233, 13.078165974937706 ], [ 80.266104103392323, 13.0772617832991 ], [ 80.267026470904909, 13.077264402329231 ] ] ] } },
{ "type": "Feature", "properties": { "cell_id": 685, "row": 21, "col": 13, "class_2019": "open_vegetated", "conf_2019": 1.0, "imi_2019": 0.125, "informal_prob_2019": 0.0, "class_2020": "open_vegetated", "conf_2020": 0.96, "imi_2020": 0.145, "informal_prob_2020": 0.0, "class_2021": "open_vegetated", "conf_2021": 1.0, "imi_2021": 0.149, "informal_prob_2021": 0.0, "class_2022": "informal", "conf_2022": 0.997, "imi_2022": 0.433, "informal_prob_2022": 0.997, "class_2023": "informal", "conf_2023": 0.998, "imi_2023": 0.42, "informal_prob_2023": 0.998, "class_2024": "informal", "conf_2024": 1.0, "imi_2024": 0.432, "informal_prob_2024": 1.0, "class_2025": "informal", "conf_2025": 0.982, "imi_2025": 0.445, "informal_prob_2025": 0.982, "class_2026": "informal", "conf_2026": 0.992, "imi_2026": 0.443, "informal_prob_2026": 0.992, "trajectory": "new_informal", "cluster_last": 4, "emerging_score": 0.71362797831827607, "emerging_zone": 1, "building_count": 80.0, "building_density": 0.24369718851394123, "road_density": 0.0, "ndvi": 0.20488286855397747, "ndbi": 0.11135380437597632, "imi": 0.44266831182409105, "informal_probability": 0.99190246696504691, "confidence": 0.99190246696504691, "explanation": "road structure: 1.00; built-up intensity: 0.81; impervious surface: 0.46; building irregularity: 0.38; building density: 0.22" }, "geometry": { "type": "Polygon", "coordinates": [ [ [ 80.268871206532367, 13.077269630510481 ], [ 80.268868543153161, 13.078173822710241 ], [ 80.267946171879842, 13.078171210079303 ], [ 80.267948838618352, 13.07726701806636 ], [ 80.268871206532367, 13.077269630510481 ] ] ] } },
{ "type": "Feature", "properties": { "cell_id": 692, "row": 21, "col": 20, "class_2019": "open_vegetated", "conf_2019": 1.0, "imi_2019": 0.119, "informal_prob_2019": 0.0, "class_2020": "open_vegetated", "conf_2020": 1.0, "imi_2020": 0.114, "informal_prob_2020": 0.0, "class_2021": "open_vegetated", "conf_2021": 1.0, "imi_2021": 0.135, "informal_prob_2021": 0.0, "class_2022": "open_vegetated", "conf_2022": 1.0, "imi_2022": 0.138, "informal_prob_2022": 0.0, "class_2023": "open_vegetated", "conf_2023": 0.998, "imi_2023": 0.146, "informal_prob_2023": 0.0, "class_2024": "open_vegetated", "conf_2024": 1.0, "imi_2024": 0.148, "informal_prob_2024": 0.0, "class_2025": "informal", "conf_2025": 0.994, "imi_2025": 0.428, "informal_prob_2025": 0.994, "class_2026": "informal", "conf_2026": 0.999, "imi_2026": 0.417, "informal_prob_2026": 0.999, "trajectory": "new_informal", "cluster_last": 3, "emerging_score": 0.706739506640228, "emerging_zone": 1, "building_count": 104.0, "building_density": 0.31803518584625051, "road_density": 0.0, "ndvi": 0.24474988183006643, "ndbi": 0.11201217609923333, "imi": 0.41738917547424642, "informal_probability": 0.99885504201680675, "confidence": 0.99885504201680675, "explanation": "road structure: 1.00; built-up intensity: 0.82; impervious surface: 0.37; building irregularity: 0.35; building density: 0.29" }, "geometry": { "type": "Polygon", "coordinates": [ [ [ 80.275327787525868, 13.077287825414889 ], [ 80.275325147661846, 13.078192018915773 ], [ 80.274402774991444, 13.078189429337614 ], [ 80.274405418214769, 13.077285236021899 ], [ 80.275327787525868, 13.077287825414889 ] ] ] } },
{ "type": "Feature", "properties": { "cell_id": 693, "row": 21, "col": 21, "class_2019": "open_vegetated", "conf_2019": 1.0, "imi_2019": 0.178, "informal_prob_2019": 0.0, "class_2020": "open_vegetated", "conf_2020": 1.0, "imi_2020": 0.178, "informal_prob_2020": 0.0, "class_2021": "open_vegetated", "conf_2021": 1.0, "imi_2021": 0.202, "informal_prob_2021": 0.0, "class_2022": "informal", "conf_2022": 0.971, "imi_2022": 0.394, "informal_prob_2022": 0.971, "class_2023": "informal", "conf_2023": 0.998, "imi_2023": 0.379, "informal_prob_2023": 0.998, "class_2024": "informal", "conf_2024": 1.0, "imi_2024": 0.385, "informal_prob_2024": 1.0, "class_2025": "informal", "conf_2025": 0.989, "imi_2025": 0.409, "informal_prob_2025": 0.989, "class_2026": "informal", "conf_2026": 1.0, "imi_2026": 0.4, "informal_prob_2026": 1.0, "trajectory": "new_informal", "cluster_last": 3, "emerging_score": 0.61184658354040811, "emerging_zone": 0, "building_count": 69.0, "building_density": 0.2123818721695232, "road_density": 0.0, "ndvi": 0.23245724759064615, "ndbi": 0.1230983572988771, "imi": 0.40003804880015381, "informal_probability": 1.0, "confidence": 1.0, "explanation": "road structure: 1.00; built-up intensity: 0.83; impervious surface: 0.37; building irregularity: 0.37; building density: 0.20" }, "geometry": { "type": "Polygon", "coordinates": [ [ [ 80.276250157035506, 13.077290411514841 ], [ 80.276247520530831, 13.078194605200659 ], [ 80.275325147661846, 13.078192018915773 ], [ 80.275327787525868, 13.077287825414889 ], [ 80.276250157035506, 13.077290411514841 ] ] ] } },
{ "type": "Feature", "properties": { "cell_id": 695, "row": 21, "col": 23, "class_2019": "open_vegetated", "conf_2019": 0.985, "imi_2019": 0.053, "informal_prob_2019": 0.002, "class_2020": "open_vegetated", "conf_2020": 0.999, "imi_2020": 0.047, "informal_prob_2020": 0.0, "class_2021": "open_vegetated", "conf_2021": 1.0, "imi_2021": 0.047, "informal_prob_2021": 0.0, "class_2022": "open_vegetated", "conf_2022": 1.0, "imi_2022": 0.047, "informal_prob_2022": 0.0, "class_2023": "open_vegetated", "conf_2023": 0.998, "imi_2023": 0.043, "informal_prob_2023": 0.0, "class_2024": "open_vegetated", "conf_2024": 1.0, "imi_2024": 0.055, "informal_prob_2024": 0.0, "class_2025": "informal", "conf_2025": 0.84, "imi_2025": 0.431, "informal_prob_2025": 0.84, "class_2026": "informal", "conf_2026": 0.833, "imi_2026": 0.422, "informal_prob_2026": 0.833, "trajectory": "new_informal", "cluster_last": 3, "emerging_score": 0.90638439745258448, "emerging_zone": 1, "building_count": 2.0, "building_density": 0.85547487183930282, "road_density": 12.248352510132687, "ndvi": 0.20326737367548048, "ndbi": 0.11909921548794955, "imi": 0.42197984531329552, "informal_probability": 0.83304975024058736, "confidence": 0.83304975024058736, "explanation": "built-up intensity: 0.83; building density: 0.79; impervious surface: 0.49; road structure: 0.29; building irregularity: 0.21" }, "geometry": { "type": "Polygon", "coordinates": [ [ [ 80.27809489664952, 13.077295573835643 ], [ 80.27809226686351, 13.078199767890618 ], [ 80.277169893598128, 13.078197188192277 ], [ 80.277172526743485, 13.077292994321763 ], [ 80.27809489664952, 13.077295573835643 ] ] ] } },
{ "type": "Feature", "properties": { "cell_id": 714, "row": 22, "col": 10, "class_2019": "informal", "conf_2019": 0.997, "imi_2019": 0.341, "informal_prob_2019": 0.997, "class_2020": "informal", "conf_2020": 1.0, "imi_2020": 0.343, "informal_prob_2020": 1.0, "class_2021": "informal", "conf_2021": 1.0, "imi_2021": 0.334, "informal_prob_2021": 1.0, "class_2022": "informal", "conf_2022": 1.0, "imi_2022": 0.355, "informal_prob_2022": 1.0, "class_2023": "informal", "conf_2023": 1.0, "imi_2023": 0.359, "informal_prob_2023": 1.0, "class_2024": "informal", "conf_2024": 1.0, "imi_2024": 0.338, "informal_prob_2024": 1.0, "class_2025": "informal", "conf_2025": 1.0, "imi_2025": 0.352, "informal_prob_2025": 1.0, "class_2026": "informal", "conf_2026": 1.0, "imi_2026": 0.364, "informal_prob_2026": 1.0, "trajectory": "stable_informal", "cluster_last": 4, "emerging_score": 0.21842781353413057, "emerging_zone": 0, "building_count": 79.0, "building_density": 0.23532821481191946, "road_density": 367.40854121168059, "ndvi": 0.2114257715921849, "ndbi": 0.11412011479726061, "imi": 0.36364990264919128, "informal_probability": 1.0, "confidence": 1.0, "explanation": "built-up intensity: 0.82; impervious surface: 0.52; building irregularity: 0.40; building density: 0.22; road structure: 0.02" }, "geometry": { "type": "Polygon", "coordinates": [ [ [ 80.266106776648328, 13.07635759159678 ], [ 80.266104103392323, 13.0772617832991 ], [ 80.265181736080834, 13.077259160975972 ], [ 80.265184412695874, 13.076354969461173 ], [ 80.266106776648328, 13.07635759159678 ] ] ] } },
{ "type": "Feature", "properties": { "cell_id": 715, "row": 22, "col": 11, "class_2019": "informal", "conf_2019": 0.99, "imi_2019": 0.299, "informal_prob_2019": 0.99, "class_2020": "informal", "conf_2020": 0.998, "imi_2020": 0.324, "informal_prob_2020": 0.998, "class_2021": "informal", "conf_2021": 0.998, "imi_2021": 0.305, "informal_prob_2021": 0.998, "class_2022": "informal", "conf_2022": 0.998, "imi_2022": 0.322, "informal_prob_2022": 0.998, "class_2023": "informal", "conf_2023": 0.998, "imi_2023": 0.326, "informal_prob_2023": 0.998, "class_2024": "informal", "conf_2024": 0.999, "imi_2024": 0.306, "informal_prob_2024": 0.999, "class_2025": "informal", "conf_2025": 0.999, "imi_2025": 0.311, "informal_prob_2025": 0.999, "class_2026": "informal", "conf_2026": 0.996, "imi_2026": 0.3, "informal_prob_2026": 0.996, "trajectory": "stable_informal", "cluster_last": 4, "emerging_score": 0.2053982766957107, "emerging_zone": 0, "building_count": 61.0, "building_density": 0.17990878226622675, "road_density": 135.64230220013528, "ndvi": 0.25371597075834873, "ndbi": 0.12224888027179986, "imi": 0.30026223455991924, "informal_probability": 0.99555276897370104, "confidence": 0.99555276897370104, "explanation": "built-up intensity: 0.83; building irregularity: 0.35; impervious surface: 0.28; building density: 0.17; road structure: 0.05" }, "geometry": { "type": "Polygon", "coordinates": [ [ [ 80.267029140801867, 13.076360210439624 ], [ 80.267026470904909, 13.077264402329231 ], [ 80.266104103392323, 13.0772617832991 ], [ 80.266106776648328, 13.07635759159678 ], [ 80.267029140801867, 13.076360210439624 ] ] ] } },
{ "type": "Feature", "properties": { "cell_id": 716, "row": 22, "col": 12, "class_2019": "open_vegetated", "conf_2019": 1.0, "imi_2019": 0.071, "informal_prob_2019": 0.0, "class_2020": "informal", "conf_2020": 0.987, "imi_2020": 0.317, "informal_prob_2020": 0.987, "class_2021": "informal", "conf_2021": 0.989, "imi_2021": 0.332, "informal_prob_2021": 0.989, "class_2022": "informal", "conf_2022": 0.999, "imi_2022": 0.359, "informal_prob_2022": 0.999, "class_2023": "informal", "conf_2023": 0.992, "imi_2023": 0.378, "informal_prob_2023": 0.992, "class_2024": "informal", "conf_2024": 0.999, "imi_2024": 0.366, "informal_prob_2024": 0.999, "class_2025": "informal", "conf_2025": 0.99, "imi_2025": 0.381, "informal_prob_2025": 0.99, "class_2026": "informal", "conf_2026": 0.989, "imi_2026": 0.388, "informal_prob_2026": 0.989, "trajectory": "new_informal", "cluster_last": 4, "emerging_score": 0.7140103395085573, "emerging_zone": 1, "building_count": 85.0, "building_density": 0.26624352991113798, "road_density": 9.427515825190147, "ndvi": 0.22188076055143027, "ndbi": 0.11761340596654918, "imi": 0.38758641402034899, "informal_probability": 0.98934530302368595, "confidence": 0.98934530302368595, "explanation": "built-up intensity: 0.82; impervious surface: 0.47; road structure: 0.47; building irregularity: 0.35; building density: 0.24" }, "geometry": { "type": "Polygon", "coordinates": [ [ [ 80.267951505156262, 13.076362825989699 ], [ 80.267948838618352, 13.07726701806636 ], [ 80.267026470904909, 13.077264402329231 ], [ 80.267029140801867, 13.076360210439624 ], [ 80.267951505156262, 13.076362825989699 ] ] ] } },
{ "type": "Feature", "properties": { "cell_id": 718, "row": 22, "col": 14, "class_2019": "open_vegetated", "conf_2019": 1.0, "imi_2019": 0.103, "informal_prob_2019": 0.0, "class_2020": "open_vegetated", "conf_2020": 0.954, "imi_2020": 0.103, "informal_prob_2020": 0.002, "class_2021": "open_vegetated", "conf_2021": 1.0, "imi_2021": 0.098, "informal_prob_2021": 0.0, "class_2022": "open_vegetated", "conf_2022": 1.0, "imi_2022": 0.112, "informal_prob_2022": 0.0, "class_2023": "informal", "conf_2023": 0.984, "imi_2023": 0.395, "informal_prob_2023": 0.984, "class_2024": "informal", "conf_2024": 0.978, "imi_2024": 0.392, "informal_prob_2024": 0.978, "class_2025": "informal", "conf_2025": 0.99, "imi_2025": 0.426, "informal_prob_2025": 0.99, "class_2026": "informal", "conf_2026": 0.997, "imi_2026": 0.418, "informal_prob_2026": 0.997, "trajectory": "new_informal", "cluster_last": 4, "emerging_score": 0.72666093241828167, "emerging_zone": 1, "building_count": 105.0, "building_density": 0.30995682114649531, "road_density": 0.0, "ndvi": 0.20957146581262351, "ndbi": 0.12665872671990655, "imi": 0.41770612618496183, "informal_probability": 0.99679039754238363, "confidence": 0.99679039754238363, "explanation": "road structure: 1.00; built-up intensity: 0.84; impervious surface: 0.46; building irregularity: 0.36; building density: 0.29" }, "geometry": { "type": "Polygon", "coordinates": [ [ [ 80.269796234466554, 13.076368047211536 ], [ 80.269793574646727, 13.077272239661593 ], [ 80.268871206532367, 13.077269630510481 ], [ 80.268873869711243, 13.076365438247006 ], [ 80.269796234466554, 13.076368047211536 ] ] ] } },
{ "type": "Feature", "properties": { "cell_id": 725, "row": 22, "col": 21, "class_2019": "open_vegetated", "conf_2019": 1.0, "imi_2019": 0.1, "informal_prob_2019": 0.0, "class_2020": "open_vegetated", "conf_2020": 1.0, "imi_2020": 0.099, "informal_prob_2020": 0.0, "class_2021": "open_vegetated", "conf_2021": 1.0, "imi_2021": 0.094, "informal_prob_2021": 0.0, "class_2022": "open_vegetated", "conf_2022": 1.0, "imi_2022": 0.108, "informal_prob_2022": 0.0, "class_2023": "open_vegetated", "conf_2023": 1.0, "imi_2023": 0.113, "informal_prob_2023": 0.0, "class_2024": "open_vegetated", "conf_2024": 1.0, "imi_2024": 0.112, "informal_prob_2024": 0.0, "class_2025": "informal", "conf_2025": 0.993, "imi_2025": 0.366, "informal_prob_2025": 0.993, "class_2026": "informal", "conf_2026": 0.992, "imi_2026": 0.387, "informal_prob_2026": 0.992, "trajectory": "new_informal", "cluster_last": 3, "emerging_score": 0.67925421254598184, "emerging_zone": 1, "building_count": 70.0, "building_density": 0.20818631874452409, "road_density": 0.0, "ndvi": 0.25041280111297964, "ndbi": 0.12876259077514987, "imi": 0.38700882029546896, "informal_probability": 0.9925, "confidence": 0.9925, "explanation": "road structure: 1.00; built-up intensity: 0.84; building irregularity: 0.36; impervious surface: 0.34; building density: 0.19" }, "geometry": { "type": "Polygon", "coordinates": [ [ [ 80.276252793341868, 13.076386217765323 ], [ 80.276250157035506, 13.077290411514841 ], [ 80.275327787525868, 13.077287825414889 ], [ 80.275330427191292, 13.0763836318503 ], [ 80.276252793341868, 13.076386217765323 ] ] ] } },
{ "type": "Feature", "properties": { "cell_id": 727, "row": 22, "col": 23, "class_2019": "open_vegetated", "conf_2019": 0.996, "imi_2019": 0.172, "informal_prob_2019": 0.0, "class_2020": "open_vegetated", "conf_2020": 0.998, "imi_2020": 0.175, "informal_prob_2020": 0.0, "class_2021": "open_vegetated", "conf_2021": 0.998, "imi_2021": 0.169, "informal_prob_2021": 0.0, "class_2022": "open_vegetated", "conf_2022": 0.996, "imi_2022": 0.197, "informal_prob_2022": 0.0, "class_2023": "open_vegetated", "conf_2023": 0.996, "imi_2023": 0.198, "informal_prob_2023": 0.0, "class_2024": "informal", "conf_2024": 0.989, "imi_2024": 0.383, "informal_prob_2024": 0.989, "class_2025": "informal", "conf_2025": 0.995, "imi_2025": 0.398, "informal_prob_2025": 0.995, "class_2026": "informal", "conf_2026": 0.998, "imi_2026": 0.405, "informal_prob_2026": 0.998, "trajectory": "new_informal", "cluster_last": 3, "emerging_score": 0.59067124336719834, "emerging_zone": 0, "building_count": 66.0, "building_density": 0.20126371061439266, "road_density": 0.0, "ndvi": 0.22653192807978484, "ndbi": 0.10725783997215331, "imi": 0.40477201662578211, "informal_probability": 0.9975, "confidence": 0.9975, "explanation": "road structure: 1.00; built-up intensity: 0.81; impervious surface: 0.41; building irregularity: 0.38; building density: 0.19" }, "geometry": { "type": "Polygon", "coordinates": [ [ [ 80.278097526237715, 13.076391379716968 ], [ 80.27809489664952, 13.077295573835643 ], [ 80.277172526743485, 13.077292994321763 ], [ 80.277175159690756, 13.076388800387548 ], [ 80.278097526237715, 13.076391379716968 ] ] ] } },
{ "type": "Feature", "properties": { "cell_id": 746, "row": 23, "col": 10, "class_2019": "informal", "conf_2019": 1.0, "imi_2019": 0.337, "informal_prob_2019": 1.0, "class_2020": "informal", "conf_2020": 1.0, "imi_2020": 0.335, "informal_prob_2020": 1.0, "class_2021": "informal", "conf_2021": 1.0, "imi_2021": 0.339, "informal_prob_2021": 1.0, "class_2022": "informal", "conf_2022": 0.999, "imi_2022": 0.334, "informal_prob_2022": 0.999, "class_2023": "informal", "conf_2023": 0.996, "imi_2023": 0.346, "informal_prob_2023": 0.996, "class_2024": "informal", "conf_2024": 0.997, "imi_2024": 0.331, "informal_prob_2024": 0.997, "class_2025": "informal", "conf_2025": 1.0, "imi_2025": 0.327, "informal_prob_2025": 1.0, "class_2026": "informal", "conf_2026": 1.0, "imi_2026": 0.341, "informal_prob_2026": 1.0, "trajectory": "stable_informal", "cluster_last": 4, "emerging_score": 0.20703767515275434, "emerging_zone": 0, "building_count": 83.0, "building_density": 0.2511143921615166, "road_density": 268.36809092771773, "ndvi": 0.22020149351912552, "ndbi": 0.13021072855219246, "imi": 0.34068349845629731, "informal_probability": 1.0, "confidence": 1.0, "explanation": "built-up intensity: 0.84; impervious surface: 0.40; building irregularity: 0.38; building density: 0.23; road structure: 0.03" }, "geometry": { "type": "Polygon", "coordinates": [ [ [ 80.266109449703237, 13.075453399830748 ], [ 80.266106776648328, 13.07635759159678 ], [ 80.265184412695874, 13.076354969461173 ], [ 80.26518708910956, 13.07545077788266 ], [ 80.266109449703237, 13.075453399830748 ] ] ] } },
{ "type": "Feature", "properties": { "cell_id": 747, "row": 23, "col": 11, "class_2019": "informal", "conf_2019": 0.985, "imi_2019": 0.286, "informal_prob_2019": 0.985, "class_2020": "informal", "conf_2020": 1.0, "imi_2020": 0.295, "informal_prob_2020": 1.0, "class_2021": "informal", "conf_2021": 0.982, "imi_2021": 0.285, "informal_prob_2021": 0.982, "class_2022": "informal", "conf_2022": 0.998, "imi_2022": 0.309, "informal_prob_2022": 0.998, "class_2023": "informal", "conf_2023": 1.0, "imi_2023": 0.302, "informal_prob_2023": 1.0, "class_2024": "informal", "conf_2024": 1.0, "imi_2024": 0.314, "informal_prob_2024": 1.0, "class_2025": "informal", "conf_2025": 1.0, "imi_2025": 0.303, "informal_prob_2025": 1.0, "class_2026": "informal", "conf_2026": 1.0, "imi_2026": 0.327, "informal_prob_2026": 1.0, "trajectory": "stable_informal", "cluster_last": 4, "emerging_score": 0.24589230437534121, "emerging_zone": 0, "building_count": 66.0, "building_density": 0.20571620296963411, "road_density": 256.22794211447587, "ndvi": 0.20620854746783152, "ndbi": 0.13601487012114377, "imi": 0.3266920243138472, "informal_probability": 1.0, "confidence": 1.0, "explanation": "built-up intensity: 0.85; impervious surface: 0.52; building irregularity: 0.36; building density: 0.19; road structure: 0.07" }, "geometry": { "type": "Polygon", "coordinates": [ [ [ 80.267031810497983, 13.075456018486305 ], [ 80.267029140801867, 13.076360210439624 ], [ 80.266106776648328, 13.07635759159678 ], [ 80.266109449703237, 13.075453399830748 ], [ 80.267031810497983, 13.075456018486305 ] ] ] } },
{ "type": "Feature", "properties": { "cell_id": 749, "row": 23, "col": 13, "class_2019": "open_vegetated", "conf_2019": 0.937, "imi_2019": 0.153, "informal_prob_2019": 0.001, "class_2020": "open_vegetated", "conf_2020": 1.0, "imi_2020": 0.15, "informal_prob_2020": 0.0, "class_2021": "open_vegetated", "conf_2021": 1.0, "imi_2021": 0.155, "informal_prob_2021": 0.0, "class_2022": "open_vegetated", "conf_2022": 0.981, "imi_2022": 0.163, "informal_prob_2022": 0.0, "class_2023": "open_vegetated", "conf_2023": 1.0, "imi_2023": 0.181, "informal_prob_2023": 0.0, "class_2024": "open_vegetated", "conf_2024": 1.0, "imi_2024": 0.209, "informal_prob_2024": 0.0, "class_2025": "informal", "conf_2025": 0.996, "imi_2025": 0.458, "informal_prob_2025": 0.996, "class_2026": "informal", "conf_2026": 0.999, "imi_2026": 0.439, "informal_prob_2026": 0.999, "trajectory": "new_informal", "cluster_last": 4, "emerging_score": 0.68956828162114547, "emerging_zone": 1, "building_count": 105.0, "building_density": 0.31181290378912563, "road_density": 0.0, "ndvi": 0.24040625728666781, "ndbi": 0.1128314127237536, "imi": 0.43949299236364858, "informal_probability": 0.99855208333333334, "confidence": 0.99855208333333334, "explanation": "road structure: 1.00; built-up intensity: 0.82; impervious surface: 0.38; building irregularity: 0.38; building density: 0.29" }, "geometry": { "type": "Polygon", "coordinates": [ [ [ 80.268876532689774, 13.075461245919824 ], [ 80.268873869711243, 13.076365438247006 ], [ 80.267951505156262, 13.076362825989699 ], [ 80.267954171493585, 13.075458633849333 ], [ 80.268876532689774, 13.075461245919824 ] ] ] } },
{ "type": "Feature", "properties": { "cell_id": 757, "row": 23, "col": 21, "class_2019": "open_vegetated", "conf_2019": 1.0, "imi_2019": 0.196, "informal_prob_2019": 0.0, "class_2020": "open_vegetated", "conf_2020": 1.0, "imi_2020": 0.192, "informal_prob_2020": 0.0, "class_2021": "open_vegetated", "conf_2021": 1.0, "imi_2021": 0.191, "informal_prob_2021": 0.0, "class_2022": "open_vegetated", "conf_2022": 1.0, "imi_2022": 0.192, "informal_prob_2022": 0.0, "class_2023": "open_vegetated", "conf_2023": 1.0, "imi_2023": 0.196, "informal_prob_2023": 0.0, "class_2024": "open_vegetated", "conf_2024": 1.0, "imi_2024": 0.188, "informal_prob_2024": 0.0, "class_2025": "open_vegetated", "conf_2025": 0.998, "imi_2025": 0.2, "informal_prob_2025": 0.0, "class_2026": "informal", "conf_2026": 0.969, "imi_2026": 0.392, "informal_prob_2026": 0.969, "trajectory": "new_informal", "cluster_last": 3, "emerging_score": 0.49200821401026085, "emerging_zone": 0, "building_count": 72.0, "building_density": 0.20589941678759452, "road_density": 0.0, "ndvi": 0.18991798455826939, "ndbi": 0.11279298724239198, "imi": 0.39207520126384959, "informal_probability": 0.96901705050442177, "confidence": 0.96901705050442177, "explanation": "road structure: 1.00; built-up intensity: 0.82; impervious surface: 0.59; building irregularity: 0.35; building density: 0.19" }, "geometry": { "type": "Polygon", "coordinates": [ [ [ 80.276255429449918, 13.075482023952107 ], [ 80.276252793341868, 13.076386217765323 ], [ 80.275330427191292, 13.0763836318503 ], [ 80.275333066658163, 13.075479438222013 ], [ 80.276255429449918, 13.075482023952107 ] ] ] } },
{ "type": "Feature", "properties": { "cell_id": 758, "row": 23, "col": 22, "class_2019": "open_vegetated", "conf_2019": 1.0, "imi_2019": 0.191, "informal_prob_2019": 0.0, "class_2020": "open_vegetated", "conf_2020": 1.0, "imi_2020": 0.191, "informal_prob_2020": 0.0, "class_2021": "open_vegetated", "conf_2021": 1.0, "imi_2021": 0.189, "informal_prob_2021": 0.0, "class_2022": "open_vegetated", "conf_2022": 1.0, "imi_2022": 0.201, "informal_prob_2022": 0.0, "class_2023": "open_vegetated", "conf_2023": 1.0, "imi_2023": 0.203, "informal_prob_2023": 0.0, "class_2024": "open_vegetated", "conf_2024": 1.0, "imi_2024": 0.22, "informal_prob_2024": 0.0, "class_2025": "open_vegetated", "conf_2025": 0.987, "imi_2025": 0.24, "informal_prob_2025": 0.002, "class_2026": "informal", "conf_2026": 1.0, "imi_2026": 0.425, "informal_prob_2026": 1.0, "trajectory": "new_informal", "cluster_last": 3, "emerging_score": 0.64044719463546151, "emerging_zone": 0, "building_count": 93.0, "building_density": 0.27163649431811043, "road_density": 0.0, "ndvi": 0.22399796863319352, "ndbi": 0.12193034867275855, "imi": 0.42478019387693228, "informal_probability": 1.0, "confidence": 1.0, "explanation": "road structure: 1.00; built-up intensity: 0.83; impervious surface: 0.45; building irregularity: 0.38; building density: 0.25" }, "geometry": { "type": "Polygon", "coordinates": [ [ [ 80.277177792439986, 13.075484606389633 ], [ 80.277175159690756, 13.076388800387548 ], [ 80.276252793341868, 13.076386217765323 ], [ 80.276255429449918, 13.075482023952107 ], [ 80.277177792439986, 13.075484606389633 ] ] ] } },
{ "type": "Feature", "properties": { "cell_id": 759, "row": 23, "col": 23, "class_2019": "open_vegetated", "conf_2019": 1.0, "imi_2019": 0.126, "informal_prob_2019": 0.0, "class_2020": "open_vegetated", "conf_2020": 1.0, "imi_2020": 0.121, "informal_prob_2020": 0.0, "class_2021": "open_vegetated", "conf_2021": 1.0, "imi_2021": 0.131, "informal_prob_2021": 0.0, "class_2022": "informal", "conf_2022": 0.974, "imi_2022": 0.377, "informal_prob_2022": 0.974, "class_2023": "informal", "conf_2023": 0.957, "imi_2023": 0.385, "informal_prob_2023": 0.957, "class_2024": "informal", "conf_2024": 0.963, "imi_2024": 0.41, "informal_prob_2024": 0.963, "class_2025": "informal", "conf_2025": 0.955, "imi_2025": 0.403, "informal_prob_2025": 0.955, "class_2026": "informal", "conf_2026": 0.929, "imi_2026": 0.392, "informal_prob_2026": 0.929, "trajectory": "new_informal", "cluster_last": 3, "emerging_score": 0.64875243141405659, "emerging_zone": 0, "building_count": 4.0, "building_density": 0.20847064079206012, "road_density": 0.0, "ndvi": 0.27901637425646186, "ndbi": 0.11659794923849404, "imi": 0.39201875250127149, "informal_probability": 0.92879786569636569, "confidence": 0.92879786569636569, "explanation": "road structure: 1.00; built-up intensity: 0.82; building irregularity: 0.38; impervious surface: 0.24; building density: 0.19" }, "geometry": { "type": "Polygon", "coordinates": [ [ [ 80.278100155628096, 13.075487185534595 ], [ 80.278097526237715, 13.076391379716968 ], [ 80.277175159690756, 13.076388800387548 ], [ 80.277177792439986, 13.075484606389633 ], [ 80.278100155628096, 13.075487185534595 ] ] ] } },
{ "type": "Feature", "properties": { "cell_id": 760, "row": 23, "col": 24, "class_2019": "open_vegetated", "conf_2019": 0.993, "imi_2019": 0.124, "informal_prob_2019": 0.0, "class_2020": "open_vegetated", "conf_2020": 1.0, "imi_2020": 0.124, "informal_prob_2020": 0.0, "class_2021": "open_vegetated", "conf_2021": 1.0, "imi_2021": 0.131, "informal_prob_2021": 0.0, "class_2022": "informal", "conf_2022": 1.0, "imi_2022": 0.424, "informal_prob_2022": 1.0, "class_2023": "informal", "conf_2023": 0.99, "imi_2023": 0.408, "informal_prob_2023": 0.99, "class_2024": "informal", "conf_2024": 0.986, "imi_2024": 0.419, "informal_prob_2024": 0.986, "class_2025": "informal", "conf_2025": 0.999, "imi_2025": 0.453, "informal_prob_2025": 0.999, "class_2026": "informal", "conf_2026": 0.999, "imi_2026": 0.45, "informal_prob_2026": 0.999, "trajectory": "new_informal", "cluster_last": 3, "emerging_score": 0.72776288791563615, "emerging_zone": 1, "building_count": 93.0, "building_density": 0.27596916131099869, "road_density": 0.0, "ndvi": 0.21750894393771886, "ndbi": 0.12365956518799066, "imi": 0.44998588921384075, "informal_probability": 0.99855208333333334, "confidence": 0.99855208333333334, "explanation": "road structure: 1.00; built-up intensity: 0.83; impervious surface: 0.51; building irregularity: 0.37; building density: 0.25" }, "geometry": { "type": "Polygon", "coordinates": [ [ [ 80.279022519014035, 13.075489761386986 ], [ 80.279019892982475, 13.076393955753581 ], [ 80.278097526237715, 13.076391379716968 ], [ 80.278100155628096, 13.075487185534595 ], [ 80.279022519014035, 13.075489761386986 ] ] ] } },
{ "type": "Feature", "properties": { "cell_id": 765, "row": 23, "col": 29, "class_2019": "informal", "conf_2019": 0.994, "imi_2019": 0.359, "informal_prob_2019": 0.994, "class_2020": "informal", "conf_2020": 1.0, "imi_2020": 0.335, "informal_prob_2020": 1.0, "class_2021": "informal", "conf_2021": 0.998, "imi_2021": 0.334, "informal_prob_2021": 0.998, "class_2022": "informal", "conf_2022": 1.0, "imi_2022": 0.344, "informal_prob_2022": 1.0, "class_2023": "informal", "conf_2023": 0.994, "imi_2023": 0.333, "informal_prob_2023": 0.994, "class_2024": "informal", "conf_2024": 0.998, "imi_2024": 0.335, "informal_prob_2024": 0.998, "class_2025": "informal", "conf_2025": 0.988, "imi_2025": 0.347, "informal_prob_2025": 0.988, "class_2026": "informal", "conf_2026": 0.992, "imi_2026": 0.329, "informal_prob_2026": 0.992, "trajectory": "stable_informal", "cluster_last": 5, "emerging_score": 0.17187127440969918, "emerging_zone": 0, "building_count": 108.0, "building_density": 0.32752340120693924, "road_density": 151.7158124195422, "ndvi": 0.24503770275972783, "ndbi": 0.12514841504395008, "imi": 0.32927892696280037, "informal_probability": 0.9925, "confidence": 0.9925, "explanation": "built-up intensity: 0.84; building irregularity: 0.39; impervious surface: 0.36; building density: 0.30; road structure: 0.09" }, "geometry": { "type": "Polygon", "coordinates": [ [ [ 80.283634338901905, 13.075502591260248 ], [ 80.283631729664563, 13.076406786544435 ], [ 80.282709361934565, 13.076404226971903 ], [ 80.282711974530741, 13.075500031870767 ], [ 80.283634338901905, 13.075502591260248 ] ] ] } },
{ "type": "Feature", "properties": { "cell_id": 766, "row": 23, "col": 30, "class_2019": "informal", "conf_2019": 1.0, "imi_2019": 0.338, "informal_prob_2019": 1.0, "class_2020": "informal", "conf_2020": 0.998, "imi_2020": 0.335, "informal_prob_2020": 0.998, "class_2021": "informal", "conf_2021": 1.0, "imi_2021": 0.331, "informal_prob_2021": 1.0, "class_2022": "informal", "conf_2022": 1.0, "imi_2022": 0.332, "informal_prob_2022": 1.0, "class_2023": "informal", "conf_2023": 0.998, "imi_2023": 0.333, "informal_prob_2023": 0.998, "class_2024": "informal", "conf_2024": 1.0, "imi_2024": 0.347, "informal_prob_2024": 1.0, "class_2025": "informal", "conf_2025": 0.995, "imi_2025": 0.332, "informal_prob_2025": 0.995, "class_2026": "informal", "conf_2026": 1.0, "imi_2026": 0.343, "informal_prob_2026": 1.0, "trajectory": "stable_informal", "cluster_last": 5, "emerging_score": 0.20855221506931751, "emerging_zone": 0, "building_count": 109.0, "building_density": 0.33638092320293728, "road_density": 192.96199265177947, "ndvi": 0.22424111625179649, "ndbi": 0.13141976720478851, "imi": 0.34269430542426921, "informal_probability": 1.0, "confidence": 1.0, "explanation": "built-up intensity: 0.85; impervious surface: 0.45; building irregularity: 0.37; building density: 0.31; road structure: 0.07" }, "geometry": { "type": "Polygon", "coordinates": [ [ [ 80.284556703469349, 13.075505147357145 ], [ 80.28455409759087, 13.076409342824137 ], [ 80.283631729664563, 13.076406786544435 ], [ 80.283634338901905, 13.075502591260248 ], [ 80.284556703469349, 13.075505147357145 ] ] ] } },
{ "type": "Feature", "properties": { "cell_id": 767, "row": 23, "col": 31, "class_2019": "informal", "conf_2019": 0.962, "imi_2019": 0.285, "informal_prob_2019": 0.962, "class_2020": "informal", "conf_2020": 0.964, "imi_2020": 0.271, "informal_prob_2020": 0.964, "class_2021": "informal", "conf_2021": 0.97, "imi_2021": 0.274, "informal_prob_2021": 0.97, "class_2022": "informal", "conf_2022": 0.965, "imi_2022": 0.273, "informal_prob_2022": 0.965, "class_2023": "informal", "conf_2023": 0.967, "imi_2023": 0.271, "informal_prob_2023": 0.967, "class_2024": "informal", "conf_2024": 0.961, "imi_2024": 0.284, "informal_prob_2024": 0.961, "class_2025": "informal", "conf_2025": 0.947, "imi_2025": 0.276, "informal_prob_2025": 0.947, "class_2026": "informal", "conf_2026": 0.978, "imi_2026": 0.289, "informal_prob_2026": 0.978, "trajectory": "stable_informal", "cluster_last": 5, "emerging_score": 0.20527426488995623, "emerging_zone": 0, "building_count": 9.0, "building_density": 0.12161370325487278, "road_density": 194.83891902856354, "ndvi": 0.20865818195044994, "ndbi": 0.11531569426413625, "imi": 0.28937307177923294, "informal_probability": 0.97766352048990002, "confidence": 0.97766352048990002, "explanation": "built-up intensity: 0.82; impervious surface: 0.55; building irregularity: 0.25; building density: 0.11; road structure: 0.07" }, "geometry": { "type": "Polygon", "coordinates": [ [ [ 80.285479068232831, 13.075507700161445 ], [ 80.285476465713202, 13.076411895811013 ], [ 80.28455409759087, 13.076409342824137 ], [ 80.284556703469349, 13.075505147357145 ], [ 80.285479068232831, 13.075507700161445 ] ] ] } },
{ "type": "Feature", "properties": { "cell_id": 777, "row": 24, "col": 9, "class_2019": "informal", "conf_2019": 0.998, "imi_2019": 0.328, "informal_prob_2019": 0.998, "class_2020": "informal", "conf_2020": 0.998, "imi_2020": 0.342, "informal_prob_2020": 0.998, "class_2021": "informal", "conf_2021": 0.996, "imi_2021": 0.322, "informal_prob_2021": 0.996, "class_2022": "informal", "conf_2022": 0.866, "imi_2022": 0.327, "informal_prob_2022": 0.866, "class_2023": "informal", "conf_2023": 0.996, "imi_2023": 0.333, "informal_prob_2023": 0.996, "class_2024": "informal", "conf_2024": 0.998, "imi_2024": 0.336, "informal_prob_2024": 0.998, "class_2025": "informal", "conf_2025": 0.996, "imi_2025": 0.339, "informal_prob_2025": 0.996, "class_2026": "informal", "conf_2026": 0.996, "imi_2026": 0.347, "informal_prob_2026": 0.996, "trajectory": "stable_informal", "cluster_last": 4, "emerging_score": 0.22051820752155402, "emerging_zone": 0, "building_count": 107.0, "building_density": 0.29138716255422054, "road_density": 340.09505124584166, "ndvi": 0.21425874330103398, "ndbi": 0.12198668698780239, "imi": 0.34746574363023891, "informal_probability": 0.9957280219780219, "confidence": 0.9957280219780219, "explanation": "built-up intensity: 0.83; impervious surface: 0.52; building irregularity: 0.42; building density: 0.27; road structure: 0.04" }, "geometry": { "type": "Polygon", "coordinates": [ [ [ 80.265189765321921, 13.074546586240437 ], [ 80.26518708910956, 13.07545077788266 ], [ 80.264264728717237, 13.075448152642048 ], [ 80.264267408288106, 13.07454396118758 ], [ 80.265189765321921, 13.074546586240437 ] ] ] } },
{ "type": "Feature", "properties": { "cell_id": 778, "row": 24, "col": 10, "class_2019": "informal", "conf_2019": 0.993, "imi_2019": 0.347, "informal_prob_2019": 0.993, "class_2020": "informal", "conf_2020": 0.998, "imi_2020": 0.348, "informal_prob_2020": 0.998, "class_2021": "informal", "conf_2021": 0.991, "imi_2021": 0.36, "informal_prob_2021": 0.991, "class_2022": "informal", "conf_2022": 1.0, "imi_2022": 0.354, "informal_prob_2022": 1.0, "class_2023": "informal", "conf_2023": 1.0, "imi_2023": 0.337, "informal_prob_2023": 1.0, "class_2024": "informal", "conf_2024": 1.0, "imi_2024": 0.34, "informal_prob_2024": 1.0, "class_2025": "informal", "conf_2025": 1.0, "imi_2025": 0.341, "informal_prob_2025": 1.0, "class_2026": "informal", "conf_2026": 1.0, "imi_2026": 0.348, "informal_prob_2026": 1.0, "trajectory": "stable_informal", "cluster_last": 4, "emerging_score": 0.20403610646129211, "emerging_zone": 0, "building_count": 106.0, "building_density": 0.31906874752034575, "road_density": 178.34276541023235, "ndvi": 0.23242766465060413, "ndbi": 0.11757008926942944, "imi": 0.34833230990189767, "informal_probability": 1.0, "confidence": 1.0, "explanation": "built-up intensity: 0.82; impervious surface: 0.39; building irregularity: 0.36; building density: 0.29; road structure: 0.09" }, "geometry": { "type": "Polygon", "coordinates": [ [ [ 80.266112122557047, 13.074549208001006 ], [ 80.266109449703237, 13.075453399830748 ], [ 80.26518708910956, 13.07545077788266 ], [ 80.265189765321921, 13.074546586240437 ], [ 80.266112122557047, 13.074549208001006 ] ] ] } },
{ "type": "Feature", "properties": { "cell_id": 779, "row": 24, "col": 11, "class_2019": "informal", "conf_2019": 0.878, "imi_2019": 0.209, "informal_prob_2019": 0.878, "class_2020": "informal", "conf_2020": 0.915, "imi_2020": 0.188, "informal_prob_2020": 0.915, "class_2021": "informal", "conf_2021": 0.905, "imi_2021": 0.193, "informal_prob_2021": 0.905, "class_2022": "informal", "conf_2022": 0.908, "imi_2022": 0.196, "informal_prob_2022": 0.908, "class_2023": "informal", "conf_2023": 0.907, "imi_2023": 0.198, "informal_prob_2023": 0.907, "class_2024": "informal", "conf_2024": 0.866, "imi_2024": 0.216, "informal_prob_2024": 0.866, "class_2025": "informal", "conf_2025": 0.901, "imi_2025": 0.203, "informal_prob_2025": 0.901, "class_2026": "informal", "conf_2026": 0.901, "imi_2026": 0.2, "informal_prob_2026": 0.901, "trajectory": "stable_informal", "cluster_last": 4, "emerging_score": 0.19257518593086698, "emerging_zone": 0, "building_count": 1.0, "building_density": 0.001751036066861171, "road_density": 207.11244369664504, "ndvi": 0.23602881870232523, "ndbi": 0.11634725916897878, "imi": 0.19993242098452679, "informal_probability": 0.90087711434902717, "confidence": 0.90087711434902717, "explanation": "built-up intensity: 0.82; impervious surface: 0.37; road structure: 0.07; building density: 0.00; building irregularity: 0.00" }, "geometry": { "type": "Polygon", "coordinates": [ [ [ 80.267034479993285, 13.074551826469277 ], [ 80.267031810497983, 13.075456018486305 ], [ 80.266109449703237, 13.075453399830748 ], [ 80.266112122557047, 13.074549208001006 ], [ 80.267034479993285, 13.074551826469277 ] ] ] } },
{ "type": "Feature", "properties": { "cell_id": 780, "row": 24, "col": 12, "class_2019": "open_vegetated", "conf_2019": 0.999, "imi_2019": 0.138, "informal_prob_2019": 0.0, "class_2020": "open_vegetated", "conf_2020": 1.0, "imi_2020": 0.13, "informal_prob_2020": 0.0, "class_2021": "open_vegetated", "conf_2021": 1.0, "imi_2021": 0.136, "informal_prob_2021": 0.0, "class_2022": "open_vegetated", "conf_2022": 0.996, "imi_2022": 0.144, "informal_prob_2022": 0.0, "class_2023": "open_vegetated", "conf_2023": 1.0, "imi_2023": 0.141, "informal_prob_2023": 0.0, "class_2024": "informal", "conf_2024": 0.989, "imi_2024": 0.425, "informal_prob_2024": 0.989, "class_2025": "informal", "conf_2025": 0.998, "imi_2025": 0.425, "informal_prob_2025": 0.998, "class_2026": "informal", "conf_2026": 0.989, "imi_2026": 0.408, "informal_prob_2026": 0.989, "trajectory": "new_informal", "cluster_last": 4, "emerging_score": 0.66909242942935632, "emerging_zone": 1, "building_count": 75.0, "building_density": 0.22944900911227778, "road_density": 0.0, "ndvi": 0.24475130676291884, "ndbi": 0.12817693485994824, "imi": 0.40821492936304232, "informal_probability": 0.98873975409836068, "confidence": 0.98873975409836068, "explanation": "road structure: 1.00; built-up intensity: 0.84; building irregularity: 0.37; impervious surface: 0.31; building density: 0.21" }, "geometry": { "type": "Polygon", "coordinates": [ [ [ 80.267956837630337, 13.074554441645258 ], [ 80.267954171493585, 13.075458633849333 ], [ 80.267031810497983, 13.075456018486305 ], [ 80.267034479993285, 13.074551826469277 ], [ 80.267956837630337, 13.074554441645258 ] ] ] } },
{ "type": "Feature", "properties": { "cell_id": 781, "row": 24, "col": 13, "class_2019": "open_vegetated", "conf_2019": 1.0, "imi_2019": 0.111, "informal_prob_2019": 0.0, "class_2020": "open_vegetated", "conf_2020": 0.964, "imi_2020": 0.112, "informal_prob_2020": 0.002, "class_2021": "open_vegetated", "conf_2021": 1.0, "imi_2021": 0.108, "informal_prob_2021": 0.0, "class_2022": "open_vegetated", "conf_2022": 1.0, "imi_2022": 0.13, "informal_prob_2022": 0.0, "class_2023": "open_vegetated", "conf_2023": 1.0, "imi_2023": 0.127, "informal_prob_2023": 0.0, "class_2024": "informal", "conf_2024": 0.99, "imi_2024": 0.424, "informal_prob_2024": 0.99, "class_2025": "informal", "conf_2025": 0.988, "imi_2025": 0.431, "informal_prob_2025": 0.988, "class_2026": "informal", "conf_2026": 0.995, "imi_2026": 0.427, "informal_prob_2026": 0.995, "trajectory": "new_informal", "cluster_last": 4, "emerging_score": 0.72859634733416179, "emerging_zone": 1, "building_count": 110.0, "building_density": 0.32619065845280981, "road_density": 0.0, "ndvi": 0.23054764491040258, "ndbi": 0.10635193135123699, "imi": 0.42663129162170205, "informal_probability": 0.99478191890142309, "confidence": 0.99478191890142309, "explanation": "road structure: 1.00; built-up intensity: 0.81; building irregularity: 0.37; impervious surface: 0.36; building density: 0.30" }, "geometry": { "type": "Polygon", "coordinates": [ [ [ 80.268879195467974, 13.074557053528938 ], [ 80.268876532689774, 13.075461245919824 ], [ 80.267954171493585, 13.075458633849333 ], [ 80.267956837630337, 13.074554441645258 ], [ 80.268879195467974, 13.074557053528938 ] ] ] } },
{ "type": "Feature", "properties": { "cell_id": 782, "row": 24, "col": 14, "class_2019": "open_vegetated", "conf_2019": 1.0, "imi_2019": 0.1, "informal_prob_2019": 0.0, "class_2020": "open_vegetated", "conf_2020": 0.999, "imi_2020": 0.09, "informal_prob_2020": 0.0, "class_2021": "open_vegetated", "conf_2021": 1.0, "imi_2021": 0.093, "informal_prob_2021": 0.0, "class_2022": "open_vegetated", "conf_2022": 1.0, "imi_2022": 0.119, "informal_prob_2022": 0.0, "class_2023": "open_vegetated", "conf_2023": 1.0, "imi_2023": 0.115, "informal_prob_2023": 0.0, "class_2024": "open_vegetated", "conf_2024": 1.0, "imi_2024": 0.124, "informal_prob_2024": 0.0, "class_2025": "informal", "conf_2025": 0.988, "imi_2025": 0.422, "informal_prob_2025": 0.988, "class_2026": "informal", "conf_2026": 0.993, "imi_2026": 0.423, "informal_prob_2026": 0.993, "trajectory": "new_informal", "cluster_last": 4, "emerging_score": 0.72927656316434941, "emerging_zone": 1, "building_count": 95.0, "building_density": 0.29253211693101794, "road_density": 0.0, "ndvi": 0.20436642876826228, "ndbi": 0.11102174133062363, "imi": 0.42268602636821162, "informal_probability": 0.99308868080418622, "confidence": 0.99308868080418622, "explanation": "road structure: 1.00; built-up intensity: 0.81; impervious surface: 0.53; building irregularity: 0.38; building density: 0.27" }, "geometry": { "type": "Polygon", "coordinates": [ [ [ 80.269801553505928, 13.07455966212031 ], [ 80.269798894086279, 13.075463854697777 ], [ 80.268876532689774, 13.075461245919824 ], [ 80.268879195467974, 13.074557053528938 ], [ 80.269801553505928, 13.07455966212031 ] ] ] } },
{ "type": "Feature", "properties": { "cell_id": 791, "row": 24, "col": 23, "class_2019": "open_vegetated", "conf_2019": 1.0, "imi_2019": 0.144, "informal_prob_2019": 0.0, "class_2020": "open_vegetated", "conf_2020": 1.0, "imi_2020": 0.143, "informal_prob_2020": 0.0, "class_2021": "open_vegetated", "conf_2021": 0.999, "imi_2021": 0.15, "informal_prob_2021": 0.0, "class_2022": "open_vegetated", "conf_2022": 1.0, "imi_2022": 0.182, "informal_prob_2022": 0.0, "class_2023": "open_vegetated", "conf_2023": 1.0, "imi_2023": 0.183, "informal_prob_2023": 0.0, "class_2024": "informal", "conf_2024": 0.99, "imi_2024": 0.446, "informal_prob_2024": 0.99, "class_2025": "informal", "conf_2025": 0.991, "imi_2025": 0.448, "informal_prob_2025": 0.991, "class_2026": "informal", "conf_2026": 0.98, "imi_2026": 0.466, "informal_prob_2026": 0.98, "trajectory": "new_informal", "cluster_last": 3, "emerging_score": 0.72085218303362597, "emerging_zone": 1, "building_count": 73.0, "building_density": 0.20899638298917872, "road_density": 0.0, "ndvi": 0.21265135023742915, "ndbi": 0.13252229201607407, "imi": 0.46621794589473931, "informal_probability": 0.97996081907674049, "confidence": 0.97996081907674049, "explanation": "road structure: 1.00; built-up intensity: 0.85; impervious surface: 0.46; building irregularity: 0.42; building density: 0.19" }, "geometry": { "type": "Polygon", "coordinates": [ [ [ 80.278102784820689, 13.07458299128853 ], [ 80.278100155628096, 13.075487185534595 ], [ 80.277177792439986, 13.075484606389633 ], [ 80.277180424991144, 13.074580412328027 ], [ 80.278102784820689, 13.07458299128853 ] ] ] } },
{ "type": "Feature", "properties": { "cell_id": 794, "row": 24, "col": 26, "class_2019": "informal", "conf_2019": 1.0, "imi_2019": 0.313, "informal_prob_2019": 1.0, "class_2020": "informal", "conf_2020": 1.0, "imi_2020": 0.33, "informal_prob_2020": 1.0, "class_2021": "informal", "conf_2021": 0.987, "imi_2021": 0.314, "informal_prob_2021": 0.987, "class_2022": "informal", "conf_2022": 1.0, "imi_2022": 0.331, "informal_prob_2022": 1.0, "class_2023": "informal", "conf_2023": 1.0, "imi_2023": 0.334, "informal_prob_2023": 1.0, "class_2024": "informal", "conf_2024": 0.985, "imi_2024": 0.333, "informal_prob_2024": 0.985, "class_2025": "informal", "conf_2025": 1.0, "imi_2025": 0.308, "informal_prob_2025": 1.0, "class_2026": "informal", "conf_2026": 1.0, "imi_2026": 0.321, "informal_prob_2026": 1.0, "trajectory": "stable_informal", "cluster_last": 5, "emerging_score": 0.20837552314509833, "emerging_zone": 0, "building_count": 79.0, "building_density": 0.23946431492595999, "road_density": 180.25656601973614, "ndvi": 0.22216103088110686, "ndbi": 0.11538479768089019, "imi": 0.3213984418108406, "informal_probability": 1.0, "confidence": 1.0, "explanation": "built-up intensity: 0.82; impervious surface: 0.40; building irregularity: 0.35; building density: 0.22; road structure: 0.06" }, "geometry": { "type": "Polygon", "coordinates": [ [ [ 80.280869865495134, 13.074590708416011 ], [ 80.280867246378293, 13.075494903214038 ], [ 80.279944882597519, 13.075492333946801 ], [ 80.27994750507294, 13.074588139332526 ], [ 80.280869865495134, 13.074590708416011 ] ] ] } },
{ "type": "Feature", "properties": { "cell_id": 795, "row": 24, "col": 27, "class_2019": "informal", "conf_2019": 1.0, "imi_2019": 0.307, "informal_prob_2019": 1.0, "class_2020": "informal", "conf_2020": 1.0, "imi_2020": 0.306, "informal_prob_2020": 1.0, "class_2021": "informal", "conf_2021": 0.999, "imi_2021": 0.324, "informal_prob_2021": 0.999, "class_2022": "informal", "conf_2022": 1.0, "imi_2022": 0.312, "informal_prob_2022": 1.0, "class_2023": "informal", "conf_2023": 1.0, "imi_2023": 0.321, "informal_prob_2023": 1.0, "class_2024": "informal", "conf_2024": 0.998, "imi_2024": 0.313, "informal_prob_2024": 0.998, "class_2025": "informal", "conf_2025": 1.0, "imi_2025": 0.309, "informal_prob_2025": 1.0, "class_2026": "informal", "conf_2026": 1.0, "imi_2026": 0.311, "informal_prob_2026": 1.0, "trajectory": "stable_informal", "cluster_last": 5, "emerging_score": 0.20133194141402519, "emerging_zone": 0, "building_count": 82.0, "building_density": 0.25036780227538868, "road_density": 298.43100056770493, "ndvi": 0.21397476209327579, "ndbi": 0.11502591401338577, "imi": 0.31144466350127659, "informal_probability": 1.0, "confidence": 1.0, "explanation": "built-up intensity: 0.82; impervious surface: 0.44; building irregularity: 0.34; building density: 0.23; road structure: 0.03" }, "geometry": { "type": "Polygon", "coordinates": [ [ [ 80.281792226114362, 13.074593274207153 ], [ 80.281789610356128, 13.075497469188694 ], [ 80.280867246378293, 13.075494903214038 ], [ 80.280869865495134, 13.074590708416011 ], [ 80.281792226114362, 13.074593274207153 ] ] ] } },
{ "type": "Feature", "properties": { "cell_id": 796, "row": 24, "col": 28, "class_2019": "informal", "conf_2019": 1.0, "imi_2019": 0.341, "informal_prob_2019": 1.0, "class_2020": "informal", "conf_2020": 1.0, "imi_2020": 0.324, "informal_prob_2020": 1.0, "class_2021": "informal", "conf_2021": 0.999, "imi_2021": 0.335, "informal_prob_2021": 0.999, "class_2022": "informal", "conf_2022": 1.0, "imi_2022": 0.324, "informal_prob_2022": 1.0, "class_2023": "informal", "conf_2023": 1.0, "imi_2023": 0.321, "informal_prob_2023": 1.0, "class_2024": "informal", "conf_2024": 0.998, "imi_2024": 0.333, "informal_prob_2024": 0.998, "class_2025": "informal", "conf_2025": 1.0, "imi_2025": 0.318, "informal_prob_2025": 1.0, "class_2026": "informal", "conf_2026": 0.999, "imi_2026": 0.31, "informal_prob_2026": 0.999, "trajectory": "stable_informal", "cluster_last": 5, "emerging_score": 0.16766186278618564, "emerging_zone": 0, "building_count": 91.0, "building_density": 0.28629702871978574, "road_density": 209.99019705427602, "ndvi": 0.24521767047233881, "ndbi": 0.12830701604019851, "imi": 0.31016522155819731, "informal_probability": 0.99873975409836069, "confidence": 0.99873975409836069, "explanation": "built-up intensity: 0.84; building irregularity: 0.35; impervious surface: 0.29; building density: 0.26; road structure: 0.04" }, "geometry": { "type": "Polygon", "coordinates": [ [ [ 80.282714586930382, 13.074595836705946 ], [ 80.282711974530741, 13.075500031870767 ], [ 80.281789610356128, 13.075497469188694 ], [ 80.281792226114362, 13.074593274207153 ], [ 80.282714586930382, 13.074595836705946 ] ] ] } },
{ "type": "Feature", "properties": { "cell_id": 797, "row": 24, "col": 29, "class_2019": "informal", "conf_2019": 0.98, "imi_2019": 0.371, "informal_prob_2019": 0.98, "class_2020": "informal", "conf_2020": 0.995, "imi_2020": 0.348, "informal_prob_2020": 0.995, "class_2021": "informal", "conf_2021": 1.0, "imi_2021": 0.336, "informal_prob_2021": 1.0, "class_2022": "informal", "conf_2022": 1.0, "imi_2022": 0.351, "informal_prob_2022": 1.0, "class_2023": "informal", "conf_2023": 1.0, "imi_2023": 0.341, "informal_prob_2023": 1.0, "class_2024": "informal", "conf_2024": 1.0, "imi_2024": 0.359, "informal_prob_2024": 1.0, "class_2025": "informal", "conf_2025": 0.999, "imi_2025": 0.338, "informal_prob_2025": 0.999, "class_2026": "informal", "conf_2026": 0.996, "imi_2026": 0.326, "informal_prob_2026": 0.996, "trajectory": "stable_informal", "cluster_last": 5, "emerging_score": 0.15128451628087974, "emerging_zone": 0, "building_count": 110.0, "building_density": 0.33405809753727717, "road_density": 214.24521361549131, "ndvi": 0.25258182544261215, "ndbi": 0.10717995321843773, "imi": 0.32614998490174119, "informal_probability": 0.99616796702611721, "confidence": 0.99616796702611721, "explanation": "built-up intensity: 0.81; building irregularity: 0.37; building density: 0.31; impervious surface: 0.27; road structure: 0.06" }, "geometry": { "type": "Polygon", "coordinates": [ [ [ 80.283636947942952, 13.074598395912384 ], [ 80.283634338901905, 13.075502591260248 ], [ 80.282711974530741, 13.075500031870767 ], [ 80.282714586930382, 13.074595836705946 ], [ 80.283636947942952, 13.074598395912384 ] ] ] } },
{ "type": "Feature", "properties": { "cell_id": 798, "row": 24, "col": 30, "class_2019": "informal", "conf_2019": 1.0, "imi_2019": 0.338, "informal_prob_2019": 1.0, "class_2020": "informal", "conf_2020": 1.0, "imi_2020": 0.359, "informal_prob_2020": 1.0, "class_2021": "informal", "conf_2021": 1.0, "imi_2021": 0.347, "informal_prob_2021": 1.0, "class_2022": "informal", "conf_2022": 1.0, "imi_2022": 0.347, "informal_prob_2022": 1.0, "class_2023": "informal", "conf_2023": 1.0, "imi_2023": 0.347, "informal_prob_2023": 1.0, "class_2024": "informal", "conf_2024": 1.0, "imi_2024": 0.347, "informal_prob_2024": 1.0, "class_2025": "informal", "conf_2025": 1.0, "imi_2025": 0.352, "informal_prob_2025": 1.0, "class_2026": "informal", "conf_2026": 1.0, "imi_2026": 0.347, "informal_prob_2026": 1.0, "trajectory": "stable_informal", "cluster_last": 5, "emerging_score": 0.20976519469539454, "emerging_zone": 0, "building_count": 99.0, "building_density": 0.3071695690970449, "road_density": 219.21255469793539, "ndvi": 0.22732000984251499, "ndbi": 0.13248221561545506, "imi": 0.34715883706334383, "informal_probability": 1.0, "confidence": 1.0, "explanation": "built-up intensity: 0.85; impervious surface: 0.41; building irregularity: 0.37; building density: 0.28; road structure: 0.06" }, "geometry": { "type": "Polygon", "coordinates": [ [ [ 80.284559309151803, 13.074600951826469 ], [ 80.284556703469349, 13.075505147357145 ], [ 80.283634338901905, 13.075502591260248 ], [ 80.283636947942952, 13.074598395912384 ], [ 80.284559309151803, 13.074600951826469 ] ] ] } },
{ "type": "Feature", "properties": { "cell_id": 799, "row": 24, "col": 31, "class_2019": "informal", "conf_2019": 1.0, "imi_2019": 0.318, "informal_prob_2019": 1.0, "class_2020": "informal", "conf_2020": 0.998, "imi_2020": 0.325, "informal_prob_2020": 0.998, "class_2021": "informal", "conf_2021": 1.0, "imi_2021": 0.323, "informal_prob_2021": 1.0, "class_2022": "informal", "conf_2022": 1.0, "imi_2022": 0.326, "informal_prob_2022": 1.0, "class_2023": "informal", "conf_2023": 1.0, "imi_2023": 0.33, "informal_prob_2023": 1.0, "class_2024": "informal", "conf_2024": 1.0, "imi_2024": 0.319, "informal_prob_2024": 1.0, "class_2025": "informal", "conf_2025": 1.0, "imi_2025": 0.323, "informal_prob_2025": 1.0, "class_2026": "informal", "conf_2026": 0.996, "imi_2026": 0.334, "informal_prob_2026": 0.996, "trajectory": "stable_informal", "cluster_last": 5, "emerging_score": 0.21372333228890722, "emerging_zone": 0, "building_count": 68.0, "building_density": 0.20855972649597107, "road_density": 179.5068913614239, "ndvi": 0.1997557032573968, "ndbi": 0.11100943287834525, "imi": 0.33429718320309443, "informal_probability": 0.99621926229508195, "confidence": 0.99621926229508195, "explanation": "built-up intensity: 0.81; impervious surface: 0.48; building irregularity: 0.35; building density: 0.19; road structure: 0.07" }, "geometry": { "type": "Polygon", "coordinates": [ [ [ 80.285481670556692, 13.074603504448193 ], [ 80.285479068232831, 13.075507700161445 ], [ 80.284556703469349, 13.075505147357145 ], [ 80.284559309151803, 13.074600951826469 ], [ 80.285481670556692, 13.074603504448193 ] ] ] } },
{ "type": "Feature", "properties": { "cell_id": 809, "row": 25, "col": 9, "class_2019": "informal", "conf_2019": 0.999, "imi_2019": 0.307, "informal_prob_2019": 0.999, "class_2020": "informal", "conf_2020": 1.0, "imi_2020": 0.312, "informal_prob_2020": 1.0, "class_2021": "informal", "conf_2021": 1.0, "imi_2021": 0.301, "informal_prob_2021": 1.0, "class_2022": "informal", "conf_2022": 1.0, "imi_2022": 0.294, "informal_prob_2022": 1.0, "class_2023": "informal", "conf_2023": 1.0, "imi_2023": 0.308, "informal_prob_2023": 1.0, "class_2024": "informal", "conf_2024": 0.998, "imi_2024": 0.294, "informal_prob_2024": 0.998, "class_2025": "informal", "conf_2025": 1.0, "imi_2025": 0.306, "informal_prob_2025": 1.0, "class_2026": "informal", "conf_2026": 0.998, "imi_2026": 0.294, "informal_prob_2026": 0.998, "trajectory": "stable_informal", "cluster_last": 4, "emerging_score": 0.19252582343840802, "emerging_zone": 0, "building_count": 63.0, "building_density": 0.18517011487281815, "road_density": 289.71253940610745, "ndvi": 0.24266962919384241, "ndbi": 0.12694980223575839, "imi": 0.29425213094748232, "informal_probability": 0.9975, "confidence": 0.9975, "explanation": "built-up intensity: 0.84; impervious surface: 0.37; building irregularity: 0.37; building density: 0.17; road structure: 0.05" }, "geometry": { "type": "Polygon", "coordinates": [ [ [ 80.265192441332914, 13.073642394534506 ], [ 80.265189765321921, 13.074546586240437 ], [ 80.264267408288106, 13.07454396118758 ], [ 80.264270087657394, 13.073639769669397 ], [ 80.265192441332914, 13.073642394534506 ] ] ] } },
{ "type": "Feature", "properties": { "cell_id": 810, "row": 25, "col": 10, "class_2019": "informal", "conf_2019": 0.889, "imi_2019": 0.228, "informal_prob_2019": 0.889, "class_2020": "informal", "conf_2020": 0.899, "imi_2020": 0.206, "informal_prob_2020": 0.899, "class_2021": "informal", "conf_2021": 0.906, "imi_2021": 0.209, "informal_prob_2021": 0.906, "class_2022": "informal", "conf_2022": 0.902, "imi_2022": 0.227, "informal_prob_2022": 0.902, "class_2023": "informal", "conf_2023": 0.891, "imi_2023": 0.222, "informal_prob_2023": 0.891, "class_2024": "informal", "conf_2024": 0.902, "imi_2024": 0.222, "informal_prob_2024": 0.902, "class_2025": "informal", "conf_2025": 0.87, "imi_2025": 0.217, "informal_prob_2025": 0.87, "class_2026": "informal", "conf_2026": 0.899, "imi_2026": 0.212, "informal_prob_2026": 0.899, "trajectory": "stable_informal", "cluster_last": 4, "emerging_score": 0.1867254457538669, "emerging_zone": 0, "building_count": 1.0, "building_density": 0.0039300924539594729, "road_density": 174.19312859553298, "ndvi": 0.24168401366099715, "ndbi": 0.11877744256868027, "imi": 0.2116308695793192, "informal_probability": 0.89924870190399231, "confidence": 0.89924870190399231, "explanation": "built-up intensity: 0.83; impervious surface: 0.36; road structure: 0.09; building density: 0.00; building irregularity: 0.00" }, "geometry": { "type": "Polygon", "coordinates": [ [ [ 80.266114795209788, 13.073645016107555 ], [ 80.266112122557047, 13.074549208001006 ], [ 80.265189765321921, 13.074546586240437 ], [ 80.265192441332914, 13.073642394534506 ], [ 80.266114795209788, 13.073645016107555 ] ] ] } },
{ "type": "Feature", "properties": { "cell_id": 811, "row": 25, "col": 11, "class_2019": "informal", "conf_2019": 1.0, "imi_2019": 0.317, "informal_prob_2019": 1.0, "class_2020": "informal", "conf_2020": 1.0, "imi_2020": 0.312, "informal_prob_2020": 1.0, "class_2021": "informal", "conf_2021": 0.998, "imi_2021": 0.332, "informal_prob_2021": 0.998, "class_2022": "informal", "conf_2022": 1.0, "imi_2022": 0.333, "informal_prob_2022": 1.0, "class_2023": "informal", "conf_2023": 1.0, "imi_2023": 0.325, "informal_prob_2023": 1.0, "class_2024": "informal", "conf_2024": 1.0, "imi_2024": 0.334, "informal_prob_2024": 1.0, "class_2025": "informal", "conf_2025": 0.999, "imi_2025": 0.315, "informal_prob_2025": 0.999, "class_2026": "informal", "conf_2026": 1.0, "imi_2026": 0.337, "informal_prob_2026": 1.0, "trajectory": "stable_informal", "cluster_last": 4, "emerging_score": 0.21692170715685241, "emerging_zone": 0, "building_count": 87.0, "building_density": 0.26026757856024202, "road_density": 167.90746171012299, "ndvi": 0.22211065843701364, "ndbi": 0.1168209894374013, "imi": 0.33722968121467184, "informal_probability": 1.0, "confidence": 1.0, "explanation": "built-up intensity: 0.82; impervious surface: 0.49; building irregularity: 0.37; building density: 0.24; road structure: 0.04" }, "geometry": { "type": "Polygon", "coordinates": [ [ [ 80.267037149287731, 13.073647634388548 ], [ 80.267034479993285, 13.074551826469277 ], [ 80.266112122557047, 13.074549208001006 ], [ 80.266114795209788, 13.073645016107555 ], [ 80.267037149287731, 13.073647634388548 ] ] ] } },
{ "type": "Feature", "properties": { "cell_id": 812, "row": 25, "col": 12, "class_2019": "informal", "conf_2019": 1.0, "imi_2019": 0.312, "informal_prob_2019": 1.0, "class_2020": "informal", "conf_2020": 1.0, "imi_2020": 0.319, "informal_prob_2020": 1.0, "class_2021": "informal", "conf_2021": 1.0, "imi_2021": 0.302, "informal_prob_2021": 1.0, "class_2022": "informal", "conf_2022": 1.0, "imi_2022": 0.312, "informal_prob_2022": 1.0, "class_2023": "informal", "conf_2023": 0.998, "imi_2023": 0.302, "informal_prob_2023": 0.998, "class_2024": "informal", "conf_2024": 0.998, "imi_2024": 0.34, "informal_prob_2024": 0.998, "class_2025": "informal", "conf_2025": 1.0, "imi_2025": 0.327, "informal_prob_2025": 1.0, "class_2026": "informal", "conf_2026": 0.999, "imi_2026": 0.328, "informal_prob_2026": 0.999, "trajectory": "stable_informal", "cluster_last": 4, "emerging_score": 0.21137154132953057, "emerging_zone": 0, "building_count": 93.0, "building_density": 0.27210411306620641, "road_density": 281.56503571594436, "ndvi": 0.23148402404040097, "ndbi": 0.10518318374641239, "imi": 0.32799565890564703, "informal_probability": 0.99893153526970968, "confidence": 0.99893153526970968, "explanation": "built-up intensity: 0.81; impervious surface: 0.43; building irregularity: 0.39; building density: 0.25; road structure: 0.05" }, "geometry": { "type": "Polygon", "coordinates": [ [ [ 80.267959503566487, 13.073650249377479 ], [ 80.267956837630337, 13.074554441645258 ], [ 80.267034479993285, 13.074551826469277 ], [ 80.267037149287731, 13.073647634388548 ], [ 80.267959503566487, 13.073650249377479 ] ] ] } },
{ "type": "Feature", "properties": { "cell_id": 814, "row": 25, "col": 14, "class_2019": "open_vegetated", "conf_2019": 1.0, "imi_2019": 0.129, "informal_prob_2019": 0.0, "class_2020": "open_vegetated", "conf_2020": 1.0, "imi_2020": 0.141, "informal_prob_2020": 0.0, "class_2021": "open_vegetated", "conf_2021": 1.0, "imi_2021": 0.138, "informal_prob_2021": 0.0, "class_2022": "informal", "conf_2022": 0.877, "imi_2022": 0.516, "informal_prob_2022": 0.877, "class_2023": "informal", "conf_2023": 0.879, "imi_2023": 0.491, "informal_prob_2023": 0.879, "class_2024": "informal", "conf_2024": 0.875, "imi_2024": 0.509, "informal_prob_2024": 0.875, "class_2025": "informal", "conf_2025": 0.877, "imi_2025": 0.533, "informal_prob_2025": 0.877, "class_2026": "informal", "conf_2026": 0.885, "imi_2026": 0.508, "informal_prob_2026": 0.885, "trajectory": "new_informal", "cluster_last": 4, "emerging_score": 0.93985288058787486, "emerging_zone": 1, "building_count": 2.0, "building_density": 0.92594894903317049, "road_density": 0.0, "ndvi": 0.23295158546417952, "ndbi": 0.12086336014326662, "imi": 0.50789544679287646, "informal_probability": 0.88512384123012111, "confidence": 0.88512384123012111, "explanation": "road structure: 1.00; building density: 0.85; built-up intensity: 0.83; impervious surface: 0.32; building irregularity: 0.24" }, "geometry": { "type": "Polygon", "coordinates": [ [ [ 80.269804212725518, 13.073655469479148 ], [ 80.269801553505928, 13.07455966212031 ], [ 80.268879195467974, 13.074557053528938 ], [ 80.268881858045845, 13.073652861074343 ], [ 80.269804212725518, 13.073655469479148 ] ] ] } },
{ "type": "Feature", "properties": { "cell_id": 826, "row": 25, "col": 26, "class_2019": "informal", "conf_2019": 1.0, "imi_2019": 0.319, "informal_prob_2019": 1.0, "class_2020": "informal", "conf_2020": 0.966, "imi_2020": 0.358, "informal_prob_2020": 0.966, "class_2021": "informal", "conf_2021": 1.0, "imi_2021": 0.333, "informal_prob_2021": 1.0, "class_2022": "informal", "conf_2022": 1.0, "imi_2022": 0.344, "informal_prob_2022": 1.0, "class_2023": "informal", "conf_2023": 0.996, "imi_2023": 0.355, "informal_prob_2023": 0.996, "class_2024": "informal", "conf_2024": 1.0, "imi_2024": 0.352, "informal_prob_2024": 1.0, "class_2025": "informal", "conf_2025": 1.0, "imi_2025": 0.337, "informal_prob_2025": 1.0, "class_2026": "informal", "conf_2026": 0.999, "imi_2026": 0.36, "informal_prob_2026": 0.999, "trajectory": "stable_informal", "cluster_last": 5, "emerging_score": 0.24225176101618062, "emerging_zone": 0, "building_count": 72.0, "building_density": 0.22549414406803753, "road_density": 268.3645427515533, "ndvi": 0.20392634544521571, "ndbi": 0.11821886079153046, "imi": 0.36040781490658719, "informal_probability": 0.99879166666666663, "confidence": 0.99879166666666663, "explanation": "built-up intensity: 0.83; impervious surface: 0.55; building irregularity: 0.34; building density: 0.21; road structure: 0.06" }, "geometry": { "type": "Polygon", "coordinates": [ [ [ 80.280872484414928, 13.0736865135543 ], [ 80.280869865495134, 13.074590708416011 ], [ 80.27994750507294, 13.074588139332526 ], [ 80.279950127351057, 13.073683944654565 ], [ 80.280872484414928, 13.0736865135543 ] ] ] } },
{ "type": "Feature", "properties": { "cell_id": 827, "row": 25, "col": 27, "class_2019": "informal", "conf_2019": 0.987, "imi_2019": 0.344, "informal_prob_2019": 0.987, "class_2020": "informal", "conf_2020": 1.0, "imi_2020": 0.333, "informal_prob_2020": 1.0, "class_2021": "informal", "conf_2021": 1.0, "imi_2021": 0.323, "informal_prob_2021": 1.0, "class_2022": "informal", "conf_2022": 1.0, "imi_2022": 0.333, "informal_prob_2022": 1.0, "class_2023": "informal", "conf_2023": 0.994, "imi_2023": 0.342, "informal_prob_2023": 0.994, "class_2024": "informal", "conf_2024": 1.0, "imi_2024": 0.34, "informal_prob_2024": 1.0, "class_2025": "informal", "conf_2025": 0.996, "imi_2025": 0.329, "informal_prob_2025": 0.996, "class_2026": "informal", "conf_2026": 0.996, "imi_2026": 0.342, "informal_prob_2026": 0.996, "trajectory": "stable_informal", "cluster_last": 5, "emerging_score": 0.19947550959741439, "emerging_zone": 0, "building_count": 66.0, "building_density": 0.20857386456097921, "road_density": 238.13594381618216, "ndvi": 0.20667692172806709, "ndbi": 0.11693072249414399, "imi": 0.34173363260512934, "informal_probability": 0.99630901287553653, "confidence": 0.99630901287553653, "explanation": "built-up intensity: 0.82; impervious surface: 0.51; building irregularity: 0.37; building density: 0.19; road structure: 0.05" }, "geometry": { "type": "Polygon", "coordinates": [ [ [ 80.281794841675818, 13.073689079161927 ], [ 80.281792226114362, 13.074593274207153 ], [ 80.280869865495134, 13.074590708416011 ], [ 80.280872484414928, 13.0736865135543 ], [ 80.281794841675818, 13.073689079161927 ] ] ] } },
{ "type": "Feature", "properties": { "cell_id": 828, "row": 25, "col": 28, "class_2019": "informal", "conf_2019": 1.0, "imi_2019": 0.357, "informal_prob_2019": 1.0, "class_2020": "informal", "conf_2020": 0.996, "imi_2020": 0.337, "informal_prob_2020": 0.996, "class_2021": "informal", "conf_2021": 1.0, "imi_2021": 0.337, "informal_prob_2021": 1.0, "class_2022": "informal", "conf_2022": 1.0, "imi_2022": 0.346, "informal_prob_2022": 1.0, "class_2023": "informal", "conf_2023": 1.0, "imi_2023": 0.325, "informal_prob_2023": 1.0, "class_2024": "informal", "conf_2024": 1.0, "imi_2024": 0.336, "informal_prob_2024": 1.0, "class_2025": "informal", "conf_2025": 1.0, "imi_2025": 0.325, "informal_prob_2025": 1.0, "class_2026": "informal", "conf_2026": 1.0, "imi_2026": 0.324, "informal_prob_2026": 1.0, "trajectory": "stable_informal", "cluster_last": 5, "emerging_score": 0.16461044065638122, "emerging_zone": 0, "building_count": 93.0, "building_density": 0.28341733636712024, "road_density": 336.07606059242073, "ndvi": 0.24971353720873593, "ndbi": 0.12178656426956877, "imi": 0.32374864249135088, "informal_probability": 1.0, "confidence": 1.0, "explanation": "built-up intensity: 0.83; building irregularity: 0.36; impervious surface: 0.36; building density: 0.26; road structure: 0.01" }, "geometry": { "type": "Polygon", "coordinates": [ [ [ 80.282717199133515, 13.073691641477438 ], [ 80.282714586930382, 13.074595836705946 ], [ 80.281792226114362, 13.074593274207153 ], [ 80.281794841675818, 13.073689079161927 ], [ 80.282717199133515, 13.073691641477438 ] ] ] } },
{ "type": "Feature", "properties": { "cell_id": 829, "row": 25, "col": 29, "class_2019": "informal", "conf_2019": 0.996, "imi_2019": 0.309, "informal_prob_2019": 0.996, "class_2020": "informal", "conf_2020": 0.998, "imi_2020": 0.336, "informal_prob_2020": 0.998, "class_2021": "informal", "conf_2021": 0.998, "imi_2021": 0.326, "informal_prob_2021": 0.998, "class_2022": "informal", "conf_2022": 0.998, "imi_2022": 0.327, "informal_prob_2022": 0.998, "class_2023": "informal", "conf_2023": 0.998, "imi_2023": 0.32, "informal_prob_2023": 0.998, "class_2024": "informal", "conf_2024": 0.998, "imi_2024": 0.317, "informal_prob_2024": 0.998, "class_2025": "informal", "conf_2025": 0.997, "imi_2025": 0.325, "informal_prob_2025": 0.997, "class_2026": "informal", "conf_2026": 0.998, "imi_2026": 0.318, "informal_prob_2026": 0.998, "trajectory": "stable_informal", "cluster_last": 5, "emerging_score": 0.21119171195843511, "emerging_zone": 0, "building_count": 71.0, "building_density": 0.19642900683936959, "road_density": 226.11323076820503, "ndvi": 0.23491041827946901, "ndbi": 0.12336200418649242, "imi": 0.3175963933995517, "informal_probability": 0.99822802197802185, "confidence": 0.99822802197802185, "explanation": "built-up intensity: 0.83; impervious surface: 0.38; building irregularity: 0.38; building density: 0.18; road structure: 0.05" }, "geometry": { "type": "Polygon", "coordinates": [ [ [ 80.283639556787733, 13.073694200500833 ], [ 80.283636947942952, 13.074598395912384 ], [ 80.282714586930382, 13.074595836705946 ], [ 80.282717199133515, 13.073691641477438 ], [ 80.283639556787733, 13.073694200500833 ] ] ] } },
{ "type": "Feature", "properties": { "cell_id": 830, "row": 25, "col": 30, "class_2019": "informal", "conf_2019": 1.0, "imi_2019": 0.31, "informal_prob_2019": 1.0, "class_2020": "informal", "conf_2020": 1.0, "imi_2020": 0.334, "informal_prob_2020": 1.0, "class_2021": "informal", "conf_2021": 1.0, "imi_2021": 0.324, "informal_prob_2021": 1.0, "class_2022": "informal", "conf_2022": 1.0, "imi_2022": 0.337, "informal_prob_2022": 1.0, "class_2023": "informal", "conf_2023": 1.0, "imi_2023": 0.328, "informal_prob_2023": 1.0, "class_2024": "informal", "conf_2024": 0.995, "imi_2024": 0.331, "informal_prob_2024": 0.995, "class_2025": "informal", "conf_2025": 1.0, "imi_2025": 0.322, "informal_prob_2025": 1.0, "class_2026": "informal", "conf_2026": 1.0, "imi_2026": 0.319, "informal_prob_2026": 1.0, "trajectory": "stable_informal", "cluster_last": 5, "emerging_score": 0.20842552865935898, "emerging_zone": 0, "building_count": 67.0, "building_density": 0.20622061404520581, "road_density": 309.16767737024333, "ndvi": 0.23663688687141984, "ndbi": 0.12246032491093502, "imi": 0.31850960694824715, "informal_probability": 1.0, "confidence": 1.0, "explanation": "built-up intensity: 0.83; impervious surface: 0.37; building irregularity: 0.37; building density: 0.19; road structure: 0.04" }, "geometry": { "type": "Polygon", "coordinates": [ [ [ 80.284561914638232, 13.073696756232112 ], [ 80.284559309151803, 13.074600951826469 ], [ 80.283636947942952, 13.074598395912384 ], [ 80.283639556787733, 13.073694200500833 ], [ 80.284561914638232, 13.073696756232112 ] ] ] } },
{ "type": "Feature", "properties": { "cell_id": 831, "row": 25, "col": 31, "class_2019": "informal", "conf_2019": 1.0, "imi_2019": 0.31, "informal_prob_2019": 1.0, "class_2020": "informal", "conf_2020": 1.0, "imi_2020": 0.318, "informal_prob_2020": 1.0, "class_2021": "informal", "conf_2021": 1.0, "imi_2021": 0.318, "informal_prob_2021": 1.0, "class_2022": "informal", "conf_2022": 1.0, "imi_2022": 0.324, "informal_prob_2022": 1.0, "class_2023": "informal", "conf_2023": 1.0, "imi_2023": 0.331, "informal_prob_2023": 1.0, "class_2024": "informal", "conf_2024": 1.0, "imi_2024": 0.325, "informal_prob_2024": 1.0, "class_2025": "informal", "conf_2025": 1.0, "imi_2025": 0.313, "informal_prob_2025": 1.0, "class_2026": "informal", "conf_2026": 1.0, "imi_2026": 0.335, "informal_prob_2026": 1.0, "trajectory": "stable_informal", "cluster_last": 5, "emerging_score": 0.23114007011174917, "emerging_zone": 0, "building_count": 67.0, "building_density": 0.20116449170624848, "road_density": 273.92494337194529, "ndvi": 0.22073577005416156, "ndbi": 0.12571008900646119, "imi": 0.33543016206301374, "informal_probability": 1.0, "confidence": 1.0, "explanation": "built-up intensity: 0.84; impervious surface: 0.49; building irregularity: 0.37; building density: 0.19; road structure: 0.03" }, "geometry": { "type": "Polygon", "coordinates": [ [ [ 80.285484272684755, 13.073699308671264 ], [ 80.285481670556692, 13.074603504448193 ], [ 80.284559309151803, 13.074600951826469 ], [ 80.284561914638232, 13.073696756232112 ], [ 80.285484272684755, 13.073699308671264 ] ] ] } },
{ "type": "Feature", "properties": { "cell_id": 841, "row": 26, "col": 9, "class_2019": "informal", "conf_2019": 1.0, "imi_2019": 0.319, "informal_prob_2019": 1.0, "class_2020": "informal", "conf_2020": 1.0, "imi_2020": 0.306, "informal_prob_2020": 1.0, "class_2021": "informal", "conf_2021": 1.0, "imi_2021": 0.306, "informal_prob_2021": 1.0, "class_2022": "informal", "conf_2022": 0.997, "imi_2022": 0.322, "informal_prob_2022": 0.997, "class_2023": "informal", "conf_2023": 0.998, "imi_2023": 0.31, "informal_prob_2023": 0.998, "class_2024": "informal", "conf_2024": 0.995, "imi_2024": 0.319, "informal_prob_2024": 0.995, "class_2025": "informal", "conf_2025": 1.0, "imi_2025": 0.311, "informal_prob_2025": 1.0, "class_2026": "informal", "conf_2026": 1.0, "imi_2026": 0.304, "informal_prob_2026": 1.0, "trajectory": "stable_informal", "cluster_last": 4, "emerging_score": 0.18308965989422032, "emerging_zone": 0, "building_count": 86.0, "building_density": 0.2631819043170659, "road_density": 331.39635829575445, "ndvi": 0.22274581768549978, "ndbi": 0.11528212925913976, "imi": 0.30415537480789556, "informal_probability": 1.0, "confidence": 1.0, "explanation": "built-up intensity: 0.82; building irregularity: 0.37; impervious surface: 0.37; building density: 0.24; road structure: 0.03" }, "geometry": { "type": "Polygon", "coordinates": [ [ [ 80.265195117142596, 13.072738202764871 ], [ 80.265192441332914, 13.073642394534506 ], [ 80.264270087657394, 13.073639769669397 ], [ 80.264272766825101, 13.072735578087519 ], [ 80.265195117142596, 13.072738202764871 ] ] ] } },
{ "type": "Feature", "properties": { "cell_id": 842, "row": 26, "col": 10, "class_2019": "informal", "conf_2019": 1.0, "imi_2019": 0.33, "informal_prob_2019": 1.0, "class_2020": "informal", "conf_2020": 1.0, "imi_2020": 0.332, "informal_prob_2020": 1.0, "class_2021": "informal", "conf_2021": 0.994, "imi_2021": 0.34, "informal_prob_2021": 0.994, "class_2022": "informal", "conf_2022": 1.0, "imi_2022": 0.336, "informal_prob_2022": 1.0, "class_2023": "informal", "conf_2023": 1.0, "imi_2023": 0.338, "informal_prob_2023": 1.0, "class_2024": "informal", "conf_2024": 1.0, "imi_2024": 0.339, "informal_prob_2024": 1.0, "class_2025": "informal", "conf_2025": 0.989, "imi_2025": 0.323, "informal_prob_2025": 0.989, "class_2026": "informal", "conf_2026": 1.0, "imi_2026": 0.317, "informal_prob_2026": 1.0, "trajectory": "stable_informal", "cluster_last": 4, "emerging_score": 0.18862037664228148, "emerging_zone": 0, "building_count": 86.0, "building_density": 0.27040496768732081, "road_density": 172.00011863479148, "ndvi": 0.25064469516277316, "ndbi": 0.12975300675258039, "imi": 0.31651265211126367, "informal_probability": 1.0, "confidence": 1.0, "explanation": "built-up intensity: 0.84; building irregularity: 0.34; impervious surface: 0.32; building density: 0.25; road structure: 0.06" }, "geometry": { "type": "Polygon", "coordinates": [ [ [ 80.266117467661431, 13.072740824150403 ], [ 80.266114795209788, 13.073645016107555 ], [ 80.265192441332914, 13.073642394534506 ], [ 80.265195117142596, 13.072738202764871 ], [ 80.266117467661431, 13.072740824150403 ] ] ] } },
{ "type": "Feature", "properties": { "cell_id": 843, "row": 26, "col": 11, "class_2019": "informal", "conf_2019": 0.995, "imi_2019": 0.293, "informal_prob_2019": 0.995, "class_2020": "informal", "conf_2020": 0.997, "imi_2020": 0.342, "informal_prob_2020": 0.997, "class_2021": "informal", "conf_2021": 1.0, "imi_2021": 0.316, "informal_prob_2021": 1.0, "class_2022": "informal", "conf_2022": 0.997, "imi_2022": 0.327, "informal_prob_2022": 0.997, "class_2023": "informal", "conf_2023": 0.997, "imi_2023": 0.319, "informal_prob_2023": 0.997, "class_2024": "informal", "conf_2024": 1.0, "imi_2024": 0.325, "informal_prob_2024": 1.0, "class_2025": "informal", "conf_2025": 1.0, "imi_2025": 0.319, "informal_prob_2025": 1.0, "class_2026": "informal", "conf_2026": 1.0, "imi_2026": 0.307, "informal_prob_2026": 1.0, "trajectory": "stable_informal", "cluster_last": 4, "emerging_score": 0.21610678688810372, "emerging_zone": 0, "building_count": 66.0, "building_density": 0.19642859547372113, "road_density": 336.02064833471735, "ndvi": 0.23655483182519674, "ndbi": 0.1200114528904669, "imi": 0.3074011715783963, "informal_probability": 1.0, "confidence": 1.0, "explanation": "built-up intensity: 0.83; impervious surface: 0.37; building irregularity: 0.36; building density: 0.18; road structure: 0.02" }, "geometry": { "type": "Polygon", "coordinates": [ [ [ 80.267039818381335, 13.072743442244118 ], [ 80.267037149287731, 13.073647634388548 ], [ 80.266114795209788, 13.073645016107555 ], [ 80.266117467661431, 13.072740824150403 ], [ 80.267039818381335, 13.072743442244118 ] ] ] } },
{ "type": "Feature", "properties": { "cell_id": 844, "row": 26, "col": 12, "class_2019": "informal", "conf_2019": 1.0, "imi_2019": 0.311, "informal_prob_2019": 1.0, "class_2020": "informal", "conf_2020": 1.0, "imi_2020": 0.316, "informal_prob_2020": 1.0, "class_2021": "informal", "conf_2021": 1.0, "imi_2021": 0.316, "informal_prob_2021": 1.0, "class_2022": "informal", "conf_2022": 0.995, "imi_2022": 0.315, "informal_prob_2022": 0.995, "class_2023": "informal", "conf_2023": 1.0, "imi_2023": 0.306, "informal_prob_2023": 1.0, "class_2024": "informal", "conf_2024": 1.0, "imi_2024": 0.322, "informal_prob_2024": 1.0, "class_2025": "informal", "conf_2025": 1.0, "imi_2025": 0.308, "informal_prob_2025": 1.0, "class_2026": "informal", "conf_2026": 0.902, "imi_2026": 0.329, "informal_prob_2026": 0.902, "trajectory": "stable_informal", "cluster_last": 4, "emerging_score": 0.21547635499549503, "emerging_zone": 0, "building_count": 80.0, "building_density": 0.23879219597075285, "road_density": 204.63174566936979, "ndvi": 0.18952604614198207, "ndbi": 0.10785846233484335, "imi": 0.32853748596487892, "informal_probability": 0.9022957091239544, "confidence": 0.9022957091239544, "explanation": "built-up intensity: 0.81; impervious surface: 0.55; building irregularity: 0.35; building density: 0.22; road structure: 0.03" }, "geometry": { "type": "Polygon", "coordinates": [ [ [ 80.267962169302066, 13.072746057046002 ], [ 80.267959503566487, 13.073650249377479 ], [ 80.267037149287731, 13.073647634388548 ], [ 80.267039818381335, 13.072743442244118 ], [ 80.267962169302066, 13.072746057046002 ] ] ] } },
{ "type": "Feature", "properties": { "cell_id": 845, "row": 26, "col": 13, "class_2019": "informal", "conf_2019": 0.98, "imi_2019": 0.283, "informal_prob_2019": 0.98, "class_2020": "informal", "conf_2020": 0.996, "imi_2020": 0.296, "informal_prob_2020": 0.996, "class_2021": "informal", "conf_2021": 1.0, "imi_2021": 0.303, "informal_prob_2021": 1.0, "class_2022": "informal", "conf_2022": 1.0, "imi_2022": 0.339, "informal_prob_2022": 1.0, "class_2023": "informal", "conf_2023": 1.0, "imi_2023": 0.334, "informal_prob_2023": 1.0, "class_2024": "informal", "conf_2024": 1.0, "imi_2024": 0.345, "informal_prob_2024": 1.0, "class_2025": "informal", "conf_2025": 1.0, "imi_2025": 0.328, "informal_prob_2025": 1.0, "class_2026": "informal", "conf_2026": 0.998, "imi_2026": 0.343, "informal_prob_2026": 0.998, "trajectory": "stable_informal", "cluster_last": 4, "emerging_score": 0.25633293846592137, "emerging_zone": 0, "building_count": 94.0, "building_density": 0.28219559757504464, "road_density": 235.91978884276821, "ndvi": 0.21385770462453366, "ndbi": 0.10842971616890282, "imi": 0.34344031499882904, "informal_probability": 0.9975, "confidence": 0.9975, "explanation": "built-up intensity: 0.81; impervious surface: 0.48; building irregularity: 0.38; building density: 0.26; road structure: 0.03" }, "geometry": { "type": "Polygon", "coordinates": [ [ [ 80.268884520423384, 13.072748668556059 ], [ 80.268881858045845, 13.073652861074343 ], [ 80.267959503566487, 13.073650249377479 ], [ 80.267962169302066, 13.072746057046002 ], [ 80.268884520423384, 13.072748668556059 ] ] ] } },
{ "type": "Feature", "properties": { "cell_id": 846, "row": 26, "col": 14, "class_2019": "open_vegetated", "conf_2019": 0.998, "imi_2019": 0.053, "informal_prob_2019": 0.0, "class_2020": "informal", "conf_2020": 0.988, "imi_2020": 0.33, "informal_prob_2020": 0.988, "class_2021": "informal", "conf_2021": 0.995, "imi_2021": 0.325, "informal_prob_2021": 0.995, "class_2022": "informal", "conf_2022": 0.999, "imi_2022": 0.371, "informal_prob_2022": 0.999, "class_2023": "informal", "conf_2023": 0.994, "imi_2023": 0.357, "informal_prob_2023": 0.994, "class_2024": "informal", "conf_2024": 0.999, "imi_2024": 0.371, "informal_prob_2024": 0.999, "class_2025": "informal", "conf_2025": 0.999, "imi_2025": 0.361, "informal_prob_2025": 0.999, "class_2026": "informal", "conf_2026": 0.999, "imi_2026": 0.376, "informal_prob_2026": 0.999, "trajectory": "new_informal", "cluster_last": 4, "emerging_score": 0.73646634868163574, "emerging_zone": 1, "building_count": 97.0, "building_density": 0.29776329372449312, "road_density": 37.985650737720711, "ndvi": 0.21614347629249095, "ndbi": 0.11430025363806635, "imi": 0.37626276323312585, "informal_probability": 0.99914723032069974, "confidence": 0.99914723032069974, "explanation": "built-up intensity: 0.82; impervious surface: 0.49; road structure: 0.47; building irregularity: 0.35; building density: 0.27" }, "geometry": { "type": "Polygon", "coordinates": [ [ [ 80.269806871745018, 13.072751276774286 ], [ 80.269804212725518, 13.073655469479148 ], [ 80.268881858045845, 13.073652861074343 ], [ 80.268884520423384, 13.072748668556059 ], [ 80.269806871745018, 13.072751276774286 ] ] ] } },
{ "type": "Feature", "properties": { "cell_id": 848, "row": 26, "col": 16, "class_2019": "open_vegetated", "conf_2019": 0.987, "imi_2019": 0.163, "informal_prob_2019": 0.002, "class_2020": "open_vegetated", "conf_2020": 0.998, "imi_2020": 0.153, "informal_prob_2020": 0.0, "class_2021": "open_vegetated", "conf_2021": 1.0, "imi_2021": 0.15, "informal_prob_2021": 0.0, "class_2022": "open_vegetated", "conf_2022": 1.0, "imi_2022": 0.165, "informal_prob_2022": 0.0, "class_2023": "open_vegetated", "conf_2023": 1.0, "imi_2023": 0.167, "informal_prob_2023": 0.0, "class_2024": "open_vegetated", "conf_2024": 1.0, "imi_2024": 0.176, "informal_prob_2024": 0.0, "class_2025": "open_vegetated", "conf_2025": 1.0, "imi_2025": 0.179, "informal_prob_2025": 0.0, "class_2026": "informal", "conf_2026": 0.999, "imi_2026": 0.394, "informal_prob_2026": 0.999, "trajectory": "new_informal", "cluster_last": 4, "emerging_score": 0.62364407732028204, "emerging_zone": 0, "building_count": 94.0, "building_density": 0.28596531482591325, "road_density": 0.0, "ndvi": 0.23753355450928212, "ndbi": 0.10507018645294011, "imi": 0.3943989376995215, "informal_probability": 0.99893153526970968, "confidence": 0.99893153526970968, "explanation": "road structure: 1.00; built-up intensity: 0.81; building irregularity: 0.38; impervious surface: 0.35; building density: 0.26" }, "geometry": { "type": "Polygon", "coordinates": [ [ [ 80.27165157498824, 13.072756483335226 ], [ 80.271648922684832, 13.073660676412532 ], [ 80.270726567605266, 13.073658074591874 ], [ 80.270729223266727, 13.072753881700674 ], [ 80.27165157498824, 13.072756483335226 ] ] ] } },
{ "type": "Feature", "properties": { "cell_id": 857, "row": 26, "col": 25, "class_2019": "informal", "conf_2019": 1.0, "imi_2019": 0.348, "informal_prob_2019": 1.0, "class_2020": "informal", "conf_2020": 1.0, "imi_2020": 0.362, "informal_prob_2020": 1.0, "class_2021": "informal", "conf_2021": 1.0, "imi_2021": 0.368, "informal_prob_2021": 1.0, "class_2022": "informal", "conf_2022": 1.0, "imi_2022": 0.362, "informal_prob_2022": 1.0, "class_2023": "informal", "conf_2023": 0.986, "imi_2023": 0.352, "informal_prob_2023": 0.986, "class_2024": "informal", "conf_2024": 0.99, "imi_2024": 0.366, "informal_prob_2024": 0.99, "class_2025": "informal", "conf_2025": 0.992, "imi_2025": 0.358, "informal_prob_2025": 0.992, "class_2026": "informal", "conf_2026": 0.953, "imi_2026": 0.378, "informal_prob_2026": 0.953, "trajectory": "stable_informal", "cluster_last": 5, "emerging_score": 0.23031718484712713, "emerging_zone": 0, "building_count": 85.0, "building_density": 0.25960238599809432, "road_density": 245.58312244581592, "ndvi": 0.20005165962502361, "ndbi": 0.12017078483477235, "imi": 0.37805825831327616, "informal_probability": 0.95329875973827383, "confidence": 0.95329875973827383, "explanation": "built-up intensity: 0.83; impervious surface: 0.51; building irregularity: 0.38; building density: 0.24; road structure: 0.05" }, "geometry": { "type": "Polygon", "coordinates": [ [ [ 80.279952749431899, 13.07277974991292 ], [ 80.279950127351057, 13.073683944654565 ], [ 80.279027770484504, 13.073681372462723 ], [ 80.279030395923414, 13.072777177905065 ], [ 80.279952749431899, 13.07277974991292 ] ] ] } },
{ "type": "Feature", "properties": { "cell_id": 859, "row": 26, "col": 27, "class_2019": "informal", "conf_2019": 1.0, "imi_2019": 0.349, "informal_prob_2019": 1.0, "class_2020": "informal", "conf_2020": 1.0, "imi_2020": 0.355, "informal_prob_2020": 1.0, "class_2021": "informal", "conf_2021": 1.0, "imi_2021": 0.348, "informal_prob_2021": 1.0, "class_2022": "informal", "conf_2022": 0.998, "imi_2022": 0.354, "informal_prob_2022": 0.998, "class_2023": "informal", "conf_2023": 1.0, "imi_2023": 0.35, "informal_prob_2023": 1.0, "class_2024": "informal", "conf_2024": 0.99, "imi_2024": 0.358, "informal_prob_2024": 0.99, "class_2025": "informal", "conf_2025": 1.0, "imi_2025": 0.356, "informal_prob_2025": 1.0, "class_2026": "informal", "conf_2026": 0.996, "imi_2026": 0.34, "informal_prob_2026": 0.996, "trajectory": "stable_informal", "cluster_last": 5, "emerging_score": 0.19141785906343337, "emerging_zone": 0, "building_count": 109.0, "building_density": 0.32117484255432277, "road_density": 347.47355381553581, "ndvi": 0.24548334350809456, "ndbi": 0.11892839071108029, "imi": 0.33954609566468597, "informal_probability": 0.99616796702611721, "confidence": 0.99616796702611721, "explanation": "built-up intensity: 0.83; building irregularity: 0.39; building density: 0.30; impervious surface: 0.28; road structure: 0.02" }, "geometry": { "type": "Polygon", "coordinates": [ [ [ 80.281797457040497, 13.072784884053021 ], [ 80.281794841675818, 13.073689079161927 ], [ 80.280872484414928, 13.0736865135543 ], [ 80.280875103137674, 13.07278231862891 ], [ 80.281797457040497, 13.072784884053021 ] ] ] } },
{ "type": "Feature", "properties": { "cell_id": 860, "row": 26, "col": 28, "class_2019": "informal", "conf_2019": 0.985, "imi_2019": 0.329, "informal_prob_2019": 0.985, "class_2020": "informal", "conf_2020": 0.999, "imi_2020": 0.352, "informal_prob_2020": 0.999, "class_2021": "informal", "conf_2021": 1.0, "imi_2021": 0.327, "informal_prob_2021": 1.0, "class_2022": "informal", "conf_2022": 1.0, "imi_2022": 0.33, "informal_prob_2022": 1.0, "class_2023": "informal", "conf_2023": 1.0, "imi_2023": 0.344, "informal_prob_2023": 1.0, "class_2024": "informal", "conf_2024": 1.0, "imi_2024": 0.33, "informal_prob_2024": 1.0, "class_2025": "informal", "conf_2025": 1.0, "imi_2025": 0.345, "informal_prob_2025": 1.0, "class_2026": "informal", "conf_2026": 0.999, "imi_2026": 0.319, "informal_prob_2026": 0.999, "trajectory": "stable_informal", "cluster_last": 5, "emerging_score": 0.18505792136849217, "emerging_zone": 0, "building_count": 77.0, "building_density": 0.22789261031363695, "road_density": 244.57490958646153, "ndvi": 0.23604071249254047, "ndbi": 0.13097028374671937, "imi": 0.31855520488337613, "informal_probability": 0.99873975409836069, "confidence": 0.99873975409836069, "explanation": "built-up intensity: 0.85; building irregularity: 0.35; impervious surface: 0.31; building density: 0.21; road structure: 0.03" }, "geometry": { "type": "Polygon", "coordinates": [ [ [ 80.282719811140083, 13.072787446185254 ], [ 80.282717199133515, 13.073691641477438 ], [ 80.281794841675818, 13.073689079161927 ], [ 80.281797457040497, 13.072784884053021 ], [ 80.282719811140083, 13.072787446185254 ] ] ] } },
{ "type": "Feature", "properties": { "cell_id": 861, "row": 26, "col": 29, "class_2019": "informal", "conf_2019": 1.0, "imi_2019": 0.32, "informal_prob_2019": 1.0, "class_2020": "informal", "conf_2020": 1.0, "imi_2020": 0.32, "informal_prob_2020": 1.0, "class_2021": "informal", "conf_2021": 1.0, "imi_2021": 0.307, "informal_prob_2021": 1.0, "class_2022": "informal", "conf_2022": 0.999, "imi_2022": 0.313, "informal_prob_2022": 0.999, "class_2023": "informal", "conf_2023": 1.0, "imi_2023": 0.325, "informal_prob_2023": 1.0, "class_2024": "informal", "conf_2024": 1.0, "imi_2024": 0.323, "informal_prob_2024": 1.0, "class_2025": "informal", "conf_2025": 1.0, "imi_2025": 0.316, "informal_prob_2025": 1.0, "class_2026": "informal", "conf_2026": 1.0, "imi_2026": 0.317, "informal_prob_2026": 1.0, "trajectory": "stable_informal", "cluster_last": 5, "emerging_score": 0.19401268617751985, "emerging_zone": 0, "building_count": 61.0, "building_density": 0.18631634693454852, "road_density": 307.61268838322593, "ndvi": 0.21248314466327428, "ndbi": 0.11022811491624453, "imi": 0.31737249495143544, "informal_probability": 1.0, "confidence": 1.0, "explanation": "built-up intensity: 0.81; impervious surface: 0.45; building irregularity: 0.33; building density: 0.17; road structure: 0.04" }, "geometry": { "type": "Polygon", "coordinates": [ [ [ 80.28364216543622, 13.072790005025606 ], [ 80.283639556787733, 13.073694200500833 ], [ 80.282717199133515, 13.073691641477438 ], [ 80.282719811140083, 13.072787446185254 ], [ 80.28364216543622, 13.072790005025606 ] ] ] } },
{ "type": "Feature", "properties": { "cell_id": 862, "row": 26, "col": 30, "class_2019": "informal", "conf_2019": 0.999, "imi_2019": 0.336, "informal_prob_2019": 0.999, "class_2020": "informal", "conf_2020": 1.0, "imi_2020": 0.35, "informal_prob_2020": 1.0, "class_2021": "informal", "conf_2021": 1.0, "imi_2021": 0.347, "informal_prob_2021": 1.0, "class_2022": "informal", "conf_2022": 1.0, "imi_2022": 0.344, "informal_prob_2022": 1.0, "class_2023": "informal", "conf_2023": 1.0, "imi_2023": 0.335, "informal_prob_2023": 1.0, "class_2024": "informal", "conf_2024": 0.998, "imi_2024": 0.357, "informal_prob_2024": 0.998, "class_2025": "informal", "conf_2025": 1.0, "imi_2025": 0.351, "informal_prob_2025": 1.0, "class_2026": "informal", "conf_2026": 1.0, "imi_2026": 0.351, "informal_prob_2026": 1.0, "trajectory": "stable_informal", "cluster_last": 5, "emerging_score": 0.22454037210357153, "emerging_zone": 0, "building_count": 91.0, "building_density": 0.27990216090444053, "road_density": 299.91059811336038, "ndvi": 0.21998906075954439, "ndbi": 0.13533213546499609, "imi": 0.35125016326928488, "informal_probability": 1.0, "confidence": 1.0, "explanation": "built-up intensity: 0.85; impervious surface: 0.43; building irregularity: 0.37; building density: 0.26; road structure: 0.03" }, "geometry": { "type": "Polygon", "coordinates": [ [ [ 80.284564519928622, 13.072792560574078 ], [ 80.284561914638232, 13.073696756232112 ], [ 80.283639556787733, 13.073694200500833 ], [ 80.28364216543622, 13.072790005025606 ], [ 80.284564519928622, 13.072792560574078 ] ] ] } },
{ "type": "Feature", "properties": { "cell_id": 863, "row": 26, "col": 31, "class_2019": "informal", "conf_2019": 1.0, "imi_2019": 0.34, "informal_prob_2019": 1.0, "class_2020": "informal", "conf_2020": 1.0, "imi_2020": 0.346, "informal_prob_2020": 1.0, "class_2021": "informal", "conf_2021": 1.0, "imi_2021": 0.347, "informal_prob_2021": 1.0, "class_2022": "informal", "conf_2022": 1.0, "imi_2022": 0.343, "informal_prob_2022": 1.0, "class_2023": "informal", "conf_2023": 1.0, "imi_2023": 0.345, "informal_prob_2023": 1.0, "class_2024": "informal", "conf_2024": 1.0, "imi_2024": 0.354, "informal_prob_2024": 1.0, "class_2025": "informal", "conf_2025": 0.996, "imi_2025": 0.348, "informal_prob_2025": 0.996, "class_2026": "informal", "conf_2026": 0.99, "imi_2026": 0.36, "informal_prob_2026": 0.99, "trajectory": "stable_informal", "cluster_last": 5, "emerging_score": 0.22073225556852955, "emerging_zone": 0, "building_count": 97.0, "building_density": 0.29358705128499341, "road_density": 295.89236910722587, "ndvi": 0.18969336781883611, "ndbi": 0.11849138894118369, "imi": 0.35955567609106215, "informal_probability": 0.99005901287553655, "confidence": 0.99005901287553655, "explanation": "built-up intensity: 0.83; impervious surface: 0.54; building irregularity: 0.36; building density: 0.27; road structure: 0.02" }, "geometry": { "type": "Polygon", "coordinates": [ [ [ 80.28548687461705, 13.072795112830658 ], [ 80.285484272684755, 13.073699308671264 ], [ 80.284561914638232, 13.073696756232112 ], [ 80.284564519928622, 13.072792560574078 ], [ 80.28548687461705, 13.072795112830658 ] ] ] } },
{ "type": "Feature", "properties": { "cell_id": 873, "row": 27, "col": 9, "class_2019": "informal", "conf_2019": 1.0, "imi_2019": 0.333, "informal_prob_2019": 1.0, "class_2020": "informal", "conf_2020": 0.996, "imi_2020": 0.353, "informal_prob_2020": 0.996, "class_2021": "informal", "conf_2021": 1.0, "imi_2021": 0.328, "informal_prob_2021": 1.0, "class_2022": "informal", "conf_2022": 0.999, "imi_2022": 0.336, "informal_prob_2022": 0.999, "class_2023": "informal", "conf_2023": 0.999, "imi_2023": 0.34, "informal_prob_2023": 0.999, "class_2024": "informal", "conf_2024": 1.0, "imi_2024": 0.332, "informal_prob_2024": 1.0, "class_2025": "informal", "conf_2025": 0.992, "imi_2025": 0.367, "informal_prob_2025": 0.992, "class_2026": "informal", "conf_2026": 1.0, "imi_2026": 0.332, "informal_prob_2026": 1.0, "trajectory": "stable_informal", "cluster_last": 4, "emerging_score": 0.19724968730164766, "emerging_zone": 0, "building_count": 101.0, "building_density": 0.29536311334153209, "road_density": 363.80154647357421, "ndvi": 0.24539473589509725, "ndbi": 0.12892410922562703, "imi": 0.33161880183871512, "informal_probability": 1.0, "confidence": 1.0, "explanation": "built-up intensity: 0.84; building irregularity: 0.37; impervious surface: 0.35; building density: 0.27; road structure: 0.04" }, "geometry": { "type": "Polygon", "coordinates": [ [ [ 80.265197792750939, 13.071834010931539 ], [ 80.265195117142596, 13.072738202764871 ], [ 80.264272766825101, 13.072735578087519 ], [ 80.264275445791199, 13.071831386441938 ], [ 80.265197792750939, 13.071834010931539 ] ] ] } },
{ "type": "Feature", "properties": { "cell_id": 874, "row": 27, "col": 10, "class_2019": "informal", "conf_2019": 1.0, "imi_2019": 0.334, "informal_prob_2019": 1.0, "class_2020": "informal", "conf_2020": 1.0, "imi_2020": 0.342, "informal_prob_2020": 1.0, "class_2021": "informal", "conf_2021": 1.0, "imi_2021": 0.322, "informal_prob_2021": 1.0, "class_2022": "informal", "conf_2022": 1.0, "imi_2022": 0.335, "informal_prob_2022": 1.0, "class_2023": "informal", "conf_2023": 1.0, "imi_2023": 0.333, "informal_prob_2023": 1.0, "class_2024": "informal", "conf_2024": 1.0, "imi_2024": 0.343, "informal_prob_2024": 1.0, "class_2025": "informal", "conf_2025": 1.0, "imi_2025": 0.332, "informal_prob_2025": 1.0, "class_2026": "informal", "conf_2026": 0.998, "imi_2026": 0.327, "informal_prob_2026": 0.998, "trajectory": "stable_informal", "cluster_last": 4, "emerging_score": 0.19390679407752509, "emerging_zone": 0, "building_count": 82.0, "building_density": 0.23580299429869728, "road_density": 162.2826843613839, "ndvi": 0.2360031338967383, "ndbi": 0.13236420177388936, "imi": 0.3274349844898008, "informal_probability": 0.9975, "confidence": 0.9975, "explanation": "built-up intensity: 0.85; impervious surface: 0.39; building irregularity: 0.35; building density: 0.22; road structure: 0.09" }, "geometry": { "type": "Polygon", "coordinates": [ [ [ 80.266120139912005, 13.071836632129557 ], [ 80.266117467661431, 13.072740824150403 ], [ 80.265195117142596, 13.072738202764871 ], [ 80.265197792750939, 13.071834010931539 ], [ 80.266120139912005, 13.071836632129557 ] ] ] } },
{ "type": "Feature", "properties": { "cell_id": 875, "row": 27, "col": 11, "class_2019": "informal", "conf_2019": 1.0, "imi_2019": 0.333, "informal_prob_2019": 1.0, "class_2020": "informal", "conf_2020": 1.0, "imi_2020": 0.332, "informal_prob_2020": 1.0, "class_2021": "informal", "conf_2021": 1.0, "imi_2021": 0.322, "informal_prob_2021": 1.0, "class_2022": "informal", "conf_2022": 1.0, "imi_2022": 0.332, "informal_prob_2022": 1.0, "class_2023": "informal", "conf_2023": 1.0, "imi_2023": 0.316, "informal_prob_2023": 1.0, "class_2024": "informal", "conf_2024": 1.0, "imi_2024": 0.335, "informal_prob_2024": 1.0, "class_2025": "informal", "conf_2025": 1.0, "imi_2025": 0.321, "informal_prob_2025": 1.0, "class_2026": "informal", "conf_2026": 1.0, "imi_2026": 0.311, "informal_prob_2026": 1.0, "trajectory": "stable_informal", "cluster_last": 4, "emerging_score": 0.17932496615896396, "emerging_zone": 0, "building_count": 68.0, "building_density": 0.19935996989160595, "road_density": 266.5751595779048, "ndvi": 0.24173701156862079, "ndbi": 0.12955512618646026, "imi": 0.31099713790753264, "informal_probability": 1.0, "confidence": 1.0, "explanation": "built-up intensity: 0.84; building irregularity: 0.39; impervious surface: 0.32; building density: 0.18; road structure: 0.02" }, "geometry": { "type": "Polygon", "coordinates": [ [ [ 80.267042487274139, 13.071839250035987 ], [ 80.267039818381335, 13.072743442244118 ], [ 80.266117467661431, 13.072740824150403 ], [ 80.266120139912005, 13.071836632129557 ], [ 80.267042487274139, 13.071839250035987 ] ] ] } },
{ "type": "Feature", "properties": { "cell_id": 876, "row": 27, "col": 12, "class_2019": "informal", "conf_2019": 0.972, "imi_2019": 0.288, "informal_prob_2019": 0.972, "class_2020": "informal", "conf_2020": 0.954, "imi_2020": 0.304, "informal_prob_2020": 0.954, "class_2021": "informal", "conf_2021": 0.987, "imi_2021": 0.295, "informal_prob_2021": 0.987, "class_2022": "informal", "conf_2022": 0.988, "imi_2022": 0.313, "informal_prob_2022": 0.988, "class_2023": "informal", "conf_2023": 0.983, "imi_2023": 0.303, "informal_prob_2023": 0.983, "class_2024": "informal", "conf_2024": 0.975, "imi_2024": 0.289, "informal_prob_2024": 0.975, "class_2025": "informal", "conf_2025": 0.985, "imi_2025": 0.308, "informal_prob_2025": 0.985, "class_2026": "informal", "conf_2026": 0.988, "imi_2026": 0.305, "informal_prob_2026": 0.988, "trajectory": "stable_informal", "cluster_last": 4, "emerging_score": 0.21469536093771655, "emerging_zone": 0, "building_count": 12.0, "building_density": 0.15670860511363871, "road_density": 274.00372110817602, "ndvi": 0.21984364408999682, "ndbi": 0.11543650469830027, "imi": 0.30466417425605846, "informal_probability": 0.9876429541217584, "confidence": 0.9876429541217584, "explanation": "built-up intensity: 0.82; impervious surface: 0.44; building irregularity: 0.30; building density: 0.14; road structure: 0.03" }, "geometry": { "type": "Polygon", "coordinates": [ [ [ 80.267964834837088, 13.071841864650827 ], [ 80.267962169302066, 13.072746057046002 ], [ 80.267039818381335, 13.072743442244118 ], [ 80.267042487274139, 13.071839250035987 ], [ 80.267964834837088, 13.071841864650827 ] ] ] } },
{ "type": "Feature", "properties": { "cell_id": 877, "row": 27, "col": 13, "class_2019": "informal", "conf_2019": 0.982, "imi_2019": 0.286, "informal_prob_2019": 0.982, "class_2020": "informal", "conf_2020": 0.992, "imi_2020": 0.308, "informal_prob_2020": 0.992, "class_2021": "informal", "conf_2021": 0.995, "imi_2021": 0.309, "informal_prob_2021": 0.995, "class_2022": "informal", "conf_2022": 0.996, "imi_2022": 0.334, "informal_prob_2022": 0.996, "class_2023": "informal", "conf_2023": 1.0, "imi_2023": 0.325, "informal_prob_2023": 1.0, "class_2024": "informal", "conf_2024": 0.999, "imi_2024": 0.321, "informal_prob_2024": 0.999, "class_2025": "informal", "conf_2025": 1.0, "imi_2025": 0.322, "informal_prob_2025": 1.0, "class_2026": "informal", "conf_2026": 0.997, "imi_2026": 0.344, "informal_prob_2026": 0.997, "trajectory": "stable_informal", "cluster_last": 4, "emerging_score": 0.26585485976495105, "emerging_zone": 0, "building_count": 73.0, "building_density": 0.21446015776645136, "road_density": 152.08526370441126, "ndvi": 0.20417431810870768, "ndbi": 0.14171413074247538, "imi": 0.34442367864301809, "informal_probability": 0.99656756756756759, "confidence": 0.99656756756756759, "explanation": "built-up intensity: 0.86; impervious surface: 0.54; building irregularity: 0.36; building density: 0.20; road structure: 0.09" }, "geometry": { "type": "Polygon", "coordinates": [ [ [ 80.268887182600608, 13.071844475974077 ], [ 80.268884520423384, 13.072748668556059 ], [ 80.267962169302066, 13.072746057046002 ], [ 80.267964834837088, 13.071841864650827 ], [ 80.268887182600608, 13.071844475974077 ] ] ] } },
{ "type": "Feature", "properties": { "cell_id": 878, "row": 27, "col": 14, "class_2019": "open_vegetated", "conf_2019": 0.998, "imi_2019": 0.037, "informal_prob_2019": 0.0, "class_2020": "open_vegetated", "conf_2020": 0.998, "imi_2020": 0.058, "informal_prob_2020": 0.0, "class_2021": "open_vegetated", "conf_2021": 0.998, "imi_2021": 0.056, "informal_prob_2021": 0.0, "class_2022": "informal", "conf_2022": 0.999, "imi_2022": 0.338, "informal_prob_2022": 0.999, "class_2023": "informal", "conf_2023": 0.992, "imi_2023": 0.352, "informal_prob_2023": 0.992, "class_2024": "informal", "conf_2024": 0.999, "imi_2024": 0.331, "informal_prob_2024": 0.999, "class_2025": "informal", "conf_2025": 0.992, "imi_2025": 0.331, "informal_prob_2025": 0.992, "class_2026": "informal", "conf_2026": 0.994, "imi_2026": 0.343, "informal_prob_2026": 0.994, "trajectory": "new_informal", "cluster_last": 4, "emerging_score": 0.70911502159774609, "emerging_zone": 1, "building_count": 90.0, "building_density": 0.28605750133436075, "road_density": 40.168007948764782, "ndvi": 0.21533507678657771, "ndbi": 0.11078134292736649, "imi": 0.34265837216067419, "informal_probability": 0.99414723032069974, "confidence": 0.99414723032069974, "explanation": "built-up intensity: 0.81; impervious surface: 0.48; building irregularity: 0.34; road structure: 0.29; building density: 0.26" }, "geometry": { "type": "Polygon", "coordinates": [ [ [ 80.269809530564459, 13.071847084005729 ], [ 80.269806871745018, 13.072751276774286 ], [ 80.268884520423384, 13.072748668556059 ], [ 80.268887182600608, 13.071844475974077 ], [ 80.269809530564459, 13.071847084005729 ] ] ] } },
{ "type": "Feature", "properties": { "cell_id": 879, "row": 27, "col": 15, "class_2019": "open_vegetated", "conf_2019": 1.0, "imi_2019": 0.1, "informal_prob_2019": 0.0, "class_2020": "open_vegetated", "conf_2020": 1.0, "imi_2020": 0.112, "informal_prob_2020": 0.0, "class_2021": "open_vegetated", "conf_2021": 1.0, "imi_2021": 0.11, "informal_prob_2021": 0.0, "class_2022": "informal", "conf_2022": 0.996, "imi_2022": 0.384, "informal_prob_2022": 0.996, "class_2023": "informal", "conf_2023": 0.992, "imi_2023": 0.391, "informal_prob_2023": 0.992, "class_2024": "informal", "conf_2024": 0.992, "imi_2024": 0.385, "informal_prob_2024": 0.992, "class_2025": "informal", "conf_2025": 0.99, "imi_2025": 0.406, "informal_prob_2025": 0.99, "class_2026": "informal", "conf_2026": 0.998, "imi_2026": 0.408, "informal_prob_2026": 0.998, "trajectory": "new_informal", "cluster_last": 4, "emerging_score": 0.70468169588177032, "emerging_zone": 1, "building_count": 74.0, "building_density": 0.22802077438944002, "road_density": 0.0, "ndvi": 0.21644710669293998, "ndbi": 0.12113300220691599, "imi": 0.40846097741877502, "informal_probability": 0.9975, "confidence": 0.9975, "explanation": "road structure: 1.00; built-up intensity: 0.83; impervious surface: 0.51; building irregularity: 0.33; building density: 0.21" }, "geometry": { "type": "Polygon", "coordinates": [ [ [ 80.27073187872837, 13.071849688745781 ], [ 80.270729223266727, 13.072753881700674 ], [ 80.269806871745018, 13.072751276774286 ], [ 80.269809530564459, 13.071847084005729 ], [ 80.27073187872837, 13.071849688745781 ] ] ] } },
{ "type": "Feature", "properties": { "cell_id": 880, "row": 27, "col": 16, "class_2019": "open_vegetated", "conf_2019": 1.0, "imi_2019": 0.108, "informal_prob_2019": 0.0, "class_2020": "open_vegetated", "conf_2020": 1.0, "imi_2020": 0.1, "informal_prob_2020": 0.0, "class_2021": "open_vegetated", "conf_2021": 1.0, "imi_2021": 0.101, "informal_prob_2021": 0.0, "class_2022": "open_vegetated", "conf_2022": 1.0, "imi_2022": 0.118, "informal_prob_2022": 0.0, "class_2023": "open_vegetated", "conf_2023": 1.0, "imi_2023": 0.116, "informal_prob_2023": 0.0, "class_2024": "informal", "conf_2024": 0.996, "imi_2024": 0.369, "informal_prob_2024": 0.996, "class_2025": "informal", "conf_2025": 0.991, "imi_2025": 0.387, "informal_prob_2025": 0.991, "class_2026": "informal", "conf_2026": 1.0, "imi_2026": 0.402, "informal_prob_2026": 1.0, "trajectory": "new_informal", "cluster_last": 4, "emerging_score": 0.68133075304134672, "emerging_zone": 1, "building_count": 71.0, "building_density": 0.20986759866806343, "road_density": 0.0, "ndvi": 0.21796873843064532, "ndbi": 0.11792219339520671, "imi": 0.40158066061446607, "informal_probability": 1.0, "confidence": 1.0, "explanation": "road structure: 1.00; built-up intensity: 0.83; impervious surface: 0.45; building irregularity: 0.39; building density: 0.19" }, "geometry": { "type": "Polygon", "coordinates": [ [ [ 80.2716542270921, 13.071852290194235 ], [ 80.27165157498824, 13.072756483335226 ], [ 80.270729223266727, 13.072753881700674 ], [ 80.27073187872837, 13.071849688745781 ], [ 80.2716542270921, 13.071852290194235 ] ] ] } },
{ "type": "Feature", "properties": { "cell_id": 889, "row": 27, "col": 25, "class_2019": "informal", "conf_2019": 1.0, "imi_2019": 0.351, "informal_prob_2019": 1.0, "class_2020": "informal", "conf_2020": 1.0, "imi_2020": 0.356, "informal_prob_2020": 1.0, "class_2021": "informal", "conf_2021": 1.0, "imi_2021": 0.338, "informal_prob_2021": 1.0, "class_2022": "informal", "conf_2022": 1.0, "imi_2022": 0.337, "informal_prob_2022": 1.0, "class_2023": "informal", "conf_2023": 1.0, "imi_2023": 0.345, "informal_prob_2023": 1.0, "class_2024": "informal", "conf_2024": 1.0, "imi_2024": 0.354, "informal_prob_2024": 1.0, "class_2025": "informal", "conf_2025": 1.0, "imi_2025": 0.334, "informal_prob_2025": 1.0, "class_2026": "informal", "conf_2026": 0.991, "imi_2026": 0.368, "informal_prob_2026": 0.991, "trajectory": "stable_informal", "cluster_last": 5, "emerging_score": 0.21716943572367681, "emerging_zone": 0, "building_count": 81.0, "building_density": 0.23116903072804668, "road_density": 286.7750311170015, "ndvi": 0.20356058176606895, "ndbi": 0.11241856384556741, "imi": 0.36794855942880983, "informal_probability": 0.99136092544384236, "confidence": 0.99136092544384236, "explanation": "built-up intensity: 0.82; impervious surface: 0.58; building irregularity: 0.36; building density: 0.21; road structure: 0.06" }, "geometry": { "type": "Polygon", "coordinates": [ [ [ 80.279955371315438, 13.071875555107601 ], [ 80.279952749431899, 13.07277974991292 ], [ 80.279030395923414, 13.072777177905065 ], [ 80.279033021164778, 13.071872983283727 ], [ 80.279955371315438, 13.071875555107601 ] ] ] } },
{ "type": "Feature", "properties": { "cell_id": 890, "row": 27, "col": 26, "class_2019": "informal", "conf_2019": 0.972, "imi_2019": 0.377, "informal_prob_2019": 0.972, "class_2020": "informal", "conf_2020": 0.96, "imi_2020": 0.391, "informal_prob_2020": 0.96, "class_2021": "informal", "conf_2021": 0.963, "imi_2021": 0.381, "informal_prob_2021": 0.963, "class_2022": "informal", "conf_2022": 0.948, "imi_2022": 0.388, "informal_prob_2022": 0.948, "class_2023": "informal", "conf_2023": 0.97, "imi_2023": 0.39, "informal_prob_2023": 0.97, "class_2024": "informal", "conf_2024": 0.911, "imi_2024": 0.404, "informal_prob_2024": 0.911, "class_2025": "informal", "conf_2025": 0.971, "imi_2025": 0.394, "informal_prob_2025": 0.971, "class_2026": "informal", "conf_2026": 0.97, "imi_2026": 0.397, "informal_prob_2026": 0.97, "trajectory": "stable_informal", "cluster_last": 5, "emerging_score": 0.2235623106143568, "emerging_zone": 0, "building_count": 4.0, "building_density": 0.24061797046974398, "road_density": 256.14281009827312, "ndvi": 0.22094664634671063, "ndbi": 0.11658784840954467, "imi": 0.39729126504949908, "informal_probability": 0.97011320889666564, "confidence": 0.97011320889666564, "explanation": "built-up intensity: 0.82; building irregularity: 0.66; impervious surface: 0.43; building density: 0.22; road structure: 0.03" }, "geometry": { "type": "Polygon", "coordinates": [ [ [ 80.280877721663387, 13.071878123639838 ], [ 80.280875103137674, 13.07278231862891 ], [ 80.279952749431899, 13.07277974991292 ], [ 80.279955371315438, 13.071875555107601 ], [ 80.280877721663387, 13.071878123639838 ] ] ] } },
{ "type": "Feature", "properties": { "cell_id": 892, "row": 27, "col": 28, "class_2019": "informal", "conf_2019": 0.999, "imi_2019": 0.33, "informal_prob_2019": 0.999, "class_2020": "informal", "conf_2020": 0.998, "imi_2020": 0.349, "informal_prob_2020": 0.998, "class_2021": "informal", "conf_2021": 0.989, "imi_2021": 0.326, "informal_prob_2021": 0.989, "class_2022": "informal", "conf_2022": 1.0, "imi_2022": 0.346, "informal_prob_2022": 1.0, "class_2023": "informal", "conf_2023": 1.0, "imi_2023": 0.346, "informal_prob_2023": 1.0, "class_2024": "informal", "conf_2024": 1.0, "imi_2024": 0.323, "informal_prob_2024": 1.0, "class_2025": "informal", "conf_2025": 0.999, "imi_2025": 0.34, "informal_prob_2025": 0.999, "class_2026": "informal", "conf_2026": 0.994, "imi_2026": 0.326, "informal_prob_2026": 0.994, "trajectory": "stable_informal", "cluster_last": 5, "emerging_score": 0.20471980725719491, "emerging_zone": 0, "building_count": 76.0, "building_density": 0.2247844109336378, "road_density": 244.55225567030408, "ndvi": 0.25848308367654682, "ndbi": 0.1386757097952068, "imi": 0.32612165927820957, "informal_probability": 0.99405567560787733, "confidence": 0.99405567560787733, "explanation": "built-up intensity: 0.86; building irregularity: 0.36; impervious surface: 0.32; building density: 0.21; road structure: 0.07" }, "geometry": { "type": "Polygon", "coordinates": [ [ [ 80.28272242295013, 13.071883250829398 ], [ 80.282719811140083, 13.072787446185254 ], [ 80.281797457040497, 13.072784884053021 ], [ 80.28180007220837, 13.071880688880441 ], [ 80.28272242295013, 13.071883250829398 ] ] ] } },
{ "type": "Feature", "properties": { "cell_id": 894, "row": 27, "col": 30, "class_2019": "informal", "conf_2019": 0.976, "imi_2019": 0.337, "informal_prob_2019": 0.976, "class_2020": "informal", "conf_2020": 1.0, "imi_2020": 0.363, "informal_prob_2020": 1.0, "class_2021": "informal", "conf_2021": 0.998, "imi_2021": 0.357, "informal_prob_2021": 0.998, "class_2022": "informal", "conf_2022": 0.988, "imi_2022": 0.376, "informal_prob_2022": 0.988, "class_2023": "informal", "conf_2023": 1.0, "imi_2023": 0.353, "informal_prob_2023": 1.0, "class_2024": "informal", "conf_2024": 0.97, "imi_2024": 0.384, "informal_prob_2024": 0.97, "class_2025": "informal", "conf_2025": 0.987, "imi_2025": 0.357, "informal_prob_2025": 0.987, "class_2026": "informal", "conf_2026": 0.993, "imi_2026": 0.366, "informal_prob_2026": 0.993, "trajectory": "stable_informal", "cluster_last": 5, "emerging_score": 0.22642159543314938, "emerging_zone": 0, "building_count": 92.0, "building_density": 0.28061210476582527, "road_density": 142.12796153783393, "ndvi": 0.21756824084557594, "ndbi": 0.11976361819077283, "imi": 0.36569410609019093, "informal_probability": 0.99322738386308063, "confidence": 0.99322738386308063, "explanation": "built-up intensity: 0.83; impervious surface: 0.42; building irregularity: 0.37; building density: 0.26; road structure: 0.07" }, "geometry": { "type": "Polygon", "coordinates": [ [ [ 80.284567125022988, 13.071888364852372 ], [ 80.284564519928622, 13.072792560574078 ], [ 80.28364216543622, 13.072790005025606 ], [ 80.283644773888412, 13.071885809486709 ], [ 80.284567125022988, 13.071888364852372 ] ] ] } },
{ "type": "Feature", "properties": { "cell_id": 905, "row": 28, "col": 9, "class_2019": "informal", "conf_2019": 0.995, "imi_2019": 0.339, "informal_prob_2019": 0.995, "class_2020": "informal", "conf_2020": 1.0, "imi_2020": 0.369, "informal_prob_2020": 1.0, "class_2021": "informal", "conf_2021": 1.0, "imi_2021": 0.359, "informal_prob_2021": 1.0, "class_2022": "informal", "conf_2022": 1.0, "imi_2022": 0.348, "informal_prob_2022": 1.0, "class_2023": "informal", "conf_2023": 1.0, "imi_2023": 0.358, "informal_prob_2023": 1.0, "class_2024": "informal", "conf_2024": 0.996, "imi_2024": 0.343, "informal_prob_2024": 0.996, "class_2025": "informal", "conf_2025": 0.946, "imi_2025": 0.374, "informal_prob_2025": 0.946, "class_2026": "informal", "conf_2026": 1.0, "imi_2026": 0.354, "informal_prob_2026": 1.0, "trajectory": "stable_informal", "cluster_last": 4, "emerging_score": 0.21717968684438796, "emerging_zone": 0, "building_count": 88.0, "building_density": 0.26600375536383247, "road_density": 289.62925732268576, "ndvi": 0.23055926366243512, "ndbi": 0.12456357008079066, "imi": 0.353599787759593, "informal_probability": 1.0, "confidence": 1.0, "explanation": "built-up intensity: 0.84; impervious surface: 0.40; building irregularity: 0.38; building density: 0.24; road structure: 0.06" }, "geometry": { "type": "Polygon", "coordinates": [ [ [ 80.265200468157957, 13.070929819034511 ], [ 80.265197792750939, 13.071834010931539 ], [ 80.264275445791199, 13.071831386441938 ], [ 80.264278124555744, 13.07092719473266 ], [ 80.265200468157957, 13.070929819034511 ] ] ] } },
{ "type": "Feature", "properties": { "cell_id": 906, "row": 28, "col": 10, "class_2019": "informal", "conf_2019": 1.0, "imi_2019": 0.345, "informal_prob_2019": 1.0, "class_2020": "informal", "conf_2020": 1.0, "imi_2020": 0.343, "informal_prob_2020": 1.0, "class_2021": "informal", "conf_2021": 0.999, "imi_2021": 0.324, "informal_prob_2021": 0.999, "class_2022": "informal", "conf_2022": 1.0, "imi_2022": 0.338, "informal_prob_2022": 1.0, "class_2023": "informal", "conf_2023": 1.0, "imi_2023": 0.327, "informal_prob_2023": 1.0, "class_2024": "informal", "conf_2024": 1.0, "imi_2024": 0.328, "informal_prob_2024": 1.0, "class_2025": "informal", "conf_2025": 0.997, "imi_2025": 0.315, "informal_prob_2025": 0.997, "class_2026": "informal", "conf_2026": 1.0, "imi_2026": 0.326, "informal_prob_2026": 1.0, "trajectory": "stable_informal", "cluster_last": 4, "emerging_score": 0.18324102581864354, "emerging_zone": 0, "building_count": 74.0, "building_density": 0.21711830999734447, "road_density": 283.29496791482347, "ndvi": 0.23339904041960835, "ndbi": 0.12221555449068547, "imi": 0.32624989667606308, "informal_probability": 1.0, "confidence": 1.0, "explanation": "built-up intensity: 0.83; impervious surface: 0.38; building irregularity: 0.36; building density: 0.20; road structure: 0.06" }, "geometry": { "type": "Polygon", "coordinates": [ [ [ 80.266122811961495, 13.070932440045015 ], [ 80.266120139912005, 13.071836632129557 ], [ 80.265197792750939, 13.071834010931539 ], [ 80.265200468157957, 13.070929819034511 ], [ 80.266122811961495, 13.070932440045015 ] ] ] } },
{ "type": "Feature", "properties": { "cell_id": 907, "row": 28, "col": 11, "class_2019": "informal", "conf_2019": 1.0, "imi_2019": 0.317, "informal_prob_2019": 1.0, "class_2020": "informal", "conf_2020": 0.999, "imi_2020": 0.329, "informal_prob_2020": 0.999, "class_2021": "informal", "conf_2021": 1.0, "imi_2021": 0.332, "informal_prob_2021": 1.0, "class_2022": "informal", "conf_2022": 0.999, "imi_2022": 0.326, "informal_prob_2022": 0.999, "class_2023": "informal", "conf_2023": 0.999, "imi_2023": 0.315, "informal_prob_2023": 0.999, "class_2024": "informal", "conf_2024": 1.0, "imi_2024": 0.332, "informal_prob_2024": 1.0, "class_2025": "informal", "conf_2025": 1.0, "imi_2025": 0.342, "informal_prob_2025": 1.0, "class_2026": "informal", "conf_2026": 1.0, "imi_2026": 0.332, "informal_prob_2026": 1.0, "trajectory": "stable_informal", "cluster_last": 4, "emerging_score": 0.21403883236388555, "emerging_zone": 0, "building_count": 80.0, "building_density": 0.25314513583171694, "road_density": 198.95170820674187, "ndvi": 0.2491293913498521, "ndbi": 0.12074704930535518, "imi": 0.33199516323557282, "informal_probability": 1.0, "confidence": 1.0, "explanation": "built-up intensity: 0.83; impervious surface: 0.42; building irregularity: 0.36; building density: 0.23; road structure: 0.05" }, "geometry": { "type": "Polygon", "coordinates": [ [ [ 80.267045155966102, 13.070935057764165 ], [ 80.267042487274139, 13.071839250035987 ], [ 80.266120139912005, 13.071836632129557 ], [ 80.266122811961495, 13.070932440045015 ], [ 80.267045155966102, 13.070935057764165 ] ] ] } },
{ "type": "Feature", "properties": { "cell_id": 908, "row": 28, "col": 12, "class_2019": "informal", "conf_2019": 0.997, "imi_2019": 0.316, "informal_prob_2019": 0.997, "class_2020": "informal", "conf_2020": 1.0, "imi_2020": 0.342, "informal_prob_2020": 1.0, "class_2021": "informal", "conf_2021": 1.0, "imi_2021": 0.344, "informal_prob_2021": 1.0, "class_2022": "informal", "conf_2022": 0.919, "imi_2022": 0.353, "informal_prob_2022": 0.919, "class_2023": "informal", "conf_2023": 0.994, "imi_2023": 0.337, "informal_prob_2023": 0.994, "class_2024": "informal", "conf_2024": 1.0, "imi_2024": 0.338, "informal_prob_2024": 1.0, "class_2025": "informal", "conf_2025": 1.0, "imi_2025": 0.358, "informal_prob_2025": 1.0, "class_2026": "informal", "conf_2026": 0.847, "imi_2026": 0.361, "informal_prob_2026": 0.847, "trajectory": "stable_informal", "cluster_last": 4, "emerging_score": 0.257301544268497, "emerging_zone": 0, "building_count": 98.0, "building_density": 0.28380926114282634, "road_density": 158.03965976739534, "ndvi": 0.22986232178285718, "ndbi": 0.15222981762140989, "imi": 0.36120359073249492, "informal_probability": 0.84717754565051195, "confidence": 0.84717754565051195, "explanation": "built-up intensity: 0.88; impervious surface: 0.48; building irregularity: 0.38; building density: 0.26; road structure: 0.09" }, "geometry": { "type": "Polygon", "coordinates": [ [ [ 80.267967500171537, 13.070937672191967 ], [ 80.267964834837088, 13.071841864650827 ], [ 80.267042487274139, 13.071839250035987 ], [ 80.267045155966102, 13.070935057764165 ], [ 80.267967500171537, 13.070937672191967 ] ] ] } },
{ "type": "Feature", "properties": { "cell_id": 909, "row": 28, "col": 13, "class_2019": "open_vegetated", "conf_2019": 1.0, "imi_2019": 0.249, "informal_prob_2019": 0.0, "class_2020": "informal", "conf_2020": 1.0, "imi_2020": 0.401, "informal_prob_2020": 1.0, "class_2021": "informal", "conf_2021": 1.0, "imi_2021": 0.396, "informal_prob_2021": 1.0, "class_2022": "informal", "conf_2022": 0.999, "imi_2022": 0.427, "informal_prob_2022": 0.999, "class_2023": "informal", "conf_2023": 0.999, "imi_2023": 0.423, "informal_prob_2023": 0.999, "class_2024": "informal", "conf_2024": 0.992, "imi_2024": 0.429, "informal_prob_2024": 0.992, "class_2025": "informal", "conf_2025": 0.996, "imi_2025": 0.42, "informal_prob_2025": 0.996, "class_2026": "informal", "conf_2026": 0.996, "imi_2026": 0.43, "informal_prob_2026": 0.996, "trajectory": "new_informal", "cluster_last": 4, "emerging_score": 0.56018085002340356, "emerging_zone": 0, "building_count": 67.0, "building_density": 0.20686028841552506, "road_density": 0.0, "ndvi": 0.21445061363279819, "ndbi": 0.12273859062115662, "imi": 0.43026054558834198, "informal_probability": 0.9963550420168068, "confidence": 0.9963550420168068, "explanation": "road structure: 1.00; built-up intensity: 0.83; impervious surface: 0.45; building irregularity: 0.34; building density: 0.19" }, "geometry": { "type": "Polygon", "coordinates": [ [ [ 80.268889844577515, 13.070940283328408 ], [ 80.268887182600608, 13.071844475974077 ], [ 80.267964834837088, 13.071841864650827 ], [ 80.267967500171537, 13.070937672191967 ], [ 80.268889844577515, 13.070940283328408 ] ] ] } },
{ "type": "Feature", "properties": { "cell_id": 913, "row": 28, "col": 17, "class_2019": "open_vegetated", "conf_2019": 1.0, "imi_2019": 0.113, "informal_prob_2019": 0.0, "class_2020": "open_vegetated", "conf_2020": 1.0, "imi_2020": 0.108, "informal_prob_2020": 0.0, "class_2021": "open_vegetated", "conf_2021": 1.0, "imi_2021": 0.106, "informal_prob_2021": 0.0, "class_2022": "open_vegetated", "conf_2022": 1.0, "imi_2022": 0.11, "informal_prob_2022": 0.0, "class_2023": "open_vegetated", "conf_2023": 0.999, "imi_2023": 0.115, "informal_prob_2023": 0.0, "class_2024": "open_vegetated", "conf_2024": 0.988, "imi_2024": 0.126, "informal_prob_2024": 0.0, "class_2025": "informal", "conf_2025": 0.994, "imi_2025": 0.383, "informal_prob_2025": 0.994, "class_2026": "informal", "conf_2026": 0.999, "imi_2026": 0.409, "informal_prob_2026": 0.999, "trajectory": "new_informal", "cluster_last": 4, "emerging_score": 0.68024701606517746, "emerging_zone": 1, "building_count": 69.0, "building_density": 0.20318806879256615, "road_density": 0.0, "ndvi": 0.22602535290643572, "ndbi": 0.12418593565234914, "imi": 0.40859280054722363, "informal_probability": 0.99885504201680675, "confidence": 0.99885504201680675, "explanation": "road structure: 1.00; built-up intensity: 0.83; impervious surface: 0.48; building irregularity: 0.39; building density: 0.19" }, "geometry": { "type": "Polygon", "coordinates": [ [ [ 80.272579224202119, 13.070950694960532 ], [ 80.272576575655378, 13.071854888351073 ], [ 80.2716542270921, 13.071852290194235 ], [ 80.271656878996396, 13.070948096989554 ], [ 80.272579224202119, 13.070950694960532 ] ] ] } },
{ "type": "Feature", "properties": { "cell_id": 920, "row": 28, "col": 24, "class_2019": "informal", "conf_2019": 0.995, "imi_2019": 0.354, "informal_prob_2019": 0.995, "class_2020": "informal", "conf_2020": 0.998, "imi_2020": 0.356, "informal_prob_2020": 0.998, "class_2021": "informal", "conf_2021": 0.991, "imi_2021": 0.359, "informal_prob_2021": 0.991, "class_2022": "informal", "conf_2022": 0.998, "imi_2022": 0.358, "informal_prob_2022": 0.998, "class_2023": "informal", "conf_2023": 0.997, "imi_2023": 0.361, "informal_prob_2023": 0.997, "class_2024": "informal", "conf_2024": 0.998, "imi_2024": 0.365, "informal_prob_2024": 0.998, "class_2025": "informal", "conf_2025": 0.996, "imi_2025": 0.359, "informal_prob_2025": 0.996, "class_2026": "informal", "conf_2026": 0.995, "imi_2026": 0.356, "informal_prob_2026": 0.995, "trajectory": "stable_informal", "cluster_last": 5, "emerging_score": 0.2072130095957978, "emerging_zone": 0, "building_count": 87.0, "building_density": 0.25820929897139988, "road_density": 124.39386078309988, "ndvi": 0.22549837479367851, "ndbi": 0.14134953025262803, "imi": 0.35609280254856518, "informal_probability": 0.995, "confidence": 0.995, "explanation": "built-up intensity: 0.86; impervious surface: 0.41; building irregularity: 0.38; building density: 0.24; road structure: 0.07" }, "geometry": { "type": "Polygon", "coordinates": [ [ [ 80.279035646208627, 13.070968788598714 ], [ 80.279033021164778, 13.071872983283727 ], [ 80.278110671211664, 13.07187040816822 ], [ 80.278113299613054, 13.070966213667424 ], [ 80.279035646208627, 13.070968788598714 ] ] ] } },
{ "type": "Feature", "properties": { "cell_id": 921, "row": 28, "col": 25, "class_2019": "informal", "conf_2019": 0.995, "imi_2019": 0.355, "informal_prob_2019": 0.995, "class_2020": "informal", "conf_2020": 1.0, "imi_2020": 0.339, "informal_prob_2020": 1.0, "class_2021": "informal", "conf_2021": 1.0, "imi_2021": 0.346, "informal_prob_2021": 1.0, "class_2022": "informal", "conf_2022": 0.999, "imi_2022": 0.357, "informal_prob_2022": 0.999, "class_2023": "informal", "conf_2023": 1.0, "imi_2023": 0.339, "informal_prob_2023": 1.0, "class_2024": "informal", "conf_2024": 0.998, "imi_2024": 0.361, "informal_prob_2024": 0.998, "class_2025": "informal", "conf_2025": 1.0, "imi_2025": 0.339, "informal_prob_2025": 1.0, "class_2026": "informal", "conf_2026": 1.0, "imi_2026": 0.366, "informal_prob_2026": 1.0, "trajectory": "stable_informal", "cluster_last": 5, "emerging_score": 0.21271345971283903, "emerging_zone": 0, "building_count": 87.0, "building_density": 0.25272345503848298, "road_density": 270.31384955685621, "ndvi": 0.2107681930065155, "ndbi": 0.12400678225676529, "imi": 0.3655333127438643, "informal_probability": 1.0, "confidence": 1.0, "explanation": "built-up intensity: 0.83; impervious surface: 0.54; building irregularity: 0.40; building density: 0.23; road structure: 0.03" }, "geometry": { "type": "Polygon", "coordinates": [ [ [ 80.279957993001702, 13.070971360238607 ], [ 80.279955371315438, 13.071875555107601 ], [ 80.279033021164778, 13.071872983283727 ], [ 80.279035646208627, 13.070968788598714 ], [ 80.279957993001702, 13.070971360238607 ] ] ] } },
{ "type": "Feature", "properties": { "cell_id": 922, "row": 28, "col": 26, "class_2019": "informal", "conf_2019": 1.0, "imi_2019": 0.346, "informal_prob_2019": 1.0, "class_2020": "informal", "conf_2020": 1.0, "imi_2020": 0.348, "informal_prob_2020": 1.0, "class_2021": "informal", "conf_2021": 0.995, "imi_2021": 0.323, "informal_prob_2021": 0.995, "class_2022": "informal", "conf_2022": 1.0, "imi_2022": 0.353, "informal_prob_2022": 1.0, "class_2023": "informal", "conf_2023": 1.0, "imi_2023": 0.342, "informal_prob_2023": 1.0, "class_2024": "informal", "conf_2024": 1.0, "imi_2024": 0.345, "informal_prob_2024": 1.0, "class_2025": "informal", "conf_2025": 1.0, "imi_2025": 0.346, "informal_prob_2025": 1.0, "class_2026": "informal", "conf_2026": 0.97, "imi_2026": 0.37, "informal_prob_2026": 0.97, "trajectory": "stable_informal", "cluster_last": 5, "emerging_score": 0.22142473544307284, "emerging_zone": 0, "building_count": 109.0, "building_density": 0.3232965202147372, "road_density": 292.4107743470596, "ndvi": 0.19159354242088739, "ndbi": 0.11313301288580987, "imi": 0.37034080027837785, "informal_probability": 0.96984818595930733, "confidence": 0.96984818595930733, "explanation": "built-up intensity: 0.82; impervious surface: 0.55; building irregularity: 0.37; building density: 0.30; road structure: 0.02" }, "geometry": { "type": "Polygon", "coordinates": [ [ [ 80.280880339992066, 13.070973928587099 ], [ 80.280877721663387, 13.071878123639838 ], [ 80.279955371315438, 13.071875555107601 ], [ 80.279957993001702, 13.070971360238607 ], [ 80.280880339992066, 13.070973928587099 ] ] ] } },
{ "type": "Feature", "properties": { "cell_id": 923, "row": 28, "col": 27, "class_2019": "informal", "conf_2019": 0.999, "imi_2019": 0.336, "informal_prob_2019": 0.999, "class_2020": "informal", "conf_2020": 1.0, "imi_2020": 0.319, "informal_prob_2020": 1.0, "class_2021": "informal", "conf_2021": 1.0, "imi_2021": 0.313, "informal_prob_2021": 1.0, "class_2022": "informal", "conf_2022": 1.0, "imi_2022": 0.319, "informal_prob_2022": 1.0, "class_2023": "informal", "conf_2023": 1.0, "imi_2023": 0.325, "informal_prob_2023": 1.0, "class_2024": "informal", "conf_2024": 1.0, "imi_2024": 0.308, "informal_prob_2024": 1.0, "class_2025": "informal", "conf_2025": 1.0, "imi_2025": 0.322, "informal_prob_2025": 1.0, "class_2026": "informal", "conf_2026": 0.998, "imi_2026": 0.328, "informal_prob_2026": 0.998, "trajectory": "stable_informal", "cluster_last": 5, "emerging_score": 0.18967652045584574, "emerging_zone": 0, "building_count": 61.0, "building_density": 0.18158429604880333, "road_density": 342.38225187404089, "ndvi": 0.22820507744327187, "ndbi": 0.11523944467655384, "imi": 0.32792953309925765, "informal_probability": 0.99751704175658551, "confidence": 0.99751704175658551, "explanation": "built-up intensity: 0.82; impervious surface: 0.42; building irregularity: 0.39; building density: 0.17; road structure: 0.02" }, "geometry": { "type": "Polygon", "coordinates": [ [ [ 80.281802687179464, 13.070976493644187 ], [ 80.28180007220837, 13.071880688880441 ], [ 80.280877721663387, 13.071878123639838 ], [ 80.280880339992066, 13.070973928587099 ], [ 80.281802687179464, 13.070976493644187 ] ] ] } },
{ "type": "Feature", "properties": { "cell_id": 924, "row": 28, "col": 28, "class_2019": "informal", "conf_2019": 1.0, "imi_2019": 0.324, "informal_prob_2019": 1.0, "class_2020": "informal", "conf_2020": 1.0, "imi_2020": 0.347, "informal_prob_2020": 1.0, "class_2021": "informal", "conf_2021": 1.0, "imi_2021": 0.331, "informal_prob_2021": 1.0, "class_2022": "informal", "conf_2022": 0.999, "imi_2022": 0.326, "informal_prob_2022": 0.999, "class_2023": "informal", "conf_2023": 0.95, "imi_2023": 0.347, "informal_prob_2023": 0.95, "class_2024": "informal", "conf_2024": 0.982, "imi_2024": 0.332, "informal_prob_2024": 0.982, "class_2025": "informal", "conf_2025": 0.995, "imi_2025": 0.342, "informal_prob_2025": 0.995, "class_2026": "informal", "conf_2026": 1.0, "imi_2026": 0.33, "informal_prob_2026": 1.0, "trajectory": "stable_informal", "cluster_last": 5, "emerging_score": 0.20571421133851764, "emerging_zone": 0, "building_count": 68.0, "building_density": 0.20675756128820963, "road_density": 230.37382666549041, "ndvi": 0.23930169409140944, "ndbi": 0.11253485699999147, "imi": 0.32986908015635102, "informal_probability": 1.0, "confidence": 1.0, "explanation": "built-up intensity: 0.82; building irregularity: 0.38; impervious surface: 0.37; building density: 0.19; road structure: 0.04" }, "geometry": { "type": "Polygon", "coordinates": [ [ [ 80.282725034563654, 13.070979055409872 ], [ 80.28272242295013, 13.071883250829398 ], [ 80.28180007220837, 13.071880688880441 ], [ 80.281802687179464, 13.070976493644187 ], [ 80.282725034563654, 13.070979055409872 ] ] ] } },
{ "type": "Feature", "properties": { "cell_id": 925, "row": 28, "col": 29, "class_2019": "informal", "conf_2019": 1.0, "imi_2019": 0.331, "informal_prob_2019": 1.0, "class_2020": "informal", "conf_2020": 0.99, "imi_2020": 0.348, "informal_prob_2020": 0.99, "class_2021": "informal", "conf_2021": 1.0, "imi_2021": 0.334, "informal_prob_2021": 1.0, "class_2022": "informal", "conf_2022": 0.985, "imi_2022": 0.366, "informal_prob_2022": 0.985, "class_2023": "informal", "conf_2023": 0.993, "imi_2023": 0.341, "informal_prob_2023": 0.993, "class_2024": "informal", "conf_2024": 0.998, "imi_2024": 0.346, "informal_prob_2024": 0.998, "class_2025": "informal", "conf_2025": 0.996, "imi_2025": 0.36, "informal_prob_2025": 0.996, "class_2026": "informal", "conf_2026": 1.0, "imi_2026": 0.347, "informal_prob_2026": 1.0, "trajectory": "stable_informal", "cluster_last": 5, "emerging_score": 0.21598011399337252, "emerging_zone": 0, "building_count": 68.0, "building_density": 0.19765603841378399, "road_density": 225.46319399672433, "ndvi": 0.22397853263653814, "ndbi": 0.1285206818394363, "imi": 0.3466148979410939, "informal_probability": 1.0, "confidence": 1.0, "explanation": "built-up intensity: 0.84; impervious surface: 0.41; building irregularity: 0.37; building density: 0.18; road structure: 0.06" }, "geometry": { "type": "Polygon", "coordinates": [ [ [ 80.283647382144352, 13.07098161388414 ], [ 80.283644773888412, 13.071885809486709 ], [ 80.28272242295013, 13.071883250829398 ], [ 80.282725034563654, 13.070979055409872 ], [ 80.283647382144352, 13.07098161388414 ] ] ] } },
{ "type": "Feature", "properties": { "cell_id": 938, "row": 29, "col": 10, "class_2019": "informal", "conf_2019": 1.0, "imi_2019": 0.32, "informal_prob_2019": 1.0, "class_2020": "informal", "conf_2020": 1.0, "imi_2020": 0.327, "informal_prob_2020": 1.0, "class_2021": "informal", "conf_2021": 1.0, "imi_2021": 0.313, "informal_prob_2021": 1.0, "class_2022": "informal", "conf_2022": 0.99, "imi_2022": 0.321, "informal_prob_2022": 0.99, "class_2023": "informal", "conf_2023": 0.99, "imi_2023": 0.293, "informal_prob_2023": 0.99, "class_2024": "informal", "conf_2024": 1.0, "imi_2024": 0.336, "informal_prob_2024": 1.0, "class_2025": "informal", "conf_2025": 0.996, "imi_2025": 0.328, "informal_prob_2025": 0.996, "class_2026": "informal", "conf_2026": 0.986, "imi_2026": 0.332, "informal_prob_2026": 0.986, "trajectory": "stable_informal", "cluster_last": 4, "emerging_score": 0.20558377757221791, "emerging_zone": 0, "building_count": 65.0, "building_density": 0.18931053485186838, "road_density": 172.66000054367333, "ndvi": 0.20439802835506271, "ndbi": 0.10356989569729194, "imi": 0.33153044722449543, "informal_probability": 0.98596146320061129, "confidence": 0.98596146320061129, "explanation": "built-up intensity: 0.80; impervious surface: 0.51; building irregularity: 0.36; building density: 0.17; road structure: 0.09" }, "geometry": { "type": "Polygon", "coordinates": [ [ [ 80.266125483809915, 13.070028247896783 ], [ 80.266122811961495, 13.070932440045015 ], [ 80.265200468157957, 13.070929819034511 ], [ 80.265203143363635, 13.070025627073793 ], [ 80.266125483809915, 13.070028247896783 ] ] ] } },
{ "type": "Feature", "properties": { "cell_id": 939, "row": 29, "col": 11, "class_2019": "informal", "conf_2019": 1.0, "imi_2019": 0.329, "informal_prob_2019": 1.0, "class_2020": "informal", "conf_2020": 0.994, "imi_2020": 0.341, "informal_prob_2020": 0.994, "class_2021": "informal", "conf_2021": 1.0, "imi_2021": 0.351, "informal_prob_2021": 1.0, "class_2022": "informal", "conf_2022": 1.0, "imi_2022": 0.328, "informal_prob_2022": 1.0, "class_2023": "informal", "conf_2023": 0.997, "imi_2023": 0.339, "informal_prob_2023": 0.997, "class_2024": "informal", "conf_2024": 0.997, "imi_2024": 0.36, "informal_prob_2024": 0.997, "class_2025": "informal", "conf_2025": 1.0, "imi_2025": 0.347, "informal_prob_2025": 1.0, "class_2026": "informal", "conf_2026": 0.997, "imi_2026": 0.342, "informal_prob_2026": 0.997, "trajectory": "stable_informal", "cluster_last": 4, "emerging_score": 0.20634352272484283, "emerging_zone": 0, "building_count": 108.0, "building_density": 0.32961721060355015, "road_density": 183.47535553999521, "ndvi": 0.25236532294191422, "ndbi": 0.10867820200044662, "imi": 0.3418760601224215, "informal_probability": 0.99747975409836054, "confidence": 0.99747975409836054, "explanation": "built-up intensity: 0.81; building irregularity: 0.39; building density: 0.30; impervious surface: 0.28; road structure: 0.09" }, "geometry": { "type": "Polygon", "coordinates": [ [ [ 80.267047824457251, 13.070030865428661 ], [ 80.267045155966102, 13.070935057764165 ], [ 80.266122811961495, 13.070932440045015 ], [ 80.266125483809915, 13.070028247896783 ], [ 80.267047824457251, 13.070030865428661 ] ] ] } },
{ "type": "Feature", "properties": { "cell_id": 940, "row": 29, "col": 12, "class_2019": "open_vegetated", "conf_2019": 1.0, "imi_2019": 0.136, "informal_prob_2019": 0.0, "class_2020": "informal", "conf_2020": 0.998, "imi_2020": 0.414, "informal_prob_2020": 0.998, "class_2021": "informal", "conf_2021": 1.0, "imi_2021": 0.419, "informal_prob_2021": 1.0, "class_2022": "informal", "conf_2022": 1.0, "imi_2022": 0.424, "informal_prob_2022": 1.0, "class_2023": "informal", "conf_2023": 1.0, "imi_2023": 0.42, "informal_prob_2023": 1.0, "class_2024": "informal", "conf_2024": 0.978, "imi_2024": 0.413, "informal_prob_2024": 0.978, "class_2025": "informal", "conf_2025": 0.995, "imi_2025": 0.413, "informal_prob_2025": 0.995, "class_2026": "informal", "conf_2026": 0.999, "imi_2026": 0.454, "informal_prob_2026": 0.999, "trajectory": "new_informal", "cluster_last": 4, "emerging_score": 0.72249221199686953, "emerging_zone": 1, "building_count": 91.0, "building_density": 0.27139221512896755, "road_density": 0.0, "ndvi": 0.21108845072798432, "ndbi": 0.12555902836844324, "imi": 0.45392309499233585, "informal_probability": 0.99855208333333334, "confidence": 0.99855208333333334, "explanation": "road structure: 1.00; built-up intensity: 0.84; impervious surface: 0.49; building irregularity: 0.38; building density: 0.25" }, "geometry": { "type": "Polygon", "coordinates": [ [ [ 80.2679701653054, 13.070033479669416 ], [ 80.267967500171537, 13.070937672191967 ], [ 80.267045155966102, 13.070935057764165 ], [ 80.267047824457251, 13.070030865428661 ], [ 80.2679701653054, 13.070033479669416 ] ] ] } },
{ "type": "Feature", "properties": { "cell_id": 941, "row": 29, "col": 13, "class_2019": "open_vegetated", "conf_2019": 0.984, "imi_2019": 0.226, "informal_prob_2019": 0.006, "class_2020": "open_vegetated", "conf_2020": 0.983, "imi_2020": 0.247, "informal_prob_2020": 0.006, "class_2021": "open_vegetated", "conf_2021": 0.981, "imi_2021": 0.255, "informal_prob_2021": 0.006, "class_2022": "informal", "conf_2022": 0.999, "imi_2022": 0.407, "informal_prob_2022": 0.999, "class_2023": "informal", "conf_2023": 0.782, "imi_2023": 0.406, "informal_prob_2023": 0.782, "class_2024": "informal", "conf_2024": 0.998, "imi_2024": 0.398, "informal_prob_2024": 0.998, "class_2025": "informal", "conf_2025": 0.999, "imi_2025": 0.409, "informal_prob_2025": 0.999, "class_2026": "informal", "conf_2026": 0.984, "imi_2026": 0.41, "informal_prob_2026": 0.984, "trajectory": "new_informal", "cluster_last": 4, "emerging_score": 0.50643668955571064, "emerging_zone": 0, "building_count": 62.0, "building_density": 0.18085571886488461, "road_density": 0.0, "ndvi": 0.24572783134877682, "ndbi": 0.1300476046273252, "imi": 0.40952071391479061, "informal_probability": 0.98373975409836067, "confidence": 0.98373975409836067, "explanation": "road structure: 1.00; built-up intensity: 0.84; building irregularity: 0.41; impervious surface: 0.31; building density: 0.17" }, "geometry": { "type": "Polygon", "coordinates": [ [ [ 80.268892506354121, 13.070036090619054 ], [ 80.268889844577515, 13.070940283328408 ], [ 80.267967500171537, 13.070937672191967 ], [ 80.2679701653054, 13.070033479669416 ], [ 80.268892506354121, 13.070036090619054 ] ] ] } },
{ "type": "Feature", "properties": { "cell_id": 942, "row": 29, "col": 14, "class_2019": "open_vegetated", "conf_2019": 0.961, "imi_2019": 0.107, "informal_prob_2019": 0.001, "class_2020": "open_vegetated", "conf_2020": 1.0, "imi_2020": 0.11, "informal_prob_2020": 0.0, "class_2021": "informal", "conf_2021": 0.987, "imi_2021": 0.354, "informal_prob_2021": 0.987, "class_2022": "informal", "conf_2022": 0.991, "imi_2022": 0.361, "informal_prob_2022": 0.991, "class_2023": "informal", "conf_2023": 0.996, "imi_2023": 0.363, "informal_prob_2023": 0.996, "class_2024": "informal", "conf_2024": 1.0, "imi_2024": 0.386, "informal_prob_2024": 1.0, "class_2025": "informal", "conf_2025": 0.999, "imi_2025": 0.392, "informal_prob_2025": 0.999, "class_2026": "informal", "conf_2026": 0.996, "imi_2026": 0.389, "informal_prob_2026": 0.996, "trajectory": "new_informal", "cluster_last": 4, "emerging_score": 0.65910239663791848, "emerging_zone": 1, "building_count": 60.0, "building_density": 0.1932714460419811, "road_density": 0.0, "ndvi": 0.22701017612591387, "ndbi": 0.12127187597565353, "imi": 0.38928457980029385, "informal_probability": 0.99637892376681603, "confidence": 0.99637892376681603, "explanation": "road structure: 1.00; built-up intensity: 0.83; impervious surface: 0.44; building irregularity: 0.33; building density: 0.18" }, "geometry": { "type": "Polygon", "coordinates": [ [ [ 80.269814847603143, 13.070038698277562 ], [ 80.269812189183838, 13.070942891173488 ], [ 80.268889844577515, 13.070940283328408 ], [ 80.268892506354121, 13.070036090619054 ], [ 80.269814847603143, 13.070038698277562 ] ] ] } },
{ "type": "Feature", "properties": { "cell_id": 945, "row": 29, "col": 17, "class_2019": "open_vegetated", "conf_2019": 1.0, "imi_2019": 0.106, "informal_prob_2019": 0.0, "class_2020": "open_vegetated", "conf_2020": 0.997, "imi_2020": 0.099, "informal_prob_2020": 0.0, "class_2021": "open_vegetated", "conf_2021": 1.0, "imi_2021": 0.107, "informal_prob_2021": 0.0, "class_2022": "open_vegetated", "conf_2022": 1.0, "imi_2022": 0.108, "informal_prob_2022": 0.0, "class_2023": "open_vegetated", "conf_2023": 1.0, "imi_2023": 0.106, "informal_prob_2023": 0.0, "class_2024": "open_vegetated", "conf_2024": 1.0, "imi_2024": 0.103, "informal_prob_2024": 0.0, "class_2025": "open_vegetated", "conf_2025": 0.999, "imi_2025": 0.118, "informal_prob_2025": 0.0, "class_2026": "informal", "conf_2026": 0.999, "imi_2026": 0.412, "informal_prob_2026": 0.999, "trajectory": "new_informal", "cluster_last": 4, "emerging_score": 0.69177215753534838, "emerging_zone": 1, "building_count": 63.0, "building_density": 0.19971878206777544, "road_density": 0.0, "ndvi": 0.22856934159994124, "ndbi": 0.1118550740624778, "imi": 0.41228006723036509, "informal_probability": 0.99887892376681608, "confidence": 0.99887892376681608, "explanation": "road structure: 1.00; built-up intensity: 0.82; impervious surface: 0.42; building irregularity: 0.36; building density: 0.18" }, "geometry": { "type": "Polygon", "coordinates": [ [ [ 80.272581872549566, 13.070046501506303 ], [ 80.272579224202119, 13.070950694960532 ], [ 80.271656878996396, 13.070948096989554 ], [ 80.271659530701129, 13.07004390372119 ], [ 80.272581872549566, 13.070046501506303 ] ] ] } },
{ "type": "Feature", "properties": { "cell_id": 946, "row": 29, "col": 18, "class_2019": "open_vegetated", "conf_2019": 0.998, "imi_2019": 0.123, "informal_prob_2019": 0.0, "class_2020": "open_vegetated", "conf_2020": 1.0, "imi_2020": 0.113, "informal_prob_2020": 0.0, "class_2021": "open_vegetated", "conf_2021": 1.0, "imi_2021": 0.113, "informal_prob_2021": 0.0, "class_2022": "open_vegetated", "conf_2022": 1.0, "imi_2022": 0.119, "informal_prob_2022": 0.0, "class_2023": "open_vegetated", "conf_2023": 0.974, "imi_2023": 0.125, "informal_prob_2023": 0.0, "class_2024": "open_vegetated", "conf_2024": 1.0, "imi_2024": 0.122, "informal_prob_2024": 0.0, "class_2025": "open_vegetated", "conf_2025": 1.0, "imi_2025": 0.13, "informal_prob_2025": 0.0, "class_2026": "informal", "conf_2026": 0.785, "imi_2026": 0.452, "informal_prob_2026": 0.785, "trajectory": "new_informal", "cluster_last": 4, "emerging_score": 0.72173515238266039, "emerging_zone": 1, "building_count": 77.0, "building_density": 0.23973739088203724, "road_density": 0.0, "ndvi": 0.18384322327561675, "ndbi": 0.1181122847320512, "imi": 0.45159966136288499, "informal_probability": 0.78505722398034405, "confidence": 0.78505722398034405, "explanation": "road structure: 1.00; built-up intensity: 0.83; impervious surface: 0.66; building irregularity: 0.35; building density: 0.22" }, "geometry": { "type": "Polygon", "coordinates": [ [ [ 80.27350421459731, 13.070049096000279 ], [ 80.273501569607163, 13.07095328964013 ], [ 80.272579224202119, 13.070950694960532 ], [ 80.272581872549566, 13.070046501506303 ], [ 80.27350421459731, 13.070049096000279 ] ] ] } },
{ "type": "Feature", "properties": { "cell_id": 949, "row": 29, "col": 21, "class_2019": "informal", "conf_2019": 0.992, "imi_2019": 0.341, "informal_prob_2019": 0.992, "class_2020": "informal", "conf_2020": 0.998, "imi_2020": 0.345, "informal_prob_2020": 0.998, "class_2021": "informal", "conf_2021": 0.993, "imi_2021": 0.346, "informal_prob_2021": 0.993, "class_2022": "informal", "conf_2022": 0.998, "imi_2022": 0.337, "informal_prob_2022": 0.998, "class_2023": "informal", "conf_2023": 1.0, "imi_2023": 0.344, "informal_prob_2023": 1.0, "class_2024": "informal", "conf_2024": 0.998, "imi_2024": 0.332, "informal_prob_2024": 0.998, "class_2025": "informal", "conf_2025": 1.0, "imi_2025": 0.33, "informal_prob_2025": 1.0, "class_2026": "informal", "conf_2026": 0.995, "imi_2026": 0.333, "informal_prob_2026": 0.995, "trajectory": "stable_informal", "cluster_last": 5, "emerging_score": 0.19254014933614552, "emerging_zone": 0, "building_count": 91.0, "building_density": 0.27028309448791105, "road_density": 113.81566497207399, "ndvi": 0.24807750072330237, "ndbi": 0.1239176701195538, "imi": 0.33317184477761885, "informal_probability": 0.995, "confidence": 0.995, "explanation": "built-up intensity: 0.83; building irregularity: 0.40; impervious surface: 0.38; building density: 0.25; road structure: 0.12" }, "geometry": { "type": "Polygon", "coordinates": [ [ [ 80.276271241933813, 13.070056859735336 ], [ 80.276268607015567, 13.070961053930668 ], [ 80.275346261014136, 13.070958469125204 ], [ 80.275348899289682, 13.070054275114801 ], [ 80.276271241933813, 13.070056859735336 ] ] ] } },
{ "type": "Feature", "properties": { "cell_id": 950, "row": 29, "col": 22, "class_2019": "informal", "conf_2019": 1.0, "imi_2019": 0.355, "informal_prob_2019": 1.0, "class_2020": "informal", "conf_2020": 1.0, "imi_2020": 0.353, "informal_prob_2020": 1.0, "class_2021": "informal", "conf_2021": 1.0, "imi_2021": 0.359, "informal_prob_2021": 1.0, "class_2022": "informal", "conf_2022": 1.0, "imi_2022": 0.364, "informal_prob_2022": 1.0, "class_2023": "informal", "conf_2023": 0.999, "imi_2023": 0.358, "informal_prob_2023": 0.999, "class_2024": "informal", "conf_2024": 1.0, "imi_2024": 0.352, "informal_prob_2024": 1.0, "class_2025": "informal", "conf_2025": 1.0, "imi_2025": 0.35, "informal_prob_2025": 1.0, "class_2026": "informal", "conf_2026": 1.0, "imi_2026": 0.343, "informal_prob_2026": 1.0, "trajectory": "stable_informal", "cluster_last": 5, "emerging_score": 0.18622907663436697, "emerging_zone": 0, "building_count": 107.0, "building_density": 0.32157566451540481, "road_density": 190.0888639082259, "ndvi": 0.22772950703278183, "ndbi": 0.12063526071840897, "imi": 0.34285787323333311, "informal_probability": 1.0, "confidence": 1.0, "explanation": "built-up intensity: 0.83; building irregularity: 0.37; impervious surface: 0.33; building density: 0.30; road structure: 0.06" }, "geometry": { "type": "Polygon", "coordinates": [ [ [ 80.277193584776228, 13.070059441064727 ], [ 80.277190953215296, 13.070963635444741 ], [ 80.276268607015567, 13.070961053930668 ], [ 80.276271241933813, 13.070056859735336 ], [ 80.277193584776228, 13.070059441064727 ] ] ] } },
{ "type": "Feature", "properties": { "cell_id": 951, "row": 29, "col": 23, "class_2019": "informal", "conf_2019": 0.958, "imi_2019": 0.336, "informal_prob_2019": 0.958, "class_2020": "informal", "conf_2020": 1.0, "imi_2020": 0.327, "informal_prob_2020": 1.0, "class_2021": "informal", "conf_2021": 1.0, "imi_2021": 0.316, "informal_prob_2021": 1.0, "class_2022": "informal", "conf_2022": 1.0, "imi_2022": 0.319, "informal_prob_2022": 1.0, "class_2023": "informal", "conf_2023": 0.999, "imi_2023": 0.335, "informal_prob_2023": 0.999, "class_2024": "informal", "conf_2024": 0.998, "imi_2024": 0.31, "informal_prob_2024": 0.998, "class_2025": "informal", "conf_2025": 1.0, "imi_2025": 0.316, "informal_prob_2025": 1.0, "class_2026": "informal", "conf_2026": 0.998, "imi_2026": 0.328, "informal_prob_2026": 0.998, "trajectory": "stable_informal", "cluster_last": 5, "emerging_score": 0.19831101105635379, "emerging_zone": 0, "building_count": 64.0, "building_density": 0.18932856725977162, "road_density": 212.04290894445052, "ndvi": 0.21592973727732898, "ndbi": 0.12827427576761694, "imi": 0.32790467808348617, "informal_probability": 0.99835038363171347, "confidence": 0.99835038363171347, "explanation": "built-up intensity: 0.84; impervious surface: 0.46; building irregularity: 0.34; building density: 0.17; road structure: 0.04" }, "geometry": { "type": "Polygon", "coordinates": [ [ [ 80.278115927816671, 13.070062019102958 ], [ 80.278113299613054, 13.070966213667424 ], [ 80.277190953215296, 13.070963635444741 ], [ 80.277193584776228, 13.070059441064727 ], [ 80.278115927816671, 13.070062019102958 ] ] ] } },
{ "type": "Feature", "properties": { "cell_id": 952, "row": 29, "col": 24, "class_2019": "informal", "conf_2019": 0.999, "imi_2019": 0.344, "informal_prob_2019": 0.999, "class_2020": "informal", "conf_2020": 1.0, "imi_2020": 0.33, "informal_prob_2020": 1.0, "class_2021": "informal", "conf_2021": 1.0, "imi_2021": 0.34, "informal_prob_2021": 1.0, "class_2022": "informal", "conf_2022": 1.0, "imi_2022": 0.353, "informal_prob_2022": 1.0, "class_2023": "informal", "conf_2023": 1.0, "imi_2023": 0.339, "informal_prob_2023": 1.0, "class_2024": "informal", "conf_2024": 0.996, "imi_2024": 0.36, "informal_prob_2024": 0.996, "class_2025": "informal", "conf_2025": 1.0, "imi_2025": 0.335, "informal_prob_2025": 1.0, "class_2026": "informal", "conf_2026": 1.0, "imi_2026": 0.346, "informal_prob_2026": 1.0, "trajectory": "stable_informal", "cluster_last": 5, "emerging_score": 0.20094305853800726, "emerging_zone": 0, "building_count": 77.0, "building_density": 0.23240740249321906, "road_density": 187.76881742549597, "ndvi": 0.21269575085490941, "ndbi": 0.11742556404613425, "imi": 0.34580519251583014, "informal_probability": 1.0, "confidence": 1.0, "explanation": "built-up intensity: 0.82; impervious surface: 0.45; building irregularity: 0.39; building density: 0.21; road structure: 0.07" }, "geometry": { "type": "Polygon", "coordinates": [ [ [ 80.279038271054915, 13.070064593850031 ], [ 80.279035646208627, 13.070968788598714 ], [ 80.278113299613054, 13.070966213667424 ], [ 80.278115927816671, 13.070062019102958 ], [ 80.279038271054915, 13.070064593850031 ] ] ] } },
{ "type": "Feature", "properties": { "cell_id": 953, "row": 29, "col": 25, "class_2019": "informal", "conf_2019": 1.0, "imi_2019": 0.322, "informal_prob_2019": 1.0, "class_2020": "informal", "conf_2020": 0.999, "imi_2020": 0.335, "informal_prob_2020": 0.999, "class_2021": "informal", "conf_2021": 1.0, "imi_2021": 0.333, "informal_prob_2021": 1.0, "class_2022": "informal", "conf_2022": 1.0, "imi_2022": 0.342, "informal_prob_2022": 1.0, "class_2023": "informal", "conf_2023": 1.0, "imi_2023": 0.33, "informal_prob_2023": 1.0, "class_2024": "informal", "conf_2024": 1.0, "imi_2024": 0.338, "informal_prob_2024": 1.0, "class_2025": "informal", "conf_2025": 1.0, "imi_2025": 0.33, "informal_prob_2025": 1.0, "class_2026": "informal", "conf_2026": 1.0, "imi_2026": 0.326, "informal_prob_2026": 1.0, "trajectory": "stable_informal", "cluster_last": 5, "emerging_score": 0.20643478780163649, "emerging_zone": 0, "building_count": 80.0, "building_density": 0.23792631670876513, "road_density": 224.74286386470757, "ndvi": 0.24097048221156001, "ndbi": 0.11857098665321246, "imi": 0.32644437360801892, "informal_probability": 1.0, "confidence": 1.0, "explanation": "built-up intensity: 0.83; impervious surface: 0.37; building irregularity: 0.34; building density: 0.22; road structure: 0.04" }, "geometry": { "type": "Polygon", "coordinates": [ [ [ 80.27996061449069, 13.070067165305945 ], [ 80.279957993001702, 13.070971360238607 ], [ 80.279035646208627, 13.070968788598714 ], [ 80.279038271054915, 13.070064593850031 ], [ 80.27996061449069, 13.070067165305945 ] ] ] } },
{ "type": "Feature", "properties": { "cell_id": 955, "row": 29, "col": 27, "class_2019": "informal", "conf_2019": 0.951, "imi_2019": 0.268, "informal_prob_2019": 0.951, "class_2020": "informal", "conf_2020": 0.959, "imi_2020": 0.283, "informal_prob_2020": 0.959, "class_2021": "informal", "conf_2021": 0.925, "imi_2021": 0.28, "informal_prob_2021": 0.925, "class_2022": "informal", "conf_2022": 0.931, "imi_2022": 0.297, "informal_prob_2022": 0.931, "class_2023": "informal", "conf_2023": 0.965, "imi_2023": 0.281, "informal_prob_2023": 0.965, "class_2024": "informal", "conf_2024": 0.955, "imi_2024": 0.272, "informal_prob_2024": 0.955, "class_2025": "informal", "conf_2025": 0.951, "imi_2025": 0.29, "informal_prob_2025": 0.951, "class_2026": "informal", "conf_2026": 0.975, "imi_2026": 0.29, "informal_prob_2026": 0.975, "trajectory": "stable_informal", "cluster_last": 5, "emerging_score": 0.22577185438678868, "emerging_zone": 0, "building_count": 8.0, "building_density": 0.10152755214726854, "road_density": 159.93665377405858, "ndvi": 0.23871416700072587, "ndbi": 0.13491573689156211, "imi": 0.29025538421642594, "informal_probability": 0.97478959577097424, "confidence": 0.97478959577097424, "explanation": "built-up intensity: 0.85; impervious surface: 0.42; building irregularity: 0.18; building density: 0.09; road structure: 0.07" }, "geometry": { "type": "Polygon", "coordinates": [ [ [ 80.281805301953796, 13.07007229834427 ], [ 80.281802687179464, 13.070976493644187 ], [ 80.280880339992066, 13.070973928587099 ], [ 80.280882958123726, 13.070069733470692 ], [ 80.281805301953796, 13.07007229834427 ] ] ] } },
{ "type": "Feature", "properties": { "cell_id": 956, "row": 29, "col": 28, "class_2019": "informal", "conf_2019": 1.0, "imi_2019": 0.347, "informal_prob_2019": 1.0, "class_2020": "informal", "conf_2020": 1.0, "imi_2020": 0.353, "informal_prob_2020": 1.0, "class_2021": "informal", "conf_2021": 0.999, "imi_2021": 0.367, "informal_prob_2021": 0.999, "class_2022": "informal", "conf_2022": 1.0, "imi_2022": 0.363, "informal_prob_2022": 1.0, "class_2023": "informal", "conf_2023": 0.991, "imi_2023": 0.365, "informal_prob_2023": 0.991, "class_2024": "informal", "conf_2024": 1.0, "imi_2024": 0.349, "informal_prob_2024": 1.0, "class_2025": "informal", "conf_2025": 0.993, "imi_2025": 0.364, "informal_prob_2025": 0.993, "class_2026": "informal", "conf_2026": 1.0, "imi_2026": 0.365, "informal_prob_2026": 1.0, "trajectory": "stable_informal", "cluster_last": 5, "emerging_score": 0.21810449253088959, "emerging_zone": 0, "building_count": 90.0, "building_density": 0.27141262980657754, "road_density": 207.01284937576679, "ndvi": 0.22263157356530427, "ndbi": 0.11320782376918942, "imi": 0.36500085288857831, "informal_probability": 1.0, "confidence": 1.0, "explanation": "built-up intensity: 0.82; impervious surface: 0.47; building irregularity: 0.40; building density: 0.25; road structure: 0.04" }, "geometry": { "type": "Polygon", "coordinates": [ [ [ 80.282727645980643, 13.070074859926679 ], [ 80.282725034563654, 13.070979055409872 ], [ 80.281802687179464, 13.070976493644187 ], [ 80.281805301953796, 13.07007229834427 ], [ 80.282727645980643, 13.070074859926679 ] ] ] } },
{ "type": "Feature", "properties": { "cell_id": 970, "row": 30, "col": 10, "class_2019": "informal", "conf_2019": 0.996, "imi_2019": 0.313, "informal_prob_2019": 0.996, "class_2020": "informal", "conf_2020": 0.99, "imi_2020": 0.322, "informal_prob_2020": 0.99, "class_2021": "informal", "conf_2021": 1.0, "imi_2021": 0.299, "informal_prob_2021": 1.0, "class_2022": "informal", "conf_2022": 1.0, "imi_2022": 0.321, "informal_prob_2022": 1.0, "class_2023": "informal", "conf_2023": 1.0, "imi_2023": 0.329, "informal_prob_2023": 1.0, "class_2024": "informal", "conf_2024": 1.0, "imi_2024": 0.338, "informal_prob_2024": 1.0, "class_2025": "informal", "conf_2025": 0.998, "imi_2025": 0.316, "informal_prob_2025": 0.998, "class_2026": "informal", "conf_2026": 0.999, "imi_2026": 0.336, "informal_prob_2026": 0.999, "trajectory": "stable_informal", "cluster_last": 4, "emerging_score": 0.22603489065990467, "emerging_zone": 0, "building_count": 81.0, "building_density": 0.24624280346979127, "road_density": 113.06211726982565, "ndvi": 0.20314410174265504, "ndbi": 0.11998827307950705, "imi": 0.33607495109096897, "informal_probability": 0.99880901287553658, "confidence": 0.99880901287553658, "explanation": "built-up intensity: 0.83; impervious surface: 0.47; building irregularity: 0.35; building density: 0.23; road structure: 0.09" }, "geometry": { "type": "Polygon", "coordinates": [ [ [ 80.266128155457267, 13.069124055684869 ], [ 80.266125483809915, 13.070028247896783 ], [ 80.265203143363635, 13.070025627073793 ], [ 80.265205818368003, 13.069121435049389 ], [ 80.266128155457267, 13.069124055684869 ] ] ] } },
{ "type": "Feature", "properties": { "cell_id": 971, "row": 30, "col": 11, "class_2019": "open_vegetated", "conf_2019": 0.995, "imi_2019": 0.051, "informal_prob_2019": 0.0, "class_2020": "open_vegetated", "conf_2020": 0.995, "imi_2020": 0.059, "informal_prob_2020": 0.0, "class_2021": "open_vegetated", "conf_2021": 0.976, "imi_2021": 0.06, "informal_prob_2021": 0.0, "class_2022": "open_vegetated", "conf_2022": 0.995, "imi_2022": 0.071, "informal_prob_2022": 0.0, "class_2023": "open_vegetated", "conf_2023": 0.994, "imi_2023": 0.081, "informal_prob_2023": 0.0, "class_2024": "informal", "conf_2024": 0.999, "imi_2024": 0.349, "informal_prob_2024": 0.999, "class_2025": "informal", "conf_2025": 0.997, "imi_2025": 0.337, "informal_prob_2025": 0.997, "class_2026": "informal", "conf_2026": 0.992, "imi_2026": 0.36, "informal_prob_2026": 0.992, "trajectory": "new_informal", "cluster_last": 4, "emerging_score": 0.70325994994495766, "emerging_zone": 1, "building_count": 72.0, "building_density": 0.22737246269907338, "road_density": 67.779603759357599, "ndvi": 0.25441106192767621, "ndbi": 0.12944221278652548, "imi": 0.35978927048124715, "informal_probability": 0.99164723032069968, "confidence": 0.99164723032069968, "explanation": "built-up intensity: 0.84; impervious surface: 0.38; building irregularity: 0.37; road structure: 0.29; building density: 0.21" }, "geometry": { "type": "Polygon", "coordinates": [ [ [ 80.267050492747586, 13.069126673029471 ], [ 80.267047824457251, 13.070030865428661 ], [ 80.266125483809915, 13.070028247896783 ], [ 80.266128155457267, 13.069124055684869 ], [ 80.267050492747586, 13.069126673029471 ] ] ] } },
{ "type": "Feature", "properties": { "cell_id": 972, "row": 30, "col": 12, "class_2019": "open_vegetated", "conf_2019": 1.0, "imi_2019": 0.113, "informal_prob_2019": 0.0, "class_2020": "open_vegetated", "conf_2020": 1.0, "imi_2020": 0.123, "informal_prob_2020": 0.0, "class_2021": "open_vegetated", "conf_2021": 1.0, "imi_2021": 0.122, "informal_prob_2021": 0.0, "class_2022": "open_vegetated", "conf_2022": 0.98, "imi_2022": 0.147, "informal_prob_2022": 0.002, "class_2023": "open_vegetated", "conf_2023": 0.994, "imi_2023": 0.144, "informal_prob_2023": 0.0, "class_2024": "open_vegetated", "conf_2024": 0.999, "imi_2024": 0.155, "informal_prob_2024": 0.0, "class_2025": "open_vegetated", "conf_2025": 0.998, "imi_2025": 0.168, "informal_prob_2025": 0.0, "class_2026": "informal", "conf_2026": 0.994, "imi_2026": 0.429, "informal_prob_2026": 0.994, "trajectory": "new_informal", "cluster_last": 4, "emerging_score": 0.73604500639673798, "emerging_zone": 1, "building_count": 109.0, "building_density": 0.3335642471607746, "road_density": 0.0, "ndvi": 0.24102868684567511, "ndbi": 0.12377800387330354, "imi": 0.42933206529960133, "informal_probability": 0.99368821292775666, "confidence": 0.99368821292775666, "explanation": "road structure: 1.00; built-up intensity: 0.83; building irregularity: 0.35; impervious surface: 0.34; building density: 0.31" }, "geometry": { "type": "Polygon", "coordinates": [ [ [ 80.267972830238719, 13.069129287083188 ], [ 80.2679701653054, 13.070033479669416 ], [ 80.267047824457251, 13.070030865428661 ], [ 80.267050492747586, 13.069126673029471 ], [ 80.267972830238719, 13.069129287083188 ] ] ] } },
{ "type": "Feature", "properties": { "cell_id": 974, "row": 30, "col": 14, "class_2019": "open_vegetated", "conf_2019": 1.0, "imi_2019": 0.139, "informal_prob_2019": 0.0, "class_2020": "open_vegetated", "conf_2020": 1.0, "imi_2020": 0.139, "informal_prob_2020": 0.0, "class_2021": "open_vegetated", "conf_2021": 1.0, "imi_2021": 0.15, "informal_prob_2021": 0.0, "class_2022": "open_vegetated", "conf_2022": 1.0, "imi_2022": 0.156, "informal_prob_2022": 0.0, "class_2023": "open_vegetated", "conf_2023": 1.0, "imi_2023": 0.157, "informal_prob_2023": 0.0, "class_2024": "informal", "conf_2024": 0.99, "imi_2024": 0.418, "informal_prob_2024": 0.99, "class_2025": "informal", "conf_2025": 1.0, "imi_2025": 0.41, "informal_prob_2025": 1.0, "class_2026": "informal", "conf_2026": 0.998, "imi_2026": 0.406, "informal_prob_2026": 0.998, "trajectory": "new_informal", "cluster_last": 4, "emerging_score": 0.67574811001249258, "emerging_zone": 1, "building_count": 99.0, "building_density": 0.29636305145668795, "road_density": 0.0, "ndvi": 0.23601265563862397, "ndbi": 0.12264719033613801, "imi": 0.40551570570482826, "informal_probability": 0.9975, "confidence": 0.9975, "explanation": "road structure: 1.00; built-up intensity: 0.83; building irregularity: 0.39; impervious surface: 0.35; building density: 0.27" }, "geometry": { "type": "Polygon", "coordinates": [ [ [ 80.269817505822402, 13.069134505317956 ], [ 80.269814847603143, 13.070038698277562 ], [ 80.268892506354121, 13.070036090619054 ], [ 80.268895167930395, 13.069131897846017 ], [ 80.269817505822402, 13.069134505317956 ] ] ] } },
{ "type": "Feature", "properties": { "cell_id": 975, "row": 30, "col": 15, "class_2019": "open_vegetated", "conf_2019": 1.0, "imi_2019": 0.1, "informal_prob_2019": 0.0, "class_2020": "open_vegetated", "conf_2020": 1.0, "imi_2020": 0.095, "informal_prob_2020": 0.0, "class_2021": "open_vegetated", "conf_2021": 1.0, "imi_2021": 0.104, "informal_prob_2021": 0.0, "class_2022": "open_vegetated", "conf_2022": 1.0, "imi_2022": 0.108, "informal_prob_2022": 0.0, "class_2023": "open_vegetated", "conf_2023": 0.962, "imi_2023": 0.113, "informal_prob_2023": 0.002, "class_2024": "informal", "conf_2024": 0.992, "imi_2024": 0.415, "informal_prob_2024": 0.992, "class_2025": "informal", "conf_2025": 0.837, "imi_2025": 0.448, "informal_prob_2025": 0.837, "class_2026": "informal", "conf_2026": 0.992, "imi_2026": 0.41, "informal_prob_2026": 0.992, "trajectory": "new_informal", "cluster_last": 4, "emerging_score": 0.71999159168966576, "emerging_zone": 1, "building_count": 105.0, "building_density": 0.31276998869426531, "road_density": 0.0, "ndvi": 0.22755009323358535, "ndbi": 0.112753261893522, "imi": 0.40954012008374879, "informal_probability": 0.9925, "confidence": 0.9925, "explanation": "road structure: 1.00; built-up intensity: 0.82; building irregularity: 0.39; impervious surface: 0.35; building density: 0.29" }, "geometry": { "type": "Polygon", "coordinates": [ [ [ 80.270739843914455, 13.069137109499003 ], [ 80.270737189052227, 13.070041302644942 ], [ 80.269814847603143, 13.070038698277562 ], [ 80.269817505822402, 13.069134505317956 ], [ 80.270739843914455, 13.069137109499003 ] ] ] } },
{ "type": "Feature", "properties": { "cell_id": 976, "row": 30, "col": 16, "class_2019": "open_vegetated", "conf_2019": 0.975, "imi_2019": 0.254, "informal_prob_2019": 0.001, "class_2020": "open_vegetated", "conf_2020": 1.0, "imi_2020": 0.245, "informal_prob_2020": 0.0, "class_2021": "open_vegetated", "conf_2021": 0.998, "imi_2021": 0.249, "informal_prob_2021": 0.0, "class_2022": "open_vegetated", "conf_2022": 1.0, "imi_2022": 0.248, "informal_prob_2022": 0.0, "class_2023": "open_vegetated", "conf_2023": 1.0, "imi_2023": 0.248, "informal_prob_2023": 0.0, "class_2024": "open_vegetated", "conf_2024": 0.819, "imi_2024": 0.267, "informal_prob_2024": 0.017, "class_2025": "informal", "conf_2025": 0.992, "imi_2025": 0.362, "informal_prob_2025": 0.992, "class_2026": "informal", "conf_2026": 0.996, "imi_2026": 0.395, "informal_prob_2026": 0.996, "trajectory": "new_informal", "cluster_last": 4, "emerging_score": 0.51703737642358183, "emerging_zone": 0, "building_count": 76.0, "building_density": 0.23355639592078986, "road_density": 0.0, "ndvi": 0.21986178338527679, "ndbi": 0.10928758979396662, "imi": 0.39471307798489691, "informal_probability": 0.99558868080418617, "confidence": 0.99558868080418617, "explanation": "road structure: 1.00; built-up intensity: 0.81; impervious surface: 0.52; building irregularity: 0.34; building density: 0.21" }, "geometry": { "type": "Polygon", "coordinates": [ [ [ 80.271662182206313, 13.069139710389152 ], [ 80.271659530701129, 13.07004390372119 ], [ 80.270737189052227, 13.070041302644942 ], [ 80.270739843914455, 13.069137109499003 ], [ 80.271662182206313, 13.069139710389152 ] ] ] } },
{ "type": "Feature", "properties": { "cell_id": 977, "row": 30, "col": 17, "class_2019": "open_vegetated", "conf_2019": 0.998, "imi_2019": 0.192, "informal_prob_2019": 0.0, "class_2020": "open_vegetated", "conf_2020": 1.0, "imi_2020": 0.195, "informal_prob_2020": 0.0, "class_2021": "open_vegetated", "conf_2021": 1.0, "imi_2021": 0.193, "informal_prob_2021": 0.0, "class_2022": "open_vegetated", "conf_2022": 1.0, "imi_2022": 0.196, "informal_prob_2022": 0.0, "class_2023": "open_vegetated", "conf_2023": 1.0, "imi_2023": 0.19, "informal_prob_2023": 0.0, "class_2024": "open_vegetated", "conf_2024": 1.0, "imi_2024": 0.187, "informal_prob_2024": 0.0, "class_2025": "open_vegetated", "conf_2025": 1.0, "imi_2025": 0.205, "informal_prob_2025": 0.0, "class_2026": "informal", "conf_2026": 0.932, "imi_2026": 0.411, "informal_prob_2026": 0.932, "trajectory": "new_informal", "cluster_last": 4, "emerging_score": 0.63217083741192681, "emerging_zone": 0, "building_count": 100.0, "building_density": 0.3005748385305842, "road_density": 0.0, "ndvi": 0.27749909054487942, "ndbi": 0.14305666707456111, "imi": 0.41067706687628769, "informal_probability": 0.93187259202218276, "confidence": 0.93187259202218276, "explanation": "road structure: 1.00; built-up intensity: 0.86; building irregularity: 0.39; impervious surface: 0.32; building density: 0.28" }, "geometry": { "type": "Polygon", "coordinates": [ [ [ 80.272584520697706, 13.0691423079884 ], [ 80.272581872549566, 13.070046501506303 ], [ 80.271659530701129, 13.07004390372119 ], [ 80.271662182206313, 13.069139710389152 ], [ 80.272584520697706, 13.0691423079884 ] ] ] } },
{ "type": "Feature", "properties": { "cell_id": 978, "row": 30, "col": 18, "class_2019": "open_vegetated", "conf_2019": 1.0, "imi_2019": 0.119, "informal_prob_2019": 0.0, "class_2020": "open_vegetated", "conf_2020": 1.0, "imi_2020": 0.114, "informal_prob_2020": 0.0, "class_2021": "open_vegetated", "conf_2021": 1.0, "imi_2021": 0.114, "informal_prob_2021": 0.0, "class_2022": "open_vegetated", "conf_2022": 1.0, "imi_2022": 0.115, "informal_prob_2022": 0.0, "class_2023": "open_vegetated", "conf_2023": 1.0, "imi_2023": 0.114, "informal_prob_2023": 0.0, "class_2024": "open_vegetated", "conf_2024": 1.0, "imi_2024": 0.113, "informal_prob_2024": 0.0, "class_2025": "open_vegetated", "conf_2025": 1.0, "imi_2025": 0.117, "informal_prob_2025": 0.0, "class_2026": "informal", "conf_2026": 0.999, "imi_2026": 0.429, "informal_prob_2026": 0.999, "trajectory": "new_informal", "cluster_last": 4, "emerging_score": 0.71933084889761667, "emerging_zone": 1, "building_count": 105.0, "building_density": 0.30086710565099029, "road_density": 0.0, "ndvi": 0.22321208115667104, "ndbi": 0.11147128675365821, "imi": 0.42934064973520036, "informal_probability": 0.99885504201680675, "confidence": 0.99885504201680675, "explanation": "road structure: 1.00; built-up intensity: 0.82; impervious surface: 0.42; building irregularity: 0.39; building density: 0.28" }, "geometry": { "type": "Polygon", "coordinates": [ [ [ 80.273506859388405, 13.069144902296747 ], [ 80.27350421459731, 13.070049096000279 ], [ 80.272581872549566, 13.070046501506303 ], [ 80.272584520697706, 13.0691423079884 ], [ 80.273506859388405, 13.069144902296747 ] ] ] } },
{ "type": "Feature", "properties": { "cell_id": 982, "row": 30, "col": 22, "class_2019": "informal", "conf_2019": 1.0, "imi_2019": 0.306, "informal_prob_2019": 1.0, "class_2020": "informal", "conf_2020": 1.0, "imi_2020": 0.307, "informal_prob_2020": 1.0, "class_2021": "informal", "conf_2021": 1.0, "imi_2021": 0.31, "informal_prob_2021": 1.0, "class_2022": "informal", "conf_2022": 1.0, "imi_2022": 0.305, "informal_prob_2022": 1.0, "class_2023": "informal", "conf_2023": 1.0, "imi_2023": 0.296, "informal_prob_2023": 1.0, "class_2024": "informal", "conf_2024": 0.996, "imi_2024": 0.293, "informal_prob_2024": 0.996, "class_2025": "informal", "conf_2025": 1.0, "imi_2025": 0.3, "informal_prob_2025": 1.0, "class_2026": "informal", "conf_2026": 0.999, "imi_2026": 0.307, "informal_prob_2026": 0.999, "trajectory": "stable_informal", "cluster_last": 5, "emerging_score": 0.20672237490912901, "emerging_zone": 0, "building_count": 62.0, "building_density": 0.18264908180582487, "road_density": 187.31397651255998, "ndvi": 0.24052181312814355, "ndbi": 0.14308777825906874, "imi": 0.3073360203261119, "informal_probability": 0.99918354430379741, "confidence": 0.99918354430379741, "explanation": "built-up intensity: 0.86; building irregularity: 0.37; impervious surface: 0.36; building density: 0.17; road structure: 0.06" }, "geometry": { "type": "Polygon", "coordinates": [ [ [ 80.277196216139117, 13.06915524662104 ], [ 80.277193584776228, 13.070059441064727 ], [ 80.276271241933813, 13.070056859735336 ], [ 80.276273876653761, 13.069152665476338 ], [ 80.277196216139117, 13.06915524662104 ] ] ] } },
{ "type": "Feature", "properties": { "cell_id": 983, "row": 30, "col": 23, "class_2019": "informal", "conf_2019": 1.0, "imi_2019": 0.338, "informal_prob_2019": 1.0, "class_2020": "informal", "conf_2020": 1.0, "imi_2020": 0.351, "informal_prob_2020": 1.0, "class_2021": "informal", "conf_2021": 1.0, "imi_2021": 0.344, "informal_prob_2021": 1.0, "class_2022": "informal", "conf_2022": 0.982, "imi_2022": 0.362, "informal_prob_2022": 0.982, "class_2023": "informal", "conf_2023": 0.994, "imi_2023": 0.353, "informal_prob_2023": 0.994, "class_2024": "informal", "conf_2024": 1.0, "imi_2024": 0.344, "informal_prob_2024": 1.0, "class_2025": "informal", "conf_2025": 1.0, "imi_2025": 0.348, "informal_prob_2025": 1.0, "class_2026": "informal", "conf_2026": 0.998, "imi_2026": 0.344, "informal_prob_2026": 0.998, "trajectory": "stable_informal", "cluster_last": 5, "emerging_score": 0.20716808967463471, "emerging_zone": 0, "building_count": 109.0, "building_density": 0.32863953214457925, "road_density": 215.16883754205404, "ndvi": 0.26034743858035653, "ndbi": 0.12185665268450975, "imi": 0.34413703087594194, "informal_probability": 0.9983203354612934, "confidence": 0.9983203354612934, "explanation": "built-up intensity: 0.83; impervious surface: 0.37; building irregularity: 0.37; building density: 0.30; road structure: 0.05" }, "geometry": { "type": "Polygon", "coordinates": [ [ [ 80.278118555822516, 13.069157824474823 ], [ 80.278115927816671, 13.070062019102958 ], [ 80.277193584776228, 13.070059441064727 ], [ 80.277196216139117, 13.06915524662104 ], [ 80.278118555822516, 13.069157824474823 ] ] ] } },
{ "type": "Feature", "properties": { "cell_id": 984, "row": 30, "col": 24, "class_2019": "informal", "conf_2019": 1.0, "imi_2019": 0.337, "informal_prob_2019": 1.0, "class_2020": "informal", "conf_2020": 1.0, "imi_2020": 0.344, "informal_prob_2020": 1.0, "class_2021": "informal", "conf_2021": 1.0, "imi_2021": 0.344, "informal_prob_2021": 1.0, "class_2022": "informal", "conf_2022": 1.0, "imi_2022": 0.351, "informal_prob_2022": 1.0, "class_2023": "informal", "conf_2023": 1.0, "imi_2023": 0.339, "informal_prob_2023": 1.0, "class_2024": "informal", "conf_2024": 0.999, "imi_2024": 0.326, "informal_prob_2024": 0.999, "class_2025": "informal", "conf_2025": 1.0, "imi_2025": 0.335, "informal_prob_2025": 1.0, "class_2026": "informal", "conf_2026": 0.993, "imi_2026": 0.332, "informal_prob_2026": 0.993, "trajectory": "stable_informal", "cluster_last": 5, "emerging_score": 0.20088455326402715, "emerging_zone": 0, "building_count": 100.0, "building_density": 0.28371826957972768, "road_density": 239.93737807395067, "ndvi": 0.24899132346734404, "ndbi": 0.14576808126643301, "imi": 0.33245709627170977, "informal_probability": 0.99296505690883929, "confidence": 0.99296505690883929, "explanation": "built-up intensity: 0.87; building irregularity: 0.37; impervious surface: 0.32; building density: 0.26; road structure: 0.05" }, "geometry": { "type": "Polygon", "coordinates": [ [ [ 80.279040895703673, 13.069160399037683 ], [ 80.279038271054915, 13.070064593850031 ], [ 80.278115927816671, 13.070062019102958 ], [ 80.278118555822516, 13.069157824474823 ], [ 80.279040895703673, 13.069160399037683 ] ] ] } },
{ "type": "Feature", "properties": { "cell_id": 985, "row": 30, "col": 25, "class_2019": "informal", "conf_2019": 0.997, "imi_2019": 0.325, "informal_prob_2019": 0.997, "class_2020": "informal", "conf_2020": 1.0, "imi_2020": 0.341, "informal_prob_2020": 1.0, "class_2021": "informal", "conf_2021": 1.0, "imi_2021": 0.348, "informal_prob_2021": 1.0, "class_2022": "informal", "conf_2022": 1.0, "imi_2022": 0.343, "informal_prob_2022": 1.0, "class_2023": "informal", "conf_2023": 1.0, "imi_2023": 0.351, "informal_prob_2023": 1.0, "class_2024": "informal", "conf_2024": 1.0, "imi_2024": 0.342, "informal_prob_2024": 1.0, "class_2025": "informal", "conf_2025": 1.0, "imi_2025": 0.341, "informal_prob_2025": 1.0, "class_2026": "informal", "conf_2026": 1.0, "imi_2026": 0.351, "informal_prob_2026": 1.0, "trajectory": "stable_informal", "cluster_last": 5, "emerging_score": 0.2278873219228626, "emerging_zone": 0, "building_count": 96.0, "building_density": 0.2892953293696216, "road_density": 249.37096605715945, "ndvi": 0.23953026827424764, "ndbi": 0.12981132708955556, "imi": 0.35093498166713383, "informal_probability": 1.0, "confidence": 1.0, "explanation": "built-up intensity: 0.84; impervious surface: 0.42; building irregularity: 0.39; building density: 0.27; road structure: 0.02" }, "geometry": { "type": "Polygon", "coordinates": [ [ [ 80.279963235782375, 13.069162970309614 ], [ 80.27996061449069, 13.070067165305945 ], [ 80.279038271054915, 13.070064593850031 ], [ 80.279040895703673, 13.069160399037683 ], [ 80.279963235782375, 13.069162970309614 ] ] ] } },
{ "type": "Feature", "properties": { "cell_id": 986, "row": 30, "col": 26, "class_2019": "informal", "conf_2019": 1.0, "imi_2019": 0.326, "informal_prob_2019": 1.0, "class_2020": "informal", "conf_2020": 0.992, "imi_2020": 0.344, "informal_prob_2020": 0.992, "class_2021": "informal", "conf_2021": 0.999, "imi_2021": 0.327, "informal_prob_2021": 0.999, "class_2022": "informal", "conf_2022": 0.999, "imi_2022": 0.345, "informal_prob_2022": 0.999, "class_2023": "informal", "conf_2023": 0.996, "imi_2023": 0.348, "informal_prob_2023": 0.996, "class_2024": "informal", "conf_2024": 0.999, "imi_2024": 0.332, "informal_prob_2024": 0.999, "class_2025": "informal", "conf_2025": 0.998, "imi_2025": 0.342, "informal_prob_2025": 0.998, "class_2026": "informal", "conf_2026": 0.998, "imi_2026": 0.34, "informal_prob_2026": 0.998, "trajectory": "stable_informal", "cluster_last": 5, "emerging_score": 0.21857789028237395, "emerging_zone": 0, "building_count": 60.0, "building_density": 0.1838729605829009, "road_density": 163.17965471060432, "ndvi": 0.2338710004184395, "ndbi": 0.12241013108665356, "imi": 0.34012229139523098, "informal_probability": 0.99763784170436542, "confidence": 0.99763784170436542, "explanation": "built-up intensity: 0.83; impervious surface: 0.39; building irregularity: 0.37; building density: 0.17; road structure: 0.09" }, "geometry": { "type": "Polygon", "coordinates": [ [ [ 80.280885576058353, 13.069165538290617 ], [ 80.280882958123726, 13.070069733470692 ], [ 80.27996061449069, 13.070067165305945 ], [ 80.279963235782375, 13.069162970309614 ], [ 80.280885576058353, 13.069165538290617 ] ] ] } },
{ "type": "Feature", "properties": { "cell_id": 1002, "row": 31, "col": 10, "class_2019": "open_vegetated", "conf_2019": 0.991, "imi_2019": 0.042, "informal_prob_2019": 0.001, "class_2020": "open_vegetated", "conf_2020": 0.993, "imi_2020": 0.036, "informal_prob_2020": 0.001, "class_2021": "open_vegetated", "conf_2021": 0.993, "imi_2021": 0.034, "informal_prob_2021": 0.001, "class_2022": "open_vegetated", "conf_2022": 0.993, "imi_2022": 0.055, "informal_prob_2022": 0.001, "class_2023": "informal", "conf_2023": 0.998, "imi_2023": 0.327, "informal_prob_2023": 0.998, "class_2024": "informal", "conf_2024": 0.999, "imi_2024": 0.342, "informal_prob_2024": 0.999, "class_2025": "informal", "conf_2025": 0.993, "imi_2025": 0.339, "informal_prob_2025": 0.993, "class_2026": "informal", "conf_2026": 0.999, "imi_2026": 0.345, "informal_prob_2026": 0.999, "trajectory": "new_informal", "cluster_last": 4, "emerging_score": 0.69972711982367108, "emerging_zone": 1, "building_count": 91.0, "building_density": 0.26639449506067731, "road_density": 79.073242590901259, "ndvi": 0.21275676015764475, "ndbi": 0.11366112391464413, "imi": 0.34548801507365073, "informal_probability": 0.99914723032069974, "confidence": 0.99914723032069974, "explanation": "built-up intensity: 0.82; impervious surface: 0.48; building irregularity: 0.37; building density: 0.25; road structure: 0.21" }, "geometry": { "type": "Polygon", "coordinates": [ [ [ 80.266130826903549, 13.068219863409272 ], [ 80.266128155457267, 13.069124055684869 ], [ 80.265205818368003, 13.069121435049389 ], [ 80.265208493171059, 13.068217242961303 ], [ 80.266130826903549, 13.068219863409272 ] ] ] } },
{ "type": "Feature", "properties": { "cell_id": 1003, "row": 31, "col": 11, "class_2019": "open_vegetated", "conf_2019": 1.0, "imi_2019": 0.12, "informal_prob_2019": 0.0, "class_2020": "open_vegetated", "conf_2020": 1.0, "imi_2020": 0.119, "informal_prob_2020": 0.0, "class_2021": "open_vegetated", "conf_2021": 1.0, "imi_2021": 0.116, "informal_prob_2021": 0.0, "class_2022": "informal", "conf_2022": 0.998, "imi_2022": 0.4, "informal_prob_2022": 0.998, "class_2023": "informal", "conf_2023": 1.0, "imi_2023": 0.419, "informal_prob_2023": 1.0, "class_2024": "informal", "conf_2024": 0.996, "imi_2024": 0.447, "informal_prob_2024": 0.996, "class_2025": "informal", "conf_2025": 0.999, "imi_2025": 0.454, "informal_prob_2025": 0.999, "class_2026": "informal", "conf_2026": 0.992, "imi_2026": 0.472, "informal_prob_2026": 0.992, "trajectory": "new_informal", "cluster_last": 4, "emerging_score": 0.77220599946412105, "emerging_zone": 1, "building_count": 110.0, "building_density": 0.33600118421136416, "road_density": 0.0, "ndvi": 0.22457962663611397, "ndbi": 0.11893484953108782, "imi": 0.47209623989729915, "informal_probability": 0.99240712535014008, "confidence": 0.99240712535014008, "explanation": "road structure: 1.00; built-up intensity: 0.83; impervious surface: 0.45; building irregularity: 0.37; building density: 0.31" }, "geometry": { "type": "Polygon", "coordinates": [ [ [ 80.267053160837108, 13.068222480566599 ], [ 80.267050492747586, 13.069126673029471 ], [ 80.266128155457267, 13.069124055684869 ], [ 80.266130826903549, 13.068219863409272 ], [ 80.267053160837108, 13.068222480566599 ] ] ] } },
{ "type": "Feature", "properties": { "cell_id": 1004, "row": 31, "col": 12, "class_2019": "open_vegetated", "conf_2019": 1.0, "imi_2019": 0.103, "informal_prob_2019": 0.0, "class_2020": "open_vegetated", "conf_2020": 1.0, "imi_2020": 0.096, "informal_prob_2020": 0.0, "class_2021": "open_vegetated", "conf_2021": 1.0, "imi_2021": 0.095, "informal_prob_2021": 0.0, "class_2022": "open_vegetated", "conf_2022": 1.0, "imi_2022": 0.114, "informal_prob_2022": 0.0, "class_2023": "open_vegetated", "conf_2023": 1.0, "imi_2023": 0.117, "informal_prob_2023": 0.0, "class_2024": "informal", "conf_2024": 1.0, "imi_2024": 0.404, "informal_prob_2024": 1.0, "class_2025": "informal", "conf_2025": 0.997, "imi_2025": 0.436, "informal_prob_2025": 0.997, "class_2026": "informal", "conf_2026": 0.999, "imi_2026": 0.438, "informal_prob_2026": 0.999, "trajectory": "new_informal", "cluster_last": 4, "emerging_score": 0.74851553018773409, "emerging_zone": 1, "building_count": 108.0, "building_density": 0.32817730962728531, "road_density": 0.0, "ndvi": 0.22484526988118886, "ndbi": 0.11729717759415507, "imi": 0.43785871327713399, "informal_probability": 0.99855208333333334, "confidence": 0.99855208333333334, "explanation": "road structure: 1.00; built-up intensity: 0.82; impervious surface: 0.44; building irregularity: 0.40; building density: 0.30" }, "geometry": { "type": "Polygon", "coordinates": [ [ [ 80.267975494971466, 13.068225094433277 ], [ 80.267972830238719, 13.069129287083188 ], [ 80.267050492747586, 13.069126673029471 ], [ 80.267053160837108, 13.068222480566599 ], [ 80.267975494971466, 13.068225094433277 ] ] ] } },
{ "type": "Feature", "properties": { "cell_id": 1006, "row": 31, "col": 14, "class_2019": "open_vegetated", "conf_2019": 1.0, "imi_2019": 0.099, "informal_prob_2019": 0.0, "class_2020": "open_vegetated", "conf_2020": 1.0, "imi_2020": 0.093, "informal_prob_2020": 0.0, "class_2021": "open_vegetated", "conf_2021": 1.0, "imi_2021": 0.092, "informal_prob_2021": 0.0, "class_2022": "open_vegetated", "conf_2022": 0.998, "imi_2022": 0.097, "informal_prob_2022": 0.0, "class_2023": "open_vegetated", "conf_2023": 0.997, "imi_2023": 0.102, "informal_prob_2023": 0.0, "class_2024": "open_vegetated", "conf_2024": 0.989, "imi_2024": 0.14, "informal_prob_2024": 0.0, "class_2025": "informal", "conf_2025": 0.998, "imi_2025": 0.389, "informal_prob_2025": 0.998, "class_2026": "informal", "conf_2026": 0.996, "imi_2026": 0.387, "informal_prob_2026": 0.996, "trajectory": "new_informal", "cluster_last": 4, "emerging_score": 0.68070206053256399, "emerging_zone": 1, "building_count": 85.0, "building_density": 0.23520491216031406, "road_density": 0.0, "ndvi": 0.22994637389667333, "ndbi": 0.11039299126932747, "imi": 0.38715882662634965, "informal_probability": 0.99631670278220807, "confidence": 0.99631670278220807, "explanation": "road structure: 1.00; built-up intensity: 0.81; impervious surface: 0.39; building irregularity: 0.37; building density: 0.22" }, "geometry": { "type": "Polygon", "coordinates": [ [ [ 80.269820163841601, 13.068230312294675 ], [ 80.269817505822402, 13.069134505317956 ], [ 80.268895167930395, 13.069131897846017 ], [ 80.268897829306383, 13.068227705009303 ], [ 80.269820163841601, 13.068230312294675 ] ] ] } },
{ "type": "Feature", "properties": { "cell_id": 1011, "row": 31, "col": 19, "class_2019": "informal", "conf_2019": 0.978, "imi_2019": 0.27, "informal_prob_2019": 0.978, "class_2020": "informal", "conf_2020": 0.979, "imi_2020": 0.272, "informal_prob_2020": 0.979, "class_2021": "informal", "conf_2021": 0.952, "imi_2021": 0.255, "informal_prob_2021": 0.952, "class_2022": "informal", "conf_2022": 0.946, "imi_2022": 0.252, "informal_prob_2022": 0.946, "class_2023": "informal", "conf_2023": 0.969, "imi_2023": 0.266, "informal_prob_2023": 0.969, "class_2024": "informal", "conf_2024": 0.982, "imi_2024": 0.275, "informal_prob_2024": 0.982, "class_2025": "informal", "conf_2025": 0.939, "imi_2025": 0.249, "informal_prob_2025": 0.939, "class_2026": "informal", "conf_2026": 1.0, "imi_2026": 0.291, "informal_prob_2026": 1.0, "trajectory": "stable_informal", "cluster_last": 4, "emerging_score": 0.22315132923606146, "emerging_zone": 0, "building_count": 61.0, "building_density": 0.18371902628351303, "road_density": 89.161324022354705, "ndvi": 0.21744656180031596, "ndbi": 0.11132023655123248, "imi": 0.29109730403336664, "informal_probability": 1.0, "confidence": 1.0, "explanation": "built-up intensity: 0.81; impervious surface: 0.43; building irregularity: 0.37; building density: 0.17; road structure: 0.12" }, "geometry": { "type": "Polygon", "coordinates": [ [ [ 80.274431839513426, 13.068243299361599 ], [ 80.274429198278156, 13.06914749331419 ], [ 80.273506859388405, 13.069144902296747 ], [ 80.273509503980463, 13.068240708529551 ], [ 80.274431839513426, 13.068243299361599 ] ] ] } },
{ "type": "Feature", "properties": { "cell_id": 1014, "row": 31, "col": 22, "class_2019": "informal", "conf_2019": 0.999, "imi_2019": 0.288, "informal_prob_2019": 0.999, "class_2020": "informal", "conf_2020": 0.994, "imi_2020": 0.288, "informal_prob_2020": 0.994, "class_2021": "informal", "conf_2021": 1.0, "imi_2021": 0.297, "informal_prob_2021": 1.0, "class_2022": "informal", "conf_2022": 0.992, "imi_2022": 0.288, "informal_prob_2022": 0.992, "class_2023": "informal", "conf_2023": 0.999, "imi_2023": 0.288, "informal_prob_2023": 0.999, "class_2024": "informal", "conf_2024": 0.994, "imi_2024": 0.296, "informal_prob_2024": 0.994, "class_2025": "informal", "conf_2025": 0.996, "imi_2025": 0.314, "informal_prob_2025": 0.996, "class_2026": "informal", "conf_2026": 1.0, "imi_2026": 0.304, "informal_prob_2026": 1.0, "trajectory": "stable_informal", "cluster_last": 5, "emerging_score": 0.21460146832991414, "emerging_zone": 0, "building_count": 63.0, "building_density": 0.19811417524792374, "road_density": 229.6771718302636, "ndvi": 0.22370748016983272, "ndbi": 0.11221144614741206, "imi": 0.30395854537973777, "informal_probability": 1.0, "confidence": 1.0, "explanation": "built-up intensity: 0.82; impervious surface: 0.46; building irregularity: 0.32; building density: 0.18; road structure: 0.06" }, "geometry": { "type": "Polygon", "coordinates": [ [ [ 80.277198847303978, 13.068251052113689 ], [ 80.277196216139117, 13.06915524662104 ], [ 80.276273876653761, 13.069152665476338 ], [ 80.276276511175411, 13.068248471153671 ], [ 80.277198847303978, 13.068251052113689 ] ] ] } },
{ "type": "Feature", "properties": { "cell_id": 1015, "row": 31, "col": 23, "class_2019": "informal", "conf_2019": 1.0, "imi_2019": 0.35, "informal_prob_2019": 1.0, "class_2020": "informal", "conf_2020": 1.0, "imi_2020": 0.357, "informal_prob_2020": 1.0, "class_2021": "informal", "conf_2021": 1.0, "imi_2021": 0.349, "informal_prob_2021": 1.0, "class_2022": "informal", "conf_2022": 1.0, "imi_2022": 0.35, "informal_prob_2022": 1.0, "class_2023": "informal", "conf_2023": 0.986, "imi_2023": 0.355, "informal_prob_2023": 0.986, "class_2024": "informal", "conf_2024": 1.0, "imi_2024": 0.345, "informal_prob_2024": 1.0, "class_2025": "informal", "conf_2025": 0.993, "imi_2025": 0.367, "informal_prob_2025": 0.993, "class_2026": "informal", "conf_2026": 1.0, "imi_2026": 0.36, "informal_prob_2026": 1.0, "trajectory": "stable_informal", "cluster_last": 5, "emerging_score": 0.2095166676587023, "emerging_zone": 0, "building_count": 107.0, "building_density": 0.31396895779030881, "road_density": 171.22845729706631, "ndvi": 0.21974614530801773, "ndbi": 0.11828415745170787, "imi": 0.36048343232491098, "informal_probability": 1.0, "confidence": 1.0, "explanation": "built-up intensity: 0.83; impervious surface: 0.49; building irregularity: 0.38; building density: 0.29; road structure: 0.06" }, "geometry": { "type": "Polygon", "coordinates": [ [ [ 80.278121183630546, 13.068253629783023 ], [ 80.278118555822516, 13.069157824474823 ], [ 80.277196216139117, 13.06915524662104 ], [ 80.277198847303978, 13.068251052113689 ], [ 80.278121183630546, 13.068253629783023 ] ] ] } },
{ "type": "Feature", "properties": { "cell_id": 1016, "row": 31, "col": 24, "class_2019": "informal", "conf_2019": 1.0, "imi_2019": 0.35, "informal_prob_2019": 1.0, "class_2020": "informal", "conf_2020": 1.0, "imi_2020": 0.352, "informal_prob_2020": 1.0, "class_2021": "informal", "conf_2021": 1.0, "imi_2021": 0.359, "informal_prob_2021": 1.0, "class_2022": "informal", "conf_2022": 1.0, "imi_2022": 0.351, "informal_prob_2022": 1.0, "class_2023": "informal", "conf_2023": 1.0, "imi_2023": 0.357, "informal_prob_2023": 1.0, "class_2024": "informal", "conf_2024": 1.0, "imi_2024": 0.347, "informal_prob_2024": 1.0, "class_2025": "informal", "conf_2025": 1.0, "imi_2025": 0.343, "informal_prob_2025": 1.0, "class_2026": "informal", "conf_2026": 1.0, "imi_2026": 0.352, "informal_prob_2026": 1.0, "trajectory": "stable_informal", "cluster_last": 5, "emerging_score": 0.19745766328572423, "emerging_zone": 0, "building_count": 109.0, "building_density": 0.34341710606455095, "road_density": 291.18546265010582, "ndvi": 0.21369254935532808, "ndbi": 0.11133389981288928, "imi": 0.3515295583389757, "informal_probability": 1.0, "confidence": 1.0, "explanation": "built-up intensity: 0.81; impervious surface: 0.43; building irregularity: 0.38; building density: 0.32; road structure: 0.04" }, "geometry": { "type": "Polygon", "coordinates": [ [ [ 80.279043520154929, 13.068256204161667 ], [ 80.279040895703673, 13.069160399037683 ], [ 80.278118555822516, 13.069157824474823 ], [ 80.278121183630546, 13.068253629783023 ], [ 80.279043520154929, 13.068256204161667 ] ] ] } },
{ "type": "Feature", "properties": { "cell_id": 1017, "row": 31, "col": 25, "class_2019": "informal", "conf_2019": 0.897, "imi_2019": 0.243, "informal_prob_2019": 0.897, "class_2020": "informal", "conf_2020": 0.894, "imi_2020": 0.236, "informal_prob_2020": 0.894, "class_2021": "informal", "conf_2021": 0.896, "imi_2021": 0.229, "informal_prob_2021": 0.896, "class_2022": "informal", "conf_2022": 0.89, "imi_2022": 0.227, "informal_prob_2022": 0.89, "class_2023": "informal", "conf_2023": 0.867, "imi_2023": 0.243, "informal_prob_2023": 0.867, "class_2024": "informal", "conf_2024": 0.899, "imi_2024": 0.231, "informal_prob_2024": 0.899, "class_2025": "informal", "conf_2025": 0.894, "imi_2025": 0.233, "informal_prob_2025": 0.894, "class_2026": "informal", "conf_2026": 0.892, "imi_2026": 0.223, "informal_prob_2026": 0.892, "trajectory": "stable_informal", "cluster_last": 5, "emerging_score": 0.17472829754889435, "emerging_zone": 0, "building_count": 1.0, "building_density": 0.0030565329112965285, "road_density": 199.38976327913011, "ndvi": 0.23881672859191894, "ndbi": 0.10668838157318533, "imi": 0.22252077697849842, "informal_probability": 0.89237408381027084, "confidence": 0.89237408381027084, "explanation": "built-up intensity: 0.81; impervious surface: 0.37; road structure: 0.09; building density: 0.00; building irregularity: 0.00" }, "geometry": { "type": "Polygon", "coordinates": [ [ [ 80.279965856876814, 13.068258775249621 ], [ 80.279963235782375, 13.069162970309614 ], [ 80.279040895703673, 13.069160399037683 ], [ 80.279043520154929, 13.068256204161667 ], [ 80.279965856876814, 13.068258775249621 ] ] ] } }
]
}
