cell_id,imi_2019,building_density_2019,ndbi_2019,informal_probability_2019,imi_2020,building_density_2020,ndbi_2020,informal_probability_2020,imi_2021,building_density_2021,ndbi_2021,informal_probability_2021,imi_2022,building_density_2022,ndbi_2022,informal_probability_2022,imi_2023,building_density_2023,ndbi_2023,informal_probability_2023,imi_2024,building_density_2024,ndbi_2024,informal_probability_2024,imi_2025,building_density_2025,ndbi_2025,informal_probability_2025,imi_2026,building_density_2026,ndbi_2026,informal_probability_2026,imi_change,building_density_change,ndbi_change,emerging_score,emerging_zone
0,0.48267800915377296,0.1390824439400979,0.20862740196287632,0.003348537153753855,0.5054089612116426,0.1390824439400979,0.2134259146079421,0.005848537153753855,0.49218636712450314,0.1390824439400979,0.20435834635281935,0.005848537153753855,0.4965221984013063,0.1390824439400979,0.19255377292633058,0.005848537153753855,0.4922398459208742,0.1390824439400979,0.19077275240793823,0.005848537153753855,0.49494169894614876,0.1390824439400979,0.21362258441746235,0.003348537153753855,0.4898879934602581,0.1390824439400979,0.20800968427211047,0.005848537153753855,0.48270475658684586,0.1390824439400979,0.19588307786732911,0.005848537153753855,2.6747433072904503e-05,0.0,-0.01274432409554721,0.19737315424788637,0
1,0.4914881229657473,0.39313816837573173,0.18758023086935283,0.0,0.48687952585287364,0.39313816837573173,0.19116305297007785,0.0,0.48408846873008454,0.39313816837573173,0.20241682585328818,0.0,0.48592601177731237,0.39313816837573173,0.2095476648956537,0.0,0.485186846733199,0.39313816837573173,0.21517384301871062,0.0,0.47948924697148015,0.39313816837573173,0.2133800704777241,0.0017396907216494844,0.46943031480797387,0.39313816837573173,0.20219984967261553,0.0,0.4852749384243768,0.39313816837573173,0.19507379967719315,0.0,-0.006213184541370487,0.0,0.007493568807840328,0.19576223286367972,0
2,0.5764424912415204,0.6586756608622547,0.2113234779983759,0.0,0.5713879303953134,0.6586756608622547,0.1942797541618347,0.0,0.5644227448573892,0.6586756608622547,0.21643512606620788,0.003326822279684115,0.5725255801769947,0.6586756608622547,0.19647195022553204,0.0,0.5591985309880482,0.6586756608622547,0.20579465739428998,0.003326822279684115,0.5747688749721266,0.6586756608622547,0.2044733339548111,0.0,0.5749542774119505,0.6586756608622547,0.20006345763802527,0.0,0.581178282923721,0.6586756608622547,0.20012930527329445,0.0,0.0047357916822006185,0.0,-0.011194172725081442,0.2027107180034457,0
3,0.43689696728964333,0.38757514716148816,0.19962782338261603,0.0,0.44987326106202186,0.38757514716148816,0.1963189298659563,0.0,0.43966314045629795,0.38757514716148816,0.20086816765367985,0.0,0.4378533449980531,0.38757514716148816,0.20245424386113883,0.0,0.4304621268363183,0.38757514716148816,0.19639817245304583,0.0017396907216494844,0.44972145034158223,0.38757514716148816,0.19424175709486008,0.0,0.4475306141819489,0.38757514716148816,0.2013990049622953,0.0,0.4465908798048367,0.38757514716148816,0.1983968211710453,0.0,0.00969391251519336,0.0,-0.001231002211570742,0.21037182424832612,0
4,0.2442226891697568,0.2013342467393977,-0.033126005830126815,0.0,0.24382610076512987,0.2013342467393977,-0.03580279660061933,0.0,0.2402032488521618,0.2013342467393977,-0.04598551488794328,0.0,0.24420126120074143,0.2013342467393977,-0.028280328128021212,0.0,0.2400895293319037,0.2013342467393977,-0.04448819431854645,0.00206433908045977,0.24334913291986823,0.2013342467393977,-0.04171654954858241,0.0,0.2441223061096957,0.2013342467393977,-0.03431110154255293,0.0,0.24186608555567238,0.2013342467393977,-0.040586520228534935,0.0,-0.002356603614084435,0.0,-0.00746051439840812,0.19615853499279506,0
5,0.1947480450533614,0.14040816994417793,-0.027651187191950158,0.0,0.19150742531851575,0.14040816994417793,-0.03377994313370437,0.0,0.19020334949659842,0.14040816994417793,-0.04100675650523044,0.0,0.19111325850389788,0.14040816994417793,-0.04104010157869197,0.0,0.19163400402174477,0.14040816994417793,-0.034847837660618095,0.0,0.19304771382728805,0.14040816994417793,-0.02953441238205414,0.0013333333333333335,0.1936819494554296,0.14040816994417793,-0.03638156647735741,0.0,0.19097331317301394,0.14040816994417793,-0.034534038669080475,0.0,-0.003774731880347465,0.0,-0.006882851477130317,0.19480704343432959,0
6,0.20494537611364114,0.13286195906484977,-0.03423045154777356,0.005638770183947477,0.20367311445918404,0.13286195906484977,-0.03601083842979278,0.0,0.19987550178225996,0.13286195906484977,-0.04411136107170023,0.0,0.20519722960275993,0.13286195906484977,-0.023479388395790012,0.0030957965653350974,0.20677963418709297,0.13286195906484977,-0.026455745602142998,0.013790481173894168,0.2044908555646727,0.13286195906484977,-0.028636833736672997,0.0,0.20325287500383799,0.13286195906484977,-0.039459351394034455,0.0,0.202606865624639,0.13286195906484977,-0.0338460976612987,0.0,-0.0023385104890021324,0.0,0.0003843538864748558,0.19809968939665198,0
7,0.1716463366890172,0.10499949923626464,-0.030830475567199755,0.0,0.17064182071068132,0.10499949923626464,-0.03391573310596868,0.0013333333333333335,0.1691181527234918,0.10499949923626464,-0.03657772422244307,0.0,0.17179620405310025,0.10499949923626464,-0.03302266249898821,0.003985436850614144,0.1697070359683031,0.10499949923626464,-0.04372766211163252,0.0,0.17286492551553106,0.10499949923626464,-0.023712693637498887,0.002449402352492976,0.17236144464785938,0.10499949923626464,-0.03148541382048279,0.0,0.16854326241672546,0.10499949923626464,-0.04529895108775236,0.0,-0.003103074272291728,0.0,-0.014468475520552602,0.19365558780298026,0
8,0.18086163991208762,0.1190002600151739,-0.0368700610169617,0.0,0.18079812589642041,0.1190002600151739,-0.03870746396481991,0.0,0.1801140630984124,0.1190002600151739,-0.03412423291156301,0.0,0.181745870444651,0.1190002600151739,-0.0385088014248322,0.0,0.18234639230479804,0.1190002600151739,-0.04645605453522876,0.0007567567567567567,0.17821705551188918,0.1190002600151739,-0.050358585567737466,0.0,0.18211652519888244,0.1190002600151739,-0.031357077460270374,0.0,0.18154378935977897,0.1190002600151739,-0.03334896464191843,0.0013333333333333335,0.0006821494476913492,0.0,0.0035210963750432686,0.20204843379891183,0
9,0.17838263275478355,0.11571218200872277,-0.026906398409046232,0.0,0.17553243763825507,0.11571218200872277,-0.03255351014202461,0.0,0.17267870691816684,0.11571218200872277,-0.04235145615413785,0.0,0.17372013051230054,0.11571218200872277,-0.048310714123072106,0.0,0.17658029819663948,0.11571218200872277,-0.02894771827675868,0.004421097770154374,0.17601801071491424,0.11571218200872277,-0.03249527189589571,0.0,0.1762792596064342,0.11571218200872277,-0.039486705595627426,0.0,0.17304038199577365,0.11571218200872277,-0.043035180754814065,0.0,-0.005342250759009903,0.0,-0.016128782345767832,0.19089134921499548,0
10,0.18588855543632612,0.11275193619016363,-0.04338452915661037,0.0,0.18705495567052663,0.11275193619016363,-0.03142292947508395,0.0,0.1837033309874357,0.11275193619016363,-0.04305468517821282,0.0,0.1866435169792865,0.11275193619016363,-0.051925021768547595,0.0007567567567567567,0.18638178580393794,0.11275193619016363,-0.0343242228969757,0.009074628014950327,0.18682788305328554,0.11275193619016363,-0.03724782085628249,0.0,0.18452532055484666,0.11275193619016363,-0.05227715308777988,0.0,0.18544254514075492,0.11275193619016363,-0.035389652020112405,0.0,-0.0004460102955712031,0.0,0.007994877136497963,0.20195683053828728,0
11,0.18565145575101263,0.11120219681209041,-0.03600594979012385,0.0,0.18454790128740287,0.11120219681209041,-0.03852894465777354,0.0,0.1841348764065577,0.11120219681209041,-0.04229995371657424,0.0,0.18649812538596797,0.11120219681209041,-0.037704824721440676,0.01017034542170362,0.182654774518311,0.11120219681209041,-0.04811605580616742,0.009224857349209097,0.18673813298963018,0.11120219681209041,-0.02967318634968251,0.0,0.18607474603098131,0.11120219681209041,-0.03978502921178006,0.0,0.18381357644153962,0.11120219681209041,-0.037523611273791176,0.0,-0.0018378793094730173,0.0,-0.001517661483667325,0.19816074046543863,0
12,0.19395171795556515,0.19731727233605892,-0.03419167702319101,0.0,0.19161054227355404,0.19731727233605892,-0.03508216379908845,0.0,0.18925018284916537,0.19731727233605892,-0.043734126105555333,0.0,0.1937483817843193,0.19731727233605892,-0.034341533951228485,0.0034653173170393005,0.19076683463429953,0.19731727233605892,-0.037280089601918004,0.0034653173170393005,0.19256204971209306,0.19731727233605892,-0.04193475102481898,0.0,0.19133794655808722,0.19731727233605892,-0.04310640482930467,0.0,0.19147040101095483,0.19731727233605892,-0.03953468616353348,0.0,-0.002481316944610318,0.0,-0.0053430091403424695,0.19654605415343906,0
13,0.2230752558768125,0.1372533561127742,-0.03937142799026333,0.0,0.2197882490884445,0.1372533561127742,-0.041080009527504444,0.0,0.2215190254989248,0.1372533561127742,-0.0326290986809181,0.0,0.22107363432190644,0.1372533561127742,-0.038383572323218686,0.0,0.21997281582946115,0.1372533561127742,-0.043841680831392296,0.0,0.22209341028303495,0.1372533561127742,-0.030028984136879443,0.0,0.22194804747055802,0.1372533561127742,-0.0374406783444283,0.0,0.22079818776376975,0.1372533561127742,-0.0363354655058356,0.0,-0.002277068113042763,0.0,0.0030359624844277303,0.19881405916215628,0
14,0.4146354046782517,0.2775601560662021,0.21402392346411944,0.0,0.4190778007473896,0.2775601560662021,0.19835567319765687,0.0,0.41660714116615455,0.2775601560662021,0.1898259184882045,0.0,0.42163364266068626,0.2775601560662021,0.19942593589425087,0.0,0.42384688464618026,0.2775601560662021,0.21154976304620504,0.0,0.40967642546444605,0.2775601560662021,0.20002741360105575,0.0,0.4236667502518282,0.2775601560662021,0.21284424729645252,0.0,0.4207046995110335,0.2775601560662021,0.21194593973457812,0.0,0.006069294832781791,0.0,-0.0020779837295413217,0.2063482482311792,0
15,0.6349378380329619,0.8223826914945958,0.19734323725104333,0.0,0.6324801325953778,0.8223826914945958,0.20055637165904044,0.0,0.6276606415916622,0.8223826914945958,0.1996894691325724,0.0,0.6367171923497765,0.8223826914945958,0.20928367391228675,0.0,0.6357064488264732,0.8223826914945958,0.2116245537251234,0.0,0.6279016419737038,0.8223826914945958,0.20245337292551993,0.0,0.6330662118738026,0.8223826914945958,0.21452707976102828,0.0,0.6414869050508999,0.8223826914945958,0.20293147969990968,0.0,0.006549067017938004,0.0,0.005588242448866354,0.20873169557555324,0
16,0.6797426277340256,0.7630157849583344,0.187066378518939,0.0,0.6779008278394194,0.7630157849583344,0.2046140526328236,0.0,0.6821972072741613,0.7630157849583344,0.19450030967593193,0.0,0.6898994054901485,0.7630157849583344,0.2052414955943823,0.0,0.6797769550145624,0.7630157849583344,0.21826358184218406,0.0,0.6787503391721147,0.7630157849583344,0.18932507967576384,0.0,0.6811979033784978,0.7630157849583344,0.19732937645167112,0.0,0.6816548050590888,0.7630157849583344,0.21368576638400555,0.0,0.0019121773250632135,0.0,0.02661938786506654,0.20900284009485823,0
17,0.5653695827419372,0.6976048630056829,0.18508603189140557,0.0,0.558265799430624,0.6976048630056829,0.2012575414776802,0.0,0.5663892171926103,0.6976048630056829,0.19006271682679654,0.0,0.5745517795252293,0.6976048630056829,0.2279938892647624,0.0,0.56216246143039,0.6976048630056829,0.1911808194220066,0.0,0.5649375805419149,0.6976048630056829,0.1842704445309937,0.0008057851239669422,0.5674439052514741,0.6976048630056829,0.2042997581907548,0.0,0.5644376263486268,0.6976048630056829,0.19126735404133796,0.0,-0.0009319563933103403,0.0,0.006181322149932389,0.20100087191442229,0
18,0.4818750766285214,0.18560198155451454,0.22523652780801057,0.003348537153753855,0.473423306330072,0.18560198155451454,0.20064320378005504,0.004136946857257898,0.4737701405526623,0.18560198155451454,0.22201306995004416,0.003348537153753855,0.4806495636881553,0.18560198155451454,0.20103919982910157,0.004136946857257898,0.47773030099404656,0.18560198155451454,0.21168129792436957,0.003348537153753855,0.47225192900725993,0.18560198155451454,0.20556918563321233,0.004136946857257898,0.47560500558661106,0.18560198155451454,0.19991192491725088,0.004136946857257898,0.4765583838963173,0.18560198155451454,0.18145662910304963,0.004136946857257898,-0.005316692732204142,0.0,-0.043779898704960934,0.18414333546098163,0
19,0.24816155742346674,0.11238948502965905,-0.036610042087268084,0.0009217877094972068,0.25235711422499335,0.11238948502965905,-0.024528036252013406,0.0020964865046779295,0.2457999846500808,0.11238948502965905,-0.041763273526448756,0.0009217877094972068,0.24993742702376973,0.11238948502965905,-0.03902017536573112,0.0009217877094972068,0.25145727626042264,0.11238948502965905,-0.032876363270916045,0.0009217877094972068,0.24704953805730556,0.11238948502965905,-0.03848764440277591,0.0009217877094972068,0.24869100907886102,0.11238948502965905,-0.041155490779783574,0.0009217877094972068,0.24706610398067133,0.11238948502965905,-0.052156102952285434,0.0009217877094972068,-0.0010954534427954077,0.0,-0.01554606086501735,0.19550521802414844,0
20,0.24578895977366472,0.0,-0.1735587881691754,0.0,0.286337701139462,0.0,-0.021959310760721565,0.0,0.24539413403157243,0.0,-0.1776594182057306,0.0,0.27191500378196237,0.0,-0.10821546368300915,0.0,0.2702907390454378,0.0,-0.11847847586497665,0.0,0.2436322937423352,0.0,-0.16641471595386975,0.0,0.24744021850093562,0.0,-0.15139341957867145,0.0,0.2635680582776598,0.0,-0.11570465906523168,0.0,0.01777909850399506,0.0,0.057854129103943705,0.233360740547913,0
21,0.2147072375547674,0.0,-0.1728475698083639,0.0,0.24236567912357637,0.0,-0.09734368154779077,0.0,0.2058596644170876,0.0,-0.18771054843440652,0.0,0.2512381785302061,0.0,-0.08862265934236348,0.0,0.23243964794679578,0.0,-0.16514270645566284,0.0,0.2186840216265668,0.0,-0.19339744376018644,0.0,0.2275790665585511,0.0,-0.1532888165814802,0.0,0.2480292852465818,0.0,-0.10411195895634591,0.0,0.033322047691814405,0.0,0.068735610852018,0.25239071666781554,0
22,0.24124294354919143,0.0,-0.10178570973148453,0.0,0.23872537944959077,0.0,-0.15871585740009322,0.0,0.2016032187083616,0.0,-0.19680487326346338,0.0,0.27029009057914766,0.0,0.00945930790156126,0.0013695652173913045,0.21810827697979246,0.0,-0.20348370142281055,0.0,0.22036015288342864,0.0,-0.16965619328897447,0.0,0.2209647634430633,0.0,-0.17952827788889408,0.0,0.2544256464370161,0.0,-0.08688990633934736,0.0,0.013182702887824665,0.0,0.014895803392137169,0.21799617608595864,0
23,0.20163043625766103,0.39998723805519637,-0.028513866493012754,0.01624288143557624,0.20003377705446898,0.39998723805519637,-0.034135179015574973,0.01624288143557624,0.19567687442618745,0.39998723805519637,-0.03427813250920735,0.012777564118536939,0.20118674499481157,0.39998723805519637,-0.04122376114362851,0.016465777046293595,0.19635143765218172,0.39998723805519637,-0.043103614484716675,0.012777564118536939,0.19903712824965797,0.39998723805519637,-0.03350625919381855,0.012777564118536939,0.19998129846807128,0.39998723805519637,-0.030405023677740246,0.01851392293286802,0.19860528106138928,0.39998723805519637,-0.044427591571584345,0.012777564118536939,-0.0030251551962717504,0.0,-0.01591372507857159,0.19338351525599448,0
24,0.20623969392343564,0.16132158560918874,-0.03672810859716265,0.0011203319502074687,0.20539795388867546,0.16132158560918874,-0.03339230466342997,0.0011203319502074687,0.20360857445069955,0.16132158560918874,-0.029834432313218712,0.0011203319502074687,0.20551637179647242,0.16132158560918874,-0.03763647906453116,0.012475518836743957,0.20534732208313985,0.16132158560918874,-0.036565631999401375,0.0011203319502074687,0.20538225033815527,0.16132158560918874,-0.03500381724152248,0.0011203319502074687,0.20829052980701812,0.16132158560918874,-0.03520342546398751,0.0018770887069642255,0.20504545668504914,0.16132158560918874,-0.03722451839188579,0.0011203319502074687,-0.0011942372383864919,0.0,-0.0004964097947231447,0.1990885981243044,0
25,0.1921839470595543,0.16696939183817489,-0.03960014334297739,0.0,0.18899979459936017,0.16696939183817489,-0.04548242646599647,0.0,0.188806035260492,0.16696939183817489,-0.03815211649984121,0.0,0.1944143254119109,0.16696939183817489,-0.02798157307872316,0.0,0.1901049482095979,0.16696939183817489,-0.04724146129359724,0.0,0.19475945705119307,0.16696939183817489,-0.033637350522913036,0.0019449696845134107,0.19140052596778023,0.16696939183817489,-0.043836458953446705,0.0,0.19197513478762368,0.16696939183817489,-0.026935267985536485,0.0,-0.00020881227193061958,0.0,0.012664875357440902,0.2033507730771165,0
26,0.17998729784674428,0.12384780292267585,-0.04391897470224649,0.0,0.1817546780496156,0.12384780292267585,-0.03756755418842658,0.0,0.17663935850486323,0.12384780292267585,-0.04833846155379433,0.0016447368421052633,0.1851714493252659,0.12384780292267585,-0.023553692878776927,0.001174698795180723,0.1780543825538726,0.12384780292267585,-0.04970286937896162,0.0,0.18190058762600722,0.12384780292267585,-0.033911779165791814,0.0,0.18543014902605515,0.12384780292267585,-0.03018298960014363,0.0007567567567567567,0.17794920976993847,0.12384780292267585,-0.04922833017626545,0.0,-0.002038088076805805,0.0,-0.005309355474018958,0.1970209379682688,0
27,0.16312322185123015,0.11901337430180156,-0.0367797535401769,0.0013333333333333335,0.16606644757550107,0.11901337430180156,-0.025254143105703408,0.00549677763110831,0.1616558571157225,0.11901337430180156,-0.036272761147702115,0.0,0.16590664109674969,0.11901337430180156,-0.025397854740731418,0.0,0.16335251869168604,0.11901337430180156,-0.024159197398112155,0.001174698795180723,0.1639867609683931,0.11901337430180156,-0.03340032354113646,0.0034653173170393005,0.1629932678794844,0.11901337430180156,-0.03784390505607007,0.0,0.16184098164055014,0.11901337430180156,-0.03769058067126025,0.0016447368421052633,-0.001282240210680019,0.0,-0.0009108271310833485,0.19889440902464497,0
28,0.19337368670092994,0.17276142035952674,-0.03564598138793371,0.0,0.19078056783806452,0.17276142035952674,-0.04623982214357966,0.0,0.19053391056155003,0.17276142035952674,-0.04051970292115584,0.0034653173170393005,0.19364309827469314,0.1727614203595267,-0.032912870658328756,0.0,0.19117261560289994,0.1727614203595267,-0.04239479310985189,0.0,0.19316770466526673,0.17276142035952674,-0.036342081424663775,0.0,0.196238991789535,0.17276142035952674,-0.028088015842367895,0.008855186886536488,0.19096974830469463,0.17276142035952674,-0.040400401767110454,0.0,-0.0024039383962353167,0.0,-0.004754420379176741,0.19677173220273714,0
29,0.19780673838355695,0.18248660994097918,-0.028090175727847964,0.0,0.1963507919470152,0.18248660994097918,-0.030913629370043053,0.017234743358300608,0.1919810930531965,0.18248660994097918,-0.04144688577332999,0.0,0.1948211754875037,0.18248660994097918,-0.035285845069447534,0.0,0.194527096659271,0.18248660994097918,-0.033295210268115626,0.0,0.19518480674759028,0.18248660994097918,-0.03627020678595727,0.0,0.1957791086798143,0.18248660994097918,-0.033592321690521204,0.0,0.1936975404457405,0.18248660994097918,-0.041687477931554896,0.0,-0.0041091979378164445,0.0,-0.013597302203706932,0.1928097753099956,0
30,0.1960640090627315,0.18937067077833875,-0.0297986297836178,0.0,0.19383083189692424,0.18937067077833875,-0.040009879940189425,0.0,0.19088990198735334,0.18937067077833875,-0.04651408098055981,0.0,0.19437520727112875,0.18937067077833875,-0.03652164777013241,0.07052865612648221,0.19438013899687895,0.18937067077833875,-0.04032366844825447,0.0,0.19807509745742585,0.18937067077833875,-0.02694921137415804,0.0,0.19631747030895022,0.18937067077833875,-0.03902667408343405,0.0,0.19349685483305876,0.18937067077833875,-0.042527677553007376,0.0,-0.002567154229672741,0.0,-0.012729047769389577,0.1946459975261119,0
31,0.1981922841611298,0.10427430655841753,-0.05563215880883945,0.0,0.1998421855938948,0.10427430655841753,-0.04281806764716748,0.0,0.20208956076676202,0.10427430655841753,-0.02561559080175357,0.0027361662633050587,0.20167721451127393,0.10427430655841753,-0.03839429000392556,0.0,0.20179340514343128,0.10427430655841753,-0.03501140423861216,0.0,0.20276099807911988,0.10427430655841753,-0.030934272217564285,0.0,0.2031778170742986,0.10427430655841753,-0.035963977461797185,0.0,0.20061249774088222,0.10427430655841753,-0.039312756398576315,0.0,0.002420213579752417,0.0,0.016319402410263133,0.20701406375322184,0
32,0.6598278335704868,0.837709619690534,0.2061133862286806,0.0,0.6631533997161491,0.837709619690534,0.19724344526417553,0.0,0.6472143206468103,0.837709619690534,0.19297340171411634,0.003444561781821404,0.6653456775579526,0.837709619690534,0.20224587966455146,0.0,0.6711379028104478,0.837709619690534,0.19602049767505378,0.0,0.6543673831430187,0.837709619690534,0.1912050496507436,0.0,0.6512850331544023,0.837709619690534,0.20190135195851325,0.0,0.6597261514794048,0.837709619690534,0.22089460507035255,0.0,-0.00010168209108196713,0.0,0.01478121884167194,0.20398209600784423,0
33,0.5297373817645478,0.266071152418332,0.19164934635162353,0.014051657764754436,0.536199910250622,0.266071152418332,0.2027752786874771,0.014051657764754436,0.5236986931672939,0.266071152418332,0.21224500205367802,0.011551657764754435,0.5369615904187063,0.266071152418332,0.20181395430117846,0.014051657764754436,0.5301896012774135,0.266071152418332,0.18759652867913246,0.014051657764754436,0.5259583709306996,0.266071152418332,0.20166124762035906,0.014051657764754436,0.5180573809687516,0.266071152418332,0.19336933724582195,0.014051657764754436,0.5333012271166753,0.266071152418332,0.20352184735238552,0.014051657764754436,0.0035638453521275038,0.0,0.011872501000761981,0.20712854203276146,0
34,0.4946267037278077,0.4830630047676559,0.22000571399927138,0.0016393442622950817,0.5099570445876737,0.4830630047676559,0.19573028422892094,0.0,0.5048863767180193,0.4830630047676559,0.2053145956248045,0.0,0.5074222622489498,0.4830630047676559,0.19501151770353317,0.0,0.5064655495796604,0.4830630047676559,0.20656608682125807,0.0,0.5131457889909672,0.4830630047676559,0.19873529598116874,0.0,0.5067376215690558,0.4830630047676559,0.1960261807963252,0.0,0.5096641189828246,0.4830630047676559,0.2029823452234268,0.0,0.015037415255016895,0.0,-0.017023368775844566,0.21212818908200104,0
35,0.4897182299961312,0.5130075750641595,0.19151722323149442,0.0,0.49704767752086965,0.5130075750641595,0.21216287318617105,0.0,0.4908424369112356,0.5130075750641595,0.20466213177889586,0.0,0.4892695590183823,0.5130075750641595,0.20104472748935223,0.0,0.4842507128928128,0.5130075750641595,0.21128588058054448,0.0,0.48971293637890967,0.5130075750641595,0.1864388771355152,0.0,0.48047682566196076,0.5130075750641595,0.21030064105987548,0.0,0.4885854538387191,0.5130075750641595,0.1937021272815764,0.0,-0.0011327761574120854,0.0,0.0021849040500819816,0.1998102657959221,0
36,0.23602333146548637,0.11908423148534766,-0.039809170834923864,0.0,0.2375724443330397,0.11908423148534766,-0.036444191520567985,0.0,0.23374410804363785,0.11908423148534766,-0.04033466665889136,0.0,0.23661070306577708,0.11908423148534766,-0.03572649400608498,0.0,0.23505438875512868,0.11908423148534766,-0.043238573098788036,0.0,0.238466130681793,0.11908423148534766,-0.03103564031305723,0.0,0.23642366007328852,0.11908423148534766,-0.039208521133987234,0.0,0.2357687795184833,0.11908423148534766,-0.03942943079775432,0.0,-0.0002545519470030788,0.0,0.0003797400371695417,0.20029258260321398,0
37,0.2194996131722832,0.19157902597870255,-0.03690174800925888,0.0,0.21766248368564875,0.19157902597870255,-0.03265773529128637,0.0034653173170393005,0.21782367245227424,0.19157902597870255,-0.027055730858119204,0.0,0.2175795812781146,0.19157902597870255,-0.040472178118070586,0.0,0.21781231383593197,0.19157902597870255,-0.03328363523658481,0.0,0.2172617070134647,0.19157902597870255,-0.04557803906558547,0.0,0.21715708947076265,0.19157902597870255,-0.038408486715634356,0.0,0.21699120190418433,0.19157902597870255,-0.04084744982654229,0.0,-0.0025084112680988646,0.0,-0.0039457018172834035,0.19685988924522693,0
38,0.1951503992307685,0.1753834092554797,-0.04612129099958111,0.0,0.19630274735450556,0.1753834092554797,-0.033438943944638595,0.0,0.19732580318245055,0.1753834092554797,-0.03343548842443852,0.002677854526911131,0.1971330506678829,0.1753834092554797,-0.039687162440968676,0.0,0.19698640649824198,0.1753834092554797,-0.030077176489285193,0.013833333333333333,0.19733362174091665,0.1753834092554797,-0.04041619201074354,0.0,0.19913418283124576,0.1753834092554797,-0.03018930308986455,0.0,0.19455306899945324,0.1753834092554797,-0.040697728014783933,0.0,-0.0005973302313152518,0.0,0.005423562984797174,0.20116750958829996,0
39,0.18402602270957527,0.10364671022561718,-0.046077978059329325,0.0,0.18591566938882081,0.10364671022561718,-0.031426233450183645,0.0,0.18205811855692552,0.10364671022561718,-0.04553937937191222,0.0,0.18459021874906525,0.10364671022561718,-0.043503470562282015,0.0,0.18551377922696843,0.10364671022561718,-0.04321112444304163,0.0,0.18303246389987385,0.10364671022561718,-0.05156364337191917,0.0,0.18609215412957572,0.10364671022561718,-0.036234436077065765,0.0,0.1879533931414035,0.10364671022561718,-0.031963605192722754,0.0007567567567567567,0.003927370431828225,0.0,0.014114372866606571,0.2080605577248515,0
40,0.18792399545729546,0.1541670586042255,-0.044517291056690736,0.0,0.18763892736378368,0.1541670586042255,-0.03998732352589286,0.0,0.187910636645137,0.1541670586042255,-0.030668069215025753,0.0,0.18963652268119507,0.1541670586042255,-0.03347860964277061,0.0,0.1898661186971848,0.1541670586042255,-0.02924936348135816,0.0,0.18727987266433302,0.1541670586042255,-0.04760649100178853,0.0,0.18882326930375315,0.1541670586042255,-0.040802327601995786,0.00206433908045977,0.18667723260751887,0.1541670586042255,-0.04361292406450957,0.0,-0.0012467628497765948,0.0,0.0009043669921811673,0.19937650883289906,0
41,0.19800932917729416,0.17075781000178944,-0.027691366453072987,0.0,0.1964809198549662,0.17075781000178944,-0.04045399976253975,0.0,0.19364103615558867,0.17075781000178944,-0.043188174654496835,0.0,0.19991998153071847,0.17075781000178944,-0.03167939023231156,0.0007567567567567567,0.19754587889122827,0.17075781000178944,-0.028391859499970452,0.0,0.1987675190126037,0.17075781000178944,-0.024618752311871505,0.008099270537268458,0.19731266700913902,0.17075781000178944,-0.03345189600331651,0.0,0.19555807252045865,0.17075781000178944,-0.034535295020032206,0.0,-0.0024512566568355154,0.0,-0.006843928566959218,0.1962099552173412,0
42,0.1895449570081208,0.14349792409014744,-0.03942300680093467,0.015378122757386377,0.19113619165105783,0.14349792409014744,-0.03329249931994127,0.0018770887069642255,0.1914436068027417,0.14349792409014744,-0.02382879292650614,0.023246165924607123,0.1891419290046851,0.14349792409014744,-0.04725267027737573,0.0018770887069642255,0.18942410236842416,0.14349792409014744,-0.026687620669254102,0.0011203319502074687,0.19040169667900322,0.14349792409014744,-0.02832728993380442,0.0011203319502074687,0.18865172913931288,0.14349792409014744,-0.03849887538701296,0.0011203319502074687,0.1864185730337906,0.14349792409014744,-0.04093973699666094,0.0011203319502074687,-0.0031263839743301824,0.0,-0.0015167301957262694,0.1968044110778348,0
43,0.19885510473978021,0.15357635151579707,-0.04049812732409919,0.0034653173170393005,0.2001865685548283,0.15357635151579707,-0.031153031919093337,0.0,0.19827261686845488,0.15357635151579707,-0.03384051165659912,0.0019210977701543742,0.19728795193625093,0.15357635151579707,-0.04822256123792613,0.0,0.19787168731081448,0.15357635151579707,-0.040533216719341,0.0,0.1972332885519218,0.15357635151579707,-0.05052233414025977,0.0,0.2011679573577561,0.15357635151579707,-0.027812781355169135,0.0,0.19676549586527806,0.15357635151579707,-0.0447258972551208,0.0,-0.002089608874502158,0.0,-0.004227769931021613,0.19723170010961938,0
44,0.19116100613991727,0.14248159196651225,-0.029329310327302665,0.0,0.19059496490397954,0.14248159196651225,-0.03792581344836435,0.0,0.19082303945186047,0.14248159196651225,-0.03435702162096277,0.020176750436658706,0.1895902060213723,0.14248159196651225,-0.038494376140879465,0.0,0.18986395426728397,0.14248159196651225,-0.036926521891145966,0.003109310697911028,0.1920321132385792,0.14248159196651225,-0.028234972495993133,0.0,0.18929676969050596,0.14248159196651225,-0.05474677599981078,0.001274703557312253,0.18792358828874,0.14248159196651225,-0.04489712661714293,0.0,-0.00323741785117726,0.0,-0.015567816289840265,0.1932447944957735,0
45,0.22722057524044448,0.11616381084553253,-0.035496503943722925,0.0,0.22986856497763503,0.11616381084553253,-0.035407252673758195,0.0007567567567567567,0.2256500865169905,0.11616381084553253,-0.03203427033789921,0.0,0.22900339273355833,0.11616381084553253,-0.03321146158501506,0.0,0.22596741484349006,0.11616381084553253,-0.03963647083292017,0.0,0.22852103903926538,0.11616381084553253,-0.03402574135456234,0.0,0.22893811644579865,0.11616381084553253,-0.031242008858098417,0.0,0.22818277374299273,0.11616381084553253,-0.033302198274759574,0.004387105026536508,0.0009621985025482505,0.0,0.0021943056689633506,0.20201819093273354,0
46,0.46158647812900505,0.3603259301771894,0.2221107256039977,0.0,0.4589520831347743,0.3603259301771894,0.22289745263755323,0.0,0.44892141341782416,0.3603259301771894,0.21513045370578765,0.0,0.4496428764268585,0.3603259301771894,0.19801881013438105,0.0,0.4501828353078912,0.3603259301771894,0.18954142492264509,0.0,0.45381623269902877,0.3603259301771894,0.18992432000115514,0.0,0.45468581347868015,0.3603259301771894,0.20609135635197162,0.0,0.4615632889429206,0.3603259301771894,0.1949827190861106,0.0,-2.318918608446019e-05,0.0,-0.027128006517887104,0.19379637091095378,0
47,0.48136071334742286,0.3910052567532161,0.20737831618636846,0.003384427563754748,0.49707642330277857,0.3910052567532161,0.18889171112328768,0.0,0.48361884183258896,0.3910052567532161,0.2093570636212826,0.0,0.48889300003567276,0.3910052567532161,0.2049266158603132,0.0,0.47972489483111647,0.3910052567532161,0.19743578396737577,0.0,0.4853391596538987,0.3910052567532161,0.18518807712942362,0.0,0.4912757598349817,0.3910052567532161,0.19484437827020884,0.0,0.4906220699526267,0.3910052567532161,0.20050036754459144,0.0,0.00926135660520383,0.0,-0.006877948641777015,0.20853283953864094,0
48,0.5917134372747546,0.7957478383946737,0.2130697574466467,0.0,0.5976562935044586,0.7957478383946737,0.19399747040122747,0.0,0.5973797997530501,0.7957478383946737,0.2091679714806378,0.0,0.6023298991923429,0.7957478383946737,0.2115998437255621,0.0,0.5980914718228734,0.7957478383946737,0.20587037704885006,0.0,0.6026089638642739,0.7957478383946737,0.19977584414184094,0.0,0.5995375805434713,0.7957478383946737,0.19004860166460275,0.0,0.6014810934769272,0.7957478383946737,0.20865458983927965,0.0,0.009767656202172681,0.0,-0.004415167607367043,0.20966929636964143,0
49,0.5653163793398545,0.6389881535183018,0.19820694115012885,0.0,0.5665666046574461,0.6389881535183018,0.22995597906410695,0.0033790349839445664,0.5598416433363859,0.6389881535183018,0.1790485505759716,0.0008057851239669422,0.5674806030819097,0.6389881535183018,0.19863016482442616,0.0,0.5701377376888773,0.6389881535183018,0.19824860915541648,0.0,0.559699789540613,0.6389881535183018,0.19866623185575008,0.0017048710601719197,0.5622451272614801,0.6389881535183018,0.22373603094369174,0.007990006522585386,0.575284102706462,0.6389881535183018,0.20806343100965022,0.0,0.009967723366607562,0.0,0.009856489859521367,0.21337669173104007,0
50,0.5013337842402755,0.4820196286719788,0.2065762954391539,0.0,0.5093277161968212,0.4820196286719788,0.1917757783830166,0.0,0.4930081346460669,0.4820196286719788,0.2108953120931983,0.0,0.49727103940769635,0.4820196286719788,0.2003151438385248,0.0,0.5003093627673663,0.4820196286719788,0.18987960424274206,0.0,0.5037911803796049,0.4820196286719788,0.20044897481799126,0.0,0.5058668654426874,0.4820196286719788,0.21054223150014878,0.0,0.5034891663525156,0.4820196286719788,0.20782940439879893,0.0,0.0021553821122400896,0.0,0.0012531089596450329,0.20304378627808709,0
51,0.5419054149003284,0.9523562341193771,0.19611766159534455,0.00781943345154784,0.5479335746288632,0.9523562341193771,0.215102014914155,0.0023835269653098875,0.5412563586601807,0.9523562341193771,0.1873684084357228,0.00781943345154784,0.5532309776391134,0.9523562341193771,0.19823872020468117,0.0034585074524029692,0.5440094244972861,0.9523562341193771,0.19217097714543344,0.00703138997328697,0.5375843584389212,0.9523562341193771,0.217910868213512,0.009053743074978802,0.5500700972988112,0.9523562341193771,0.18676837937440724,0.00781943345154784,0.5513708374263835,0.9523562341193771,0.20931481897830964,0.006841896890652495,0.00946542252605509,0.0,0.013197157382965091,0.21366637330917634,0
52,0.2281683218307352,0.2014246726782445,-0.052851281710900366,0.0,0.2315451680689318,0.2014246726782445,-0.04852939293021336,0.0034653173170393005,0.23379864309125764,0.2014246726782445,-0.028884492963552475,0.0,0.23489140087767402,0.2014246726782445,-0.03342511029599791,0.0,0.23445854115995582,0.2014246726782445,-0.03905628802720457,0.0,0.23506419706297618,0.2014246726782445,-0.02804856332077179,0.0,0.23036050184369447,0.2014246726782445,-0.026617793700424955,0.0,0.24090738894252822,0.2014246726782445,-0.03689533131197095,0.022637423002440506,0.012739067111793012,0.0,0.015955950398929414,0.21778886078571622,0
53,0.22446857601486994,0.0,-0.14287804927676917,0.0,0.241146864249227,0.0,-0.12043284880928695,0.0,0.244173498275867,0.0,-0.08582924593007192,0.026217672413793105,0.22725520006725225,0.0,-0.16729440743569285,0.0,0.25918676840860116,0.0,-0.03859394611325115,0.0,0.22378081987335138,0.0,-0.13682341538369655,0.0,0.18879727135410646,0.0,-0.27133006633259354,0.0,0.2627108657285049,0.0,-0.05641862981021404,0.0,0.03824228971363494,0.0,0.08645941946655514,0.261913411591736,0
54,0.225193455293755,0.0,-0.16276637813076378,0.0,0.23281518616381972,0.0,-0.14177481011021884,0.0,0.24071527849632324,0.0,-0.09444711100310087,0.0,0.2336484906373642,0.0,-0.15238661160692574,0.0,0.24101122231479358,0.0,-0.09153468792326748,0.0,0.23848884688977348,0.0,-0.11410224427469075,0.0,0.20170910502854847,0.0,-0.21765422001481055,0.0,0.22715553162001104,0.0,-0.15686713297851385,0.0,0.0019620763262560292,0.0,0.005899245152249932,0.2039786412317168,0
55,0.2135680242371962,0.16412341825186896,-0.04590427024755627,0.0025,0.21202951343758702,0.16412341825186896,-0.037541739804382815,0.020260266370320225,0.2074746789261726,0.16412341825186896,-0.0406237955938559,0.0025,0.21500729843095875,0.16412341825186896,-0.03743278109788662,0.0025,0.2123017120199928,0.16412341825186896,-0.031659676590934396,0.0025,0.2114980467600239,0.16412341825186896,-0.039868587700184435,0.0025,0.21119281654618802,0.16412341825186896,-0.04152122074970976,0.0025,0.21274950954773628,0.16412341825186896,-0.03354180471098516,0.0025,-0.000818514689459926,0.0,0.01236246553657111,0.2026347742163293,0
56,0.1941926843968164,0.16213427821390863,-0.03496960986522026,0.0,0.18827807920782955,0.16213427821390863,-0.04533870457933517,0.0,0.1909612939542489,0.16213427821390863,-0.043269826502073554,0.0007567567567567567,0.1910342133567565,0.16213427821390863,-0.03720161987002939,0.0,0.19343889820782448,0.16213427821390863,-0.030622757332166656,0.0,0.19385804724567438,0.16213427821390863,-0.03166030559395949,0.0,0.19450447410102972,0.16213427821390863,-0.0270287056802772,0.0,0.191714359157971,0.16213427821390863,-0.041046105537679976,0.0,-0.0024783252388453914,0.0,-0.006076495672459714,0.1963694891060044,0
57,0.18749478404487646,0.14414368061629151,-0.036279258406721054,0.0,0.18550199678115556,0.14414368061629151,-0.04067807246232405,0.0,0.18192704456629866,0.14414368061629151,-0.04880926049780101,0.0,0.18365127930294842,0.14414368061629151,-0.05343534801097121,0.0034653173170393005,0.18651564514962307,0.14414368061629151,-0.029242551503702998,0.0,0.18579158333397136,0.14414368061629151,-0.038312364815210456,0.0,0.1881448314626712,0.14414368061629151,-0.02955479895346798,0.058028656126482205,0.1861469767540198,0.14414368061629151,-0.038943419938441366,0.0,-0.0013478072908566507,0.0,-0.002664161531720312,0.19839578681898995,0
58,0.18672311774231887,0.1601643483220177,-0.046564812830183655,0.0,0.18889781310195333,0.1601643483220177,-0.03684763212659163,0.0013333333333333335,0.185620215884071,0.1601643483220177,-0.038991017455700785,0.0,0.18925930483332234,0.1601643483220177,-0.034729962047422305,0.0,0.18629529591337465,0.1601643483220177,-0.050698353667976336,0.0,0.18721990426561644,0.1601643483220177,-0.04335673208814114,0.0034653173170393005,0.1897286631684556,0.1601643483220177,-0.03348638767842203,0.0,0.18602446526941585,0.1601643483220177,-0.04511564193642698,0.0,-0.0006986524729030164,0.0,0.0014491708937566725,0.20008705268402047,0
59,0.1866769880500014,0.11015624019478733,-0.039612734557595106,0.0,0.18637854568123705,0.11015624019478733,-0.039287770874798296,0.0,0.18472377882064184,0.11015624019478733,-0.042615762492641804,0.0,0.18826397601027534,0.11015624019478733,-0.03588962314883247,0.0,0.18611181090248802,0.11015624019478733,-0.04026017550844699,0.0,0.18586828505784053,0.11015624019478733,-0.0462806794885546,0.0,0.1893199918172406,0.11015624019478733,-0.03272294136346318,0.0,0.1868066444911741,0.11015624019478733,-0.04233444136218168,0.0,0.0001296564411726875,0.0,-0.0027217068045865753,0.1999371839828497,0
60,0.18753963680099484,0.16477400202867426,-0.04480295302244485,0.045,0.18760021104899552,0.16477400202867426,-0.0400354754505679,0.0,0.19148118789143417,0.16477400202867426,-0.03176722403848544,0.0007567567567567567,0.1874478358723166,0.16477400202867426,-0.04393959703622386,0.0,0.18934102306552972,0.16477400202867426,-0.030081501069944352,0.0,0.18866402367353732,0.16477400202867426,-0.037625674598384645,0.0013333333333333335,0.1879828234019208,0.16477400202867426,-0.04629287570307497,0.0,0.18663278615749235,0.16477400202867426,-0.04249794339295477,0.0,-0.0009068506435024881,0.0,0.002305009629490082,0.20007755125467486,0
61,0.20243243176121326,0.1695064729629777,-0.026105111315482644,0.00573635881433108,0.20209556682316787,0.1695064729629777,-0.02993096778707695,0.02270200245135682,0.19964279810245897,0.1695064729629777,-0.03086804439139087,0.0,0.2003835874424559,0.1695064729629777,-0.03584219625452533,0.003109310697911028,0.19931643599092258,0.1695064729629777,-0.03940183061175048,0.006724857349209096,0.20276407149098089,0.1695064729629777,-0.038684516439097934,0.0007567567567567567,0.20370257067321831,0.1695064729629777,-0.028395842868558247,0.0,0.19756881247685523,0.1695064729629777,-0.04522003359394148,0.0,-0.004863619284358023,0.0,-0.019114922278458835,0.19066361252804956,0
62,0.24427378086912105,0.20673823034114844,-0.02346537039287796,0.008709244872178015,0.2448665629474463,0.20673823034114844,-0.044715721453540025,0.00625984251968504,0.24028662677636103,0.20673823034114844,-0.033224642551358555,0.00625984251968504,0.2429255582187094,0.20673823034114844,-0.03609745380934328,0.00625984251968504,0.24233420665259142,0.20673823034114844,-0.03672161295078695,0.00625984251968504,0.24193115546245852,0.20673823034114844,-0.03731082946702372,0.00625984251968504,0.2405938570509042,0.20673823034114844,-0.047137427240959366,0.00625984251968504,0.24127373087911513,0.20673823034114844,-0.03123854110832326,0.00625984251968504,-0.003000049990005915,0.0,-0.007773170715445303,0.19540449943353658,0
63,0.192667522342401,0.14422944814182218,-0.034043328114348695,0.0026080368906455866,0.19407814048053196,0.14422944814182218,-0.02871274336328497,0.0007567567567567567,0.19045020387347478,0.14422944814182218,-0.028411292070522905,0.0,0.18929149876242998,0.14422944814182218,-0.04692962613189593,0.0,0.18924945708911292,0.14422944814182218,-0.041952408080687745,0.02147670600866907,0.19390821717477758,0.14422944814182218,-0.029057532468577847,0.0,0.1952673789582881,0.14422944814182218,-0.03654512929031625,0.0007567567567567567,0.1888446174666661,0.14422944814182218,-0.04077343824028503,0.0,-0.003822904875734917,0.0,-0.006730110125936335,0.1947937499927231,0
64,0.4647780372209015,0.2573072421364325,0.18261168014258147,0.0,0.4719523204424065,0.2573072421364325,0.19334306251257657,0.0,0.46866289743500694,0.2573072421364325,0.18723376463633032,0.0,0.47081235212512673,0.2573072421364325,0.1923699129372835,0.0,0.47466879383937954,0.2573072421364325,0.2014969257917255,0.0,0.48539627080508424,0.2573072421364325,0.19423786371946336,0.0,0.47196208044491306,0.2573072421364325,0.19788793879561126,0.0,0.473052007916625,0.2573072421364325,0.20342098955065013,0.0,0.008273970695723498,0.0,0.02080930940806866,0.21427708131094142,0
65,0.6099871545291402,0.9762785651321639,0.19584097791463137,0.0,0.6277554951377706,0.9762785651321639,0.20791203368455172,0.0,0.622222567065729,0.9762785651321639,0.2002140837535262,0.0,0.6241284952390496,0.9762785651321639,0.21096904430538416,0.0,0.6205712537556538,0.9762785651321639,0.20236086070537568,0.0,0.6204585968808796,0.9762785651321639,0.21210357129573823,0.0,0.6274153097382295,0.9762785651321639,0.21268229320645332,0.0,0.6228143052484432,0.9762785651321639,0.22156400345498695,0.0,0.01282715071930296,0.0,0.025723025540355576,0.22027467060446299,0
66,0.5146863593477735,0.5049159447692227,0.18995838094502687,0.0,0.5087901324277474,0.5049159447692227,0.197080140337348,0.0,0.5183358397699629,0.5049159447692227,0.19964926600456237,0.0,0.5121819605197042,0.5049159447692227,0.19878262290731072,0.0,0.5195964509167291,0.5049159447692227,0.1940308941155672,0.0,0.5122620611722016,0.5049159447692227,0.19437453389167786,0.0,0.51594004515498,0.5049159447692227,0.20636484429240226,0.0,0.5112321172844924,0.5049159447692227,0.20589999692514538,0.0,-0.0034542420632811544,0.0,0.015941615980118506,0.20073678321408533,0
67,0.4971947185628174,0.4959302765866736,0.19637989846989512,0.0,0.5066050251285227,0.4959302765866736,0.20512040980160237,0.0,0.4923562615841401,0.4959302765866736,0.22158316003158687,0.0,0.5032408542459544,0.4959302765866736,0.18407256717793644,0.0008057851239669422,0.5017744265341997,0.4959302765866736,0.21760254941880702,0.0,0.49855823033115143,0.4959302765866736,0.18994577281177044,0.0,0.49599331096349575,0.4959302765866736,0.1998482044041157,0.0,0.498349901581779,0.4959302765866736,0.18247758712619544,0.0008057851239669422,0.0011551830189616141,0.0,-0.01390231134369968,0.1982774650725955,0
68,0.5459537746327996,0.9500678435592774,0.20050942189991475,0.0045803258212871985,0.5464530515075359,0.9500678435592774,0.21342053212225437,0.00966951256039991,0.54891720771922,0.9500678435592774,0.22014435552060604,0.007154465232050916,0.5496833889320368,0.9500678435592774,0.18456778148189187,0.0059963034869476494,0.5419673046491328,0.9500678435592774,0.20480765398591758,0.008794465232050916,0.5562358256153358,0.9500678435592774,0.21100941874086857,0.0045803258212871985,0.5326651214908287,0.9500678435592774,0.19454143106937408,0.007821302081426763,0.5429412492617545,0.9500678435592774,0.20629651736468077,0.007821302081426763,-0.003012525371045127,0.0,0.005787095464766023,0.1987138256197582,0
69,0.21983805341874432,0.1420518750554844,-0.03193153902509948,0.0034653173170393005,0.218166224278971,0.1420518750554844,-0.02980914300074801,0.0,0.2160893882350627,0.1420518750554844,-0.03701157793519087,0.0034653173170393005,0.22008417692276905,0.1420518750554844,-0.03658674908452667,0.0013333333333333335,0.2180045462762707,0.1420518750554844,-0.03878592651570216,0.0013333333333333335,0.22187462195253135,0.1420518750554844,-0.031784734656394,0.0,0.21715115723941222,0.1420518750554844,-0.04056099892462953,0.0,0.21756887511655393,0.1420518750554844,-0.03514002308802446,0.0,-0.0022691783021903944,0.0,-0.0032084840629249822,0.19729238636276758,0
70,0.19271228009064503,0.15801973578633488,-0.04086744145024568,0.0016447368421052633,0.19177511083317733,0.15801973578633488,-0.047057516672648486,0.0007567567567567567,0.18960572035156534,0.15801973578633488,-0.03650201931926858,0.0,0.19228219332010543,0.15801973578633488,-0.03286437893053517,0.0034653173170393005,0.19068199508461067,0.15801973578633488,-0.0397944169837865,0.0,0.19300585117476377,0.15801973578633488,-0.03783034786698408,0.0,0.19018631990315976,0.15801973578633488,-0.047884112580213696,0.0,0.18990324183981733,0.15801973578633488,-0.049264498553238806,0.0,-0.0028090382508277056,0.0,-0.008397057102993127,0.19545273838808183,0
71,0.19112575978857865,0.1303520406893995,-0.03779049176257104,0.0,0.19114504263156545,0.1303520406893995,-0.04037848026491701,0.0007567567567567567,0.18630585244619194,0.1303520406893995,-0.044402051294455305,0.0,0.19027162934164024,0.1303520406893995,-0.03385189771419391,0.0,0.19005074029112187,0.1303520406893995,-0.03244599285535514,0.0,0.1919769963612114,0.1303520406893995,-0.03174348765984178,0.0,0.19108636514336771,0.1303520406893995,-0.03840813352318946,0.0,0.1880913132000468,0.1303520406893995,-0.03951846660056617,0.0,-0.0030344465885318583,0.0,-0.0017279748379951318,0.1968494461953952,0
72,0.20120737022523058,0.18452329761161562,-0.03918195225880481,0.0,0.20028981831497242,0.18452329761161565,-0.03768421628978103,0.0,0.19779390317111775,0.18452329761161565,-0.04957902271395142,0.0,0.19988608009360928,0.18452329761161562,-0.044454154369886964,0.0,0.20151184521325358,0.18452329761161562,-0.031396101738864673,0.0,0.19944612329554678,0.18452329761161565,-0.04784043489373289,0.0,0.19961237951947103,0.18452329761161565,-0.04728561694966629,0.0,0.19891954989782282,0.18452329761161565,-0.04950629462662619,0.0,-0.0022878203274077635,2.7755575615628914e-17,-0.010324342367821378,0.19552927201002823,0
73,0.24151304405635846,0.32018710266079514,-0.03080369150644401,0.02334343914226126,0.23927310243339733,0.32018710266079514,-0.0390129795789835,0.02334343914226126,0.24051604294170617,0.32018710266079514,-0.032393268049927426,0.03091440405454196,0.24142989146892388,0.32018710266079514,-0.031062895668737836,0.02334343914226126,0.2394421902079732,0.32018710266079514,-0.03868191061192192,0.02680875645930056,0.244389117425656,0.32018710266079514,-0.030395584031939506,0.02841440405454196,0.24149921105143757,0.32018710266079514,-0.03089083894563373,0.028486772475594592,0.23832807332101483,0.32018710266079514,-0.04005552682210691,0.024988175984366517,-0.0031849707353436285,0.0,-0.009251835315662902,0.1948475179058975,0
74,0.20230744110809534,0.159900780839162,-0.0552052362379618,0.0,0.2064080106289032,0.159900780839162,-0.03458976769834408,0.0034653173170393005,0.20414659603204663,0.159900780839162,-0.04040019971842412,0.0,0.20275124052094182,0.159900780839162,-0.05023049490846461,0.0,0.2031530736099767,0.159900780839162,-0.04418784114066512,0.0,0.20651401184299897,0.159900780839162,-0.032434033376630395,0.0,0.20673010100013864,0.159900780839162,-0.03798326043244742,0.0,0.20298806456215826,0.159900780839162,-0.04251799376681447,0.0,0.0006806234540629175,0.0,0.01268724247114733,0.20429266498023704,0
75,0.2041097153495739,0.1997707482046862,-0.032690685131965436,0.0,0.2022250237858614,0.1997707482046862,-0.04193797479267232,0.0,0.19930642454304134,0.1997707482046862,-0.04507364549557678,0.0,0.2008229289645553,0.1997707482046862,-0.04207318016095087,0.0,0.20102033494717908,0.1997707482046862,-0.03871274655801244,0.0,0.20128517561268347,0.1997707482046862,-0.04241069729614537,0.0,0.20085451609941335,0.1997707482046862,-0.046527226738398896,0.0,0.20166333824969945,0.1997707482046862,-0.03270996298175305,0.0,-0.0024463770998744416,0.0,-1.9277849787613377e-05,0.19788723017952403,0
76,0.1899085960704794,0.11707664006646092,-0.04379508866812103,0.0,0.19560069032888003,0.11707664006646092,-0.027874834070389626,0.0007567567567567567,0.19004096626564554,0.11707664006646092,-0.03684528974932619,0.0,0.19048178535003474,0.11707664006646092,-0.04239709394401871,0.0,0.18980934984158684,0.11707664006646092,-0.04424170898622833,0.0,0.19248316418712083,0.11707664006646092,-0.036217342461459336,0.0,0.19351328182062,0.11707664006646092,-0.03216063149448019,0.0,0.19117741604116234,0.11707664006646092,-0.03829764881869778,0.006790745297067147,0.0012688199706829273,0.0,0.005497439849423247,0.20315032217321033,0
77,0.4590713383897859,0.5370572583092086,0.221340143494308,0.003768963804430919,0.4686918230532438,0.5370572583092086,0.21545548979192972,0.002549701509348952,0.457643834907886,0.5370572583092086,0.19595851067453623,0.00540896380443092,0.4635463382631165,0.5370572583092086,0.19929506398737432,0.003768963804430919,0.4597523662693427,0.5370572583092086,0.2148892953619361,0.009588523033081057,0.47200242406768467,0.5370572583092086,0.21234930284321307,0.002549701509348952,0.47501622042389324,0.5370572583092086,0.2087097668647766,0.008039747522876976,0.47470328910055637,0.5370572583092086,0.19836128871887923,0.005180485227795009,0.015631950710770448,0.0,-0.02297885477542877,0.21129494535232285,0
78,0.5827632023157028,0.7398568801944275,0.1897733834583778,0.0,0.5990009932188872,0.7398568801944275,0.2017608539760113,0.0,0.582526015353154,0.7398568801944275,0.21748480703681708,0.0017048710601719197,0.5906418062333174,0.7398568801944275,0.20473883397877216,0.0,0.5868239022886749,0.7398568801944275,0.18275854893028737,0.0008057851239669422,0.5993308168043644,0.7398568801944275,0.20104972782544792,0.0,0.5809183431526374,0.7398568801944275,0.21294970162212848,0.0017048710601719197,0.6007715874120503,0.7398568801944275,0.19350392084568738,0.0,0.0180083850963475,0.0,0.0037305373873095793,0.22034107774453196,0
79,0.5020518647517103,0.48076098446054,0.1899192093871534,0.0,0.5083971327385148,0.48076098446054,0.1951782085839659,0.0,0.5078989164902015,0.48076098446054,0.19403712294064462,0.0,0.5121917116006208,0.48076098446054,0.1943202656507492,0.0,0.5023911897747125,0.48076098446054,0.2214582645893097,0.0033790349839445664,0.5151881630570018,0.48076098446054,0.19813766349107026,0.0,0.513521270196368,0.48076098446054,0.20640145994722844,0.0,0.5087073072702346,0.48076098446054,0.18669546738266946,0.0,0.006655442518524346,0.0,-0.0032237420044839427,0.206684626272665,0
80,0.5087747872833087,0.5028594567057707,0.19154451511800288,0.0,0.5062596721603713,0.5028594567057707,0.19982894801534712,0.0,0.5131422405547374,0.5028594567057707,0.1857981872931123,0.0,0.5140527861912799,0.5028594567057707,0.20586884446442127,0.0,0.514172089099476,0.5028594567057707,0.19856000871863216,0.0,0.5141802911172023,0.5028594567057707,0.20150660514831542,0.0,0.5183691998388452,0.5028594567057707,0.19099283784627916,0.0,0.5173579898396659,0.5028594567057707,0.18212957410141825,0.0008057851239669422,0.008583202556357139,0.0,-0.009414941016584633,0.20719726884556944,0
81,0.6360278591301993,0.909517032550216,0.191725699827075,0.00293502979033065,0.6483998367761232,0.909517032550216,0.2019791678339243,0.00123015873015873,0.6429411477469397,0.909517032550216,0.19092683650553227,0.00123015873015873,0.6568560365325699,0.909517032550216,0.20760136917233468,0.00123015873015873,0.6432360701164446,0.909517032550216,0.2076535688713193,0.00293502979033065,0.6526690271602467,0.909517032550216,0.18361701287329196,0.0020359438541256727,0.6545201647912856,0.909517032550216,0.21245085090398788,0.0024644683535896923,0.6522210784223358,0.909517032550216,0.21168667651712894,0.00123015873015873,0.016193219292136463,0.0,0.01996097669005395,0.22240673453553242,0
82,0.6519345500319728,0.8238210498627959,0.2095678397640586,0.0019383697813121273,0.6584751326253121,0.8238210498627959,0.20039206000976265,0.0019383697813121273,0.6554976204829193,0.8238210498627959,0.19257815405726433,0.0019383697813121273,0.6601076382057685,0.8238210498627959,0.20475886657834053,0.0019383697813121273,0.6509864647507587,0.8238210498627959,0.205812432654202,0.0019383697813121273,0.6455457948973277,0.8238210498627959,0.18317566957324743,0.002744154905279069,0.652559061525145,0.8238210498627959,0.21350485311821102,0.0019383697813121273,0.6604582100185277,0.8238210498627959,0.20048971785232425,0.0019383697813121273,0.00852365998655491,0.0,-0.00907812191173435,0.20721710704087984,0
83,0.5558098186563576,0.6710125292054089,0.21337629783898593,0.0025235905637744902,0.557192835859445,0.6710125292054089,0.2008234202116728,0.0025235905637744902,0.5556802133816799,0.6710125292054089,0.2088816863670945,0.0025235905637744902,0.5627201332173494,0.6710125292054089,0.2056577447988093,0.0016219512195121955,0.552730406687253,0.6710125292054089,0.18779832249507308,0.0025235905637744902,0.5577662147861455,0.6710125292054089,0.19536716785281896,0.0016219512195121955,0.5601181851410969,0.6710125292054089,0.20678220402449368,0.0016219512195121955,0.5613882432910419,0.6710125292054089,0.20694156162440777,0.0016219512195121955,0.005578424634684276,0.0,-0.006434736214578157,0.2047639854336031,0
84,0.23043517503337718,0.15059009960866082,-0.039178544797468934,0.0,0.23041059720691132,0.15059009960866082,-0.04862243153780582,0.0007567567567567567,0.23153794794410953,0.15059009960866082,-0.03781641514520743,0.0,0.23127418622762588,0.15059009960866082,-0.04220230245962739,0.0,0.2323720712313508,0.15059009960866082,-0.03450572578408355,0.0,0.23407052023931613,0.15059009960866082,-0.03369697046466172,0.0,0.2266301796516937,0.15059009960866082,-0.042060773649718615,0.0,0.23469667588740745,0.15059009960866082,-0.042206834341050124,0.0,0.004261500854030265,0.0,-0.0030282895435811905,0.2042121362656137,0
85,0.22080475561726814,0.0,-0.16779714468866586,0.0,0.21200191730103252,0.0,-0.16427565909572878,0.0,0.23197353895881498,0.0,-0.15021486333571374,0.0,0.2080394949528004,0.0,-0.2391533113270998,0.0,0.22451209743811487,0.0,-0.18079338429495692,0.0,0.2607791490029649,0.0,-0.04501945044845343,0.0,0.1721049517692193,0.0,-0.33435779785737396,0.0,0.2542530641228571,0.0,-0.05497111262753606,0.0,0.03344830850558894,0.0,0.11282603206112979,0.26332643402377426,0
86,0.23060258665618474,0.0,-0.1661713555082679,0.0,0.2376251118036946,0.0,-0.1344142351206392,0.0,0.19553826503708785,0.0,-0.2861896695010364,0.0,0.23952477108461254,0.0,-0.1236641662218608,0.0,0.2225801423971267,0.0,-0.1056305296253413,0.0,0.21943295440576968,0.0,-0.1896150204888545,0.0,0.22120523662111136,0.0,-0.16688045321032405,0.0,0.22156166505974295,0.0,-0.17863559566903858,0.0,-0.009040921596441792,0.0,-0.01246424016077069,0.1878951971608384,0
87,0.2504897102039626,0.0,-0.07368782165227458,0.0,0.20664442925080742,0.0,-0.21378553753718735,0.0,0.21748385628193606,0.0,-0.1650200833962299,0.0,0.21319323746576097,0.0,-0.2387394728884101,0.0,0.2240184057047133,0.0,-0.1597033165022731,0.0,0.21742010752199578,0.0,-0.20411002669949085,0.0,0.22803541736768562,0.0,-0.12639095798134803,0.0,0.2238172702209955,0.0,-0.16711826264858246,0.0,-0.02667243998296709,0.0,-0.09343044099630787,0.14949457792363474,0
88,0.20336864447034897,0.1707465549281042,-0.024736431440105663,0.001174698795180723,0.19600897773773315,0.17074655492810423,-0.037776089247199704,0.0,0.19772449472263995,0.17074655492810423,-0.03429843696616444,0.0,0.20367277033952905,0.1707465549281042,-0.033047236833663195,0.019741089517118476,0.19945781003788626,0.1707465549281042,-0.032400939763174395,0.0,0.19534407499418188,0.17074655492810423,-0.04707090140036598,0.0,0.1988714493587271,0.17074655492810423,-0.0406400748208398,0.0,0.20137749308958194,0.17074655492810423,-0.031498789897596,0.0,-0.0019911513807670256,2.7755575615628914e-17,-0.006762358457490333,0.19671434699333903,0
89,0.1907159120554741,0.16777642186147212,-0.03564618431613781,0.0007567567567567567,0.18729172401407873,0.16777642186147212,-0.03995438354322687,0.0,0.18741569580795983,0.16777642186147212,-0.035701838716631754,0.0,0.1889441525146354,0.16777642186147212,-0.03137946718954481,0.0,0.18639866128772153,0.16777642186147212,-0.043511662658129356,0.0,0.18779371010338733,0.16777642186147212,-0.044925385024398565,0.0,0.19127250959391462,0.16777642186147212,-0.023570906927343458,0.001174698795180723,0.1892242338033253,0.16777642186147212,-0.03203121171478415,0.0,-0.0014916782521488259,0.0,0.0036149726013536554,0.1997827955257203,0
90,0.19033044836501273,0.1783216257971321,-0.0497617619659286,0.0,0.18945224354958176,0.1783216257971321,-0.04947513147519203,0.0,0.19269771824255202,0.1783216257971321,-0.030863853651826503,0.0,0.19534964065818675,0.1783216257971321,-0.028833749485202134,0.0,0.19313656206720428,0.1783216257971321,-0.030274403163930402,0.0,0.19100483804950033,0.1783216257971321,-0.044663416199036875,0.0034653173170393005,0.1941143660758468,0.1783216257971321,-0.03334648045711219,0.0034653173170393005,0.19387612376070357,0.1783216257971321,-0.03232538810116239,0.0,0.0035456753956908393,0.0,0.017436373864766215,0.20847264138490662,0
91,0.1941163294006448,0.16755812263585415,-0.03139586059078283,0.0,0.19511719027592342,0.16755812263585415,-0.023250236860476434,0.020522410550976235,0.1898197927599219,0.16755812263585415,-0.04888925247651059,0.0,0.1949920122530477,0.16755812263585415,-0.03723487835668493,0.0,0.1945961861357188,0.16755812263585415,-0.02865994932537433,0.0,0.19318889989058788,0.16755812263585415,-0.037814190082717684,0.0,0.19604424729458234,0.16755812263585415,-0.03346588966698619,0.0,0.19363880240249562,0.16755812263585415,-0.030949657615710748,0.0,-0.0004775269981491803,0.0,0.0004462029750720818,0.20007411541014428,0
92,0.1777798001120381,0.12528714598822419,-0.05031901544425636,0.0,0.1801293155034738,0.12528714598822419,-0.03390348563203588,0.0034653173170393005,0.18006603582615582,0.12528714598822419,-0.03476360698696226,0.0,0.1797814299355109,0.12528714598822419,-0.03877215926186182,0.0,0.1784314270428564,0.12528714598822419,-0.04450137624749914,0.0,0.18077071178889384,0.12528714598822419,-0.033075481183186636,0.0,0.1836272158859263,0.12528714598822419,-0.034796567870944276,0.0007567567567567567,0.18013142834466989,0.12528714598822419,-0.03736975048945169,0.0,0.002351628232631797,0.0,0.012949264954804675,0.206116123841889,0
93,0.19301017397070505,0.1322780588504742,-0.02922178035019897,0.05147670600866907,0.19147017004919792,0.1322780588504742,-0.02726810788124567,0.0,0.19039242092174175,0.1322780588504742,-0.03629991101566702,0.0073037595790547225,0.19000961003942993,0.1322780588504742,-0.039537938610010315,0.025,0.19544158731982608,0.1322780588504742,-0.028071726220223355,0.005177854526911131,0.19100123180101125,0.1322780588504742,-0.03538093821087387,0.0,0.1916837628299388,0.1322780588504742,-0.03967676130123436,0.0,0.19106544191993105,0.1322780588504742,-0.025755037193739554,0.0,-0.0019447320507740007,0.0,0.003466743156459416,0.19926949515687187,0
94,0.1831011289438386,0.1260110257536504,-0.029783254570211283,0.0,0.181130782078336,0.1260110257536504,-0.036395134558260905,0.0,0.1823853122375984,0.1260110257536504,-0.029428894881275484,0.0,0.18400845804112478,0.1260110257536504,-0.030850007454282603,0.0,0.18176888619814752,0.1260110257536504,-0.03244533343997318,0.0,0.18274955809032548,0.1260110257536504,-0.032861735592014156,0.0034653173170393005,0.18290811134616464,0.1260110257536504,-0.04041898162846337,0.0,0.1789079235032001,0.1260110257536504,-0.04444836547889281,0.0,-0.004193205440638503,0.0,-0.014665110908681528,0.19245970240909588,0
95,0.17230467091320584,0.12350653218936482,-0.033610573344485604,0.0,0.17017107844748725,0.12350653218936482,-0.04018419042811729,0.0034653173170393005,0.1684348507626499,0.12350653218936482,-0.04427775464180741,0.0,0.17249053277434365,0.12350653218936482,-0.03915393083589151,0.0,0.16943177640834758,0.12350653218936482,-0.05066141560433607,0.0,0.17211741894372162,0.12350653218936482,-0.03582915817212779,0.0,0.17192417354319942,0.12350653218936482,-0.037162546460458544,0.0,0.16960310141486776,0.12350653218936482,-0.03934562547743553,0.0013333333333333335,-0.00270156949833808,0.0,-0.005735052132949926,0.19621811269289993,0
96,0.6139293284166712,1.005995558607818,0.20290808483958245,0.0,0.6153917954041334,1.005995558607818,0.20140113309025764,0.0,0.6254419873956137,1.005995558607818,0.19741615026257933,0.0,0.6236580564716158,1.005995558607818,0.1893110455200076,0.0,0.6158002159621827,1.005995558607818,0.2071994411200285,0.0,0.6187471930768697,1.005995558607818,0.22582192346453667,0.002900707898658718,0.6218368268234693,1.005995558607818,0.17500838976353406,0.0008057851239669422,0.6183415044603324,1.005995558607818,0.19340891756117343,0.0,0.004412176043661176,0.0,-0.00949916727840902,0.2027853112121077,0
97,0.5194066593420735,0.5058783793053133,0.20353007785975932,0.0,0.5175481075145223,0.5058783793053133,0.18866636574268342,0.0,0.521876678283997,0.5058783793053133,0.2079403194412589,0.0,0.5114818255434183,0.5058783793053133,0.19571902558207513,0.0,0.5063281782068936,0.5058783793053133,0.18962940387427807,0.0,0.5201974390805827,0.5058783793053133,0.18935141786932946,0.0,0.5211174817198001,0.5058783793053133,0.1981782145611942,0.0,0.5102837152397869,0.5058783793053133,0.1954361430928111,0.0,-0.009122944102286645,0.0,-0.008093934766948224,0.18887963034942395,0
98,0.6460851661195499,0.9014366415838866,0.18579252101480961,0.00123015873015873,0.6519152149909186,0.9014366415838866,0.2107644833996892,0.00123015873015873,0.6445003693482606,0.9014366415838866,0.21982873998582364,0.00293502979033065,0.6416256290237455,0.9014366415838866,0.2117690286040306,0.004674720511980135,0.650623041237434,0.9014366415838866,0.18861329164355994,0.00123015873015873,0.6492494584488806,0.9014366415838866,0.20891502160578967,0.00123015873015873,0.6510239379034187,0.9014366415838866,0.20463404381647707,0.00123015873015873,0.6545938304493255,0.9014366415838866,0.2005031958222389,0.00123015873015873,0.008508664329775595,0.0,0.014710674807429297,0.21302991709797967,0
99,0.5996074180536163,0.6194545376874186,0.20348997049033643,0.0,0.5951742389563646,0.6194545376874186,0.18243282061070204,0.0008057851239669422,0.5970551860374974,0.6194545376874186,0.21788648545742034,0.0,0.589142355425488,0.6194545376874186,0.21514618940651417,0.0017048710601719197,0.5820931828313308,0.6194545376874186,0.20747410465031862,0.0017048710601719197,0.5917119608065047,0.6194545376874186,0.2133262309804559,0.0,0.6014227766590703,0.6194545376874186,0.2053168699890375,0.0,0.5847698389381534,0.6194545376874186,0.19503612525761127,0.0017048710601719197,-0.014837579115462907,0.0,-0.00845384523272516,0.18277499130083452,0
100,0.45547602244918617,0.40554061383413975,0.21288673147559167,0.0023278008298755187,0.46309376344946673,0.40554061383413975,0.20000429867999628,0.0,0.4574578472902034,0.40554061383413975,0.19409035745076836,0.0,0.4720219926965347,0.40554061383413975,0.2168103126809001,0.0,0.4572088682141451,0.40554061383413975,0.21392884030938147,0.0,0.47573419101975717,0.40554061383413975,0.21513999059796332,0.0,0.46417880158485125,0.40554061383413975,0.19544266492128373,0.0,0.4723886934571581,0.40554061383413975,0.203390900362283,0.0,0.016912671007971947,0.0,-0.009495831113308678,0.2159468423471827,0
101,0.24848367026130352,0.187798315850312,-0.04014689136762172,0.0007567567567567567,0.24422894741865556,0.187798315850312,-0.04129390182346469,0.0,0.2457211346839135,0.187798315850312,-0.036423101112886797,0.007369647526912771,0.24864233138833206,0.187798315850312,-0.030989132253744174,0.0,0.24911118641869973,0.187798315850312,-0.039479791921621654,0.0007567567567567567,0.25007884311114903,0.187798315850312,-0.03247910675199819,0.0009217877094972068,0.24519171946512183,0.187798315850312,-0.0416507306904532,0.0,0.24887777568014255,0.187798315850312,-0.033262601884853214,0.0,0.0003941054188390247,0.0,0.0068842894827685075,0.20256920734250725,0
102,0.19958301035717238,0.14278947731184005,-0.036551704455632716,0.0,0.19959653996668011,0.14278947731184005,-0.03540502110379748,0.001188212927756654,0.19642291009105012,0.14278947731184005,-0.040846428950317204,0.0013333333333333335,0.19856547143853914,0.14278947731184005,-0.03744095060043037,0.001274703557312253,0.20072368805722793,0.14278947731184005,-0.02740303226368269,0.0,0.20082871832660046,0.14278947731184005,-0.028229839785053626,0.0,0.20096384759332755,0.14278947731184005,-0.02573795069314656,0.0013333333333333335,0.19815367499060116,0.14278947731184005,-0.03500955705705564,0.0,-0.0014293353665712216,0.0,0.0015421473985770748,0.19934055905639342,0
103,0.2402790601849791,0.2662463067025329,-0.03852078865980729,0.02334343914226126,0.23589954061861784,0.2662463067025329,-0.0356661810161313,0.027153439142261256,0.23315717120509297,0.2662463067025329,-0.04027923349756748,0.02171158535636047,0.23505322563113962,0.2662463067025329,-0.04337247201561695,0.027153439142261256,0.23557273179370408,0.2662463067025329,-0.037691493341699245,0.02841440405454196,0.23654187394726792,0.2662463067025329,-0.03609602599470236,0.015023103680967806,0.2360111967883057,0.2662463067025329,-0.03821750591625459,0.027153439142261256,0.23548985894409752,0.2662463067025329,-0.03336161806626478,0.027153439142261256,-0.004789201240881585,0.0,0.005159170593542511,0.1966894632515213,0
104,0.18116208279157567,0.10718313158947554,-0.024562270318274387,0.006911057609511804,0.1788267299690727,0.10718313158947554,-0.03934979212819598,0.0020900900900900905,0.1752640206409023,0.10718313158947554,-0.03497977201943286,0.0,0.17999810810465244,0.10718313158947554,-0.02890050785499625,0.0,0.17773247819383453,0.10718313158947554,-0.03846488224691711,0.0,0.17880834391289488,0.10718313158947554,-0.02957405978930183,0.0034653173170393005,0.17631204796556454,0.10718313158947554,-0.04378174073295668,0.0013333333333333335,0.1740062178295762,0.10718313158947554,-0.04710963522607926,0.0,-0.007155864961999464,0.0,-0.022547364907804877,0.1874093030902385,0
105,0.16833491836116077,0.13947643294519327,-0.0324844028064399,0.0,0.16800305723479347,0.13947643294519327,-0.03615725966286845,0.0,0.16347274864063285,0.13947643294519327,-0.04639487626263872,0.0,0.16612712067843605,0.13947643294519327,-0.04448920252500102,0.0,0.1670154182981524,0.13947643294519327,-0.0367506853472878,0.0,0.16851743428306834,0.13947643294519327,-0.03314644232043065,0.0,0.16771752776055585,0.13947643294519327,-0.0363819426932605,0.0,0.16487150187048913,0.13947643294519327,-0.045445712718646974,0.0,-0.003463416490671639,0.0,-0.012961309912207071,0.19364549123746871,0
106,0.19761238095032127,0.19162840771785983,-0.029785820122342557,0.0,0.19437806671393446,0.19162840771785983,-0.043932159163559845,0.0016447368421052633,0.19393285643523334,0.19162840771785983,-0.03960174908221234,0.0,0.1962281209498654,0.19162840771785983,-0.03686202015727758,0.0,0.1965670129288087,0.19162840771785983,-0.032120600051712245,0.0,0.19831163746281852,0.19162840771785983,-0.03639386326307431,0.0,0.19595581298405265,0.19162840771785983,-0.04130430921562947,0.0,0.19832528678058298,0.19162840771785983,-0.027560790749266744,0.0,0.0007129058302617064,0.0,0.002225029373075813,0.20176325951571739,0
107,0.1842425181554316,0.12250894750167031,-0.04260831167455763,0.0,0.18612536693329734,0.12250894750167031,-0.028300003830809148,0.0,0.18591219052437807,0.12250894750167031,-0.022733800368441734,0.008625452962834167,0.18433226805806932,0.12250894750167031,-0.04098305944353342,0.0,0.18303902377077835,0.12250894750167031,-0.052635768618201836,0.0,0.18605225806009137,0.12250894750167031,-0.041295013916678724,0.0,0.18493883366285702,0.12250894750167031,-0.04063047009753063,0.0,0.1834215473908626,0.12250894750167031,-0.04368727455119369,0.0,-0.0008209707645689956,0.0,-0.001078962876636065,0.19933884492697027,0
108,0.22369838482950188,0.14410634145658627,-0.03366223461111076,0.0,0.2224520180925145,0.14410634145658627,-0.04516397086903453,0.0,0.223668185565126,0.14410634145658627,-0.0252685456031395,0.0,0.223547214008407,0.14410634145658627,-0.041615518080070614,0.0,0.22438367427281153,0.14410634145658627,-0.028494996584486218,0.0,0.22274627917116824,0.14410634145658627,-0.04433190652867779,0.0,0.22505566453915227,0.14410634145658627,-0.03742685791803524,0.009290745297067146,0.22460526319891866,0.14410634145658627,-0.031293854496616404,0.022727332912350417,0.0009068783694167748,0.0,0.0023683801144943548,0.2020025997896492,0
109,0.5384277492306264,0.8810708555153933,0.1925475904904306,0.0,0.5490715340338252,0.8810708555153933,0.21553972147405148,0.0,0.5462186676542136,0.8810708555153933,0.2084924364089966,0.0,0.5448680389251345,0.8810708555153933,0.19233409056905656,0.0,0.5506930730067656,0.8810708555153933,0.19995657823979854,0.0,0.5508875704859282,0.8810708555153933,0.22257882505655288,0.0,0.5421697240059875,0.8810708555153933,0.1972892054077238,0.0,0.5536303422920745,0.8810708555153933,0.1900129427947104,0.0,0.01520259306144811,0.0,-0.0025346476957202047,0.21585203610026174,0
110,0.60203002469496,0.7293748133595145,0.1950522376038134,0.0,0.5964781830944998,0.7293748133595145,0.19254399774596095,0.0,0.5876936816103738,0.7293748133595145,0.20001337176188827,0.0017048710601719197,0.5938994437779872,0.7293748133595145,0.2020614244416356,0.0,0.5944620301511961,0.7293748133595145,0.1982579654455185,0.0,0.60117005676439,0.7293748133595145,0.20798387251794337,0.0,0.5955762978572898,0.7293748133595145,0.22549804663285614,0.0,0.587854936060511,0.7293748133595145,0.1967942924797535,0.0017048710601719197,-0.014175088634449051,0.0,0.0017420548759400911,0.1859706138187569,0
111,0.653629842628613,0.9623359509112667,0.2054396143183112,0.00123015873015873,0.6429354617257564,0.9623359509112667,0.21085837436839938,0.00293502979033065,0.6437934446748779,0.9623359509112667,0.20056415718048812,0.00123015873015873,0.6565192682139743,0.9623359509112667,0.2103110494092107,0.00123015873015873,0.6551404746355828,0.9623359509112667,0.19727677557617426,0.00123015873015873,0.6481940205308996,0.9623359509112667,0.19810944380238651,0.00123015873015873,0.6393000866995682,0.9623359509112667,0.20714875658974052,0.004169339413761612,0.6534235220546476,0.9623359509112667,0.1959967476129532,0.00123015873015873,-0.0002063205739654128,0.0,-0.009442866705358016,0.19793668125471958,0
112,0.4633652520817053,0.35544172568448046,0.20539835281670094,0.0023278008298755187,0.49019552712157827,0.35544172568448046,0.20831043764948845,0.0,0.48586964889001,0.35544172568448046,0.2066391659900546,0.0,0.47582028654417463,0.35544172568448046,0.20253855054965242,0.0,0.47958456805531113,0.35544172568448046,0.18625192871317267,0.0,0.48855187682476137,0.35544172568448046,0.1946550404280424,0.0,0.48058676666558714,0.35544172568448046,0.2062277004122734,0.0,0.4837735896782864,0.35544172568448046,0.19901667190715672,0.0,0.02040833759658106,0.0,-0.006381680909544218,0.22039014563719356,0
113,0.48422220490906076,0.1676154292348975,0.18345420804806054,0.004136946857257898,0.4932727643752692,0.1676154292348975,0.19218374252319337,0.004136946857257898,0.48246937902450465,0.1676154292348975,0.1918250227253884,0.004136946857257898,0.4872053003004619,0.1676154292348975,0.2169110968708992,0.005848537153753855,0.49019314188510305,0.1676154292348975,0.19159699277952313,0.004136946857257898,0.49382165670028744,0.1676154292348975,0.20873314686119557,0.003348537153753855,0.4920760593507474,0.1676154292348975,0.19104450274258852,0.004136946857257898,0.4889147739841561,0.1676154292348975,0.19385149469599128,0.004136946857257898,0.004692569075095354,0.0,0.010397286647930742,0.20795543100443417,0
114,0.6273512199140593,0.8373028706822301,0.19355966843664646,0.0,0.6301201707018268,0.8373028706822301,0.18870321433991194,0.0,0.6312462345578107,0.8373028706822301,0.1873648640885949,0.0,0.6267905782533156,0.8373028706822301,0.19769903197884559,0.0,0.62900670690194,0.8373028706822301,0.20089504413306714,0.0,0.625939110994189,0.8373028706822301,0.20903332449495793,0.0,0.6346901958623068,0.8373028706822301,0.1896876263554441,0.0,0.6306801681584642,0.8373028706822301,0.20520371045917274,0.0,0.0033289482444048835,0.0,0.01164404202252628,0.20682526299897028,0
115,0.564453489741527,0.8717624728354191,0.19946198218269273,0.0,0.5675788629376136,0.8717624728354191,0.18356393355876208,0.0008057851239669422,0.5674645154505038,0.8717624728354191,0.19963215988129376,0.0,0.5644413934810519,0.8717624728354191,0.195736218765378,0.0,0.5566400748218222,0.8717624728354191,0.19605554810957984,0.0,0.5664571335246775,0.8717624728354191,0.2035081150010228,0.0,0.5664429542448952,0.8717624728354191,0.2139943026471883,0.0,0.5626606677867042,0.8717624728354191,0.2073790405318141,0.0,-0.0017928219548227764,0.0,0.007917058349121375,0.20051981974617103,0
116,0.23680893088868826,0.11327281826576702,-0.032546452301321555,0.0,0.2318125611444719,0.11327281826576702,-0.041342231763119346,0.0,0.23549846259853874,0.11327281826576702,-0.028803591853938996,0.0,0.23650878527884328,0.11327281826576702,-0.02430858019510197,0.001174698795180723,0.23524134047070402,0.11327281826576702,-0.03019046951783821,0.0016447368421052633,0.2392478424850147,0.11327281826576702,-0.03459633697289974,0.0,0.2324186666125438,0.11327281826576702,-0.03691629770677537,0.0,0.23566977748846313,0.11327281826576702,-0.03760653647477739,0.0,-0.0011391534002251347,0.0,-0.0050600841734558324,0.19802842530576892,0
117,0.19481677913928955,0.1434308364579505,-0.04639932010046323,0.0,0.19456219300615765,0.1434308364579505,-0.03548470696317963,0.0,0.19496135631282352,0.1434308364579505,-0.04021426917403005,0.0,0.1932294561492072,0.1434308364579505,-0.042638656480121426,0.0,0.1936206406765117,0.1434308364579505,-0.04318480469984934,0.0,0.1998782603540514,0.1434308364579505,-0.03412145322654396,0.0,0.19385546828938954,0.1434308364579505,-0.031760611971585605,0.0,0.1957589212583431,0.1434308364579505,-0.03907400812167907,0.0,0.0009421421190535517,0.0,0.007325311978784159,0.2032542456870634,0
118,0.20659198657965666,0.0,-0.24737359520047902,0.0,0.21126999552271844,0.0,-0.18853510443121194,0.0,0.23410191797168234,0.0,-0.07682987487874925,0.0,0.22226463269552765,0.0,-0.1772661170968786,0.0,0.2220350750458112,0.0,-0.1468959414213896,0.0,0.2311047223972364,0.0,-0.12377704003825783,0.0,0.2216572149810289,0.0,-0.13406108218245208,0.0,0.2289633238015436,0.0,-0.11939395008608698,0.0,0.022371337221886944,0.0,0.12797964511439203,0.2553772813492062,0
119,0.36375573640270387,0.3329943611254685,-0.1294848622381687,0.02457172054998142,0.33800341163789627,0.3329943611254685,-0.15216839123517276,0.01457172054998142,0.3357920599047177,0.3329943611254685,-0.2046170064783655,0.01707172054998142,0.39058078401984825,0.3329943611254685,0.0014995158091187478,0.01707172054998142,0.3519822606763167,0.3329943611254685,-0.1350156139023602,0.01457172054998142,0.31995200682229896,0.3329943611254685,-0.23404188957065344,0.01457172054998142,0.34177563675321804,0.3329943611254685,-0.17974240499548613,0.01457172054998142,0.36867067062417525,0.3329943611254685,-0.08742394944652915,0.01457172054998142,0.004914934221471379,0.0,0.042060912791639565,0.2159475847663111,0
120,0.20243730742398314,0.15052225505691272,-0.039084578256588426,0.0,0.19188818543504152,0.15052225505691272,-0.03946366610529367,0.0,0.19259213890320692,0.15052225505691272,-0.04289989393546421,0.001188212927756654,0.19951816337336437,0.15052225505691272,-0.046066989570172155,0.0,0.19739635325026553,0.15052225505691272,-0.03127417389405309,0.0,0.19656873114362178,0.15052225505691272,-0.028815006976947187,0.0,0.20223106843367544,0.15052225505691272,-0.034798621777445075,0.0007567567567567567,0.19763522780785803,0.15052225505691272,-0.04452101710019633,0.0,-0.00480207961612511,0.0,-0.0054364388436079075,0.19407982782821057,0
121,0.1886808161544295,0.15422544134587696,-0.04756470520907897,0.0,0.1832342598986409,0.15422544134587696,-0.05029637858562637,0.0,0.18697608840329047,0.15422544134587696,-0.04075544662773609,0.0,0.1888180414209142,0.15422544134587696,-0.04141478520279634,0.0,0.18910497597303902,0.15422544134587696,-0.03256129698129371,0.0,0.18987412866094638,0.15422544134587696,-0.0390751588990679,0.0013333333333333335,0.1927200620062446,0.15422544134587696,-0.023697705490048973,0.001174698795180723,0.1871048097930265,0.15422544134587696,-0.043372412041062486,0.0,-0.0015760063614030095,0.0,0.004192293168016482,0.1998354654441279,0
122,0.2025102111420056,0.1576009460161573,-0.04560101477662101,0.0,0.20130417527790642,0.1576009460161573,-0.03973588521592319,0.0,0.20129000225688315,0.1576009460161573,-0.03632682104129344,0.0,0.20300615099119027,0.1576009460161573,-0.03564200286753476,0.0,0.20573859135830655,0.1576009460161573,-0.022745947994408197,0.001174698795180723,0.2033971237110205,0.1576009460161573,-0.03243352574114397,0.0034653173170393005,0.2051886859107925,0.1576009460161573,-0.0267937807252747,0.0,0.20320673660963,0.1576009460161573,-0.03630822632444506,0.07302865612648221,0.0006965254676244148,0.0,0.009292788452175953,0.2034777167559713,0
123,0.20274379135250353,0.16337946536586848,-0.03495425345638068,0.0,0.20494412277104512,0.16337946536586848,-0.03304316624940839,0.0007567567567567567,0.20192912829714152,0.16337946536586848,-0.03740569969639182,0.0,0.20437176659021308,0.16337946536586848,-0.03394800833950285,0.0,0.20130709895591503,0.16337946536586848,-0.04070767673023511,0.0,0.20137668679350498,0.16337946536586848,-0.04195458546675582,0.0,0.20120195190037496,0.16337946536586848,-0.047697814588900656,0.0,0.20193569356249944,0.16337946536586848,-0.033729276652447876,0.0,-0.0008080977900040975,0.0,0.001224976803932805,0.19991689618763117,0
124,0.19605950525031968,0.1322912423947447,-0.029741872444283217,0.0019210977701543742,0.1944444298489611,0.1322912423947447,-0.03573892709420761,0.0,0.19332322667051863,0.1322912423947447,-0.04811213132335979,0.0007567567567567567,0.19505380328679445,0.1322912423947447,-0.04185114854713902,0.0,0.19811821476852484,0.1322912423947447,-0.030254788299789653,0.0020314603140690096,0.19471308331054316,0.1322912423947447,-0.03519924089196138,0.009224857349209097,0.19524077508247287,0.1322912423947447,-0.03622989242896438,0.0034653173170393005,0.19194461606556218,0.1322912423947447,-0.045686583726201206,0.0,-0.0041148891847574975,0.0,-0.01594471128191799,0.19222863445453495,0
125,0.1862287990207113,0.1648264581300227,-0.045599640558939426,0.0,0.1887300782400882,0.1648264581300227,-0.03333889493020251,0.0,0.18628173152096353,0.1648264581300227,-0.03294654671626631,0.0,0.18905235746712107,0.1648264581300227,-0.03634234439348802,0.0,0.1879312209518364,0.1648264581300227,-0.04129675777978264,0.0,0.18859151595020546,0.1648264581300227,-0.033213454893557356,0.0,0.1885575117651029,0.1648264581300227,-0.03389086206450884,0.0,0.18611175207130323,0.1648264581300227,-0.04463192460039864,0.013040118393385805,-0.00011704694940806171,0.0,0.0009677159585407893,0.20058141255020445,0
126,0.20165655954707384,0.14830684470358727,-0.038742650288622824,0.0,0.20003272390786134,0.14830684470358727,-0.04109196210934897,0.0034653173170393005,0.20025281154092556,0.14830684470358727,-0.032747470637550576,0.00573635881433108,0.2026352524889171,0.14830684470358727,-0.03886981217132415,0.0,0.20134433897790516,0.14830684470358727,-0.04288113536662422,0.0,0.20482635682589245,0.14830684470358727,-0.0275244659485179,0.0,0.20163129519200684,0.14830684470358727,-0.0379241748759523,0.0,0.20069892768531855,0.14830684470358727,-0.04060733744496247,0.0,-0.0009576318617552926,0.0,-0.0018646871563396464,0.19900245225629262,0
127,0.1815907072996817,0.10211995026561813,-0.04315106222988106,0.0,0.17852739799841597,0.10211995026561813,-0.04488360851366451,0.0,0.18102262298104924,0.10211995026561813,-0.02467545413208427,0.001174698795180723,0.18243426320023493,0.10211995026561813,-0.030197710532229395,0.0034653173170393005,0.18041266955435756,0.10211995026561813,-0.04177057494875044,0.0,0.18232757305975464,0.10211995026561813,-0.03253717138344655,0.0,0.1818568401384756,0.10211995026561814,-0.039855218078009784,0.0,0.17935365391228153,0.10211995026561813,-0.036779695955337956,0.0,-0.0022370533874001564,0.0,0.006371366274543107,0.19967340923481747,0
128,0.5380765196369257,0.5397868107238951,0.2097258894518018,0.0,0.538655887011865,0.5397868107238951,0.1974774370342493,0.0,0.5318717532451723,0.5397868107238951,0.18426030818372965,0.0008057851239669422,0.5366923635598032,0.5397868107238951,0.1957372074946761,0.0,0.5282246759740435,0.5397868107238951,0.20337576001882554,0.0,0.5288241118773539,0.5397868107238951,0.2043428522348404,0.0,0.5310632949090449,0.5397868107238951,0.2006575625576079,0.0,0.5296772358117997,0.5397868107238951,0.20361698801629247,0.0,-0.008399283825126003,0.0,-0.006108901435509323,0.1901278727879739,0
129,0.588882039887037,0.597986347010352,0.212685864623636,0.0,0.5751139817106646,0.597986347010352,0.19189149163663388,0.0017048710601719197,0.5928544965429686,0.597986347010352,0.1948989624157548,0.0,0.5903792009328478,0.597986347010352,0.18890674214810133,0.0,0.5969129041089564,0.597986347010352,0.20245842017233373,0.0,0.5842951248042176,0.597986347010352,0.18924834415316583,0.0,0.5912859180361199,0.597986347010352,0.20151162050664426,0.0,0.5846530760726989,0.597986347010352,0.21701247446238994,0.0,-0.004228963814338127,0.0,0.0043266098387539365,0.19707530047482,0
130,0.487193179245648,0.32804233308799174,0.21202269256114958,0.0,0.4761562384250055,0.32804233308799174,0.20639964316040277,0.0,0.4842226345027086,0.32804233308799174,0.1941012680530548,0.0,0.48455643321760783,0.32804233308799174,0.21522741103544832,0.0,0.4685934772989863,0.32804233308799174,0.19740472193807362,0.0,0.4770879418907493,0.32804233308799174,0.21262970723211766,0.0,0.4767353456391319,0.32804233308799174,0.20953876417130232,0.0,0.48030407668622976,0.32804233308799174,0.2058497843146324,0.0,-0.006889102559418214,0.0,-0.0061729082465171725,0.1917021323055757,0
131,0.46640055069993597,0.278995161197582,0.19524035532027484,0.0,0.4639336364914987,0.278995161197582,0.20984537731856107,0.0,0.4590127425897416,0.278995161197582,0.19297252169810236,0.0,0.4685650423463031,0.278995161197582,0.2123168259859085,0.0,0.45688406254341996,0.278995161197582,0.1941226739436388,0.0,0.46992142556489025,0.278995161197582,0.21563382897526026,0.0,0.4579000795004839,0.278995161197582,0.18774825174361467,0.0,0.4626115563665481,0.278995161197582,0.19273467596620322,0.0,-0.003788994333387863,0.0,-0.002505679354071616,0.19586449789819838,0
132,0.58839049546037,0.741589927546552,0.18230198591947555,0.0016171471408232216,0.5870564906856607,0.741589927546552,0.2107302653416991,0.0025162330770281995,0.5975905885805329,0.741589927546552,0.19140443809330462,0.0008113620168562793,0.5964130586260467,0.741589927546552,0.18402231682091952,0.0016171471408232216,0.5978370376995106,0.741589927546552,0.19758691392838956,0.0008113620168562793,0.6039351451459973,0.741589927546552,0.21482255076989532,0.0008113620168562793,0.5865095348731535,0.741589927546552,0.19436065543442965,0.0008113620168562793,0.6056971432447701,0.741589927546552,0.20269507825374602,0.0008113620168562793,0.017306647784400053,0.0,0.020393092334270474,0.22368484376430867,0
133,0.4454180816038225,0.500918607769092,0.2056096862256527,0.01243577505152008,0.44423359155753206,0.500918607769092,0.20420956272631885,0.012503610103066472,0.45113827174951937,0.500918607769092,0.2139509106054902,0.010863610103066473,0.4428691603599713,0.500918607769092,0.19575445760041477,0.01282755697213668,0.4557171763766423,0.500918607769092,0.20588955521583557,0.011425879443394743,0.4466133949348136,0.500918607769092,0.20494269777089358,0.009034155266290998,0.4449130499086822,0.500918607769092,0.23146875370293857,0.02443546586431581,0.44840047956377904,0.500918607769092,0.20574821345508099,0.011664938984737052,0.0029823979599565287,0.0,0.00013852722942828133,0.20364139273454007,0
134,0.2101275376984664,0.12888767394141482,-0.03607876494061202,0.0,0.20910304009041092,0.12888767394141482,-0.031799124456883876,0.0,0.20680508465069453,0.12888767394141482,-0.04281183658138616,0.0,0.208940256220015,0.12888767394141482,-0.0388387845971738,0.0,0.2111556610767752,0.12888767394141482,-0.03714621285093017,0.016445005326143517,0.2105329517624427,0.12888767394141482,-0.0334531458793208,0.0034653173170393005,0.20867376874153912,0.12888767394141482,-0.04317490246125089,0.0,0.20809565405995795,0.12888767394141482,-0.04040357822880651,0.0,-0.0020318836385084527,0.0,-0.004324813288194493,0.19726869710782718,0
135,0.204681188790691,0.18329357287585954,-0.040569798988290134,0.0,0.20571059802601277,0.18329357287585954,-0.0291186606278643,0.0,0.20379552780981877,0.18329357287585954,-0.03685533074713021,0.0,0.20437392052241185,0.18329357287585954,-0.037875796286389235,0.0013333333333333335,0.20397927763927545,0.18329357287585954,-0.03812673563035787,0.0,0.2039548101067477,0.18329357287585954,-0.042922855533543046,0.0,0.2051547884479358,0.18329357287585954,-0.03632772173557896,0.0,0.2028150899609549,0.18329357287585954,-0.04216436143149622,0.0013333333333333335,-0.0018660988297360959,0.0,-0.0015945624432060837,0.19811218867731897,0
136,0.1916516066827282,0.18316151288368354,-0.03091606388006767,0.01674919431595084,0.1897322361992705,0.18316151288368354,-0.028951209411025046,0.001274703557312253,0.18509615899805407,0.18316151288368354,-0.04502004314068472,0.0,0.1906677302597952,0.18316151288368354,-0.04122400589440076,0.0007567567567567567,0.19112537651699607,0.18316151288368354,-0.02082599816902075,0.0037827356858263095,0.18963352878330345,0.18316151288368354,-0.033243486811625186,0.001274703557312253,0.18872282085492179,0.18316151288368354,-0.039462406959501095,0.0,0.1902745818859714,0.18316151288368354,-0.03000082788465079,0.0,-0.001377024796756804,0.0,0.0009152359954168778,0.19924203011011668,0
137,0.1489104108431929,0.11988555677683894,-0.042731571584299674,0.0,0.14952044075944557,0.11988555677683894,-0.03893068963719998,0.0,0.1465297232967942,0.11988555677683894,-0.03982710559619591,0.0,0.15154410395318996,0.11988555677683894,-0.033668556316697504,0.018976706008669072,0.15167420882249708,0.11988555677683894,-0.023288721299177268,0.001174698795180723,0.14953176313055289,0.11988555677683894,-0.03898231645056512,0.0,0.15039917760106514,0.11988555677683894,-0.04163338080223184,0.0,0.147379264527945,0.11988555677683894,-0.04377525825984776,0.0,-0.0015311463152478944,0.0,-0.0010436866755480848,0.19859980434084953,0
138,0.18419468124265181,0.11010556906360153,-0.035706114804488605,0.0,0.18180115352776077,0.11010556906360153,-0.04357598389629857,0.0,0.18173494456234549,0.11010556906360153,-0.03647031688131392,0.0,0.18463171688790403,0.11010556906360153,-0.03359130131197162,0.0,0.18504367725745008,0.11010556906360153,-0.04206230615731329,0.0007567567567567567,0.18601477630684482,0.11010556906360153,-0.03403391975851264,0.0,0.18507174774439986,0.11010556906360153,-0.034343329688417724,0.0,0.18661653116544502,0.11010556906360153,-0.030544445861014537,0.0007567567567567567,0.0024218499227932067,0.0,0.005161668943474067,0.204281981168067,0
139,0.2047990742308198,0.10693999932283553,-0.03320337147422833,0.0,0.20453325395358,0.10693999932283553,-0.027551450848695824,0.0,0.20314341247352952,0.10693999932283553,-0.03998631476017181,0.0,0.20507396959734137,0.10693999932283553,-0.03272656162502244,0.0,0.20508571117547675,0.10693999932283553,-0.02897738569707144,0.0,0.20568215289872277,0.10693999932283553,-0.03845393657684326,0.0,0.20365451778527455,0.10693999932283553,-0.041372904954478144,0.0,0.20380787484265514,0.10693999932283553,-0.03530160757480189,0.001188212927756654,-0.0009911993881646652,0.0,-0.0020982361005735597,0.1989098889931683,0
140,0.250506471401444,0.12010640557641902,-0.03974191564484499,0.0,0.24893173115752665,0.12010640557641902,-0.041585365408100185,0.0,0.24968711912446437,0.12010640557641902,-0.03715718918014318,0.0013333333333333335,0.25116017912221,0.12010640557641902,-0.042516305634053425,0.0,0.25077552363155314,0.12010640557641902,-0.04017565159650985,0.0,0.2520530544050103,0.12010640557641902,-0.03568081809207797,0.0,0.24981028980973385,0.12010640557641902,-0.04308846047671978,0.0,0.25260687083452055,0.12010640557641902,-0.02856594595432398,0.0,0.0021003994330765496,0.0,0.011175969690521013,0.2054171434180944,0
141,0.555827071152576,0.6421744568383443,0.19096110619604587,0.0,0.548655088348689,0.6421744568383443,0.19606691971421242,0.0,0.549945564400979,0.6421744568383443,0.20402517151087524,0.0,0.5491672631274326,0.6421744568383443,0.2158013365417719,0.0,0.5502930709341981,0.6421744568383443,0.1790311449021101,0.0008057851239669422,0.5487524607030542,0.6421744568383443,0.2058557695709169,0.0,0.5443548957232591,0.6421744568383443,0.22493262708187103,0.0029662346965355557,0.5563988424196918,0.6421744568383443,0.19330060601234436,0.0,0.0005717712671158282,0.0,0.002339499816298496,0.20164271777957937,0
142,0.48571451419298894,0.3393334804262916,0.2081669404450804,0.0,0.4906383880788193,0.3393334804262916,0.21807787708938123,0.0017396907216494844,0.4925392806731733,0.3393334804262916,0.19937408939003945,0.0,0.492747218105843,0.3393334804262916,0.21372793704271317,0.0,0.48592299671931477,0.3393334804262916,0.19885341336019338,0.0,0.4907773028487424,0.3393334804262916,0.18622633926919663,0.0,0.48680079316352165,0.3393334804262916,0.19005052480846643,0.0,0.5001135246355378,0.3393334804262916,0.1926885538548231,0.0,0.014399010442548876,0.0,-0.015478386590257298,0.21183460953850883,0
143,0.49342977022736656,0.37838479446613027,0.21945636685937642,0.0,0.48970188522743013,0.37838479446613027,0.22235095255076887,0.0017396907216494844,0.4988316077709756,0.37838479446613027,0.18260414458811283,0.0,0.4976338428462701,0.37838479446613027,0.20213067296892404,0.0,0.48814458098591934,0.37838479446613027,0.1817090619727969,0.0,0.49167031460400634,0.37838479446613027,0.21793684747070075,0.0,0.49224009880883085,0.37838479446613027,0.1990382743626833,0.0,0.4872901538338499,0.37838479446613027,0.20308005245402455,0.0,-0.006139616393516678,0.0,-0.016376314405351866,0.18999122146921552,0
144,0.5806300906157013,0.8894850959681362,0.19426549922674893,0.0,0.5874979508373932,0.8894850959681362,0.19224575480446218,0.0,0.5959206462952801,0.8894850959681362,0.2134039225522429,0.0,0.5931687434546493,0.8894850959681362,0.18333315432071687,0.0008057851239669422,0.5846100705336695,0.8894850959681362,0.18709026787430047,0.0,0.5919981051429187,0.8894850959681362,0.2038539171591401,0.0,0.578945856686002,0.8894850959681362,0.18330023192800582,0.0008057851239669422,0.5935479801943307,0.8894850959681362,0.2112908948585391,0.0,0.012917889578629493,0.0,0.017025395631790174,0.2182391573146905,0
145,0.4598268164045497,0.2546725432867222,0.21158566750586033,0.0,0.4575516985204146,0.2546725432867222,0.20913836574181915,0.0,0.44819126956834027,0.2546725432867222,0.1888033739104867,0.0,0.45911738831823623,0.2546725432867222,0.20638436138629912,0.0,0.4531018273440094,0.2546725432867222,0.19897715797647833,0.0,0.45342344543667473,0.2546725432867222,0.18781292675063013,0.0,0.4542526113941956,0.2546725432867222,0.19997564926743508,0.0,0.46021095669814055,0.2546725432867222,0.19871940087527037,0.0,0.0003841402935908511,0.0,-0.012866266630589956,0.19771954528187916,0
146,0.6175152195265639,0.8852813345155377,0.20934733957052232,0.00123015873015873,0.6245259122880713,0.8852813345155377,0.20112616216763854,0.00123015873015873,0.605192668759721,0.8852813345155377,0.1988142445543781,0.00293502979033065,0.6197129958950137,0.8852813345155377,0.21524614945054055,0.00123015873015873,0.6178132003823695,0.8852813345155377,0.21486533015966416,0.00123015873015873,0.6191111223980065,0.8852813345155377,0.2000168911367655,0.00123015873015873,0.6204842224508356,0.8852813345155377,0.19931454792618752,0.00123015873015873,0.6119581982843618,0.8852813345155377,0.19588306099176406,0.00123015873015873,-0.0055570212422020315,0.0,-0.01346427857875826,0.19131807732813158,0
147,0.5976750059475254,0.9109343356381115,0.22166858326643704,0.002491522366522366,0.6002296404573959,0.9109343356381115,0.19526685900986196,0.002131798074421025,0.6052169460514905,0.9109343356381115,0.21261258400976657,0.002131798074421025,0.5991222562365545,0.9109343356381115,0.20980325100943445,0.00123015873015873,0.6031071894528475,0.9109343356381115,0.19431608863174915,0.00123015873015873,0.5991601763097795,0.9109343356381115,0.19435900221578778,0.00123015873015873,0.5968866221113742,0.9109343356381115,0.20547838933765888,0.00123015873015873,0.6045920594256979,0.9109343356381115,0.20159102559089662,0.00123015873015873,0.006917053478172508,0.0,-0.020077557675540425,0.20283062681575528,0
148,0.24250578594690392,0.115468790225084,-0.04103750657523051,0.0,0.23882637838843265,0.115468790225084,-0.04514159360551275,0.0,0.24139729802645735,0.115468790225084,-0.03871926825202536,0.0012176724137931035,0.24470821765240028,0.115468790225084,-0.03175935497973114,0.0007567567567567567,0.24168695549635885,0.115468790225084,-0.028261468192431492,0.0012176724137931035,0.24069989452341478,0.115468790225084,-0.040808629103994465,0.0,0.24405460534522674,0.115468790225084,-0.031920355100883174,0.001188212927756654,0.24011354041518576,0.115468790225084,-0.0411156738223508,0.0013333333333333335,-0.002392245531718157,0.0,-7.816724712028655e-05,0.1979297919783704,0
149,0.1994076866303716,0.1685026755200488,-0.028123590484028682,0.0,0.19326907616620528,0.1685026755200488,-0.04473011083638994,0.0,0.19517600788051445,0.1685026755200488,-0.049024955244967715,0.0,0.19496575616870743,0.1685026755200488,-0.03601587890065275,0.0034653173170393005,0.19763876372834954,0.1685026755200488,-0.024542573679063935,0.001174698795180723,0.1973699317865533,0.1685026755200488,-0.035217831479385495,0.0,0.19601921570602313,0.1685026755200488,-0.03916928338934667,0.0,0.19865416392210009,0.1685026755200488,-0.02421912172489101,0.001174698795180723,-0.0007535227082715035,0.0,0.0039044687591376706,0.20063086778395203,0
150,0.23502744278363819,0.0,-0.15450792661402374,0.0,0.2121213226558003,0.0,-0.12345791719388216,0.0,0.2457927431863184,0.0,-0.06659414058551193,0.0,0.18402746212161472,0.0,-0.303124272270361,0.0,0.2078330038735772,0.0,-0.22570683256955817,0.0,0.2050149979352344,0.0,-0.1837964697740972,0.0,0.20715488186479394,0.0,-0.21367973464424722,0.0,0.21218869766103307,0.0,-0.23147545281331985,0.0,-0.022838745122605114,0.0,-0.07696752619929612,0.15756440211258266,0
151,0.22829496250593423,0.0,-0.1331497388705611,0.0,0.2086399699872305,0.0,-0.1466154620796442,0.0,0.19365185487986414,0.0,-0.2784491690294817,0.0,0.22441858819850732,0.0,-0.15977036573924125,0.0,0.21273270788874232,0.0,-0.1396044196933508,0.0,0.21125306298783209,0.0,-0.17613997634500264,0.0,0.2531245038552759,0.0,-0.05191420720890164,0.0,0.24094388199179947,0.0,-0.10973251940682531,0.0,0.012648919485865245,0.0,0.023417219463735803,0.2195220703268435,0
152,0.25468637775975667,0.0,-0.06344485925510526,0.0,0.1871497477290312,0.0,-0.28277828949969264,0.0,0.22989233469206163,0.0,-0.14393951607868075,0.0,0.23837713276243794,0.0,-0.12990162337198854,0.0,0.22960273074556514,0.0,-0.09035788655281067,0.0,0.22436723027028735,0.0,-0.1811537678609602,0.0,0.21854923699111706,0.0,-0.19807626020279712,0.0025,0.23421702132791497,0.0,-0.12980623056180776,0.0,-0.020469356431841695,0.0,-0.0663613713067025,0.162657591697476,0
153,0.18366364976518024,0.13590600594551464,-0.049915087633999065,0.0,0.1805866328293609,0.13590600594551464,-0.035814980254508556,0.0,0.1825930770132112,0.13590600594551464,-0.028866896575200373,0.0,0.1834875273963204,0.13590600594551464,-0.04361876470386051,0.0,0.18369267952914717,0.13590600594551464,-0.03777757466537878,0.0,0.18267473665465186,0.13590600594551464,-0.04771171216620132,0.0016447368421052633,0.1829228433230222,0.13590600594551464,-0.04200529764930252,0.0,0.18233514590744346,0.13590600594551464,-0.03379296174971387,0.0,-0.0013285038577367791,0.0,0.016122125884285195,0.20301902067931488,0
154,0.1876972151187672,0.17873167016593014,-0.03227600952232024,0.0,0.18742205935281078,0.17873167016593014,-0.028170257803285494,0.0,0.18576517194990788,0.17873167016593014,-0.031992541535291824,0.02063003934200241,0.18537194745438637,0.17873167016593014,-0.03365436095977202,0.003109310697911028,0.18388749335038287,0.17873167016593014,-0.03997533133951947,0.0,0.18736984894797024,0.17873167016593014,-0.03107501645834418,0.0,0.18713060209253987,0.17873167016593014,-0.02991918862098828,0.0764939734435215,0.18239740251045203,0.17873167016593014,-0.045701225262600925,0.0,-0.005299812608315163,0.0,-0.013425215740280688,0.19159844149924832,0
155,0.18926028583378746,0.16978471719805993,-0.029943943556281737,0.005609310697911028,0.18610997909353427,0.16978471719805993,-0.041434767277678475,0.0,0.1903564352706812,0.16978471719805993,-0.02596998359193094,0.005177854526911131,0.18569512385705275,0.16978471719805993,-0.046664411367382856,0.0,0.18649360141287316,0.16978471719805993,-0.03962033616393455,0.05552865612648221,0.1864767807598369,0.16978471719805993,-0.04263727217039559,0.0,0.18790528370655968,0.16978471719805993,-0.03754611835000105,0.0,0.18632590037404553,0.16978471719805993,-0.036895939413225276,0.0,-0.0029343854597419228,0.0,-0.0069519958569435394,0.1956748317267621,0
156,0.1981281317179363,0.1421255208297989,-0.036351296836510304,0.0,0.19786217217262353,0.1421255208297989,-0.03187480330467224,0.0,0.1932989984259728,0.14212552082979887,-0.044610797351924705,0.0,0.1981288531439542,0.1421255208297989,-0.0264126204024069,0.0,0.1974101297544551,0.1421255208297989,-0.03503805093234405,0.012184855235491066,0.1949382406205365,0.1421255208297989,-0.044260591692873275,0.0,0.19683893381571324,0.1421255208297989,-0.035722755291499195,0.0,0.19558939771844108,0.1421255208297989,-0.04161509077996015,0.0,-0.002538733999495224,0.0,-0.005263793943449849,0.19650501345708682,0
157,0.18041585777769328,0.13370423444238236,-0.025955420211103045,0.0013333333333333335,0.17959703445570593,0.13370423444238236,-0.025530247164424508,0.0,0.1750133943921671,0.13370423444238236,-0.04421750840265304,0.0,0.17770824615226452,0.13370423444238236,-0.04189848003326915,0.0,0.18004580533926667,0.13370423444238236,-0.025422356254712213,0.0,0.1781610468700489,0.13370423444238236,-0.040406941715264114,0.0,0.17808384162913873,0.13370423444238236,-0.040030830949544904,0.0,0.17500357792827428,0.13370423444238236,-0.049081517779522986,0.0,-0.005412279849418999,0.0,-0.02312609756841994,0.18910317853014066,0
158,0.20789444477687077,0.17802051467594515,-0.03467426322924439,0.0,0.2062511022806308,0.17802051467594515,-0.03768068622855935,0.0,0.203800127430568,0.17802051467594515,-0.044496958176023324,0.0,0.20748950783380046,0.17802051467594518,-0.03579200793421478,0.0,0.20655701344412597,0.17802051467594515,-0.036599031924270095,0.0,0.21205280272636712,0.17802051467594515,-0.026662968707423716,0.0007567567567567567,0.20704588825116882,0.17802051467594515,-0.039719478021143007,0.0,0.2042178801201074,0.17802051467594515,-0.046843595308309886,0.0,-0.003676564656763387,0.0,-0.012169332079065495,0.19361513153596457,0
159,0.19220967642016462,0.1073373179195436,-0.012381029627576937,0.001174698795180723,0.19123243803710238,0.1073373179195436,-0.0195731860678643,0.0019314555519374796,0.18552680259179596,0.1073373179195436,-0.03839328471804038,0.0,0.18822013996687378,0.1073373179195436,-0.035110223407682495,0.0,0.18643593340107362,0.1073373179195436,-0.03963231933681527,0.0,0.18758479274110698,0.1073373179195436,-0.03610863458830863,0.0,0.18696841314522974,0.1073373179195436,-0.036610665275875365,0.0,0.18568173661278822,0.1073373179195436,-0.03420155208208598,0.0,-0.006527939807376398,0.0,-0.021820522454509043,0.18824847923551813,0
160,0.592675801037671,0.8800379627205482,0.196580583229661,0.0,0.5971959150997688,0.8800379627205482,0.200731152407825,0.0,0.5908103817240686,0.8800379627205482,0.22593135729432107,0.0,0.6029393340480317,0.8800379627205482,0.21019261844456197,0.0,0.5996602339774989,0.8800379627205482,0.20607417097315192,0.0,0.5923989904724607,0.8800379627205482,0.2131693595647812,0.0,0.5965861668094143,0.8800379627205482,0.20044789660722018,0.0,0.6029688046419003,0.8800379627205482,0.21699736978858708,0.0,0.010293003604229245,0.0,0.020416786558926092,0.21630657651987084,0
161,0.6296261982012573,0.7556968395920252,0.19260666653513908,0.0,0.6159042414479182,0.7556968395920252,0.19659181355847977,0.0017048710601719197,0.6273235577904428,0.7556968395920252,0.19645333848893642,0.0,0.6356440141546631,0.7556968395920252,0.19417990140616895,0.0,0.6264670208529085,0.7556968395920252,0.17756636321544647,0.0008057851239669422,0.6253752165591737,0.7556968395920252,0.19358111925423147,0.0,0.6280729981173713,0.7556968395920252,0.19747737728059292,0.0,0.6269820363085448,0.7556968395920252,0.2016043619811535,0.0,-0.0026441618927125488,0.0,0.00899769544601442,0.19988828758884702,0
162,0.5968129885902517,0.7945939095718182,0.21123104927130043,0.0017048710601719197,0.5858486088498871,0.7945939095718182,0.1807444630563259,0.002510656184138862,0.6074392297102578,0.7945939095718182,0.20815281864255666,0.0,0.6076567665102319,0.7945939095718182,0.2001613262295723,0.0,0.601389664540409,0.7945939095718182,0.2028065038844943,0.0,0.6039942102429768,0.7945939095718182,0.20750302931293846,0.0,0.6034481938455082,0.7945939095718182,0.19168029256165028,0.0,0.6059441931853488,0.7945939095718182,0.2009022257477045,0.0,0.009131204595097087,0.0,-0.010328823523595931,0.20755029946385192,0
163,0.4607486704942537,0.3186530083441768,0.19711228001862766,0.0,0.45417830797879527,0.3186530083441768,0.207594638094306,0.0,0.46406955670132805,0.3186530083441768,0.20259284696541727,0.0,0.4699948552297435,0.3186530083441768,0.2065886733494699,0.0,0.45387288652416624,0.3186530083441768,0.21050257790833712,0.0,0.45230569397539294,0.3186530083441768,0.2265525159984827,0.0,0.46100182365746156,0.3186530083441768,0.19163631610572338,0.0,0.45645901180605625,0.3186530083441768,0.19979021400213243,0.0,-0.004289658688197473,0.0,0.002677933983504771,0.1966074506535852,0
164,0.39950552541088646,0.0017420056200922282,0.21210187560878693,0.005535002701576938,0.40327579756806997,0.0017420056200922282,0.20860788458958268,0.003823772755052874,0.39722608693682854,0.0017420056200922282,0.23237022303044796,0.014655881822456059,0.3916115994033101,0.0017420056200922282,0.19217791192233563,0.003823772755052874,0.4071588166276566,0.0017420056200922282,0.18843234569299966,0.003823772755052874,0.400133737694858,0.0017420056200922282,0.18840597674250603,0.003823772755052874,0.3940599290003473,0.0017420056200922282,0.1882541398704052,0.003823772755052874,0.38570109530821134,0.0017420056200922282,0.21036790933459998,0.005535002701576938,-0.013804430102675125,0.0,-0.0017339662741869544,0.18550917360197117,0
165,0.4112580394649921,0.26401146197649894,0.18086782213300467,0.0040525931251273175,0.40822459129888344,0.26401146197649894,0.20706057894974947,0.0040525931251273175,0.40854752851272147,0.26401146197649894,0.19934898249804975,0.008124758073580925,0.4132778603484732,0.26401146197649894,0.20792731700232253,0.0040525931251273175,0.4164829012699088,0.26401146197649894,0.1872690433077514,0.0040525931251273175,0.41475221849902827,0.26401146197649894,0.19011777084320783,0.0040525931251273175,0.40897409087188186,0.26401146197649894,0.21037279967218636,0.005624758073580926,0.41185279144543824,0.26401146197649894,0.19041604951024055,0.0040525931251273175,0.0005947519804461177,0.0,0.009548227377235874,0.20343315427491582,0
166,0.21861356964292647,0.1553937658989894,-0.03717574157693889,0.0,0.21627736318030336,0.1553937658989894,-0.0377745657262858,0.0,0.2166722642221426,0.1553937658989894,-0.034717421836685386,0.0,0.21660597863570163,0.1553937658989894,-0.046467916280053034,0.0,0.21676335185068735,0.1553937658989894,-0.04504614679608494,0.0,0.22954408100394502,0.1553937658989894,-0.037742285932035886,0.0,0.22988304292803885,0.1553937658989894,-0.03695003097796871,0.0,0.22700052300453696,0.1553937658989894,-0.03956343082245439,0.0,0.008386953361610494,0.0,-0.002387689245515502,0.20871243253395808,0
167,0.19058999779630448,0.1321236659364054,-0.0383046559576178,0.0,0.19076834888418934,0.1321236659364054,-0.039188782526180146,0.0,0.18875608889477177,0.1321236659364054,-0.04025788179133087,0.0,0.19108818390848642,0.1321236659364054,-0.03343807836819906,0.0,0.18920713930512736,0.1321236659364054,-0.04115522319683805,0.0,0.20260435148808653,0.1321236659364054,-0.03148349659975793,0.0,0.2019062106393428,0.1321236659364054,-0.03971803241176531,0.0,0.20231639092320425,0.1321236659364054,-0.04228465232416056,0.00240149359886202,0.01172639312689977,0.0,-0.003979996366542761,0.21183810800718084,0
168,0.19763022750114934,0.12704559988897282,-0.03759202280678437,0.0,0.19943533958706075,0.12704559988897282,-0.015109299192226899,0.001174698795180723,0.19377250427118226,0.12704559988897282,-0.044697377452393994,0.0,0.19345178515793907,0.12704559988897282,-0.053684601481072604,0.0,0.19728868546982503,0.12704559988897282,-0.028053201165166682,0.0,0.20849386860511795,0.12704559988897282,-0.029166685966338264,0.0,0.21021366935713798,0.12704559988897282,-0.024438355372694787,0.001174698795180723,0.20851180805901537,0.12704559988897282,-0.02762564644785016,0.004421097770154374,0.010881580557866033,0.0,0.009966376358934211,0.2143657384387505,0
169,0.18341922125892068,0.1632255129395586,-0.026676341537659028,0.0,0.1801992217312248,0.1632255129395586,-0.03887635205173865,0.0,0.17965338911168102,0.1632255129395586,-0.041439495543017985,0.0,0.18439182300177495,0.1632255129395586,-0.035947015259880574,0.0007567567567567567,0.18308756286777442,0.1632255129395586,-0.03342758801300079,0.0013333333333333335,0.18351334974425723,0.1632255129395586,-0.02762686957081314,0.0,0.18372479056461455,0.1632255129395586,-0.03517136008362286,0.0,0.18367745275752104,0.1632255129395586,-0.030392679451033473,0.0,0.0002582314986003531,0.0,-0.0037163379133744456,0.19982885084190463,0
170,0.17438646313888867,0.12075408969458767,-0.03703406440487015,0.0,0.17181544747391828,0.12075408969458767,-0.045831335405819115,0.0,0.1724206353053373,0.12075408969458767,-0.03522949224803597,0.0,0.17664048777789323,0.12075408969458767,-0.02491334137972444,0.001174698795180723,0.1753593094914241,0.12075408969458767,-0.035038375922013074,0.0,0.17565961397008484,0.12075408969458767,-0.0311445482657291,0.0,0.1772628593016162,0.12075408969458767,-0.03326483209239086,0.0,0.1712762567854936,0.12075408969458767,-0.05066327269538306,0.0,-0.0031102063533950675,0.0,-0.01362920829051291,0.19385371159351555,0
171,0.2092691391967968,0.1096007680097987,-0.03877783191855997,0.0,0.2107204192838626,0.1096007680097987,-0.02804868495441042,0.0034653173170393005,0.20424520575954402,0.1096007680097987,-0.049295867193141024,0.0016447368421052633,0.20879020392212122,0.1096007680097987,-0.03857861247641267,0.0,0.20679821568535128,0.10960076800979869,-0.04364357061043847,0.0,0.2079276965462437,0.1096007680097987,-0.04179057466681115,0.0,0.21322295076492914,0.1096007680097987,-0.029651935703805067,0.0007567567567567567,0.20881276821903158,0.10960076800979869,-0.031369335372000935,0.0,-0.0004563709777652136,-1.3877787807814457e-17,0.007408496546559035,0.20180225096497056,0
172,0.43460302107895055,0.40307973239162137,0.18733596408274025,0.0032880434782608698,0.4354684592529042,0.40307973239162137,0.19593430386856198,0.0032880434782608698,0.43715019215604123,0.40307973239162137,0.20106585800647736,0.0013982360199543775,0.4385087718775307,0.40307973239162137,0.205594637170434,0.0013982360199543775,0.436749218258388,0.40307973239162137,0.19267764214426278,0.0016076027069110072,0.4396020156241185,0.40307973239162137,0.20420342944562436,0.0016076027069110072,0.42818028859518736,0.40307973239162137,0.2029480503126979,0.005058827196706925,0.44102993214237224,0.40307973239162137,0.22327406749129294,0.003418827196706926,0.006426911063421692,0.0,0.03593810340855269,0.21603924082732612,0
173,0.5666399874327139,0.7872223606154255,0.20308587932027877,0.0,0.569644868706998,0.7872223606154255,0.19420940130949021,0.0,0.5666323152758646,0.7872223606154255,0.20529115173965692,0.0,0.5679154341403987,0.7872223606154255,0.2093550469353795,0.0,0.5717173299114655,0.7872223606154255,0.2035486949980259,0.0,0.5723858280593782,0.7872223606154255,0.19197424966841936,0.0,0.5691629141218753,0.7872223606154255,0.21756824009120465,0.0,0.5764299044869023,0.7872223606154255,0.2071165715903044,0.0,0.009789917054188413,0.0,0.004030692270025615,0.2117620902140897,0
174,0.6145584767636657,0.7426171927371547,0.19374315597116948,0.0,0.6127108969029147,0.7426171927371547,0.20462468713521959,0.0,0.605171889550513,0.7426171927371547,0.1935703687928617,0.0017048710601719197,0.6111798773481703,0.7426171927371547,0.20484919216483832,0.0,0.6024051673226939,0.7426171927371547,0.2112211636826396,0.0017048710601719197,0.6065612846619247,0.7426171927371547,0.19542920742183922,0.0017048710601719197,0.6152375521525969,0.7426171927371547,0.20309387527406217,0.0,0.6159221657817024,0.7426171927371547,0.211636775881052,0.0,0.00136368901803674,0.0,0.01789361990988253,0.20628744436752386,0
175,0.506277851623991,0.5207591353255169,0.18897803056053816,0.0,0.5068052923810822,0.5207591353255169,0.18432110762223602,0.0008057851239669422,0.5185536427433128,0.5207591353255169,0.2006027117371559,0.0,0.5191386658253139,0.5207591353255169,0.20568769115954638,0.0,0.4936913371130849,0.5207591353255169,0.2027791817486286,0.0,0.5189025823692379,0.5207591353255169,0.20254132226109506,0.0,0.5172680642041706,0.5207591353255169,0.17949230588972567,0.0008057851239669422,0.5151326939986456,0.5207591353255169,0.2158957590907812,0.0,0.008854842374654615,0.0,0.026917728530243046,0.21638528260163917,0
176,0.46169556182305815,0.32987091057995155,0.19340619176626206,0.0,0.47435941970131823,0.32987091057995155,0.20965562686324118,0.0,0.465277691940365,0.32987091057995155,0.1943385932035744,0.0,0.46018228978899267,0.32987091057995155,0.1990197554975748,0.0,0.46626747964242976,0.32987091057995155,0.21691946297883988,0.0,0.47091379958550783,0.32987091057995155,0.20000659701414406,0.0,0.4736648005701124,0.32987091057995155,0.1945894949696958,0.0,0.47226530708448516,0.32987091057995155,0.21305633150041103,0.0017396907216494844,0.01056974526142701,0.0,0.019650139734148975,0.21641009489053845,0
177,0.4703236964921435,0.3476835881199605,0.2150189257413149,0.0,0.47119068108496676,0.3476835881199605,0.18831102296710014,0.0,0.4704668927022458,0.3476835881199605,0.18782540701329709,0.0,0.4805717996204091,0.3476835881199605,0.19868748240172862,0.0,0.48033242498862144,0.3476835881199605,0.19770735822618007,0.0,0.46766100412813466,0.3476835881199605,0.20467191778123378,0.0,0.4754419972325954,0.3476835881199605,0.19689445547759532,0.0,0.4776299438172705,0.3476835881199605,0.2048111117631197,0.0,0.007306247325126969,0.0,-0.010207813978195202,0.20565860540904857,0
178,0.48594486903018197,0.19325603204009975,0.21557177118957044,0.00448299093526646,0.49490646206568173,0.19325603204009975,0.22197175897657873,0.003348537153753855,0.4832532041347338,0.19325603204009975,0.19349013729020953,0.004136946857257898,0.49323030287801556,0.19325603204009975,0.19572957560420037,0.004136946857257898,0.4909553051646758,0.19325603204009975,0.2018341449648142,0.004136946857257898,0.4909756108923035,0.19325603204009975,0.2016260528191924,0.004136946857257898,0.4880930753177898,0.19325603204009975,0.20795137494802474,0.003348537153753855,0.48859134405902027,0.19325603204009975,0.1939005060493946,0.004136946857257898,0.002646475028838302,0.0,-0.02167126514017584,0.19794401474061243,0
179,0.45699620718185635,0.43429757544436587,0.1913070729840547,0.0,0.45946627005394713,0.43429757544436587,0.20316900981124492,0.0,0.45829962045981165,0.43429757544436587,0.19269535925239326,0.0,0.44858165892924967,0.43429757544436587,0.20153085501864554,0.0,0.4461265937365852,0.43429757544436587,0.18999164124950765,0.0,0.44464952166308674,0.43429757544436587,0.20468725204467775,0.0,0.45364635794868174,0.43429757544436587,0.20834196340292693,0.0,0.46170480538264796,0.43429757544436587,0.21394641652703286,0.0,0.004708598200791614,0.0,0.02263934354297817,0.21097178691968632,0
180,0.3105818592897622,0.2860340486419121,-0.029693567380018066,0.04917267720674033,0.3080064375894177,0.2860340486419121,-0.0390711927250959,0.04827932540618631,0.3080913193063439,0.2860340486419121,-0.03638608928129543,0.04917267720674033,0.30762077139959304,0.2860340486419121,-0.04335318431141786,0.04917267720674033,0.3087701580121064,0.2860340486419121,-0.03545658267627005,0.04827932540618631,0.31101737691370884,0.2860340486419121,-0.03220795877934506,0.04827932540618631,0.3105877454529894,0.2860340486419121,-0.039788195192122656,0.06536089013449699,0.30827693033359654,0.2860340486419121,-0.04188940406078473,0.04917267720674033,-0.0023049289561656305,0.0,-0.012195836680766663,0.1950527167289309,0
181,0.21137513524212634,0.18665306289697742,-0.03592243436840363,0.0,0.2101725474796801,0.18665306289697742,-0.03653940341140696,0.0,0.20805098333550226,0.18665306289697742,-0.04650740193668753,0.0,0.21130550921855784,0.18665306289697742,-0.03507952318934258,0.0007567567567567567,0.20626941475862484,0.18665306289697742,-0.05084402700187638,0.0,0.20991459584407832,0.18665306289697742,-0.03457086108086514,0.0,0.21057385097868206,0.18665306289697742,-0.040470187783939765,0.0,0.20839114794973257,0.18665306289697742,-0.03612026541843079,0.0013333333333333335,-0.0029839872923937694,0.0,-0.0001978310500271585,0.19727747777952828,0
182,0.18360575169996823,0.12588811089639262,-0.044490719919558615,0.0,0.18027142682130481,0.12588811089639262,-0.04242832817224553,0.0,0.1905512997861131,0.12588811089639262,-0.02820124788326211,0.0007567567567567567,0.18530113744823096,0.12588811089639262,-0.03777989798458293,0.0,0.18686830361566922,0.12588811089639262,-0.029564196842256932,0.0,0.18531205506640158,0.12588811089639262,-0.025023826415417717,0.001174698795180723,0.18812881468559267,0.12588811089639262,-0.04885682780470233,0.012730027145475142,0.18691536657141689,0.12588811089639262,-0.04136134902547383,0.0,0.0033096148714486517,0.0,0.0031293708940847847,0.20471869150231178,0
183,0.20983666668215756,0.0,-0.21064777743071317,0.0,0.17168825144847155,0.0,-0.3159346017241478,0.0,0.2300841830687408,0.0,-0.12929272445850074,0.0,0.20461146118795326,0.0,-0.2059196443296969,0.0,0.22448672743048304,0.0,-0.1297321268171072,0.0,0.1867096693272823,0.0,-0.25778567500412464,0.0,0.20300967146019225,0.0,-0.2424516523722559,0.0,0.25096655339729673,0.0,-0.03476253206841648,0.0,0.041129886715139174,0.0,0.1758852453622967,0.28686413314062476,0
184,0.21503610091430714,0.0,-0.14001072998624295,0.0,0.19746207560084572,0.0,-0.21217722015921026,0.0,0.18799787159088607,0.0,-0.2890048041054979,0.0,0.22126497818105262,0.0,-0.1612991244159639,0.0,0.22015262004486455,0.0,-0.15248524745926262,0.0,0.2164070512461832,0.0,-0.1341417904291302,0.0,0.20845159603265315,0.0,-0.20209824942052365,0.0,0.19796184160044134,0.0,-0.2330334975104779,0.0,-0.017074259313865803,0.0,-0.09302276752423494,0.15969957630708492,0
185,0.18431578695702416,0.139396262880877,-0.023782503444235773,0.008722200849004626,0.1815141949658729,0.139396262880877,-0.028310376212466508,0.0007567567567567567,0.17650622534943863,0.139396262880877,-0.03768115657847375,0.0023696475269127724,0.18003648678385295,0.139396262880877,-0.030503160884836688,0.0,0.18079970320438277,0.139396262880877,-0.03504564029048197,0.0,0.17794146119191417,0.139396262880877,-0.03859612104512053,0.0,0.18108917223060228,0.139396262880877,-0.02554018203751184,0.0655286561264822,0.17583353708645075,0.139396262880877,-0.04595305671449751,0.0,-0.008482249870573416,0.0,-0.022170553270261736,0.18610518889603822,0
186,0.19399425167362902,0.15754586968880344,-0.03555489924787253,0.0,0.19211777684008025,0.15754586968880344,-0.034140589432645356,0.0,0.18979397170945247,0.15754586968880344,-0.03996472395723685,0.0,0.19119237817839033,0.15754586968880344,-0.040815948608797045,0.0,0.1904684642149596,0.15754586968880344,-0.040650917844322974,0.0,0.19057853737055733,0.15754586968880344,-0.04394095744471997,0.0,0.19329191139194882,0.15754586968880344,-0.032925217950250954,0.0,0.1921051449423646,0.15754586968880344,-0.03728384153044317,0.0,-0.0018891067312644116,0.0,-0.0017289422825706377,0.198055040608554,0
187,0.18884029941086247,0.1530391607886459,-0.023549625086016022,0.001174698795180723,0.1866216966349443,0.1530391607886459,-0.023054513511015104,0.001174698795180723,0.18470391483004026,0.1530391607886459,-0.03405396280519199,0.0,0.1826819952951834,0.1530391607886459,-0.048926427725236865,0.0,0.18344612407963182,0.1530391607886459,-0.03980904324154835,0.0,0.18613711590301094,0.1530391607886459,-0.030072592667565914,0.0,0.18819401008757777,0.1530391607886459,-0.03608778026467917,0.006366067454667786,0.18440446282353945,0.1530391607886459,-0.03294675627606921,0.005609310697911028,-0.004435836587323022,0.0,-0.009397131190053188,0.19349498748029087,0
188,0.19209185338993984,0.1440385336118233,-0.03141847476660587,0.0,0.19020125167437188,0.1440385336118233,-0.043046357160492335,0.001188212927756654,0.19073939075481489,0.1440385336118233,-0.03272403696260881,0.0,0.1924623610848939,0.1440385336118233,-0.03455074893194251,0.0,0.19101691080864291,0.1440385336118233,-0.03170989758160431,0.0,0.19197017306094,0.1440385336118233,-0.036967824858948006,0.0023696475269127724,0.19198028027119504,0.1440385336118233,-0.033154815368761775,0.0,0.18993771640650578,0.1440385336118233,-0.035442906342505014,0.0034653173170393005,-0.0021541369834340574,0.0,-0.004024431575899143,0.19721358474692274,0
189,0.18879246141565204,0.21353402574764901,-0.03213889407925308,0.0,0.18446499430093874,0.21353402574764901,-0.05099132155824918,0.0,0.1860105795462873,0.21353402574764901,-0.03460212493198924,0.0,0.18845142831755923,0.21353402574764901,-0.03464735768153332,0.0016447368421052633,0.18758963652001487,0.21353402574764901,-0.034300371984718366,0.0,0.18797346201420925,0.21353402574764901,-0.04420755337923765,0.0,0.1879842276163418,0.21353402574764901,-0.03790095172007568,0.0,0.18925077109583688,0.21353402574764901,-0.029006048302107956,0.0,0.00045830968018484297,0.0,0.0031328457771451212,0.20171764485573673,0
190,0.19680315886104044,0.20016490724661024,-0.03555356076336466,0.0,0.19822412955874677,0.20016490724661024,-0.028071372429840268,0.0,0.1949755280279728,0.20016490724661024,-0.03857543221442029,0.0,0.19651600398200064,0.20016490724661024,-0.03650151380945317,0.0,0.19542431201153057,0.20016490724661024,-0.03593598998792004,0.0,0.1959047798611295,0.20016490724661024,-0.040797538021579385,0.0,0.19629576970051493,0.20016490724661024,-0.03827183166067698,0.0,0.19554191637586518,0.20016490724661024,-0.032980139677529226,0.0,-0.0012612424851752568,0.0,0.0025734210858354353,0.19977020673419696,0
191,0.19271586801051552,0.16847959034522608,-0.034177055754698815,0.006065834612259637,0.1897063625288911,0.16847959034522608,-0.044971604221500455,0.0,0.18923992486216026,0.16847959034522608,-0.03982617056579329,0.0,0.1921833207985603,0.16847959034522608,-0.035475993415457194,0.0,0.18991175400624632,0.16847959034522608,-0.041080033621983605,0.0,0.19528339856435845,0.16847959034522608,-0.02730508122476749,0.0,0.19394675501019884,0.16847959034522608,-0.024968431656598112,0.001174698795180723,0.18979849864439735,0.16847959034522608,-0.0395465140894521,0.0,-0.0029173693661181666,0.0,-0.005369458334753288,0.19608049101120809,0
192,0.6223568262324807,0.6975625986254473,0.19523598685860633,0.0,0.6256470818929367,0.6975625986254473,0.2058656764961779,0.0,0.6227247159371471,0.6975625986254473,0.19958783376961947,0.0,0.6195697683065784,0.6975625986254473,0.20046493764966727,0.0,0.6222671397850748,0.6975625986254473,0.185179202593863,0.0,0.608566522027353,0.6975625986254473,0.20126384519040585,0.003032671890047438,0.6280353948191009,0.6975625986254473,0.20312998536974192,0.0,0.6296867614478646,0.6975625986254473,0.20482721220701933,0.0,0.0073299352153839425,0.0,0.009591225348413002,0.21053459409346528,0
193,0.5025689266478448,0.48803709123482997,0.22501846122555436,0.0,0.5146377474994174,0.48803709123482997,0.22360665380954742,0.0,0.5135269185901774,0.48803709123482997,0.21906592145562173,0.0,0.5071336437596885,0.48803709123482997,0.202877039834857,0.0,0.5113383312784101,0.48803709123482997,0.1950476261228323,0.0,0.5152751013541147,0.48803709123482997,0.20009831115603446,0.0,0.5088177594647424,0.48803709123482997,0.2037233753874898,0.0,0.5149318181082427,0.48803709123482997,0.19541970405727624,0.0,0.012362891460397929,0.0,-0.029598757168278117,0.20623125799657005,0
194,0.4687470943930151,0.2507606390424961,0.20170372661203145,0.0,0.47447459137375075,0.2507606390424961,0.19700753450393677,0.0,0.470633116060754,0.2507606390424961,0.19620508844032883,0.0,0.4709569121623522,0.2507606390424961,0.20063368666917086,0.0,0.47005762688748487,0.2507606390424961,0.20749785432592036,0.0,0.4803843201769211,0.2507606390424961,0.20769265785813332,0.0,0.46652721487715354,0.2507606390424961,0.20223194420337676,0.0006047254599073164,0.47364079772849804,0.2507606390424961,0.20918146692216397,0.0006047254599073164,0.004893703335482946,0.0,0.0074777403101325135,0.20745185736376454,0
195,0.47130391875607003,0.3987509263111844,0.1932518897950649,0.0,0.4679196694814886,0.3987509263111844,0.19921214740723373,0.0,0.4702798328630418,0.3987509263111844,0.19049005917273462,0.0,0.4731914966731058,0.3987509263111844,0.21367818124592305,0.0,0.46588817711943653,0.3987509263111844,0.20029862442985177,0.0,0.4684151112773217,0.3987509263111844,0.19924876239150763,0.0,0.4725937356084344,0.3987509263111844,0.19951253179460765,0.0,0.483104820524047,0.3987509263111844,0.20728207774460317,0.0,0.01180090176797699,0.0,0.014030187949538253,0.21632930632704964,0
196,0.44456732811617394,0.2570003767632215,0.19483279464766384,0.0,0.4405570032731975,0.2570003767632215,0.19206350232474506,0.0,0.450920233732202,0.2570003767632215,0.1974540071003139,0.0,0.43572732185545177,0.2570003767632215,0.21361931024119257,0.0015721649484536082,0.44167259629542327,0.2570003767632215,0.19821108154952527,0.0,0.43528474573557024,0.2570003767632215,0.1901876450330019,0.0,0.43965213435314127,0.2570003767632215,0.20314501386135816,0.0015721649484536082,0.43580258061150157,0.2570003767632215,0.20344222957268357,0.0,-0.008764747504672377,0.0,0.008609434925019727,0.19334931132258204,0
197,0.44740569233915267,0.41403336592440093,0.1919003354385495,0.005673091740085766,0.44053127116594176,0.41403336592440093,0.19051099825650453,0.005673091740085766,0.4417683207399708,0.41403336592440093,0.20701163657009602,0.007245256688539374,0.4454541412947744,0.41403336592440093,0.200752226524055,0.005673091740085766,0.43836388167785667,0.41403336592440093,0.19724656973034144,0.007245256688539374,0.4483184977115765,0.41403336592440093,0.21854189567267895,0.005673091740085766,0.4421943783680715,0.41403336592440093,0.21359553644433618,0.007245256688539374,0.43354517190085495,0.41403336592440093,0.2072001389414072,0.007245256688539374,-0.013860520438297719,0.0,0.0152998035028577,0.18962363968586388,0
198,0.23552731310875125,0.14691176192257882,-0.036308999624161516,0.0009217877094972068,0.23058441982384462,0.14691176192257882,-0.04847815907909535,0.0009217877094972068,0.22758114361125797,0.14691176192257882,-0.05365129334153607,0.0009217877094972068,0.23514452811327524,0.14691176192257882,-0.032102655238650184,0.0009217877094972068,0.23196020441219428,0.14691176192257882,-0.03602920405595796,0.0009217877094972068,0.2499275428818526,0.14691176192257882,-0.023359612575732172,0.0020964865046779295,0.24690175037242754,0.14691176192257882,-0.03051635146373883,0.0009217877094972068,0.23977002943776743,0.14691176192257882,-0.0526610072911717,0.023421787709497207,0.004242716329016183,0.0,-0.016352007667010185,0.20092785684840872,0
199,0.20922472272153128,0.18723654164114897,-0.03925632298225537,0.0,0.20890186236937303,0.18723654164114897,-0.03211850645806408,0.0,0.20282732989124105,0.18723654164114897,-0.053353339155437426,0.0,0.2107884295137105,0.18723654164114897,-0.025383699359372257,0.0,0.2054230302182309,0.18723654164114897,-0.035027498343843035,0.0,0.4298081586493157,0.3296627428132362,0.2059067042544484,0.013498071873169183,0.43693925245503834,0.3296627428132362,0.19685661792755127,0.013746536417406119,0.43267914510230937,0.3296627428132362,0.1765132492594421,0.012416190599293242,0.2234544223807781,0.14242620117208724,0.21576957224169746,0.5220125248017239,0
200,0.20244346762012455,0.17415982557897214,-0.03309520621784032,0.0033034351932038435,0.20232770872414302,0.17415982557897214,-0.03759494136786088,0.0021593673965936743,0.19873100913407385,0.17415982557897214,-0.0411179077019915,0.0033034351932038435,0.20289609415495294,0.17415982557897214,-0.04596614584210329,0.0033034351932038435,0.1991032643423618,0.17415982557897214,-0.03652709366462659,0.0033034351932038435,0.21178123600524734,0.17415982557897214,-0.041267771575367075,0.0021593673965936743,0.21119360644902213,0.17415982557897214,-0.042142843337496745,0.0021593673965936743,0.2139472892945566,0.17415982557897214,-0.03485080888844095,0.0029161241533504304,0.011503821674432035,0.0,-0.0017556026706006325,0.2121487898353827,0
201,0.18724721872264016,0.17235993523412618,-0.035325749035400804,0.002477401129943503,0.18704042146805963,0.17235993523412618,-0.03805519088637084,0.0011440677966101695,0.18469480705713462,0.17235993523412618,-0.04819702356006019,0.0011440677966101695,0.18777805361101554,0.17235993523412618,-0.04569582999596605,0.0,0.18532470881141386,0.17235993523412618,-0.04030652953486424,0.0,0.1879169545738042,0.17235993523412618,-0.031129787603858858,0.0011440677966101695,0.18799167102908343,0.17235993523412618,-0.03853968491661362,0.0011440677966101695,0.18993312481449634,0.17235993523412618,-0.0189914424152812,0.006739864361945267,0.0026859060918561772,0.0,0.016334306620119605,0.2072974406702023,0
202,0.21247825320085859,0.15118161022676832,-0.036516390341566875,0.0025,0.21313438818625033,0.15118161022676832,-0.02769394323695451,0.0025,0.21034873245706764,0.15118161022676832,-0.040333982916254174,0.0025,0.21516237666185137,0.15118161022676832,-0.036190032739541494,0.0059653173170393006,0.21145956132594793,0.15118161022676832,-0.0370637261448428,0.0025,0.21435935378834847,0.15118161022676832,-0.024409309801121708,0.003674698795180723,0.2132212273266719,0.15118161022676832,-0.04122877170069841,0.0025,0.2127710640016891,0.15118161022676832,-0.04194566245365422,0.0032567567567567566,0.00029281080083051747,0.0,-0.005429272112087345,0.19944556292203514,0
203,0.2178964934301306,0.10325639944194573,-0.04202501149615273,0.0,0.2159457187002116,0.10325639944194573,-0.03451255620922893,0.0,0.21531738834316125,0.10325639944194573,-0.03279110864037648,0.0,0.21803617218034244,0.10325639944194573,-0.04124069804791361,0.0,0.21619617398413604,0.10325639944194573,-0.041799748084158636,0.0,0.21679974171696775,0.10325639944194573,-0.04025818467955105,0.0,0.21909410634702375,0.10325639944194573,-0.032367002146784216,0.0,0.2160874228696963,0.10325639944194573,-0.03848435740263085,0.0013333333333333335,-0.001809070560434306,0.0,0.003540654093521882,0.1994304309081725,0
204,0.4890627229199736,0.2910358827214292,0.2111684049293399,0.0,0.5030851805538329,0.2910358827214292,0.22321275770664215,0.0,0.4854445217822007,0.2910358827214292,0.20888995699584484,0.0,0.4991041396350319,0.2910358827214292,0.2119359052181244,0.0,0.4906961583022395,0.2910358827214292,0.19707310389727353,0.0,0.488122044633653,0.2910358827214292,0.20985646076500417,0.0,0.4799350663644147,0.2910358827214292,0.20154533910390454,0.0,0.4941393343842381,0.2910358827214292,0.18955950994044543,0.0,0.005076611464264524,0.0,-0.021608894988894456,0.20051778141245516,0
205,0.6096172756016857,0.9389988882735368,0.20072333984076976,0.0,0.6133847178662998,0.9389988882735368,0.20973680466413497,0.0,0.5975191742898589,0.9389988882735368,0.19453190676867962,0.0,0.6048562899466023,0.9389988882735368,0.203288394510746,0.0,0.5995057683941922,0.9389988882735368,0.18910893321037292,0.0,0.601507047261458,0.9389988882735368,0.18414912231266498,0.0020400947473979045,0.6006844699015472,0.9389988882735368,0.19363258600234987,0.0,0.6159667160674716,0.9389988882735368,0.19884756691753863,0.0,0.006349440465785894,0.0,-0.0018757729232311282,0.2066927344295982,0
206,0.4984750605113692,0.4434972156708007,0.18934162179008127,0.0,0.5055449983692974,0.4434972156708007,0.2137157981470227,0.0,0.5044379715044308,0.4434972156708007,0.22403710201382637,0.0,0.5076129561014197,0.4434972156708007,0.2032626285776496,0.0,0.499915618259596,0.4434972156708007,0.18347555302083493,0.0,0.5089328276019999,0.4434972156708007,0.20197607457637787,0.0,0.5053226060327352,0.4434972156708007,0.20123478043824433,0.0,0.5076617407068309,0.4434972156708007,0.2105739602446556,0.0,0.009186680195461705,0.0,0.02123233845457434,0.21534164414410775,0
207,0.4928965813472119,0.46113342193483586,0.18788721117191018,0.0,0.5066417157841322,0.46113342193483586,0.19120254444889725,0.0,0.498062508964844,0.46113342193483586,0.1966032089293003,0.0,0.506848752155374,0.46113342193483586,0.19711395548656582,0.0,0.49395454295949326,0.46113342193483586,0.21384456785395742,0.0,0.5009203276544509,0.46113342193483586,0.21100863751024007,0.0,0.498058957037837,0.46113342193483586,0.20925464577972888,0.0,0.5000694239629366,0.46113342193483586,0.21186143627390266,0.0,0.007172842615724706,0.0,0.023974225101992486,0.21389324661490583,0
208,0.46061459414288164,0.2741547488433626,0.20977228112518786,0.0,0.4640299504974196,0.2741547488433626,0.2165090606175363,0.0,0.46318113570968067,0.2741547488433626,0.21320400297641753,0.0,0.46413275335114645,0.2741547488433626,0.2005603339523077,0.0,0.4663999453541447,0.2741547488433626,0.19385759939439595,0.0,0.4711397487800097,0.2741547488433626,0.20735736891627313,0.0,0.4698097670313316,0.2741547488433626,0.18924245728179812,0.0,0.46713727569705304,0.2741547488433626,0.2077626943984069,0.0,0.006522681554171406,0.0,-0.0020095867267809764,0.206842339008466,0
209,0.5895490114260437,0.763161207890581,0.19794422000646592,0.0,0.5986033603464853,0.763161207890581,0.20667905323207378,0.0,0.5930906921416277,0.763161207890581,0.1984398257546127,0.0,0.5930673717076894,0.763161207890581,0.19143337968736887,0.0,0.5898336223406495,0.763161207890581,0.21224848829209805,0.0017048710601719197,0.5939439466350348,0.763161207890581,0.2071564431115985,0.0,0.5895719078702075,0.763161207890581,0.21035266414284706,0.0,0.594190291367538,0.763161207890581,0.1914832713827491,0.0,0.004641279941494325,0.0,-0.006460948623716822,0.20377092264189317,0
210,0.4624849029398645,0.31005185572190486,0.20656844910234212,0.0,0.46868554907666793,0.31005185572190486,0.21709042822942137,0.0,0.45922413116781424,0.31005185572190486,0.19385564636439084,0.0,0.4452794709123822,0.31005185572190486,0.2039208785817027,0.0,0.45916285605812807,0.31005185572190486,0.19147380199283362,0.0,0.461086591734838,0.31005185572190486,0.2038281111419201,0.0,0.45038510422735456,0.31005185572190486,0.22379660911858082,0.005712228393630266,0.45913326352585276,0.31005185572190486,0.20248517721891404,0.0,-0.003351639414011731,0.0,-0.00408327188342808,0.1959384190123777,0
211,0.48379625510174595,0.25440592789775196,0.202942081540823,0.03694353540188523,0.4965942828339319,0.25440592789775196,0.2246813540905714,0.03444353540188523,0.48908569895852183,0.25440592789775196,0.20851382900029422,0.03444353540188523,0.4800989390778186,0.25440592789775196,0.1950336531177163,0.038286672656787195,0.49025397724706865,0.25440592789775196,0.1873962302831933,0.03745351198470328,0.49282009998194704,0.25440592789775196,0.19886712703853845,0.03745351198470328,0.4886276043932392,0.25440592789775196,0.20030710926279427,0.038286672656787195,0.4957280887581936,0.25440592789775196,0.20198888428509235,0.03694353540188523,0.011931833656447621,0.0,-0.0009531972557306478,0.2127960083255183,0
212,0.2175663808872351,0.10821657530796304,-0.03312144978379365,0.0,0.21845749143954385,0.10821657530796304,-0.024626598672475665,0.002449402352492976,0.21517442992115554,0.10821657530796304,-0.035670397460926324,0.0,0.21849846310705598,0.10821657530796304,-0.03210348775726743,0.011790745297067147,0.212780635117369,0.10821657530796304,-0.047450603377074005,0.0,0.21671530187315158,0.10821657530796304,-0.03291313408728456,0.0,0.2195388020917438,0.10821657530796304,-0.028514861778567137,0.0,0.21609145315730777,0.10821657530796304,-0.03754392866394483,0.0,-0.0014749277299273278,0.0,-0.004422478880151175,0.19783113939462024,0
213,0.20735354460803765,0.20750651721983318,-0.033151856561889875,0.0,0.206325213167858,0.20750651721983318,-0.03522104427138402,0.0,0.20423196566223573,0.20750651721983318,-0.032649201748427004,0.0,0.20827000999450626,0.20750651721983318,-0.03177453970070929,0.0,0.20504833445200368,0.20750651721983318,-0.03364453157933894,0.0,0.20391906060578768,0.20750651721983318,-0.04495036159176379,0.0,0.2073488532110443,0.20750651721983318,-0.02840504957828671,0.0,0.20407149983345063,0.20750651721983318,-0.044089861580287104,0.0,-0.0032820447745870174,0.0,-0.010938005018397229,0.194332181006273,0
214,0.17046933202725856,0.12336835022629154,-0.042838325081029326,0.0,0.1733010500572257,0.12336835022629154,-0.035864624598762024,0.0,0.1746552430287542,0.12336835022629154,-0.03719905839767307,0.0,0.1798514285624702,0.12336835022629154,-0.04514231568435207,0.0007567567567567567,0.1747014392511025,0.12336835022629154,-0.03314847314497456,0.0,0.17418079255777857,0.12336835022629154,-0.03934220898081549,0.0,0.1765548135004395,0.12336835022629154,-0.04174905007734196,0.0,0.175822559348552,0.12336835022629154,-0.04087158805457875,0.0,0.005353227321293452,0.0,0.001966737026450574,0.2065853761432659,0
215,0.1859948788454599,0.0,-0.26747357032261787,0.0,0.1832700353037318,0.0,-0.2939248966239393,0.0,0.21987733405566598,0.0,-0.1746430038427934,0.0,0.25366157594413585,0.0,0.013215151522308588,0.0013695652173913045,0.21595521587228395,0.0,-0.16769413413479925,0.0,0.19605506895180277,0.0,-0.24664557127514855,0.0,0.24124306212777055,0.0,-0.0858833870664239,0.0,0.2276472818422993,0.0,-0.13396088022505864,0.0,0.041652402996839394,0.0,0.13351269009755923,0.27703236019901334,0
216,0.19430493127681506,0.0,-0.24307272885926068,0.0,0.24048859678067686,0.0,-0.08834862179355696,0.0,0.19929732915942508,0.0,-0.2265226560519659,0.0,0.19898180326379442,0.0,-0.24245463403931353,0.0,0.22692421622252715,0.0,-0.12540831721853465,0.0,0.1959873419204636,0.0,-0.2527854071184993,0.0,0.234551665128815,0.0,-0.11141004553064704,0.0,0.2263721735685163,0.0,-0.08426569343544543,0.0,0.03206724229170124,0.0,0.15880703542381525,0.2731384341065295,0
217,0.19197598727816445,0.13456285109053906,-0.044520810947287826,0.0,0.1961022198458021,0.13456285109053906,-0.03284767422010191,0.0007567567567567567,0.19031069614324314,0.13456285109053906,-0.040958590961527076,0.0,0.19558390370850684,0.13456285109053906,-0.033582921833440194,0.0007567567567567567,0.19203784829552345,0.13456285109053906,-0.03731652842615404,0.0,0.18911309430072054,0.13456285109053906,-0.05004456962749828,0.0,0.19370328164405815,0.13456285109053906,-0.04351131760748103,0.0,0.19556395182140784,0.13456285109053906,-0.02674285216737189,0.0,0.0035879645432433938,0.0,0.017777958779915934,0.2086008572735817,0
218,0.19055899646864385,0.17887205950205903,-0.04108927005974692,0.0011203319502074687,0.18966900747266552,0.17887205950205903,-0.04906656554667279,0.0011203319502074687,0.18806243960195484,0.17887205950205903,-0.04223860679136124,0.0011203319502074687,0.19313608718251293,0.17887205950205903,-0.03130535746691748,0.002765068792312732,0.1896850620962618,0.17887205950205903,-0.04017502520000562,0.0011203319502074687,0.191757960273567,0.17887205950205903,-0.031778796069556844,0.024780027689708942,0.19306904122659516,0.17887205950205903,-0.028196124495007097,0.0011203319502074687,0.1903268422256654,0.17887205950205903,-0.04239541867224034,0.0011203319502074687,-0.0002321542429784551,0.0,-0.0013061486124934171,0.19990309625796815,0
219,0.1890672438173119,0.11127553916377905,-0.030034337108954787,0.0,0.18880627986681628,0.11127553916377905,-0.02680836441111751,0.0,0.18456621065344803,0.11127553916377905,-0.044296590046142226,0.0,0.18760706838123004,0.11127553916377905,-0.03824071490860661,0.0,0.18932698157590291,0.11127553916377905,-0.030095509933307767,0.0,0.18853083606032364,0.11127553916377905,-0.0337829162372509,0.0,0.18921820794695385,0.11127553916377905,-0.04104703471297398,0.0,0.18601052177500704,0.11127553916377905,-0.04873471192084253,0.0034653173170393005,-0.0030567220423048658,0.0,-0.01870037481188774,0.19266751188623418,0
220,0.17721684953366906,0.1430556149801355,-0.033676548080984504,0.0,0.17755150988688864,0.1430556149801355,-0.03235028823488392,0.0,0.1750390416307797,0.1430556149801355,-0.03349611182580702,0.0,0.17925950243527453,0.1430556149801355,-0.030438736590731423,0.0,0.17613433788316776,0.1430556149801355,-0.03403510645846836,0.0,0.17897548612010286,0.1430556149801355,-0.02366493560897652,0.001174698795180723,0.1790022559894903,0.1430556149801355,-0.025872644543705973,0.0,0.17793310677859564,0.1430556149801355,-0.030426236587809397,0.0,0.0007162572449265769,0.0,0.003250311493175107,0.20201799681851662,0
221,0.1634095458993109,0.13256286171950635,-0.04001344065181911,0.0,0.1646503548369231,0.13256286171950635,-0.027634004263672976,0.0,0.16210235044490878,0.13256286171950635,-0.037850788962095976,0.0,0.1685004673389058,0.13256286171950635,-0.028267897019395603,0.01129687515014256,0.16345948906368027,0.13256286171950635,-0.03537587372675262,0.0,0.1641257081060404,0.13256286171950635,-0.035314304577186706,0.0,0.16692496452770478,0.13256286171950635,-0.030703179851116147,0.0,0.16367314371981806,0.13256286171950635,-0.03262553825741634,0.0,0.0002635978205071665,0.0,0.007387902394402769,0.20255519934645372,0
222,0.18518285061260764,0.11521410997429678,-0.02149116464192048,0.001174698795180723,0.18133360183213035,0.11521410997429678,-0.037374061648733914,0.0,0.18353666000154856,0.11521410997429678,-0.03499976749997586,0.0007567567567567567,0.18352832169282127,0.11521410997429678,-0.033449852380435914,0.0,0.1835376561483105,0.11521410997429678,-0.025359102098736912,0.017694378422462177,0.1837783696017775,0.11521410997429678,-0.029147899385425263,0.0,0.18428122831785437,0.11521410997429678,-0.0292415488359984,0.0019210977701543742,0.18097543432895166,0.11521410997429678,-0.03936295878724195,0.015630039342002404,-0.004207416283655979,0.0,-0.01787179414532147,0.1916590574506562,0
223,0.18967619737507566,0.1479510012432443,-0.039987072175135835,0.0016447368421052633,0.18947519461635545,0.1479510012432443,-0.03579863122809911,0.0,0.18894327280591244,0.1479510012432443,-0.035346762433182445,0.0,0.19302026547061257,0.1479510012432443,-0.03465823514459771,0.0007567567567567567,0.18666545445067026,0.1479510012432443,-0.05216187781654298,0.0,0.19140959322461468,0.1479510012432443,-0.035109598547933274,0.0,0.19010122738001836,0.1479510012432443,-0.03959745893720537,0.0,0.1895902301330197,0.1479510012432443,-0.032843117140582766,0.0,-8.596724205595097e-05,0.0,0.007143955034553069,0.20212740124631165,0
224,0.5415801472553058,0.6741971527820246,0.18755697254091502,0.0,0.5523474850717615,0.6741971527820246,0.2011364172771573,0.0,0.5408208417037516,0.6741971527820246,0.1813867200165987,0.0008057851239669422,0.5390903305466956,0.6741971527820246,0.20962319582700728,0.0,0.5414294397538495,0.6741971527820246,0.19570317754521965,0.0,0.5450506286277303,0.6741971527820246,0.19426365375518798,0.0,0.534987850678158,0.6741971527820246,0.20511705275624992,0.0,0.5437513562647787,0.6741971527820246,0.20467064399272203,0.0,0.002171209009472874,0.0,0.017113671451807005,0.20694651525590257,0
225,0.4482001350854704,0.2546101360088267,0.1959810281917453,0.0,0.4597891501434411,0.2546101360088267,0.20265801638364792,0.0,0.4545842678934111,0.2546101360088267,0.20162109136581421,0.0,0.45646514808232375,0.2546101360088267,0.2028506724908948,0.0,0.44749295576775205,0.2546101360088267,0.18810708058997988,0.0,0.4620889036699678,0.2546101360088267,0.1823348232731223,0.0,0.4624850182512603,0.2546101360088267,0.21901519913226367,0.0,0.463502068931732,0.2546101360088267,0.2294180515781045,0.0,0.015301933846261606,0.0,0.033437023386359205,0.2247702009571671,0
226,0.47016863727696423,0.3127555329156399,0.2051647182367742,0.005847142682662034,0.474037539823963,0.3127555329156399,0.20006896272301675,0.005847142682662034,0.47536497710084047,0.3127555329156399,0.19192664235830306,0.005847142682662034,0.46306870517605747,0.3127555329156399,0.2089260938204825,0.009812329234972678,0.46249621905419086,0.3127555329156399,0.20088100142776966,0.005847142682662034,0.47357644792928066,0.3127555329156399,0.19138096988201142,0.005847142682662034,0.4631736819424238,0.3127555329156399,0.20662056530476547,0.005847142682662034,0.46245938250601903,0.3127555329156399,0.19984835363924502,0.005847142682662034,-0.007709254770945195,0.0,-0.005316364597529183,0.19104852894584534,0
227,0.57455148493429,0.675798153165716,0.20340907528996469,0.0,0.5702209272937332,0.675798153165716,0.20311666508205234,0.0,0.5699184690018391,0.675798153165716,0.21460184494033455,0.0,0.569358828823234,0.675798153165716,0.19636252742260696,0.0,0.577967877645503,0.675798153165716,0.21060314144939185,0.0,0.5768116192702454,0.675798153165716,0.19902452789247035,0.0,0.5768501048683115,0.675798153165716,0.2044212434999645,0.0,0.5633057432916644,0.675798153165716,0.20186544716358185,0.0016219512195121955,-0.011245741642625595,0.0,-0.00154362812638284,0.18824963582795423,0
228,0.5641939365308838,0.004537562597009363,0.19493484821170567,0.008035002701576938,0.5785000777946561,0.004537562597009363,0.20494649682193994,0.003823772755052874,0.5796210294471302,0.004537562597009363,0.21359657265245915,0.008035002701576938,0.5760504584000226,0.004537562597009363,0.19116542357951402,0.003823772755052874,0.572963138935732,0.004537562597009363,0.20099085055291652,0.003823772755052874,0.5839253901479344,0.004537562597009363,0.1984921258687973,0.003823772755052874,0.5726964894049953,0.004537562597009363,0.2049003928899765,0.005535002701576938,0.5740573086018419,0.004537562597009363,0.19327957205474378,0.003823772755052874,0.00986337207095811,0.0,-0.001655276156961899,0.21044628065448054,0
229,0.4803443125095737,0.5191978612872176,0.21890698004513978,0.008056618705395653,0.48443104243925594,0.5191978612872176,0.20785174503922463,0.006484453756942046,0.46903802725819227,0.5191978612872176,0.20118575382977724,0.008056618705395653,0.4768843484386144,0.5191978612872176,0.1954126926511526,0.006484453756942046,0.47411150713926364,0.5191978612872176,0.21070856254547835,0.008056618705395653,0.4848628328951282,0.5191978612872176,0.19024669336155056,0.006484453756942046,0.4759001284516968,0.5191978612872176,0.1897122052195482,0.006484453756942046,0.4643915306537899,0.5191978612872176,0.1992872929573059,0.006484453756942046,-0.015952781855783804,0.0,-0.019619687087833876,0.1788650966467393,0
230,0.5108589400195381,0.1775962520579709,0.2055715287476778,0.0,0.5039656175912703,0.1775962520579709,0.16883241515606642,0.0,0.49886912011167445,0.1775962520579709,0.18976976682431995,0.002526658663182797,0.5129436718901133,0.1775962520579709,0.18393258266150952,0.0,0.4979230120928595,0.1775962520579709,0.19613330700958614,0.0017954722699799713,0.5196094045543846,0.1775962520579709,0.18689358919858934,0.0007018442622950819,0.5057165690140532,0.1775962520579709,0.20404920186847447,0.00240351393075057,0.5164844002836889,0.1775962520579709,0.19053222723305224,0.0,0.005625460264150783,0.0,-0.01503930151462557,0.20270526287904664,0
231,0.3484052705816358,0.313457278577297,0.1043581991433166,0.8674489602501454,0.3474666322391211,0.313457278577297,0.12678533607220743,1.0,0.33357060045046644,0.313457278577297,0.11780377265065908,1.0,0.3394829894738739,0.313457278577297,0.11909577978309244,1.0,0.32471723702861965,0.313457278577297,0.1257430829387158,0.9974769198312237,0.35432370737394275,0.313457278577297,0.11938150971196591,1.0,0.3449493061844732,0.313457278577297,0.1231412525754422,0.9975,0.350192068033199,0.313457278577297,0.12170379280607449,1.0,0.0017867974515632379,0.0,0.017345593662757897,0.20659862512507077,0
232,0.3000999443766943,0.26732320996997627,0.14078444370650686,0.985367516763112,0.3262312574663922,0.26732320996997627,0.11558020475320518,0.9987192622950819,0.3178217246369327,0.26732320996997627,0.12706913848407567,1.0,0.32521318234021007,0.26732320996997627,0.14423824163153767,0.9898278742007046,0.295744273441606,0.26732320996997627,0.12185131859965623,0.995316640520158,0.3216324070851454,0.26732320996997627,0.11165726991835982,1.0,0.3156599380284138,0.26732320996997627,0.12084288297919557,1.0,0.3070299477426392,0.26732320996997627,0.10739163411955815,1.0,0.006930003365944903,0.0,-0.03339280958694871,0.1995818322211925,0
233,0.3062294379312194,0.18341088118580007,0.10510558401118032,0.9989315352697097,0.31554914708940396,0.18341088118580007,0.12147624333854765,1.0,0.30107914437271344,0.18341088118580007,0.11526073615532369,1.0,0.3212782193683356,0.18341088118580007,0.12594754678197206,1.0,0.3010707664840481,0.18341088118580007,0.12299950406420976,0.995,0.3037418985424295,0.18341088118580007,0.11718791394261643,1.0,0.2988084046341656,0.18341088118580007,0.13355908720288426,1.0,0.30336329236862175,0.18341088118580007,0.11578169051092119,1.0,-0.0028661455625976218,0.0,0.010676106499740864,0.200065814635017,0
234,0.3157753875065491,0.21736296259220977,0.11535810684988973,1.0,0.30890203372533775,0.21736296259220977,0.12286407568491996,1.0,0.3063844952687134,0.21736296259220977,0.12232043612748385,1.0,0.3156934327804666,0.21736296259220977,0.12350361215882004,0.9992183098591549,0.31177681114520467,0.21736296259220977,0.1223526091594249,1.0,0.3045741367583511,0.21736296259220977,0.10807345618319232,1.0,0.31344344151801706,0.21736296259220977,0.12534736039116978,1.0,0.3134713778726636,0.21736296259220977,0.12645014240406455,1.0,-0.0023040096338854954,0.0,0.011092035554174817,0.2007595486101078,0
235,0.3287701716059615,0.20377400853128216,0.11715272998437286,1.0,0.33692609743220947,0.20377400853128216,0.12383254411281086,1.0,0.32952164477544743,0.20377400853128216,0.13100624071201308,1.0,0.3383568397136705,0.20377400853128216,0.12497555624693632,1.0,0.32994745817896576,0.20377400853128216,0.12319272004999221,1.0,0.33660236231651824,0.20377400853128216,0.10838556557078846,0.9938090128755366,0.3304826272844597,0.20377400853128216,0.13383994143921882,1.0,0.33184175747270805,0.20377400853128216,0.11542527467521722,1.0,0.003071585866746551,0.0,-0.0017274553091556344,0.20327809854813816,0
236,0.6413924588084361,0.8473479311597942,0.20102004759013653,0.0,0.6247849370249501,0.8473479311597942,0.18006914523430168,0.002510656184138862,0.6258428717508839,0.8473479311597942,0.20590714447200298,0.0017048710601719197,0.6497936790375035,0.8473479311597942,0.22074285767972468,0.0,0.6368116660578486,0.8473479311597942,0.21077938798815013,0.0,0.6363644521897853,0.8473479311597942,0.20422400176525116,0.0,0.6355041409052608,0.8473479311597942,0.19406861390918492,0.0,0.6433703648953495,0.8473479311597942,0.21114554151892662,0.0,0.0019779060869133946,0.0,0.010125493928790086,0.20503079884893252,0
237,0.5031742068875985,0.4661643637572247,0.1951305641978979,0.0,0.501923398623882,0.4661643637572247,0.19761106714606286,0.0,0.4910055099440304,0.4661643637572247,0.1964698862284422,0.0,0.5115413902070719,0.4661643637572247,0.19573840707540513,0.0,0.5001552698564959,0.4661643637572247,0.20319840416312218,0.0,0.5037240489455477,0.4661643637572247,0.21123064767569302,0.0,0.4965193072183578,0.4661643637572247,0.19301839984953403,0.0,0.5024735970075336,0.4661643637572247,0.19933079686015845,0.0,-0.0007006098800649285,0.0,0.00420023266226055,0.20075904163963323,0
238,0.49662880502035556,0.17838696345600275,0.19869822531938552,0.004136946857257898,0.5006010958585194,0.17838696345600275,0.19540801122784615,0.004136946857257898,0.4964271444793644,0.17838696345600275,0.19846509192138911,0.004136946857257898,0.4843074079113789,0.17838696345600272,0.20099024549126626,0.004136946857257898,0.49121907897574146,0.17838696345600272,0.2146861632913351,0.003348537153753855,0.49530271822542665,0.17838696345600272,0.20827314238995315,0.003348537153753855,0.49354329323824475,0.17838696345600272,0.18935852648690343,0.004136946857257898,0.5016984181364537,0.17838696345600272,0.2051168178021908,0.004136946857257898,0.005069613116098104,-2.7755575615628914e-17,0.006418592482805269,0.2073775514238259,0
239,0.6016724963259278,1.0478068152734548,0.19598498856415972,0.0,0.6201987352358557,1.0478068152734548,0.20459082324057817,0.0,0.6080825406787638,1.0478068152734548,0.20787612937390804,0.0,0.6022833115648609,1.0478068152734548,0.20568897053599358,0.0012343096234309623,0.6032860690515719,1.0478068152734548,0.19415620904415845,0.0,0.6189523990199444,1.0478068152734548,0.2021482861787081,0.0,0.609974497616749,1.0478068152734548,0.2000534992851317,0.0,0.6032302741466417,1.0478068152734548,0.19254922764841467,0.0017396907216494844,0.0015577778207138682,0.0,-0.0034357609157450453,0.20126577863963577,0
240,0.68443364113896,0.8069694358219307,0.20079927753657104,0.0,0.6799108605840063,0.8069694358219307,0.19294050155207515,0.0,0.6804878215956219,0.8069694358219307,0.20766145117580892,0.0,0.6787598099145078,0.8069694358219307,0.19691920515149833,0.0,0.6748230135235823,0.8069694358219307,0.1937345728650689,0.0,0.6813503748601383,0.8069694358219307,0.190668630823493,0.0,0.6836979706495062,0.8069694358219307,0.18513383939862252,0.0,0.6815783562163391,0.8069694358219307,0.19707174440845848,0.0,-0.002855284922620882,0.0,-0.0037275331281125534,0.19654814978666318,0
241,0.4982501200473624,0.15698404434564106,0.19972127489745617,0.005848537153753855,0.5027939516352976,0.15698404434564106,0.19782773841172457,0.005848537153753855,0.49615915948268713,0.15698404434564106,0.1990922893770039,0.005848537153753855,0.49306610401601964,0.15698404434564106,0.20145683863200248,0.005848537153753855,0.5018368686697747,0.15698404434564106,0.198573435023427,0.005848537153753855,0.5044812409625256,0.15698404434564106,0.20440230594947933,0.005848537153753855,0.4906265287621792,0.15698404434564106,0.19612659614533187,0.005848537153753855,0.4947512706014206,0.15698404434564106,0.21798719473183156,0.003348537153753855,-0.0034988494459418096,0.0,0.018265919834375394,0.2012593077846715,0
242,0.5642078325414706,0.7276780749859404,0.20085071884095668,0.0,0.5660974560314617,0.7276780749859404,0.2035432843863964,0.0,0.5561605247169857,0.7276780749859404,0.2069732766225934,0.0,0.551651673909249,0.7276780749859404,0.19233038680977188,0.0,0.5610077762756387,0.7276780749859404,0.20486275922507047,0.0,0.5646416042035063,0.7276780749859404,0.20873664297163486,0.0,0.5584045235915301,0.7276780749859404,0.1762014744919725,0.0008057851239669422,0.5624323199158271,0.7276780749859404,0.199252236103639,0.0,-0.0017755126256434606,0.0,-0.0015984827373176635,0.19820659870038562,0
243,0.631458935870011,0.8055439040476525,0.2113666805252433,0.0,0.6370480389816255,0.8055439040476525,0.21148713624104856,0.0,0.6284387203812501,0.8055439040476525,0.2028600277379155,0.000901639344262295,0.6318335894607143,0.8055439040476525,0.21075812614522874,0.0,0.6183754138975683,0.8055439040476525,0.20241443652659655,0.0026065104044342147,0.6284123991251583,0.8055439040476525,0.22113892152905465,0.0,0.6228244607399211,0.8055439040476525,0.21004178054630757,0.0017048710601719197,0.6340343506198185,0.8055439040476525,0.21631914079189302,0.0,0.002575414749807492,0.0,0.004952460266649722,0.20439239744624493,0
244,0.2164498527141377,0.13831217567552676,-0.024370553502812982,0.001174698795180723,0.21346617241570853,0.13831217567552676,-0.03283299089031061,0.0,0.21136140671628367,0.13831217567552676,-0.04668226960089669,0.0,0.21534640876834243,0.13831217567552676,-0.02978842842479935,0.0,0.21370492333763902,0.13831217567552676,-0.02754503910546191,0.0,0.21179358154165712,0.13831217567552676,-0.04487689083791338,0.0,0.2138549825564355,0.13831217567552676,-0.03594262012164109,0.0,0.21392470366913557,0.13831217567552676,-0.030979824243113397,0.0,-0.0025251490450021175,0.0,-0.006609270740300415,0.1961896547186412,0
245,0.19327590227867536,0.16184156858462953,-0.03176515760831535,0.0,0.19330304049827,0.16184156858462953,-0.03660073862411082,0.0,0.19212130743427108,0.16184156858462953,-0.027946690532844515,0.0,0.19602921227066059,0.16184156858462953,-0.03605302756157471,0.0007567567567567567,0.19151458933513832,0.16184156858462953,-0.03861080002621747,0.0034653173170393005,0.1926169438951146,0.16184156858462953,-0.03418482817825861,0.0,0.19439279860810837,0.16184156858462953,-0.03566878089099191,0.025313029072834805,0.19163817730763472,0.16184156858462953,-0.03655302837258205,0.0,-0.0016377249710406439,0.0,-0.004787870764266698,0.19757021767787997,0
246,0.18126137578567494,0.16998369324784324,-0.04145570220047375,0.0,0.18488145737091416,0.16998369324784324,-0.03394986079714726,0.0,0.18243684071576982,0.16998369324784324,-0.029868083217224922,0.0016447368421052633,0.18960732137916161,0.16998369324784324,-0.03904100945510436,0.0007567567567567567,0.18335047069846636,0.16998369324784324,-0.02631123223109171,0.0034653173170393005,0.18293433141778434,0.16998369324784324,-0.04641292245010845,0.0,0.18513292438776352,0.16998369324784324,-0.041845527058467266,0.0,0.1868970231643844,0.16998369324784324,-0.034736571513931266,0.0,0.005635647378709446,0.0,0.006719130686542486,0.20804711720505914,0
247,0.19222010636225462,0.0,-0.27164172681514176,0.0,0.23826519529703477,0.0,-0.12962511815072503,0.0,0.21044634514663885,0.0,-0.19310818776488303,0.0,0.22336361015997866,0.0,-0.13564833296462894,0.0,0.19934737647828826,0.0,-0.22568133887834846,0.0,0.24937690661124487,0.0,-0.055311761060729624,0.0,0.24095602033596536,0.0,-0.11361534824594856,0.0,0.21730286324738537,0.0,-0.20458340044133366,0.0,0.025082756885130758,0.0,0.0670583263738081,0.24330530549471802,0
248,0.24679015777354277,0.0,-0.07258925784379244,0.0,0.2159769611059202,0.0,-0.18677482626866548,0.0,0.23693141326295808,0.0,-0.11115364950848744,0.0,0.22900249783410725,0.0,-0.15725892323534935,0.0,0.2041948293408462,0.0,-0.2441327717527747,0.0,0.2148735836368964,0.0,-0.14261625379323958,0.0,0.24224845727675218,0.0,-0.09629844822920859,0.0,0.24915657158311316,0.0,-0.021703091133385897,0.0,0.0023664138095703946,0.0,0.05088616671040655,0.21542677748407174,0
249,0.18203312048678355,0.14903311986634607,-0.04276859694800805,0.0,0.18082388612409245,0.14903311986634607,-0.04131060090498068,0.0034653173170393005,0.1825011261846789,0.14903311986634607,-0.02989699381229002,0.0,0.18164301702653687,0.14903311986634607,-0.038956483454676345,0.0,0.18291484198683525,0.14903311986634607,-0.03896896976046264,0.0,0.18082212407651296,0.14903311986634607,-0.042137388679548166,0.0,0.1835360026498856,0.14903311986634607,-0.035344608398445415,0.0,0.18405643853683235,0.14903311986634607,-0.03508696194621734,0.0,0.0020233180500487946,0.0,0.007681635001790713,0.20447982863885072,0
250,0.18022059954666098,0.10738614854309125,-0.048581709002610295,0.0,0.18293539934462094,0.10738614854309125,-0.03767837110441178,0.0,0.18136479135073055,0.10738614854309125,-0.031018459463957697,0.0,0.18156386979659989,0.10738614854309125,-0.043784676854265854,0.0,0.18024534352536703,0.10738614854309125,-0.04577312899491517,0.0,0.18289206810027114,0.10738614854309125,-0.041273714206181464,0.0,0.18568732336479032,0.10738614854309125,-0.023241066235532345,0.006911057609511804,0.18066651624228736,0.10738614854309125,-0.04260987147048581,0.0,0.0004459166956263805,0.0,0.005971837532124484,0.20240019118739122,0
251,0.1866721873748151,0.10618669654051975,-0.03157171449973248,0.0,0.18559591116316002,0.10618669654051975,-0.03366232519154437,0.02147670600866907,0.18490439477402967,0.10618669654051975,-0.037714432326320095,0.0016447368421052633,0.18630396414393885,0.10618669654051975,-0.04394942930113757,0.0,0.18695801575155233,0.10618669654051975,-0.03283023036899976,0.0,0.18725179948088455,0.10618669654051975,-0.0369976704363944,0.0,0.18516579476794717,0.10618669654051975,-0.04898849701276049,0.0,0.18587981712487064,0.10618669654051975,-0.040100289655383675,0.0,-0.0007923702499444685,0.0,-0.008528575155651197,0.1975436937190012,0
252,0.19786571545354772,0.15311771546996455,-0.04213989548617974,0.0,0.1976512246143605,0.15311771546996455,-0.03679076502390671,0.008521431992847826,0.1985968394978787,0.15311771546996455,-0.02481069854926318,0.0025080321285140565,0.2017644299087066,0.15311771546996455,-0.030108282229630277,0.0,0.19696345711607824,0.15311771546996455,-0.04119581896578893,0.011724857349209097,0.19731464200627527,0.15311771546996455,-0.04447712599299848,0.0,0.2024655590457574,0.15311771546996455,-0.0358967145322822,0.0007567567567567567,0.19889673542191194,0.15311771546996455,-0.030919795196969063,0.0,0.0010310199683642163,0.0,0.011220100289210676,0.20430209687097636,0
253,0.1999971259084454,0.15982605220071225,-0.034857728103961566,0.0,0.19671025877496437,0.15982605220071225,-0.04026172754296567,0.0,0.1957104174481018,0.15982605220071225,-0.04165942291729152,0.0,0.2020937675550327,0.15982605220071225,-0.025990311502246188,0.005609310697911028,0.19688621881312232,0.15982605220071225,-0.04107051858503837,0.0,0.19995135574343134,0.15982605220071225,-0.027658981329641393,0.0,0.19987678875540532,0.15982605220071225,-0.03336735000135377,0.0016447368421052633,0.19670780091611856,0.15982605220071225,-0.0404588078436791,0.0016447368421052633,-0.003289324992326842,0.0,-0.005601079739717532,0.19563213981704974,0
254,0.16917370442384316,0.11259093050108704,-0.046411291197873655,0.0,0.17212459972201088,0.11259093050108704,-0.02392968843167182,0.001174698795180723,0.17163092449024547,0.11259093050108704,-0.021659078150987623,0.001174698795180723,0.1695207978006728,0.11259093050108704,-0.046105222811000886,0.0,0.17209422428994023,0.11259093050108704,-0.030326699499273673,0.0007567567567567567,0.16719025611885274,0.11259093050108704,-0.048608880441170184,0.0,0.17119465846714493,0.11259093050108704,-0.029939951338456013,0.0,0.1681210830404008,0.11259093050108704,-0.0444219804261229,0.0,-0.0010526213834423648,0.0,0.0019893107717507547,0.1998467308077021,0
255,0.19649829630504068,0.14939140168272866,-0.031097024492628408,0.0,0.1951338280884821,0.14939140168272866,-0.027590308894286864,0.00206433908045977,0.19560225671052292,0.14939140168272866,-0.026936825024167773,0.001188212927756654,0.19639506296364007,0.14939140168272866,-0.032463545694336064,0.001188212927756654,0.1940033857737068,0.14939140168272866,-0.04160176495846826,0.0,0.1920834686489567,0.14939140168272866,-0.04752225920601631,0.0,0.19600381622970708,0.14939140168272866,-0.02902681575040333,0.0,0.19565995829926866,0.14939140168272866,-0.02930304819252342,0.0,-0.0008383380057720158,0.0,0.0017939763001049887,0.2000244718916963,0
256,0.4737460075907067,0.3142982782173951,0.2185355668887496,0.0,0.48347778011994513,0.3142982782173951,0.19613329462707044,0.0,0.4806365176069586,0.3142982782173951,0.2183050060272217,0.0,0.48439839256232053,0.3142982782173951,0.2211040284857154,0.0,0.4740122023302288,0.3142982782173951,0.18875420415773989,0.0,0.4837375409831581,0.3142982782173951,0.20607155345380307,0.0,0.47423323570070414,0.3142982782173951,0.1873105749487877,0.0,0.47649233993963536,0.3142982782173951,0.2086356209218502,0.0,0.0027463323489286817,0.0,-0.009899945966899387,0.20093328875100455,0
257,0.4869330853251817,0.3789227512548047,0.2098881571367383,0.0,0.49380972359203634,0.3789227512548047,0.19240711942315103,0.0,0.4831201492889391,0.3789227512548047,0.20128979977220296,0.0,0.4910474764925355,0.3789227512548047,0.19222337033599615,0.0,0.48218330536524845,0.3789227512548047,0.2108003259450197,0.0,0.4956429102889275,0.3789227512548047,0.19990910366177558,0.0,0.4853792915682793,0.3789227512548047,0.20181675396859647,0.0,0.48953242727585317,0.3789227512548047,0.19827390529215336,0.0,0.0025993419506714632,0.0,-0.01161425184458495,0.20035850537143945,0
258,0.5968163660799125,0.958030983413132,0.1897448106855154,0.0,0.6050303819607277,0.958030983413132,0.20267226040363312,0.0,0.5991732493630973,0.958030983413132,0.19063258454203605,0.0,0.5899389427529131,0.958030983413132,0.19411003222689033,0.0,0.6004065157855032,0.958030983413132,0.20336188855580986,0.0,0.6020117965658209,0.958030983413132,0.212961233779788,0.0,0.6016822422420577,0.958030983413132,0.20842059296555818,0.0,0.6050509312722744,0.958030983413132,0.20937736481428146,0.0,0.008234565192361876,0.0,0.01963255412876605,0.21394727260301313,0
259,0.4721033087996776,0.3905226432771176,0.20872884759213775,0.0,0.48537189540632386,0.3905226432771176,0.20462249927222728,0.0,0.48128750410966215,0.3905226432771176,0.2020474799349904,0.0,0.47772270880976925,0.3905226432771176,0.20552726864814758,0.0,0.47703661503233913,0.3905226432771176,0.21724697042256594,0.0,0.48166195639751525,0.3905226432771176,0.2091529749520123,0.0,0.48344357418970313,0.3905226432771176,0.20912447422742844,0.0,0.4798888472110385,0.3905226432771176,0.19658889210782945,0.0,0.007785538411360926,0.0,-0.012139955484308296,0.20568980796169128,0
260,0.52053032950919,0.42021947183374886,0.1964410037919879,0.0,0.5180688524320907,0.42021947183374886,0.2055283398926258,0.000781733746130031,0.5223011836941558,0.42021947183374886,0.1808175486885011,0.0,0.5176269028623367,0.42021947183374886,0.1966265394166112,0.0,0.5250779656051587,0.42021947183374886,0.20326729049906134,0.0,0.5220778457818156,0.42021947183374886,0.1992229151329957,0.0,0.5079308563268305,0.42021947183374886,0.18734977839048952,0.005297988267298206,0.5179519436675323,0.42021947183374886,0.18388714399188757,0.0,-0.0025783858416577043,0.0,-0.01255385980010032,0.19467709628683266,0
261,0.47248306101176907,0.24022531644063738,0.18783253621309995,0.0025,0.4777135631645695,0.24022531644063738,0.18836846482008696,0.0,0.47395138423888966,0.24022531644063738,0.2043089720234275,0.0,0.4835924371664323,0.24022531644063738,0.1930794533342123,0.0,0.4698789425318306,0.24022531644063738,0.19699151374399662,0.0,0.4782525499540064,0.24022531644063738,0.17927587965503336,0.0,0.4815210923895559,0.24022531644063738,0.1914633008092642,0.0,0.47331305664510687,0.24022531644063738,0.20482473033480347,0.0013090128755364808,0.0008299956333377989,0.0,0.016992194121703524,0.2055047014509398,0
262,0.46575648720010504,0.4169249367349785,0.1810400933213532,0.0012081784386617101,0.47062472568932046,0.4169249367349785,0.18780453344108536,0.0012081784386617101,0.4512258931841088,0.4169249367349785,0.20461761295795441,0.0019899121847917413,0.4614147075357182,0.4169249367349785,0.19161070957779885,0.0012081784386617101,0.45718084621794436,0.4169249367349785,0.2106948759779334,0.0012081784386617101,0.4576362811427542,0.4169249367349785,0.1916322458907962,0.0012081784386617101,0.45756930727069933,0.4169249367349785,0.19298026032745838,0.0012081784386617101,0.44110533601168,0.4169249367349785,0.19568885784596204,0.00434550919301374,-0.024651151188425036,0.0,0.014648764524608837,0.1781035834288045,0
263,0.3356911242760402,0.25056325008708363,0.11519500018039253,0.9979754015066163,0.3431641705888242,0.25056325008708363,0.14124969794182107,0.9975,0.34514527374829257,0.25056325008708363,0.1176323594735004,1.0,0.3672418264590677,0.25056325008708363,0.12843260331777856,0.9987916666666666,0.34810314520452135,0.25056325008708363,0.1250410106452182,1.0,0.3449472087111626,0.25056325008708363,0.13155653294408695,1.0,0.3536738048717136,0.25056325008708363,0.1238148095618817,1.0,0.3561214402676334,0.25056325008708363,0.12376851099776104,0.9976006795422032,0.02043031599159323,0.0,0.008573510817368513,0.22407752213333165,0
264,0.31485853756384813,0.1970714644025723,0.1319071378838271,1.0,0.3279338024989345,0.1970714644025723,0.11678008076385595,1.0,0.31554862558344954,0.1970714644025723,0.11728647687472403,1.0,0.31178451211169744,0.1970714644025723,0.11921268017729744,1.0,0.3204914197461437,0.1970714644025723,0.12740362161654048,1.0,0.33540118968370053,0.1970714644025723,0.11747731124050916,0.9987192622950819,0.3274012753174818,0.1970714644025723,0.11939703644718974,1.0,0.3199234032947446,0.1970714644025723,0.11577452776953578,1.0,0.005064865730896484,0.0,-0.016132610114291318,0.2018471839671161,0
265,0.3382505523713604,0.1993808542850246,0.12278292219503782,1.0,0.3367134119244019,0.1993808542850246,0.1378626241488382,1.0,0.3263150317795596,0.1993808542850246,0.11048317681881599,1.0,0.32283988521489704,0.1993808542850246,0.11347331319586373,1.0,0.31849870186826673,0.1993808542850246,0.10487111880385783,0.9959353980648402,0.33983600501712496,0.1993808542850246,0.1485037237056531,0.8711093868057467,0.3459685529437441,0.1993808542850246,0.11376465660971008,0.99625,0.3451739870098645,0.1993808542850246,0.11753923979362298,1.0,0.006923434638504089,0.0,-0.005243682401414845,0.20647185802518409,0
266,0.3617720357951158,0.31411402564788216,0.12194994456134736,0.9975,0.3582022290984201,0.31411402564788216,0.11749573235400021,0.9975,0.3536250096409449,0.31411402564788216,0.11958835938479752,1.0,0.33925329211133776,0.31411402564788216,0.11440973281860352,1.0,0.34383745382076736,0.31411402564788216,0.11629163252422586,1.0,0.35101970016360073,0.31411402564788216,0.11710747821198311,1.0,0.35697549298939657,0.31411402564788216,0.11276503671891987,0.9975,0.3579083979837001,0.31411402564788216,0.12467397217638791,1.0,-0.0038636378114156877,0.0,0.00272402761504055,0.1970672656008892,0
267,0.35138145101829354,0.3388655251326962,0.11786178266571369,1.0,0.3702006418047712,0.3388655251326962,0.12716450356412679,1.0,0.33182863624450404,0.3388655251326962,0.11448594553396106,0.9974797540983605,0.36177430876203026,0.3388655251326962,0.10891096026462037,1.0,0.3431166571544667,0.3388655251326962,0.11386060405173339,1.0,0.348377721006717,0.3388655251326962,0.11048486766638234,1.0,0.35533963306413685,0.3388655251326962,0.12375090504414402,1.0,0.36072925704974956,0.3388655251326962,0.10634747188072652,0.9989315352697097,0.009347806031456019,0.0,-0.011514310784987172,0.2074878793456991,0
268,0.3607472257895727,0.24609868721768238,0.128075939839473,0.9125,0.3726381584271344,0.24609868721768238,0.13282522508874536,0.9113090128755366,0.37448883910609093,0.24609868721768238,0.11696141076157801,0.9108630981795182,0.40368413332539177,0.24609868721768238,0.13195571043528617,0.8873982145763375,0.3584157152375024,0.24609868721768238,0.13380288465996273,0.9137397540983606,0.36856601137371775,0.24609868721768238,0.11866254150634631,0.9125,0.3799609761407221,0.24609868721768238,0.1291866351221688,0.9046721110550545,0.38806666662271205,0.24609868721768238,0.11062096086330712,0.8984912599912248,0.027319440833139363,0.0,-0.017454978976165866,0.22495314415872314,0
269,0.5907125027266248,1.0485348317389847,0.2129373088479042,0.0,0.5827113816270926,1.0485348317389847,0.18728765109553933,0.0,0.5858891649512667,1.0485348317389847,0.19062278486788273,0.0,0.5928792532419808,1.0485348317389847,0.21652332801371812,0.0,0.5855897934079919,1.0485348317389847,0.20772212341427804,0.0,0.5809528317189092,1.0485348317389847,0.1960079636052251,0.0012343096234309623,0.5788033231591085,1.0485348317389847,0.191619752086699,0.0012343096234309623,0.593772637901897,1.0485348317389847,0.21642323065549135,0.0,0.0030601351752722605,0.0,0.003485921807587139,0.20454339554133744,0
270,0.47455041785443264,0.31124766728835623,0.19530443031340838,0.0,0.47635813079638484,0.31124766728835623,0.20109743176959455,0.0,0.47509975365837837,0.31124766728835623,0.19599907323718072,0.0,0.46811777243005565,0.31124766728835623,0.1970390563737601,0.0,0.4814763482015824,0.31124766728835623,0.23384021386504172,0.0,0.46827326781556006,0.31124766728835623,0.19922632340341806,0.0,0.47086527696414526,0.31124766728835623,0.20198780100792646,0.0,0.46951892955428076,0.31124766728835623,0.2129697314091027,0.0,-0.005031488300151876,0.0,0.017665301095694308,0.19949856174264552,0
271,0.5351478974810715,0.2706597689903486,0.18227249924093486,0.0,0.5504633014780189,0.2706597689903486,0.20636534374207258,0.0,0.5376633289881008,0.2706597689903486,0.1908985652215779,0.0,0.538247755017001,0.2706597689903486,0.19766692258417606,0.0,0.5448798141847006,0.2706597689903486,0.1915336934477091,0.0,0.540087162205078,0.2706597689903486,0.18478450644761324,0.0,0.5456678579647967,0.2706597689903486,0.21397356025874614,0.0,0.5422285223231241,0.2706597689903486,0.21568940859287977,0.0,0.00708062484205263,0.0,0.03341690935194491,0.21610975192205933,0
272,0.4963633399011993,0.394356772851665,0.1960061190277338,0.0,0.49437256742370184,0.394356772851665,0.2106167445331812,0.0,0.48257898223657436,0.394356772851665,0.19517708275467158,0.0,0.48533776825248665,0.394356772851665,0.2022928981296718,0.0,0.4833243549220917,0.394356772851665,0.19950572397559882,0.0,0.4824077348917021,0.394356772851665,0.18748802423477173,0.0,0.4879983951748573,0.394356772851665,0.20565972674638033,0.0,0.4920110149046246,0.394356772851665,0.19771682996302842,0.0,-0.004352324996574675,0.0,0.0017107109352946237,0.19630449102523204,0
273,0.6122291805615363,0.6670137156685464,0.2249650127440691,0.0,0.6093779394516708,0.6670137156685464,0.2212665356695652,0.0,0.6029625464632548,0.6670137156685464,0.19919845733791589,0.0,0.613978296525828,0.6670137156685464,0.21111223503947257,0.0,0.6058642228031196,0.6670137156685464,0.19760900270193815,0.0,0.6011552223120363,0.6670137156685464,0.20492932721972465,0.0,0.6063543384514745,0.6670137156685464,0.20472333308309318,0.0,0.6045048895292573,0.6670137156685464,0.22523459166288376,0.0,-0.007724291032279007,0.0,0.0002695789188146558,0.19240133512808805,0
274,0.4979317560436246,0.41186069051259766,0.18632973281666637,0.005847142682662034,0.5057312037497088,0.41186069051259766,0.2198760399967432,0.008347142682662035,0.49611264400267513,0.41186069051259766,0.1923528468236327,0.005847142682662034,0.5027038152151642,0.41186069051259766,0.21026983946561814,0.005847142682662034,0.4945877223943615,0.41186069051259766,0.18903350666165353,0.005847142682662034,0.49633140220320415,0.41186069051259766,0.20694093652069567,0.005847142682662034,0.4936138490564085,0.41186069051259766,0.21075213361531497,0.005847142682662034,0.4918299019309953,0.41186069051259766,0.2041258824430406,0.0075868334043115195,-0.006101854112629312,0.0,0.01779614962637424,0.19840372389533395,0
275,0.5907732574034305,0.697471730108703,0.21191759146749972,0.0,0.5917700804975627,0.697471730108703,0.19379220880568027,0.0,0.5944587056321247,0.697471730108703,0.18760480783879757,0.000901639344262295,0.586284593868857,0.697471730108703,0.2002069301903248,0.0,0.5926045841257775,0.697471730108703,0.17955555129796266,0.0017074244682292372,0.5908562279130134,0.697471730108703,0.20709175646305084,0.0,0.5936138963145148,0.697471730108703,0.210749665312469,0.0,0.5955647197320254,0.697471730108703,0.19824588362127543,0.0,0.004791462328594953,0.0,-0.01367170784622429,0.20216229714073472,0
276,0.25489465520011595,0.4546449834127473,-0.05201138429620187,0.010719129255477524,0.26150509792807397,0.4546449834127473,-0.024405242361826823,0.028229526466234854,0.2578002235460018,0.4546449834127473,-0.028600291583134093,0.08902631054996339,0.258282934780499,0.4546449834127473,-0.03889898936264217,0.010719129255477524,0.2570822134906877,0.4546449834127473,-0.03332815367903095,0.010719129255477524,0.25709000357100775,0.4546449834127473,-0.04277119467267767,0.010719129255477524,0.25794153264674186,0.4546449834127473,-0.03345988309709355,0.010719129255477524,0.2579464817037779,0.4546449834127473,-0.04025712613976793,0.010719129255477524,0.003051826503661925,0.0,0.011754258156433939,0.20656050949970695,0
277,0.1833863526186509,0.11004022622850428,-0.032998735360815774,0.0,0.18095297600280527,0.11004022622850428,-0.04387550697661936,0.0034653173170393005,0.18375035139034315,0.11004022622850428,-0.027326596790808254,0.0,0.18258669644744088,0.11004022622850428,-0.0414128162083216,0.0,0.18169361365101633,0.11004022622850428,-0.03811092817224562,0.0,0.18224891876332855,0.11004022622850428,-0.045193202520022166,0.0,0.18392177934181245,0.11004022622850428,-0.03971051458385773,0.0,0.1847479105176742,0.11004022622850428,-0.028318053775001316,0.0,0.0013615578990232857,0.0,0.0046806815858144585,0.20304784055866928,0
278,0.17205118530206445,0.11031299662527326,-0.03949724948266521,0.0,0.1741011287892862,0.11031299662527326,-0.037521467781043615,0.0,0.17008426665826387,0.11031299662527326,-0.0413137209758861,0.0,0.17754440646991687,0.11031299662527326,-0.022048024020623416,0.0076601356457948674,0.17461571060565834,0.11031299662527326,-0.030597127916989847,0.003126404283669529,0.17610244934149744,0.11031299662527326,-0.03163075627759099,0.0,0.17417484445204112,0.11031299662527326,-0.03946288567240117,0.001274703557312253,0.17787177786434893,0.11031299662527326,-0.026207894320250488,0.0034653173170393005,0.005820592562284482,0.0,0.013289355162414723,0.20985162994125156,0
279,0.24004794435657684,0.0,-0.07877393241971731,0.0,0.22250663754170066,0.0,-0.18406119171297178,0.0,0.19613614112526775,0.0,-0.26218172908760606,0.0,0.2259711891117077,0.0,-0.15284852897282689,0.0,0.19717931712340925,0.0,-0.2582740628393367,0.0,0.21689664812227583,0.0,-0.17549260727129876,0.0,0.2018026005485657,0.0,-0.22173453539609908,0.0,0.24582866142834145,0.0,-0.10251752304378897,0.0,0.005780717071764613,0.0,-0.023743590624071664,0.20073604347933227,0
280,0.2975921173974798,0.36091377982089584,-0.1872258169017732,0.005876068376068376,0.26641405134356244,0.36091377982089584,-0.21865262318402529,0.0008760683760683761,0.29569441613422587,0.36091377982089584,-0.09858808534219861,0.005876068376068376,0.2887303355595839,0.36091377982089584,-0.19694144203793257,0.005876068376068376,0.29391543655749136,0.36091377982089584,-0.1586031464766711,0.005876068376068376,0.3003428406249153,0.36091377982089584,-0.17583043903694487,0.005876068376068376,0.2591834684513905,0.36091377982089584,-0.28731329590082166,0.0008760683760683761,0.2757123012445046,0.36091377982089584,-0.2403821662766859,0.0008760683760683761,-0.02187981615297524,0.0,-0.053156349374912704,0.16440805847221224,0
281,0.1994357735508655,0.19694445110787498,-0.04430173481814563,0.0011203319502074687,0.19775456403512273,0.19694445110787498,-0.03515223357593641,0.0023950355075197218,0.1975600278430759,0.19694445110787498,-0.04324201836832799,0.0011203319502074687,0.20226931879646487,0.19694445110787498,-0.030867045113118365,0.0011203319502074687,0.19888085057999702,0.19694445110787498,-0.03859954691550229,0.0011203319502074687,0.20182354961446478,0.19694445110787498,-0.034702882661367764,0.0011203319502074687,0.2003455491678048,0.19694445110787498,-0.03903256602585316,0.0011203319502074687,0.1990936128005807,0.19694445110787498,-0.034161560211723556,0.0011203319502074687,-0.0003421607502848145,0.0,0.010140174606422074,0.2025917937087261,0
282,0.19403712825207617,0.17294367528406296,-0.040728828986757434,0.0,0.19472599589569756,0.17294367528406296,-0.03178959711811331,0.0,0.19433418859270174,0.17294367528406296,-0.02780719980597496,0.0012176724137931035,0.19422376616897857,0.17294367528406296,-0.039797535550314934,0.0,0.19262474929153137,0.17294367528406296,-0.045271706860512496,0.0,0.19598410086469928,0.17294367528406296,-0.030885134084674064,0.0,0.19783720473649213,0.17294367528406296,-0.03258452212496195,0.0016447368421052633,0.19324671231515647,0.17294367528406296,-0.04200334192311857,0.0,-0.0007904159369196972,0.0,-0.001274512936361133,0.19932310094012742,0
283,0.18159779555771066,0.11994018617351307,-0.027268383578630165,0.0,0.17959005783968984,0.11994018617351307,-0.03242897586897016,0.0,0.17641533228711534,0.11994018617351307,-0.03856257387495134,0.07052865612648221,0.18157629171099088,0.11994018617351307,-0.028720042575660045,0.006924571742087735,0.17933605706988442,0.11994018617351307,-0.027187153925187887,0.0,0.1764825568845013,0.11994018617351307,-0.0504322331858566,0.0,0.18651260264467912,0.11994018617351307,-0.027940502568380907,0.05595875920811358,0.18215115581807373,0.11994018617351307,-0.022522905232617633,0.001174698795180723,0.0005533602603630672,0.0,0.004745478346012532,0.2022128337698658,0
284,0.23609377231292666,0.28088752759916613,-0.047851506741862976,0.02084343914226126,0.2331935548505347,0.28088752759916613,-0.04792165444232523,0.02084343914226126,0.23375783763192184,0.28088752759916613,-0.04185247828543652,0.02591440405454196,0.23859166731585993,0.28088752759916613,-0.03389785876439419,0.02841440405454196,0.23435826089482947,0.28088752759916613,-0.04111975451814942,0.024653439142261258,0.23778501885382614,0.28088752759916613,-0.02982068225974217,0.02084343914226126,0.23961699678458784,0.28088752759916613,-0.02443776900472585,0.020386284151541197,0.23882350274581277,0.28088752759916613,-0.03562099290749757,0.024653439142261258,0.0027297304328861016,0.0,0.012230513834365409,0.20633809129139824,0
285,0.1892921585143828,0.17257748643627868,-0.04422357819275931,0.0,0.18749413457100378,0.17257748643627868,-0.0414203475730028,0.0,0.18984449576489468,0.17257748643627868,-0.03170526366578997,0.0,0.18865506649148697,0.17257748643627868,-0.0420547376916511,0.0,0.18540913432233128,0.17257748643627868,-0.053368273856176526,0.0,0.188728674930285,0.17257748643627868,-0.03926271563716,0.0,0.1906766219828961,0.17257748643627868,-0.03290465676691383,0.0,0.18664572075821972,0.17257748643627868,-0.04613908126717434,0.0,-0.002646437756163078,0.0,-0.0019155030744150287,0.19721200075517042,0
286,0.2057861147671757,0.17940692927013702,-0.03470360327977687,0.0,0.2039433137269327,0.17940692927013702,-0.04169416938908398,0.001188212927756654,0.2011968782291821,0.17940692927013702,-0.05101079312036745,0.0,0.20513411648615626,0.17940692927013702,-0.03859991394514509,0.0,0.20651803459964407,0.17940692927013702,-0.03030371033484698,0.0,0.20407240601300758,0.17940692927013702,-0.041491223007906225,0.0013333333333333335,0.20559218408005614,0.17940692927013702,-0.040444007219048214,0.0034653173170393005,0.20350534301213175,0.17940692927013702,-0.046893675112783056,0.0,-0.002280771755043959,0.0,-0.012190071833006189,0.19507956227323126,0
287,0.19889185412863122,0.19313410745676318,-0.04114249927122728,0.0,0.20138102768084626,0.19313410745676318,-0.03123396153284375,0.0,0.19808070801018712,0.19313410745676318,-0.04161335600947495,0.0013333333333333335,0.1997968810439897,0.19313410745676318,-0.035744437174507766,0.0,0.19677759658423752,0.19313410745676318,-0.04809393622825155,0.0,0.1987754729116063,0.19313410745676318,-0.036248975397320464,0.0034653173170393005,0.20185855263221153,0.19313410745676318,-0.03610976467723958,0.0012176724137931035,0.19818273266055533,0.19313410745676318,-0.04432459816045593,0.0,-0.0007091214680758906,0.0,-0.0031820988892286503,0.19894130298510068,0
288,0.5451679226066932,0.5926276723168252,0.18975612606853245,0.0,0.5518595579889624,0.5926276723168252,0.19545974604785443,0.0,0.5500471159159286,0.5926276723168252,0.19629603872075677,0.0,0.5376647326911258,0.5926276723168252,0.18201393350958825,0.002510656184138862,0.5388554719379963,0.5926276723168252,0.20849666714668275,0.0017048710601719197,0.554701049075511,0.5926276723168252,0.20856048297137023,0.0,0.5468131336431429,0.5926276723168252,0.19246552355587482,0.0,0.5414297468899429,0.5926276723168252,0.2054644713550806,0.0,-0.0037381757167502805,0.0,0.01570834528654816,0.2003806988097588,0
289,0.6044637228837247,1.0092797585807352,0.2116176486760378,0.0,0.6106226130387936,1.0092797585807352,0.19798698339611293,0.0,0.6122549062349588,1.0092797585807352,0.20020701380446554,0.0,0.6143574044717894,1.0092797585807352,0.20578760258853435,0.0,0.6128835387576872,1.0092797585807352,0.2006309465318918,0.0,0.6111396710663788,1.0092797585807352,0.19650967217981816,0.0,0.6157425881654291,1.0092797585807352,0.1972744321078062,0.0,0.6103291814975653,1.0092797585807352,0.2096856301277876,0.0017396907216494844,0.0058654586138405795,0.0,-0.0019320185482502028,0.20616940988990876,0
290,0.49441421547477243,0.4392991206920345,0.21162963835522533,0.0,0.49096926009370045,0.4392991206920345,0.18912302948534487,0.0,0.4875632061084392,0.4392991206920345,0.1977140062302351,0.0,0.49011794338069103,0.4392991206920345,0.194512694850564,0.0,0.49404041002959465,0.4392991206920345,0.20354151928797365,0.0,0.4876848103171632,0.4392991206920345,0.20390650160610677,0.0,0.49936537780091456,0.4392991206920345,0.22114983301609756,0.0,0.49207869793502795,0.4392991206920345,0.19825589947402478,0.0,-0.0023355175397444805,0.0,-0.013373738881200553,0.19473190959782458,0
291,0.547529628257053,0.175265404298359,0.1935585627704859,0.0,0.5591019761624278,0.175265404298359,0.18732947481796144,0.0,0.5478563471471893,0.175265404298359,0.19153303761035204,0.0,0.5470637312785812,0.175265404298359,0.21602509351447224,0.0075,0.5542090036570835,0.175265404298359,0.18672387175261973,0.0,0.5482086806585046,0.175265404298359,0.18125196285545825,0.0,0.5541459553233389,0.175265404298359,0.19674334228038787,0.0,0.5530766366584089,0.175265404298359,0.17489088045433163,0.0,0.005547008401355913,0.0,-0.01866768231615426,0.20173366200990692,0
292,0.5468822318849591,0.34103567594807954,0.1874910604581237,0.0004672897196261683,0.5461792995126638,0.34103567594807954,0.1860305456724018,0.0029672897196261682,0.5460350308751417,0.34103567594807954,0.18640568937174976,0.0004672897196261683,0.5434729569756154,0.34103567594807954,0.209684904711321,0.0004672897196261683,0.5522515722000488,0.34103567594807954,0.19415143363177775,0.0004672897196261683,0.5457941964654938,0.34103567594807954,0.17668608382344245,0.0004672897196261683,0.5530243460415462,0.34103567594807954,0.20463555665686728,0.001776302595162649,0.5625799545589515,0.34103567594807954,0.210002175681293,0.0004672897196261683,0.015697722673992387,0.0,0.022511115223169315,0.22250988871892674,0
293,0.45783121177188507,0.2532159825585787,0.1999638472124934,0.0,0.47522117215235354,0.2532159825585787,0.2055301222205162,0.0,0.4561591229642647,0.2532159825585787,0.19956302495673298,0.0,0.4681657780376755,0.2532159825585787,0.1993984604254365,0.0,0.4588299856164627,0.2532159825585787,0.18986033845692873,0.0005286561264822136,0.4537988871203271,0.2532159825585787,0.18684495380148292,0.0016631099079948185,0.47395483278363043,0.2532159825585787,0.1822707823291421,0.0,0.4646575152330988,0.2532159825585787,0.18781222734134645,0.0,0.006826303461213712,0.0,-0.012151619871146963,0.20467705268198483,0
294,0.41969077183529097,0.19823038630989523,0.210462679900229,0.016455092043564545,0.429916367464368,0.19823038630989523,0.19277159735560417,0.00125,0.42709053585770407,0.19823038630989523,0.19070827834308146,0.00125,0.43970055207572367,0.19823038630989523,0.18850048722699284,0.00125,0.42867995426334227,0.19823038630989523,0.1903260298166424,0.00125,0.4404861591076055,0.19823038630989523,0.17744697324931621,0.00125,0.43957668184788856,0.19823038630989523,0.20162806168198585,0.00125,0.44061346893349373,0.19823038630989523,0.18263709673658013,0.00125,0.02092269709820277,0.0,-0.02782558316364886,0.21567760643751488,0
295,0.33498061961419223,0.2054020543471906,0.13073798900935799,1.0,0.35029796710699895,0.20540205434719064,0.11045158619759604,0.9987916666666666,0.32149425739878423,0.2054020543471906,0.11524737367988563,1.0,0.3410367046889652,0.20540205434719064,0.12046117241028696,1.0,0.3320831369831411,0.20540205434719064,0.11967525571992155,1.0,0.34440373739451996,0.20540205434719064,0.1232673342525959,1.0,0.33750316246706347,0.20540205434719064,0.11482332484563812,1.0,0.3304993568206964,0.20540205434719064,0.1270096359681338,1.0,-0.0044812627934958105,2.7755575615628914e-17,-0.0037283530412241805,0.1948360943379499,0
296,0.33788183649345066,0.22794919631744756,0.11971499558072538,1.0,0.32775746571761566,0.22794919631744756,0.10421508975327015,0.9989315352697097,0.3226825039762219,0.22794919631744756,0.12707604023162275,1.0,0.32458243144518617,0.22794919631744756,0.11907185116084293,0.9986882129277567,0.33048501564946875,0.22794919631744756,0.1388778247497976,1.0,0.3309517306016331,0.22794919631744756,0.11297272673517,1.0,0.3351246361091758,0.22794919631744756,0.14150742132216693,1.0,0.3355803219684441,0.22794919631744756,0.1187734510959126,1.0,-0.0023015145250065427,0.0,-0.0009415444848127758,0.19781377512592585,0
297,0.31031212081110104,0.2326445472467052,0.11811969026457518,1.0,0.3215792480971582,0.2326445472467052,0.10942363234469667,1.0,0.32320303018244817,0.2326445472467052,0.12585553545504807,1.0,0.3216865680011184,0.2326445472467052,0.12005415269173682,1.0,0.33890942686789566,0.2326445472467052,0.13583994009997696,1.0,0.33171597779951806,0.2326445472467052,0.10761162728082127,1.0,0.3347188857514266,0.2326445472467052,0.13541750234086067,1.0,0.3261613583160065,0.2326445472467052,0.11494106451980769,1.0,0.015849237504905467,0.0,-0.003178625744767488,0.21637504944065516,0
298,0.3344952406303744,0.2677555619725307,0.12029056518804282,1.0,0.3355051033710086,0.2677555619725307,0.11504782071569934,0.9961882129277566,0.3467772798868101,0.2677555619725307,0.1382274453458376,0.9928765804431042,0.3403891381231916,0.2677555619725307,0.11664754921570421,1.0,0.35864062261538343,0.2677555619725307,0.12235025990288705,0.9975,0.3533104205925518,0.2677555619725307,0.13468167071347126,0.9990675675675676,0.34451765648412647,0.2677555619725307,0.10474626826122403,0.9989315352697097,0.3541427282911943,0.2677555619725307,0.11795328035950661,1.0,0.019647487660819918,0.0,-0.002337284828536207,0.22058004637287884,0
299,0.3463079206335977,0.3120761116505977,0.12917268445213267,1.0,0.34591837085778265,0.3120761116505977,0.1253888992476277,1.0,0.3426837301524078,0.3120761116505977,0.10855824214639143,0.9983156498673739,0.35760608384524645,0.3120761116505977,0.12590742936823518,1.0,0.3431103038324226,0.3120761116505977,0.12635224458295852,1.0,0.3474219534539768,0.3120761116505977,0.13289062554831615,0.9986882129277567,0.3723875555305124,0.3120761116505977,0.11809337174985558,0.9899795081967213,0.362936326701607,0.3120761116505977,0.11785949104698375,1.0,0.016628406068009305,0.0,-0.011313193405148927,0.21520228390944818,0
300,0.34829063436266045,0.23935682501883088,0.12860925620771013,0.915,0.36802967640202033,0.23935682501883088,0.1200176072306931,0.915,0.34172271776493685,0.23935682501883088,0.11791166990064085,0.915,0.36484551367225687,0.23935682501883088,0.12508016622625293,0.915,0.3459803104023397,0.23935682501883088,0.12606012137257494,0.915,0.34900882436794994,0.23935682501883088,0.1201948912627995,0.915,0.3554258294215255,0.23935682501883088,0.12418081812560558,0.915,0.3528319931725849,0.23935682501883088,0.11890565990936011,0.9125,0.004541358809924456,0.0,-0.00970359629835002,0.2028712287657637,0
301,0.3771037235409126,0.3291911495773346,0.1391361028328538,0.9028994949181353,0.4048543623949813,0.3291911495773346,0.12724975837394595,0.8823289557991617,0.4012545479665111,0.3291911495773346,0.12227322924591136,0.8868653525377789,0.39070755795513296,0.3291911495773346,0.11717622564174235,0.8892186438543055,0.39153847773379297,0.3291911495773346,0.127270518199075,0.8984912599912248,0.37405844867143107,0.3291911495773346,0.10423895216430537,0.9086036463247641,0.3857028794536116,0.3291911495773346,0.1251056996267289,0.8942186438543055,0.38357687698708665,0.3291911495773346,0.12140352946706116,0.8992186438543055,0.006473153446174051,0.0,-0.017732573365792634,0.20293783694152118,0
302,0.6064708767398559,1.0869758181179128,0.1914624947309494,0.0,0.6149074605607198,1.0869758181179128,0.18532754078507424,0.0,0.6056442872644031,1.0869758181179128,0.20929636292159556,0.0,0.6036275047768631,1.0869758181179128,0.20799832341261207,0.0,0.612673152963669,1.0869758181179128,0.2011102905869484,0.0,0.609735409213133,1.0869758181179128,0.19891273714601992,0.0,0.611005662609562,1.0869758181179128,0.20017965035513044,0.0,0.5932194549254288,1.0869758181179128,0.1993574198335409,0.0,-0.013251421814427067,0.0,0.007894925102591516,0.18845060627696533,0
303,0.504796513834761,0.5020085631742655,0.21661980763077737,0.0,0.5107815291974989,0.5020085631742655,0.19376408879645168,0.0,0.4902837797573592,0.5020085631742655,0.20167054377496244,0.0,0.5032912781660058,0.5020085631742655,0.1885277735441923,0.0,0.4958763747200256,0.5020085631742655,0.19977369803935288,0.0,0.5022299147216415,0.5020085631742655,0.2020199590921402,0.0,0.49958368434744693,0.5020085631742655,0.20178318329155445,0.0,0.4941911320942222,0.5020085631742655,0.20982699580490588,0.0,-0.010605381740538766,0.0,-0.006792811825871492,0.1876376910146258,0
304,0.4937386873414288,0.47863537022184455,0.1830835085362196,0.0008057851239669422,0.48856466294812206,0.47863537022184455,0.18960500629618765,0.0,0.4899264559298455,0.47863537022184455,0.19153496816754342,0.0,0.48652717937676154,0.47863537022184455,0.19558564244769513,0.0,0.49144281416504776,0.47863537022184455,0.19513295397162436,0.0,0.48660116642747453,0.47863537022184455,0.19829247200861574,0.0,0.4941410868606044,0.47863537022184455,0.20679557248950003,0.0,0.47758643965574554,0.47863537022184455,0.2102619168162346,0.0,-0.01615224768568324,0.0,0.027178408280015,0.1901213031278397,0
305,0.4495442715816925,0.31971368740575573,0.2070423055626452,0.0,0.4666486163712801,0.31971368740575573,0.20896984696388243,0.0,0.4606601988316641,0.31971368740575573,0.20078119140816852,0.0,0.46400877060272727,0.31971368740575573,0.20105370070785283,0.0,0.4627260587557115,0.31971368740575573,0.17697207500226797,0.0,0.45319829797629835,0.31971368740575573,0.1852774180099368,0.0,0.4559097034717211,0.31971368740575573,0.2054439090937376,0.0,0.46751788245388115,0.31971368740575573,0.21236729830503465,0.0,0.017973610872188628,0.0,0.005324992742389456,0.2206951314250012,0
306,0.4865863424779871,0.44377634665029164,0.19939476881176232,0.0,0.49879905901926447,0.44377634665029164,0.20335030796006323,0.0,0.49308514035871953,0.44377634665029164,0.1937162880972028,0.0,0.49864996720167337,0.44377634665029164,0.19975282195955515,0.0,0.48850509319172447,0.44377634665029164,0.19748256370425224,0.0,0.48775156679112824,0.44377634665029164,0.1944372608885169,0.0,0.4875447076140491,0.44377634665029164,0.21893504455685617,0.0,0.49145776218343984,0.44377634665029164,0.18329807894304395,0.0,0.00487141970545274,0.0,-0.016096689868718372,0.2016523219879524,0
307,0.6140212077854461,0.8948945219784921,0.2092558790743351,0.002131798074421025,0.6190618356093152,0.8948945219784921,0.19998749163001775,0.00123015873015873,0.6234614309665454,0.8948945219784921,0.20222210064530372,0.00123015873015873,0.6173517355031537,0.8948945219784921,0.20645299568772316,0.00123015873015873,0.6236893802903959,0.8948945219784921,0.19196336090564728,0.002131798074421025,0.613196945321748,0.8948945219784921,0.19966827105730772,0.00123015873015873,0.6112000666270453,0.8948945219784921,0.19448540538549422,0.00123015873015873,0.6241721663232322,0.8948945219784921,0.19861926946789027,0.002131798074421025,0.010150958537786137,0.0,-0.01063660960644483,0.20854850010684908,0
308,0.2308949724590813,0.15952238126212068,-0.03484215461299755,0.0,0.23185380152180565,0.15952238126212068,-0.03485456107562641,0.0007567567567567567,0.2278222204040447,0.15952238126212068,-0.03793739030741563,0.0,0.2314641625762581,0.15952238126212068,-0.029857184042339214,0.0,0.22793017752302094,0.15952238126212068,-0.05112595130689442,0.0,0.23198511256623996,0.15952238126212068,-0.023449178013543133,0.002449402352492976,0.2310767430839381,0.15952238126212068,-0.03302548882260453,0.0019210977701543742,0.23222839176035617,0.15952238126212068,-0.025786677259020507,0.0,0.0013334193012748685,0.0,0.009055477353977041,0.2040901037623979,0
309,0.19974489494104586,0.17288122798262276,-0.02752148669474991,0.006485436850614143,0.1997115259765302,0.17288122798262276,-0.02311154711060226,0.001174698795180723,0.196561539196899,0.17288122798262276,-0.03558327322127298,0.0016447368421052633,0.1981189070664338,0.17288122798262276,-0.03835312593262643,0.0,0.19820844522708503,0.17288122798262276,-0.033273755041882395,0.0019210977701543742,0.1966139744358794,0.17288122798262276,-0.04523135218536481,0.0,0.20044643310865073,0.17288122798262276,-0.02642607715446502,0.0,0.19920042329670987,0.17288122798262276,-0.033868160900019574,0.0,-0.000544471644335992,0.0,-0.0063466742052696624,0.19833928233963355,0
310,0.18223268091841038,0.09925807110766637,-0.04485571013763547,0.0,0.1805907533389466,0.09925807110766638,-0.03609529123175889,0.0,0.17971465977013135,0.09925807110766638,-0.03525184348356561,0.0,0.18374453706531746,0.09925807110766638,-0.03340072495571803,0.0,0.17923687066161872,0.09925807110766638,-0.04181489225942642,0.0,0.181144402578696,0.09925807110766637,-0.03990379020688124,0.0,0.1830492773377345,0.09925807110766637,-0.030701102467719465,0.0,0.18195681850857745,0.09925807110766637,-0.04628768729380681,0.0,-0.0002758624098329332,0.0,-0.0014319771561713407,0.19982624982145192,0
311,0.2052781431389547,0.0,-0.25075186997652055,0.0,0.21628988043083655,0.0,-0.08560298874974251,0.0,0.22272904685366898,0.0,-0.16321833797730506,0.0,0.20319158737149606,0.0,-0.17423617746680975,0.0,0.21924461380009264,0.0,-0.14741096936166287,0.0,0.216963983254136,0.0,-0.18603925546514802,0.0,0.21997599499314555,0.0,-0.14669004678726197,0.0,0.2453464606317831,0.0,-0.08028364213649183,0.0,0.04006831749282838,0.0,0.1704682278400287,0.28441924941589913,0
312,0.21410195759144984,0.0,-0.24104288605507462,0.0,0.23153134905085465,0.0,-0.15257490890100597,0.0,0.21427572536555858,0.0,-0.18161190076731146,0.0,0.22659677735858672,0.0,-0.14618101647123694,0.0,0.21340079041168714,0.0,-0.21495107006281614,0.0,0.2307465141484264,0.0,-0.10720027009956538,0.0,0.2221334785110737,0.0,-0.16986900025513024,0.0,0.2186739172227118,0.0,-0.20128560204058885,0.0,0.004571959631261946,0.0,0.03975728401448578,0.21502207361376474,0
313,0.2156876759910378,0.1759500232750925,-0.03710914201481501,0.0059653173170393006,0.21390505646308564,0.1759500232750925,-0.034802413976285605,0.0025,0.21639207866402044,0.1759500232750925,-0.03171976435463875,0.0025,0.2134623209328078,0.1759500232750925,-0.04109313182067126,0.0025,0.21631205229688213,0.1759500232750925,-0.033433097383822316,0.0025,0.21554231270819807,0.1759500232750925,-0.03827841075544711,0.0025,0.21260651066645728,0.1759500232750925,-0.036211232608984574,0.0025,0.21105089767348478,0.1759500232750925,-0.041726477200863886,0.0025,-0.00463677831755302,0.0,-0.004617335186048878,0.194454551772425,0
314,0.19731523894405462,0.1336460540323316,-0.040152726967935454,0.0,0.1976230764588576,0.1336460540323316,-0.03174108426086605,0.0,0.19448344415451307,0.1336460540323316,-0.041603363531176,0.0,0.1975753554272817,0.1336460540323316,-0.03696411335316952,0.0,0.1986972362509714,0.1336460540323316,-0.03257647199963685,0.0,0.19741787979169564,0.1336460540323316,-0.03840294275607448,0.0,0.1985898634885647,0.1336460540323316,-0.037634996341366786,0.0,0.1976415912434736,0.1336460540323316,-0.033162523393984886,0.0,0.0003263522994189916,0.0,0.006990203573950568,0.2025238262916583,0
315,0.20266071743074146,0.17419289532301613,-0.035587665504572215,0.004803759579054723,0.1974663119049514,0.17419289532301613,-0.048714168673031966,0.0034653173170393005,0.19749848660196306,0.17419289532301613,-0.04245239603300433,0.0,0.2004653344524078,0.17419289532301613,-0.03974776244605891,0.0,0.19765617208414418,0.17419289532301613,-0.049805568277370184,0.0,0.20327331897252374,0.17419289532301613,-0.023074723662866746,0.001174698795180723,0.20410503748772024,0.17419289532301613,-0.039405142233590595,0.0007567567567567567,0.20500723837125648,0.17419289532301613,-0.033152074759709646,0.0007567567567567567,0.002346520940515018,0.0,0.002435590744862569,0.20353474524504186,0
316,0.20112386329668192,0.16942701852838624,-0.03028623814927414,0.0,0.196483538705913,0.16942701852838624,-0.047865362287557216,0.0,0.19908298163729196,0.16942701852838624,-0.030399912160355598,0.0,0.20111840592121888,0.16942701852838624,-0.038128423919843044,0.0013333333333333335,0.1976233267423529,0.16942701852838624,-0.04209037712193094,0.0013333333333333335,0.20055858423022432,0.16942701852838624,-0.039628088087774814,0.0016447368421052633,0.20060019590558514,0.16942701852838624,-0.03916485196910799,0.0,0.2015353059674429,0.16942701852838624,-0.03224212982066092,0.0,0.0004114426707609864,0.0,-0.0019558916713867808,0.20042148860169431,0
317,0.19158868434950788,0.10488168150038273,-0.04378730358628673,0.0,0.19455777597925336,0.10488168150038273,-0.02063090629701037,0.001174698795180723,0.19412056566684363,0.10488168150038273,-0.025537301255390048,0.015014547563935665,0.19228732755523087,0.10488168150038273,-0.033897007856721756,0.0,0.18973210711312855,0.10488168150038273,-0.04171888534445316,0.0,0.19294404110308794,0.10488168150038273,-0.028326534332009032,0.0,0.19409935337799086,0.10488168150038273,-0.0246782729451661,0.001174698795180723,0.19228710804554017,0.10488168150038273,-0.0343473249906674,0.0,0.0006984236960322909,0.0,0.009439978595619326,0.20351577894452905,0
318,0.19482101960336504,0.13696948688343208,-0.03654330161953112,0.0,0.1962900135072141,0.13696948688343208,-0.02437757904845057,0.001174698795180723,0.19371724701110699,0.13696948688343208,-0.031658824263286076,0.0,0.1953983513846015,0.13696948688343208,-0.03450555834861006,0.0,0.19296271333032436,0.13696948688343208,-0.04045117366971681,0.0,0.19329779921519338,0.13696948688343208,-0.043226471724919974,0.0,0.19577033860543477,0.13696948688343208,-0.03538077503850218,0.0,0.19186158712186496,0.13696948688343208,-0.04505103847943246,0.0,-0.002959432481500074,0.0,-0.00850773685990134,0.1952672828904601,0
319,0.203950680350372,0.1468321735936637,-0.026221401969960426,0.0,0.20325740597638733,0.1468321735936637,-0.02624305097546312,0.006485436850614143,0.19916401252752336,0.1468321735936637,-0.039506450142762335,0.0,0.20469028343961118,0.1468321735936637,-0.030906383577494125,0.0,0.19900663414196595,0.1468321735936637,-0.0499908125231741,0.0,0.2006804459442527,0.1468321735936637,-0.04166643505217507,0.0,0.20818532281193022,0.1468321735936637,-0.026759846735421887,0.0020900900900900905,0.20014133130945672,0.1468321735936637,-0.038728872654134536,0.0,-0.0038093490409152886,0.0,-0.01250747068417411,0.19339248526327965,0
320,0.5895242926460563,0.6519323852293428,0.20077998854219914,0.0,0.5923381902709747,0.6519323852293428,0.19579736702144146,0.0,0.5937230495299539,0.6519323852293428,0.21290843248367308,0.0,0.591657489956558,0.6519323852293428,0.18514324413612485,0.0,0.5903578589975075,0.6519323852293428,0.21761703606694938,0.0,0.5819547870709031,0.6519323852293428,0.18574203860014676,0.0,0.5852726457548344,0.6519323852293428,0.20663128562271596,0.0,0.5880749643758272,0.6519323852293428,0.21755764912813902,0.0,-0.0014493282702291443,0.0,0.01677766058593988,0.20305243031650586,0
321,0.5678608843338074,0.20866122593276817,0.19733903609216213,0.0,0.554673804589908,0.20866122593276817,0.1869932336360216,0.007036396738617165,0.5642463247136147,0.20866122593276817,0.20306459750980138,0.0,0.5513198288405909,0.20866122593276817,0.1967953161522746,0.0,0.5638670853421248,0.20866122593276817,0.18931974543258548,0.0,0.5467596909995845,0.20866122593276817,0.18729026325047016,0.0,0.5570447170473952,0.20866122593276817,0.19842870560940354,0.0,0.5503729370801695,0.20866122593276817,0.21888232719153167,0.0075,-0.017487947253637892,0.0,0.021543291099369533,0.18733437319439167,0
322,0.5690086300563683,0.37933830054937195,0.20119424503296612,0.0,0.557093587066236,0.37933830054937195,0.19716166533529758,0.0,0.5526317675830659,0.37933830054937195,0.1843762478219287,0.0,0.5578595096613989,0.37933830054937195,0.21064344108104704,0.0,0.5636962192261991,0.37933830054937195,0.18992927461862563,0.0,0.553306023793418,0.37933830054937195,0.2079753474937752,0.0,0.5593643336314227,0.37933830054937195,0.21031028519850226,0.0,0.5583535825389623,0.37933830054937195,0.20589685728773474,0.0,-0.01065504751740598,0.0,0.004702612254768618,0.19040194653431317,0
323,0.49239543714111694,0.2884583503042117,0.17991939291357995,0.0,0.49661497745508654,0.2884583503042117,0.19605640780180691,0.0,0.4872578300837573,0.2884583503042117,0.15853175652213394,0.05076771653543308,0.4967221320475304,0.2884583503042117,0.21025750607252122,0.0,0.4909573913866595,0.2884583503042117,0.19789777058176697,0.0012598425196850393,0.47788486500903216,0.2884583503042117,0.1992049726843834,0.003197105584997961,0.4885920397772076,0.2884583503042117,0.18006612611934542,0.0,0.5007828529236114,0.2884583503042117,0.20568777844309807,0.0012598425196850393,0.008387415782494412,0.0,0.02576838552951813,0.21561156309871474,0
324,0.5003085203102507,0.2574971311846441,0.18449086651206018,0.0,0.5058053531794622,0.2574971311846441,0.18157731413841247,0.0,0.5014736320157874,0.2574971311846441,0.20333001490682365,0.0025688553952215197,0.5049331279935751,0.2574971311846441,0.19977116032969205,0.0,0.5051588511847319,0.2574971311846441,0.19609331537038088,0.0,0.5059836010995789,0.2574971311846441,0.1801072372123599,0.0,0.497957733723886,0.2574971311846441,0.19646459602750838,0.003947779162037663,0.505780252991751,0.2574971311846441,0.18155407260172068,0.0,0.005471732681500252,0.0,-0.0029367939103394913,0.20550870473034483,0
325,0.5032921555849929,0.34384939816974586,0.18113175109028817,0.0,0.5120764740625465,0.34384939816974586,0.19038519520312547,0.0,0.5016937692559692,0.34384939816974586,0.20319197569042444,0.0,0.49641357754850324,0.34384939816974586,0.20089791377889923,0.0018181818181818182,0.5070345513069625,0.34384939816974586,0.1811847237427719,0.0,0.49817653311078597,0.34384939816974586,0.18818746351636947,0.0,0.510424247984382,0.34384939816974586,0.18506310008466242,0.0,0.49712504864881196,0.34384939816974586,0.19028333015739918,0.0018181818181818182,-0.006167106936180888,0.0,0.009151579067111004,0.1962169804625974,0
326,0.5282204625072757,0.39233698609145223,0.19203154291957616,0.0,0.5315918162096446,0.39233698609145223,0.19038920931518077,0.0,0.5201854834555701,0.39233698609145223,0.21414382841438054,0.000781733746130031,0.532772886180739,0.39233698609145223,0.20002758072689175,0.0,0.5115111396325933,0.39233698609145223,0.20042760897427797,0.005297988267298206,0.532902927153201,0.39233698609145223,0.20726332999765873,0.0,0.5313389095700343,0.39233698609145223,0.18409386495128274,0.007036396738617165,0.5280031042412491,0.39233698609145223,0.1810617662355071,0.00125,-0.00021735826602664599,0.0,-0.010969776684069066,0.19755094567266096,0
327,0.36185968885007225,0.30948066035340904,0.12204894200433046,1.0,0.3665589527132056,0.30948066035340904,0.11779219093965367,1.0,0.33827706324554113,0.30948066035340904,0.12091513230276178,0.9958000895596539,0.36909552446841526,0.30948066035340904,0.11920006597414613,0.9976006795422032,0.3498322402662733,0.30948066035340904,0.11344566878164188,1.0,0.3644081674677841,0.30948066035340904,0.11518432630342432,1.0,0.3815270733392522,0.30948066035340904,0.11839074274565065,0.9857645650893997,0.3588345446980879,0.30948066035340904,0.12085715278983117,1.0,-0.003025144151984349,0.0,-0.001191789214499292,0.19699061314188487,0
328,0.32252724267380445,0.2052319699555267,0.1279858300019987,1.0,0.33822699668947703,0.2052319699555267,0.13024681773176325,1.0,0.3296751417634798,0.2052319699555267,0.1199738287483342,0.9946593965072501,0.3296209198716323,0.2052319699555267,0.11575466254376807,1.0,0.3113996273961735,0.2052319699555267,0.11627681554149603,0.9987397540983607,0.3339411081311051,0.2052319699555267,0.12558825492626055,1.0,0.33670316669747763,0.2052319699555267,0.11360376073978841,1.0,0.33005455206336326,0.2052319699555267,0.09971156588231679,0.9917064578937291,0.007527309389558812,0.0,-0.02827426411968191,0.2014648025452192,0
329,0.32588280259887553,0.30019608238777534,0.11199425719674765,1.0,0.33524861431764524,0.30019608238777534,0.12656951507553457,1.0,0.3471723430123915,0.30019608238777534,0.11653306374326348,1.0,0.34558260326754614,0.30019608238777534,0.1193077310314402,0.9963090128755365,0.35126884140098846,0.30019608238777534,0.13268246731488034,1.0,0.3405747139298778,0.30019608238777534,0.11175835343296057,1.0,0.3384503348586956,0.30019608238777534,0.10973773763515055,1.0,0.34394840250399333,0.30019608238777534,0.12312567109504016,1.0,0.018065599905117802,0.0,0.011131413898292516,0.22221463568247202,0
330,0.3497005059904663,0.2559775958959066,0.12526067619211972,0.9720158955525423,0.36069689117625625,0.2559775958959066,0.1229691770952195,0.9650751569775871,0.34722781464347174,0.2559775958959066,0.11933822840073845,0.9720158955525423,0.3561505602345366,0.2559775958959066,0.12323422609711997,0.9671100846270516,0.3667168175981597,0.2559775958959066,0.11366953784599901,0.8793234533055435,0.34068423517261626,0.2559775958959066,0.13339523139293305,0.9524890616813686,0.35207142177462364,0.2559775958959066,0.11860717040486633,0.9127617081984128,0.35283153748510554,0.2559775958959066,0.12488499394617975,0.9682335679663354,0.003131031494639225,0.0,-0.0003756822459399789,0.20367188768501007,0
331,0.3381734511491014,0.23077097585134465,0.12733064649160952,1.0,0.34790982389967556,0.23077097585134465,0.12157284951768815,1.0,0.3365018254030641,0.23077097585134465,0.11857425729976967,1.0,0.33287208229039444,0.23077097585134465,0.12022144257905892,1.0,0.34507335994001287,0.23077097585134465,0.1275652663060464,0.9987017167381974,0.3277856822698716,0.23077097585134465,0.1271264431887539,1.0,0.3275616866267477,0.23077097585134465,0.12035866608843207,1.0,0.34336304385797595,0.23077097585134465,0.10418806745437906,0.9944065816443336,0.005189592708874535,0.0,-0.023142579037230465,0.200260955133418,0
332,0.3522314969826153,0.2759736315802187,0.1313105656625703,1.0,0.35582043496497107,0.2759736315802187,0.12628859310876578,1.0,0.3616552012353014,0.2759736315802187,0.12541947107296436,1.0,0.341389673535893,0.2759736315802187,0.13135177247575483,1.0,0.34616116727477,0.2759736315802187,0.13461905884556472,1.0,0.34365229496306016,0.2759736315802187,0.11627408126136288,1.0,0.35407549916270004,0.2759736315802187,0.12104962001321837,1.0,0.3604173709366535,0.2759736315802187,0.11579910816624761,0.981313372511618,0.008185873954038192,0.0,-0.015511457496322684,0.20528522085303752,0
333,0.37236316106111056,0.2921975815523599,0.11445846848655492,0.9288090128755365,0.36689814661119763,0.2921975815523599,0.11871511429548263,0.9220363967386171,0.379005666542354,0.2921975815523599,0.1301718954183161,0.9178994949181353,0.36895717304218356,0.2921975815523599,0.11268221533799078,0.9288090128755365,0.3744469628116762,0.2921975815523599,0.12048920114291832,0.9271721110550546,0.38264428096868847,0.2921975815523599,0.11859157081693411,0.8963125323410343,0.3803961869022384,0.2921975815523599,0.12106119433767162,0.9142186438543055,0.37821906654883736,0.2921975815523599,0.11906128040980547,0.9246721110550545,0.005855905487726798,0.0,0.004602811923250558,0.20776047976782497,0
334,0.5315812871728894,0.3266332476204935,0.2154355301707983,0.0,0.5311030569264592,0.3266332476204935,0.19652129733934998,0.0,0.5179915200531219,0.3266332476204935,0.19695476442575455,0.0,0.5210803514257092,0.3266332476204935,0.2160147780214902,0.0025,0.5279109533695061,0.3266332476204935,0.19484625882003456,0.0,0.5148291560986824,0.3266332476204935,0.1986537137441337,0.0,0.5179658691964594,0.3266332476204935,0.19977803938090802,0.0,0.5090162387898071,0.3266332476204935,0.20083650382235646,0.017046532799250898,-0.022565048383082376,0.0,-0.014599026348441846,0.17313373472451876,0
335,0.5021519181307603,0.4441878603259669,0.2001950753480196,0.0,0.5092745463430464,0.4441878603259669,0.1877668568491936,0.0017391792414199214,0.5165511128938312,0.4441878603259669,0.213907808996737,0.0,0.507001940360759,0.4441878603259669,0.19058581162244081,0.0,0.5039947820831497,0.4441878603259669,0.21406657084822656,0.0,0.5047806319338541,0.4441878603259669,0.19294234493747353,0.0,0.5162602214312099,0.4441878603259669,0.20319962237030267,0.0,0.4962801931287984,0.4441878603259669,0.21964879721403122,0.0,-0.005871725001961925,0.0,0.019453721866011603,0.19905213643426967,0
336,0.5404989323117206,0.39907216436000803,0.20303263060748578,0.0,0.53374227718401,0.39907216436000803,0.20034379314631223,0.0018181818181818182,0.5385975401237953,0.39907216436000803,0.18707788418978452,0.0,0.5358272984819019,0.39907216436000803,0.20169286400079728,0.0,0.5393989307972362,0.39907216436000803,0.20775314718484877,0.0,0.5319383074135714,0.39907216436000803,0.18992602868005634,0.0,0.5462654919934338,0.39907216436000803,0.21062232617288829,0.0,0.5397850095842884,0.39907216436000803,0.22466082252562047,0.0,-0.0007139227274322035,0.0,0.021628191918134698,0.2050151266203386,0
337,0.47501945469528484,0.1629595571279471,0.18849531654268503,0.0,0.49415956560979457,0.1629595571279471,0.21269100870937108,0.0,0.4830114211935855,0.1629595571279471,0.1984473227430135,0.0,0.4736215254642181,0.1629595571279471,0.189881102591753,0.0,0.4768326973689231,0.1629595571279471,0.1828109202876294,0.0,0.48460574556328817,0.1629595571279471,0.19964295079000294,0.0007273838630806846,0.48211882668925327,0.1629595571279471,0.21667340134270488,0.0,0.4841800010771453,0.1629595571279471,0.2189363611675799,0.0016472303206997085,0.00916054638186048,0.0,0.03044104462489486,0.21757039566434583,0
338,0.5115334479416054,0.25074091314606084,0.2170031301304698,0.0,0.506206071292262,0.25074091314606084,0.21301220644265415,0.0,0.5092761321911417,0.25074091314606084,0.1942624525167048,0.0,0.5011226969750591,0.25074091314606084,0.20154547847807408,0.0,0.50080374223839,0.25074091314606084,0.19405706390738486,0.0,0.5145036539435306,0.25074091314606084,0.2155698250606656,0.0,0.49608918973411775,0.25074091314606084,0.2036468080803752,0.0,0.5101445490026901,0.25074091314606084,0.20114322494715453,0.0,-0.0013888989389152506,0.0,-0.01585990518331526,0.1951193777071196,0
339,0.5046325030943409,0.25302037916905834,0.19571795766241848,0.0,0.5125257598106803,0.25302037916905834,0.17913197956979274,0.0,0.4958690040514234,0.25302037916905834,0.2146376518532634,0.011496154011822255,0.5045041905683784,0.25302037916905834,0.1952687257155776,0.0037668161434977576,0.5157110213416346,0.25302037916905834,0.19591182842385024,0.0,0.5078318422597826,0.25302037916905834,0.21003959327936172,0.0025,0.511510455464824,0.25302037916905834,0.20252954946947285,0.0037668161434977576,0.5209448990667951,0.25302037916905834,0.20159918054938317,0.0,0.016312395972454152,0.0,0.005881222886964688,0.21908246317404997,0
340,0.2464668173519526,0.18890549994869305,-0.03818647517473437,0.0,0.2453059082729169,0.18890549994869305,-0.035313054231664864,0.004421097770154374,0.24656877428134755,0.18890549994869305,-0.02559547843353357,0.01593548213917241,0.24762882599636857,0.18890549994869305,-0.033177553620189426,0.0,0.251613913097685,0.18890549994869305,-0.03081700244685635,0.0007567567567567567,0.24836312481120282,0.18890549994869305,-0.02937607253814349,0.0,0.24627409440563763,0.18890549994869305,-0.043766360118752345,0.0,0.24815700967529541,0.18890549994869305,-0.037937473614583724,0.0,0.001690192323342804,0.0,0.0002490015601506468,0.20230800652956082,0
341,0.24517367343001364,0.25823453396309554,-0.043236551363952457,0.03379817598436652,0.24078158743170253,0.25823453396309554,-0.05067243599653011,0.02834343914226126,0.24307262221680787,0.25823453396309554,-0.04004549877136014,0.022523103680967806,0.24471742925143536,0.25823453396309554,-0.03709050380188273,0.03215343914226126,0.24607542626058762,0.25823453396309554,-0.027038106273394077,0.02965343914226126,0.24358943232222233,0.25823453396309554,-0.03755468116665725,0.03084343914226126,0.2469860707342867,0.25823453396309554,-0.0347571856045397,0.022523103680967806,0.24488779221069443,0.25823453396309554,-0.03416091296938248,0.02965343914226126,-0.0002858812193192173,0.0,0.009075638394569978,0.20239021896670462,0
342,0.18248179641870033,0.10555472712106073,-0.02949369359354023,0.004421097770154374,0.1777371284421295,0.10555472712106073,-0.03830363634740934,0.0013333333333333335,0.17567775320509527,0.10555472712106073,-0.035212798483407824,0.0,0.17940298637650753,0.10555472712106073,-0.04759981242066715,0.0,0.1791759527903212,0.10555472712106073,-0.04092638230184093,0.0,0.17557819476301684,0.10555472712106073,-0.0527915588952601,0.0,0.18362468751450392,0.10555472712106073,-0.03632765564660076,0.0023696475269127724,0.17893792995566069,0.10555472712106073,-0.035076120502781125,0.0,-0.003543866463039641,0.0,-0.005582426909240896,0.1953687248463269,0
343,0.2270598173377975,0.0,-0.1495850071310997,0.0,0.22225901799449388,0.0,-0.1455682778917253,0.0,0.20960121467007492,0.0,-0.12891372127458453,0.0,0.2356841771447907,0.0,-0.12406510032713414,0.0,0.22328365263174627,0.0,-0.14925731760449706,0.0,0.23338539203534964,0.0,-0.09030019263969734,0.0,0.23382161661014195,0.0,-0.16090420788154006,0.0,0.21538284410899552,0.0,-0.17253330286592244,0.0,-0.011676973228801985,0.0,-0.022948295734822738,0.18255117681292274,0
344,0.22947019368609106,0.0,-0.15175195209681988,0.0,0.21470081772606314,0.0,-0.19717829102650286,0.0,0.2549337283430321,0.0,-0.04593982194084674,0.0,0.20208959056496253,0.0,-0.20188433799892663,0.0,0.23823377479176794,0.0,-0.10870698581449688,0.0,0.20841252355774278,0.0,-0.17827077113091946,0.0,0.1969915281851241,0.0,-0.29764462128281594,0.0,0.1982490804089138,0.0,-0.2570825158432126,0.0,-0.031221113277177248,0.0,-0.10533056374639274,0.1417899631701466,0
345,0.19116319079970762,0.16842629400528766,-0.03811494512774516,0.0,0.1897585166615814,0.16842629400528766,-0.03264266443264205,0.0,0.19085283518572838,0.16842629400528766,-0.024520974286133423,0.001174698795180723,0.18923908929501568,0.16842629400528766,-0.034355545050930233,0.0,0.18782856637243794,0.16842629400528766,-0.0427914532617433,0.0,0.19013355307997842,0.16842629400528766,-0.03203059152932838,0.0,0.18848942290981466,0.16842629400528766,-0.03988859185948968,0.0,0.18892080176668358,0.16842629400528766,-0.02474956454942003,0.001174698795180723,-0.0022423890330240392,0.0,0.01336538057832513,0.2013814259915821,0
346,0.19103153747794605,0.14753092817175736,-0.041954332976092704,0.0007567567567567567,0.18959038590058355,0.14753092817175736,-0.033680693957721816,0.0,0.18388077694184377,0.14753092817175736,-0.05388645636499859,0.0,0.18681438040079626,0.14753092817175736,-0.04637843511038227,0.0,0.18751069232736634,0.14753092817175736,-0.039901156236883256,0.0034653173170393005,0.18881215657435535,0.14753092817175736,-0.036606270772172135,0.0,0.18899643245903364,0.14753092817175736,-0.03999191910726949,0.012184855235491066,0.18858216688264728,0.14753092817175736,-0.04267502123984741,0.0,-0.002449370595298761,0.0,-0.0007206882637547096,0.1977122229308375,0
347,0.18316937071339065,0.13524225445190774,-0.03302703384193592,0.0,0.17885648432825874,0.13524225445190774,-0.04823287488805363,0.0,0.1801686062800942,0.13524225445190774,-0.035949818063236307,0.0,0.18258312305007401,0.13524225445190774,-0.033383084699162284,0.0,0.18121431247499653,0.13524225445190774,-0.03684078997772303,0.0,0.18127108005497142,0.13524225445190774,-0.041830296786502005,0.0,0.18393670452960975,0.13524225445190774,-0.03141981599852443,0.0,0.18112986063310724,0.13524225445190774,-0.03990063871722668,0.0,-0.002039510080283413,0.0,-0.006873604875290762,0.19663617723517185,0
348,0.18866088249366988,0.14441660215254365,-0.033471713704057035,0.0,0.18664248210575513,0.14441660215254365,-0.03717226184438914,0.0,0.18677891193428842,0.14441660215254365,-0.033673714329488576,0.0,0.18902128579121322,0.14441660215254365,-0.037207523797405884,0.0,0.18804137909561913,0.14441660215254365,-0.03552951187593863,0.0,0.18739444589257892,0.14441660215254365,-0.04014005350822117,0.0,0.19004974571848304,0.14441660215254365,-0.037647216136101634,0.0013333333333333335,0.18862579698726462,0.14441660215254365,-0.029797914534283335,0.0,-3.5085506405269085e-05,0.0,0.0036737991697737005,0.20133073217028175,0
349,0.18822230082013913,0.1583262012164795,-0.04415105534193572,0.0,0.1877552889385345,0.1583262012164795,-0.041197959763267136,0.0,0.18755750996390397,0.1583262012164795,-0.03858243279748422,0.0,0.19057865836087146,0.1583262012164795,-0.03827535016520414,0.0,0.18745292296932597,0.1583262012164795,-0.04333640790020581,0.0,0.18900389484186025,0.1583262012164795,-0.03923174420022406,0.0013333333333333335,0.18992249048288973,0.1583262012164795,-0.037863847407279536,0.0,0.18849817671088895,0.15832620121647953,-0.037180779456393795,0.0,0.000275875890749816,2.7755575615628914e-17,0.0069702758855419225,0.20246580138020198,0
350,0.19046871849214306,0.14758944726233594,-0.034150270731188356,0.0,0.189981381732299,0.14758944726233594,-0.03196642425376922,0.0,0.1871610179868055,0.14758944726233594,-0.04139933885075152,0.0013333333333333335,0.19198536699260685,0.14758944726233594,-0.03366594604100101,0.0,0.19131380397383213,0.14758944726233594,-0.030934470200445503,0.0,0.18944958639113513,0.14758944726233592,-0.03865539950231323,0.0034653173170393005,0.19019683546959118,0.14758944726233594,-0.03943064931198023,0.0,0.1880683925215536,0.14758944726233594,-0.03992384438810404,0.0,-0.002400325970589451,0.0,-0.005773573656915686,0.19652582819295086,0
351,0.19341298017769717,0.1267554190249054,-0.02605980879627168,0.0,0.19067922355055691,0.1267554190249054,-0.04225109505001456,0.0,0.18932463640117594,0.1267554190249054,-0.04259047370731423,0.0,0.19427908288830384,0.1267554190249054,-0.03027601693174802,0.0,0.19212422230476053,0.1267554190249054,-0.028896094160154463,0.0,0.18965387857362356,0.1267554190249054,-0.04591139542229939,0.0,0.19240324160026576,0.1267554190249054,-0.035338859695475545,0.0034653173170393005,0.1891663410279202,0.1267554190249054,-0.04112784937489778,0.0,-0.004246639149776965,0.0,-0.0150680405786261,0.19230472300606136,0
352,0.6271152254066822,0.9909761184251774,0.1925496642664075,0.0,0.6319546312350939,0.9909761184251774,0.1906747766956687,0.0,0.6322748784824276,0.9909761184251774,0.1966898175422102,0.0,0.6269606936529263,0.9909761184251774,0.20042672914918513,0.0,0.6334056075313643,0.9909761184251774,0.19570291455835104,0.0,0.6247296620073508,0.9909761184251774,0.20234021458774806,0.0,0.6169783170977438,0.9909761184251774,0.21550568461418151,0.0029061004784688995,0.6295634688988432,0.9909761184251774,0.20952679567039012,0.0,0.0024482434921609952,0.0,0.01697713140398263,0.2072047271506106,0
353,0.6361541310010941,0.7504779400283649,0.19903678506612776,0.0,0.6301178258718058,0.7504779400283649,0.1976196119375527,0.0,0.6382593090629193,0.7504779400283649,0.19617265488952398,0.0,0.6332902664280764,0.7504779400283649,0.19506853368133306,0.0,0.6255635589414099,0.7504779400283649,0.20866341058164836,0.0017048710601719197,0.6393661837008834,0.7504779400283649,0.21454975955188274,0.0,0.6212729402604261,0.7504779400283649,0.21511633969843388,0.0017048710601719197,0.6389009240679566,0.7504779400283649,0.19112442463636398,0.0,0.0027467930668625407,0.0,-0.007912360429763787,0.2014207608764968,0
354,0.4885204259597402,0.2703315758342044,0.20958270341157914,0.0,0.4898227424383217,0.2703315758342044,0.18867488479241729,0.0,0.4958849399179048,0.2703315758342044,0.19357378579676152,0.0,0.5004431101922475,0.2703315758342044,0.1835732076317072,0.0,0.4844564988603749,0.2703315758342044,0.19169042818713933,0.0,0.481915698197863,0.2703315758342044,0.18856520235538482,0.0,0.492848056184237,0.2703315758342044,0.2090277206618339,0.0,0.496402024445963,0.2703315758342044,0.18089935090392828,0.0,0.007881598486222774,0.0,-0.02868335250765086,0.201737571020405,0
355,0.508473489950418,0.3123574133842502,0.20612223386298864,0.0018181818181818182,0.5121475072400876,0.3123574133842502,0.1933522591739893,0.0,0.5188318716304483,0.3123574133842502,0.19284499540925026,0.0,0.5204208491177843,0.3123574133842502,0.19518813271075486,0.0,0.5122151121337495,0.3123574133842502,0.19278758361935616,0.0,0.5196614719046511,0.3123574133842502,0.17883339075371624,0.0,0.5137187102110465,0.3123574133842502,0.20306171556934716,0.0,0.5315816690502112,0.3123574133842502,0.20477769393473863,0.0,0.023108179099793236,0.0,-0.0013445399282500103,0.2244667524423087,0
356,0.4591516855478203,0.11227441993022164,0.1864750354224816,0.005946523152799432,0.47216795779110404,0.11227441993022164,0.20888424053788185,0.0029818155223095156,0.444073960424643,0.11227441993022164,0.2131095403432846,0.021159312100091098,0.4470679911202705,0.11227441993022164,0.180788771212101,0.005946523152799432,0.4513581603803571,0.11227441993022164,0.17632360136136413,0.005946523152799432,0.4544212136467173,0.11227441993022164,0.18816874792799354,0.00515811344929539,0.4470999238470913,0.11227441993022164,0.1958705371618271,0.00515811344929539,0.46198307053253995,0.11227441993022164,0.20288969105109572,0.003814976194393428,0.0028313849847196315,0.0,0.016414655628614133,0.20747028975436113,0
357,0.5024940421778453,0.38737498855501024,0.20812874061986805,0.010297988267298205,0.522911079647564,0.38737498855501024,0.17608757324516774,0.0,0.5135840542298706,0.38737498855501024,0.20673198655247688,0.0032273838630806845,0.5238136588426546,0.38737498855501024,0.18688204288482665,0.0,0.5256540650511237,0.38737498855501024,0.20009349193423986,0.0,0.5179830625657635,0.38737498855501024,0.2016052020341158,0.0,0.5117311865456012,0.38737498855501024,0.18570396557450294,0.0,0.5136303790361917,0.38737498855501024,0.20237769935280084,0.0,0.011136336858346363,0.0,-0.005751041267067214,0.2107829561743372,0
358,0.4199252241539224,0.20276822872373892,0.2009531757235527,0.0,0.4279357186577428,0.20276822872373892,0.1783682937733829,0.0,0.41042858684687467,0.20276822872373892,0.1909887903742492,0.0010245901639344265,0.424437758743609,0.20276822872373892,0.19179874077439307,0.0,0.4316834017450668,0.20276822872373892,0.17959273044019938,0.0,0.4332234713452645,0.20276822872373892,0.1929429554194212,0.0,0.42618715513422517,0.20276822872373892,0.20958848411217332,0.0,0.43352367273569475,0.20276822872373892,0.17959111712872983,0.0,0.013598448581772338,0.0,-0.021362058594822875,0.20955018131881895,0
359,0.32766177136929836,0.23669618729234193,0.10717280919663608,0.9603878398427913,0.31741649621833523,0.23669618729234193,0.12580993296578527,0.9772362431552546,0.31715311887829245,0.23669618729234193,0.11891297618276439,0.9707069838014394,0.33092425197305375,0.23669618729234193,0.1268958867387846,0.9811819526216327,0.32459866616825556,0.23669618729234193,0.12891485386528076,0.9702418961603055,0.3334806355743698,0.23669618729234193,0.1232574428524822,0.9730826111616353,0.323442178017628,0.23669618729234193,0.11678341436432675,0.9768252471297216,0.31709233464316866,0.23669618729234193,0.13230033074738456,0.9666752099090098,-0.0105694367261297,0.0,0.02512752155074849,0.19549647575712426,0
360,0.3499607620806025,0.2165819683514326,0.1179924329649657,0.9987192622950819,0.34106637637593556,0.2165819683514326,0.11349965989356861,1.0,0.34305311282487005,0.2165819683514326,0.14461130796233193,0.9991835443037974,0.3417758061570645,0.2165819683514326,0.13382509467424825,1.0,0.33658487920620955,0.2165819683514326,0.11803994552232325,1.0,0.3373712603363519,0.2165819683514326,0.11361417972948402,1.0,0.3296151518954171,0.2165819683514326,0.11336169738147873,1.0,0.3188445515005392,0.2165819683514326,0.10671191484492738,1.0,-0.031116210580063308,0.0,-0.011280518120038316,0.1649440216901856,0
361,0.3127392771828462,0.33154761059380733,0.1331788712440175,0.964295851162732,0.31749565603685587,0.33154761059380733,0.12390789874480106,0.9734908403899212,0.3226776781171587,0.33154761059380733,0.1335545725002885,0.9682156132596468,0.30326760632302,0.33154761059380733,0.1289125344250351,0.9697819544261193,0.3243415974003007,0.33154761059380733,0.1126345968968235,0.9538980921025096,0.32050908560023883,0.33154761059380733,0.11103003470576368,0.973814954719644,0.31946717913875433,0.33154761059380733,0.12593206653720698,0.9697731679761281,0.3216920191731769,0.33154761059380733,0.11705969599890523,0.9578680118484364,0.008952741990330693,0.0,-0.016119175245112277,0.2059436917402221,0
362,0.3366935268912099,0.184550409983929,0.126210102926907,1.0,0.32727823260654965,0.184550409983929,0.1072242328338325,1.0,0.31920235837898575,0.184550409983929,0.1297971175593557,1.0,0.32567123301419987,0.184550409983929,0.11511029348243028,1.0,0.32311992805458134,0.184550409983929,0.11987467642669798,1.0,0.3282020757412462,0.184550409983929,0.12652791149448603,1.0,0.3237089590339218,0.184550409983929,0.12229195356369019,1.0,0.3466092027668974,0.184550409983929,0.1194425937673077,0.9988288288288288,0.00991567587568748,0.0,-0.006767509159599283,0.2092487762127124,0
363,0.3443830553961522,0.24961023370031044,0.12163705999962986,0.9987192622950819,0.3400572119495937,0.24961023370031044,0.11745618211396504,1.0,0.3444508057865164,0.24961023370031044,0.10567269655119162,0.9960561980126201,0.3329598463290062,0.24961023370031044,0.12732477778219617,1.0,0.3241736077093598,0.24961023370031044,0.12482165857218205,1.0,0.3359853701787644,0.24961023370031044,0.11884408726822585,1.0,0.32442003360311034,0.24961023370031044,0.12321429709088988,1.0,0.3432321295405608,0.24961023370031044,0.12659003567416222,1.0,-0.0011509258555914004,0.0,0.004952975674532359,0.2004693749176551,0
364,0.32425847321442913,0.18392833204875123,0.10791911569074727,0.9988288288288288,0.3433131144170383,0.18392833204875123,0.12002603131113573,0.9988288288288288,0.3334523456407956,0.18392833204875123,0.11734138497151435,0.9988288288288288,0.3139659642683161,0.18392833204875123,0.12531798866111785,0.9950685829271895,0.3274819122278004,0.18392833204875123,0.1322794689470902,0.9988288288288288,0.33725859943552816,0.18392833204875123,0.12628481891704724,0.9988288288288288,0.3378149967046318,0.18392833204875123,0.10007714476436376,0.9917262738470215,0.33024741304167704,0.18392833204875123,0.11936701863305643,0.9988288288288288,0.005988939827247908,0.0,0.011447902942309157,0.2095776862281754,0
365,0.43863784624677304,0.2513614364865823,0.2088612275198102,0.0028935199177900018,0.4443176238639335,0.2513614364865823,0.19951232824474574,0.0023118909053342056,0.4452762078117628,0.2513614364865823,0.19189726002514362,0.0,0.4378206300050924,0.2513614364865823,0.21646603591740132,0.011207416905156378,0.4471679252040465,0.2513614364865823,0.2103584672510624,0.0,0.43683047118380924,0.2513614364865823,0.19546966817229985,0.0013090128755364808,0.4453078684362678,0.2513614364865823,0.2200635064393282,0.0028935199177900018,0.45063734863076166,0.2513614364865823,0.19133676208555697,0.0,0.011999502383988614,0.0,-0.017524465434253234,0.2088070517019543,0
366,0.5237877398512001,0.17597650414169985,0.19618829805403948,0.0,0.5213001871398348,0.17597650414169985,0.19907042678445577,0.0,0.5157214861711429,0.17597650414169985,0.2019876404851675,0.0,0.5203651060720821,0.17597650414169985,0.20300996558740736,0.0,0.5089062764161395,0.17597650414169985,0.20809285702183844,0.0,0.5086268261154429,0.17597650414169985,0.1856959855929017,0.0,0.5212412096637893,0.17597650414169985,0.19329207684844732,0.0,0.5193440268220078,0.17597650414169985,0.21023543428629637,0.0,-0.004443713029192331,0.0,0.014047136232256896,0.19923087811816972,0
367,0.42209239950076066,0.2586636797398869,0.20154195038601755,0.0007951289398280801,0.43614909799638163,0.2586636797398869,0.19462230049073695,0.0007951289398280801,0.4385877574366518,0.2586636797398869,0.21215287551283837,0.002416008060707201,0.4421774767881178,0.2586636797398869,0.22691180750727655,0.0007951289398280801,0.4247312321473345,0.2586636797398869,0.18765242256224154,0.0007951289398280801,0.42922196608133373,0.2586636797398869,0.17515641875565052,0.0007951289398280801,0.4325886961263131,0.2586636797398869,0.20436562344431877,0.0007951289398280801,0.43108368205896064,0.2586636797398869,0.22209193922579287,0.005916008060707201,0.008991282558199976,0.0,0.020549988839775324,0.21496874102025593,0
368,0.5129375069743961,0.33809714230231663,0.21704284567385912,0.0057145329106536,0.5456851476935728,0.33809714230231663,0.1924345426633954,0.0,0.5354978336398164,0.33809714230231663,0.1957538878498599,0.0,0.5334785215078857,0.33809714230231663,0.20686043292284012,0.0,0.5143215037608349,0.33809714230231663,0.19345344396308065,0.0025455656812625026,0.5230896747269668,0.33809714230231663,0.22432054305449128,0.003127194693718299,0.5424795172438686,0.33809714230231663,0.20521373514086008,0.0,0.5296441368854664,0.3380971423023167,0.19645472595468164,0.0,0.016706629911070303,5.551115123125783e-17,-0.020588119719177483,0.2130121486862448,0
369,0.5145345684031664,0.28193090762464795,0.1929914979636669,0.0,0.519690134406287,0.28193090762464795,0.2070683198608458,0.0,0.5138424870789365,0.28193090762464795,0.2153188805282116,0.0,0.5065759308069332,0.28193090762464795,0.19808046396821738,0.0007273838630806846,0.4969942960319831,0.28193090762464795,0.19248498343862594,0.0,0.5097210442328787,0.28193090762464795,0.19754188667982817,0.0,0.5047980035146054,0.28193090762464795,0.21483056069351733,0.0007273838630806846,0.5008958464419191,0.28193090762464795,0.18974266250617802,0.0,-0.013638721961247269,0.0,-0.0032488354574888856,0.18531246892524286,0
370,0.5189866717338256,0.342076096760156,0.20761477215215562,0.0,0.5132551016632191,0.342076096760156,0.1960915868729353,0.0,0.5198872770823834,0.342076096760156,0.20254079915583134,0.0,0.5097026896007423,0.342076096760156,0.20999113898724317,0.0016472303206997085,0.5043440075146848,0.342076096760156,0.2195267583336681,0.003214797888267276,0.5142974832700172,0.342076096760156,0.19813004586845637,0.0,0.517108755387283,0.342076096760156,0.20576382252853365,0.0,0.510166243850779,0.342076096760156,0.20573349574580788,0.0016472303206997085,-0.0088204278830466,0.0,-0.0018812764063477483,0.19072031483708826,0
371,0.4718750364080652,0.22358926021983422,0.19255228858441115,0.0,0.4639601686926236,0.22358926021983422,0.20791964134201407,0.0,0.4727599788346552,0.22358926021983422,0.21347049470990898,0.0,0.47944485543057996,0.22358926021983422,0.20715727552538737,0.0,0.47707365988307193,0.22358926021983422,0.19495935568585993,0.0,0.47281021550575186,0.22358926021983422,0.18611401446163656,0.0,0.4739922704159077,0.22358926021983422,0.19983885349705816,0.0,0.46849942244450443,0.22358926021983422,0.22010486286133527,0.010734234234234235,-0.0033756139635607862,0.0,0.02755257427692412,0.20366441605046964,0
372,0.43031319034394233,0.21535830715794854,0.19246333744376898,0.004293449286951886,0.42625349324783035,0.21535830715794854,0.1804068974684924,0.005533683661951886,0.4281915649434268,0.21535830715794854,0.2060773116722703,0.0033281914072957252,0.4402224650081089,0.21535830715794854,0.18354600412771105,0.001875,0.44339558939474816,0.21535830715794854,0.21714090440422296,0.001266816143497758,0.42194782022768607,0.21535830715794854,0.19034454360604286,0.0,0.43574844279631514,0.21535830715794854,0.1925135600194335,0.001875,0.4449338984622598,0.21535830715794854,0.17555921372026206,0.004314421366869919,0.01462070811831745,0.0,-0.016904123723506914,0.2117186901419305,0
373,0.21749767719618268,0.11873140117380092,-0.02641593958251178,0.0,0.21566486085795059,0.11873140117380092,-0.027802036337088793,0.0,0.2132463259918559,0.11873140117380092,-0.04262801820819732,0.0,0.2176440842316521,0.11873140117380092,-0.04850158221554011,0.0,0.21980332043006057,0.11873140117380092,-0.03706567841814831,0.0,0.2199602881780007,0.11873140117380092,-0.03634908036969137,0.0,0.2234481090598476,0.11873140117380092,-0.027690926605137067,0.0,0.21942535982289146,0.11873140117380092,-0.03453131972812116,0.0016447368421052633,0.001927682626708782,0.0,-0.008115380145609377,0.20050864602937227,0
374,0.19714965668072212,0.15629272871556427,-0.03909808757831343,0.0,0.19468263105056788,0.15629272871556427,-0.03404078530380503,0.0,0.18863347013383305,0.15629272871556427,-0.05150847209733911,0.0,0.19558919328794971,0.15629272871556427,-0.04715762774536415,0.0034653173170393005,0.1955218489197296,0.15629272871556427,-0.042068069156957794,0.0,0.194883264834977,0.15629272871556427,-0.035009444947354494,0.020637666093695054,0.19828608053021468,0.15629272871556427,-0.03990711080608889,0.0,0.19865345385095237,0.15629272871556427,-0.02519827749230899,0.0,0.0015037971702302477,0.0,0.013899810086004438,0.2054564114780449,0
375,0.2886073836473408,0.11640601318360563,-0.130680469465442,0.00957172054998142,0.2664309180285124,0.11640601318360563,-0.16419606768526138,0.0020717205499814193,0.24410397789928998,0.11640601318360563,-0.24747045550961047,0.0020717205499814193,0.29069161429273177,0.11640601318360563,-0.10928538754582405,0.01457172054998142,0.2707622454008251,0.11640601318360563,-0.16999657273292543,0.0020717205499814193,0.2496463085529434,0.11640601318360563,-0.16581252440810204,0.0020717205499814193,0.2930362765102396,0.11640601318360563,-0.0705586885008961,0.01457172054998142,0.24713257031411848,0.11640601318360563,-0.2671580627001822,0.0020717205499814193,-0.04147481333322231,0.0,-0.1364775932347402,0.12336323905478452,0
376,0.23615607739439914,0.0,-0.13569196935743094,0.0,0.2041822414179229,0.0,-0.22855833799578248,0.0,0.21122990973570455,0.0,-0.19208510652184485,0.0,0.2377007604663486,0.0,-0.1089747718628496,0.0,0.21306884822267863,0.0,-0.22741748372092843,0.0,0.22911411820037125,0.0,-0.0861873010545969,0.0,0.2181659024068354,0.0,-0.1487852604687214,0.0,0.21505324200410086,0.0,-0.1983295802678913,0.0,-0.02110283539029828,0.0,-0.06263761091046036,0.16290303020141608,0
377,0.20740738104224943,0.1658024673459227,-0.027583975513116456,0.0,0.19944089859940142,0.1658024673459227,-0.04412470108771231,0.0,0.20579173677048784,0.1658024673459227,-0.030616461458266714,0.004222074073796057,0.20178088175257852,0.1658024673459227,-0.044369062518235296,0.0,0.20496432412610144,0.1658024673459227,-0.029895101364236325,0.0,0.20037272678722926,0.1658024673459227,-0.04257848650915548,0.0,0.2009307597404932,0.1658024673459227,-0.03889816882205196,0.0,0.20187243596828067,0.1658024673459227,-0.02865856676013209,0.0,-0.005534945073968761,0.0,-0.0010745912470156334,0.19437697124557457,0
378,0.19896048514706743,0.16151354576437577,-0.030501803801744245,0.0,0.19709901700348584,0.16151354576437577,-0.03335645238810685,0.0034653173170393005,0.19660101119145185,0.16151354576437574,-0.030590599925490097,0.0,0.1969152668570288,0.16151354576437577,-0.03952342688804492,0.0,0.19896756578099595,0.16151354576437577,-0.03114548231475055,0.0,0.19639349160511108,0.16151354576437574,-0.04309806175064296,0.0,0.19834577878865903,0.16151354576437577,-0.042050891161779874,0.0,0.19753999767830455,0.16151354576437577,-0.03981081186575466,0.0,-0.0014204874687628877,0.0,-0.009309008064010412,0.19669118493247234,0
379,0.19088342343167994,0.19086685062162495,-0.030811970419599675,0.0,0.18855102624400313,0.19086685062162495,-0.0458054463553708,0.0,0.18765885348165315,0.19086685062162495,-0.03549226764822379,0.0,0.1883545591611815,0.19086685062162495,-0.044259419337831785,0.0,0.18665885645212968,0.19086685062162495,-0.050865188474417664,0.0,0.18942998456259655,0.19086685062162495,-0.03880829630172229,0.0,0.1931314630476042,0.19086685062162495,-0.02855626152595505,0.0,0.18984506284824332,0.19086685062162495,-0.030728159429272636,0.009224857349209097,-0.0010383605834366205,0.0,8.381099032703926e-05,0.1993948699151989,0
380,0.19277058982687903,0.14286681022384756,-0.05011296355747618,0.0,0.1920304900473591,0.14286681022384756,-0.04107253578375094,0.0,0.19334265725151625,0.14286681022384756,-0.028094996362924576,0.015194378422462176,0.1934148733148831,0.14286681022384756,-0.03877955548845421,0.0,0.1912763594690173,0.14286681022384756,-0.05596526045235805,0.0,0.19307100241934735,0.14286681022384756,-0.041077914021443576,0.0,0.1963051661014805,0.14286681022384756,-0.033525457990323276,0.0,0.19297237388080263,0.14286681022384756,-0.035292886082315816,0.0,0.00020178405392359822,0.0,0.014820077475160363,0.20431111076631595,0
381,0.1932507947593931,0.1532788306741641,-0.04000875298050232,0.0011203319502074687,0.19327885359409588,0.1532788306741641,-0.034231360404446604,0.0011203319502074687,0.19157520538840628,0.1532788306741641,-0.030453614668222145,0.002765068792312732,0.1904553575637367,0.1532788306741641,-0.04771111463858688,0.0011203319502074687,0.19194107809066233,0.1532788306741641,-0.038295119346294086,0.0011203319502074687,0.19205810688393893,0.1532788306741641,-0.039679751515213864,0.0011203319502074687,0.19395507494462477,0.1532788306741641,-0.03956752261336078,0.0011203319502074687,0.19128795537554005,0.1532788306741641,-0.04451636632205919,0.0011203319502074687,-0.0019628393838530545,0.0,-0.004507613341556867,0.19729659931798263,0
382,0.19897733257787392,0.1873581341581165,-0.041539328718790784,0.0,0.195519271546045,0.1873581341581165,-0.05338851517182775,0.0,0.1975711554693959,0.1873581341581165,-0.043439982805284674,0.0,0.198745498678043,0.1873581341581165,-0.041674055830808354,0.0,0.20030347374539634,0.1873581341581165,-0.031544644540408624,0.008106006341243853,0.20006478245077933,0.1873581341581165,-0.03475546837056754,0.0,0.199527628775178,0.1873581341581165,-0.038761309187393636,0.0,0.19897148094379533,0.1873581341581165,-0.03327839486039011,0.0,-5.851634078596346e-06,0.0,0.008260933858400675,0.2024854240874387,0
383,0.24394275471705565,0.31966188030618575,-0.035984776405384764,0.024653439142261258,0.24092576955772504,0.31966188030618575,-0.03678158573107794,0.02084343914226126,0.2396457265934975,0.31966188030618575,-0.039096303508849815,0.02334343914226126,0.24462204205585256,0.31966188030618575,-0.0314197902783053,0.024653439142261258,0.24444251919285767,0.31966188030618575,-0.029653691817075015,0.02841440405454196,0.24496900931939045,0.31966188030618575,-0.028907901393831707,0.024653439142261258,0.24301540980348998,0.31966188030618575,-0.033314776865299794,0.02591440405454196,0.24168574294063486,0.31966188030618575,-0.03353732199640944,0.02084343914226126,-0.002257011776420792,0.0,0.0024474544089753206,0.1986909818303813,0
384,0.5505309747072477,0.5520790414166625,0.2002491183578968,0.0,0.5432309380081022,0.5520790414166625,0.2125807972252369,0.0,0.5498341037726002,0.5520790414166625,0.21949767366051673,0.0,0.5342110057732803,0.5520790414166625,0.2072540307417512,0.0017048710601719197,0.5362447281907539,0.5520790414166625,0.20714206444099545,0.0,0.5408107316434294,0.5520790414166625,0.19720317649189384,0.0,0.5326521229871984,0.5520790414166625,0.2019741876795888,0.0,0.5403982157974866,0.5520790414166625,0.18311010576784612,0.0008057851239669422,-0.010132758909761064,0.0,-0.017139012590050684,0.18560030745836592,0
385,0.6183768913778195,0.8016659209324931,0.19088360818102956,0.0,0.6172769147288919,0.8016659209324931,0.21174792043864726,0.0,0.6181332387021442,0.8016659209324931,0.19430286303162575,0.0,0.6129409177986385,0.8016659209324931,0.18563687685877084,0.0,0.6151222237638768,0.8016659209324931,0.1990615126490593,0.0,0.6227407529938563,0.8016659209324931,0.21229412395507097,0.0,0.6087850477940047,0.8016659209324931,0.21058316372334956,0.0,0.6117112493180128,0.8016659209324931,0.18904938465682788,0.0,-0.006665642059806687,0.0,-0.001834223524201678,0.19300043518988502,0
386,0.5452411852919817,0.7137208954266101,0.19221714131534098,0.0,0.5495759231338524,0.7137208954266101,0.2032654445618391,0.0,0.5470800300480271,0.7137208954266101,0.19553775783628224,0.0,0.5547793162258264,0.7137208954266101,0.19746990460902453,0.0,0.5475526554814006,0.7137208954266101,0.19791214441880584,0.0,0.5445145702932594,0.7137208954266101,0.204518969245255,0.0,0.542976103777057,0.7137208954266101,0.20466547138988972,0.0,0.5451132843130627,0.7137208954266101,0.20712074339389802,0.0,-0.00012790097891901553,0.0,0.014903602078557038,0.20398447801385933,0
387,0.5164559052629323,0.35168568945385614,0.17911972747184335,0.0,0.5248336307864275,0.35168568945385614,0.20552310299128293,0.0,0.5149331063968347,0.35168568945385614,0.1998297742009163,0.0,0.5277739908681851,0.35168568945385614,0.20290801420807839,0.0,0.5076860442100326,0.35168568945385614,0.18547662660479547,0.0,0.5205067678898367,0.35168568945385614,0.17678467109799384,0.0,0.5178263304439004,0.35168568945385614,0.19495378009974956,0.0,0.5225488478033505,0.35168568945385614,0.17913922898471354,0.0,0.006092942540418256,0.0,1.950151287019586e-05,0.20688705898690068,0
388,0.49705338239957864,0.3810276642553021,0.19537491051480174,0.0004672897196261683,0.506716298466627,0.3810276642553021,0.21803211078047752,0.0012490234657561992,0.511748571346189,0.3810276642553021,0.20353231448680162,0.0004672897196261683,0.5059314377917646,0.3810276642553021,0.18409579791128636,0.0004672897196261683,0.5000211201364835,0.3810276642553021,0.2021362080797553,0.0004672897196261683,0.5092907002218519,0.3810276642553021,0.1870323327742517,0.0004672897196261683,0.505140566135525,0.3810276642553021,0.20472362205386163,0.0004672897196261683,0.49861316455737015,0.3810276642553021,0.20038287894800305,0.0012490234657561992,0.0015597821577915116,0.0,0.00500796843320131,0.20333672410286613,0
389,0.4669368646898915,0.2987435336236126,0.18761674121022223,0.0,0.46607717095748014,0.2987435336236126,0.19468506537377833,0.0,0.4537639924091189,0.2987435336236126,0.20119423179887236,0.0,0.4710093438153018,0.2987435336236126,0.19193366263061762,0.0,0.4696770523817987,0.2987435336236126,0.20409406820312143,0.0,0.46885177168667963,0.2987435336236126,0.18208837991580368,0.0,0.45988731034090735,0.2987435336236126,0.19098762895911933,0.0,0.454409010623269,0.2987435336236126,0.18573028115555645,0.0,-0.01252785406662249,0.0,-0.0018864600546657784,0.18681580935243197,0
390,0.44372145174185684,0.4006031202063016,0.1906385461241007,0.005,0.4565469528000419,0.4006031202063016,0.19469572251662612,0.0025,0.4302711782075012,0.4006031202063016,0.17223666355013847,0.003740234375,0.45299658082794125,0.4006031202063016,0.18780791282653808,0.0025,0.44915515728898747,0.4006031202063016,0.2009250594303012,0.003363098179518096,0.4514123156494457,0.4006031202063016,0.18600180815905332,0.0025,0.44352998841758295,0.4006031202063016,0.19995567431673408,0.003363098179518096,0.4505104007290578,0.4006031202063016,0.19446654357016085,0.0025,0.006788948987200949,0.0,0.0038279974460601607,0.20855296163897624,0
391,0.3550941073111036,0.27320072537118506,0.12795781171880663,1.0,0.33887910161196716,0.27320072537118506,0.14432627961039543,0.9953625793915166,0.34051185663064526,0.27320072537118506,0.12959352800040505,1.0,0.3433327750471784,0.27320072537118506,0.13067452561204845,1.0,0.33898265093818863,0.27320072537118506,0.13948328557424247,1.0,0.333178795180714,0.27320072537118506,0.11656710238778033,1.0,0.3398834770733755,0.27320072537118506,0.13950546024076174,1.0,0.3310083378418056,0.27320072537118506,0.11975328021799214,1.0,-0.02408576946929797,0.0,-0.008204531500814488,0.1730994394390306,0
392,0.31657081331061515,0.1799979058298993,0.12055566884577275,0.9992441860465117,0.3122285454391355,0.1799979058298993,0.11332178338547237,0.9992441860465117,0.31863692510378777,0.1799979058298993,0.11259238823375199,0.9992441860465117,0.3205190117261172,0.1799979058298993,0.11776895252987743,0.9992441860465117,0.3099687977935117,0.1799979058298993,0.11641540964599699,0.9992441860465117,0.31756145108617484,0.1799979058298993,0.10460501083696727,0.9981757213162212,0.3191107863944868,0.1799979058298993,0.13099932538229042,0.9992441860465117,0.3283653529542102,0.1799979058298993,0.10374937644694,0.9437415927460772,0.011794539643595059,0.0,-0.016806292398832745,0.20876722650465063,0
393,0.36487967204121874,0.3233779958871284,0.114774140836671,0.9987192622950819,0.34201469891749525,0.3233779958871284,0.12560220935265534,1.0,0.3443831924624253,0.3233779958871284,0.12234194442396984,1.0,0.35470369144595076,0.3233779958871284,0.11714764413656667,1.0,0.34126356130524144,0.32337799588712834,0.11928472205530852,1.0,0.345624112823897,0.3233779958871284,0.11902947270311415,1.0,0.3303124200431853,0.3233779958871284,0.12496532671619207,0.994475168235643,0.34725417442891376,0.32337799588712834,0.13069694524689113,1.0,-0.017625497612304974,-5.551115123125783e-17,0.015922804410220134,0.18581245789260456,0
394,0.34894379918072743,0.27874168848492625,0.11985243682283908,1.0,0.3319377674694289,0.27874168848492625,0.13737158229807392,0.9987869198312237,0.34086896032885206,0.27874168848492625,0.1064087245054543,0.9972471851370835,0.3498761852213212,0.27874168848492625,0.12128268697415479,1.0,0.3542401936041041,0.27874168848492625,0.1152818817755906,1.0,0.3420037873637549,0.27874168848492625,0.12609451232012361,1.0,0.3562649243507742,0.27874168848492625,0.1307461214531213,0.9987017167381974,0.4607877346442091,0.3051618862322206,0.1954501548781991,0.00125,0.11184393546348165,0.02642019774729437,0.07559771805536003,0.3429409126352847,0
395,0.3285458502531382,0.1980947556843539,0.11658706180751324,1.0,0.3348735284963823,0.1980947556843539,0.11419403145089746,1.0,0.32959575207085756,0.1980947556843539,0.1153903989912942,1.0,0.3432173186037085,0.1980947556843539,0.11262342295143753,1.0,0.3412346424550166,0.1980947556843539,0.12397438859101385,1.0,0.3344722680917426,0.1980947556843539,0.11270787674933672,1.0,0.3446548836053289,0.1980947556843539,0.12582326233386992,1.0,0.35114218402501896,0.1980947556843539,0.1231858653575182,1.0,0.02259633377188075,0.0,0.0065988035500049586,0.2258741073169469,0
396,0.3379015722070262,0.2035243852863664,0.12492256861529313,0.9957273838630806,0.3512263250060832,0.2035243852863664,0.11979810199933126,1.0,0.3499419869847512,0.2035243852863664,0.10258549993042834,0.9636605648028608,0.33242981923680814,0.2035243852863664,0.11960914929397404,0.9907071379614414,0.3510918779875338,0.2035243852863664,0.1073646676260978,0.9869675413433956,0.3545946205762374,0.2035243852863664,0.1184800081886351,0.9932273838630806,0.3513310669344375,0.2035243852863664,0.12143832630477845,0.9932273838630806,0.3667420344304762,0.2035243852863664,0.12079425845644437,0.9919675413433956,0.028840462223449992,0.0,-0.004128310158848764,0.22981972465913367,0
397,0.49333195051968354,0.2784094689586165,0.19031963711604477,0.001875,0.49250456779665475,0.2784094689586165,0.205777349434793,0.0004968944099378882,0.4859681062600626,0.2784094689586165,0.19177112063392998,0.001875,0.4894337365627077,0.2784094689586165,0.207073270175606,0.0004968944099378882,0.4976216322356067,0.2784094689586165,0.20347055964171887,0.0004968944099378882,0.4754878209278782,0.2784094689586165,0.1986604861356318,0.0021441247306375967,0.4896456362102981,0.2784094689586165,0.1929971859930083,0.001875,0.48211954319697814,0.2784094689586165,0.19198955586180091,0.001875,-0.011212407322705398,0.0,0.0016699187457561437,0.18907209596708535,0
398,0.47383285790147184,0.16141140761345502,0.18679826963692903,0.0,0.47445623823957667,0.16141140761345502,0.20474461233243346,0.0,0.470628861683005,0.16141140761345502,0.19416991145350038,0.0,0.4781878131370364,0.16141140761345502,0.21299587126122788,0.0,0.4777522420741913,0.16141140761345502,0.2170028987620026,0.0,0.4780359119132963,0.16141140761345502,0.19390060920268298,0.0,0.4735156249716329,0.16141140761345502,0.2079460096731782,0.0,0.47914799477892145,0.16141140761345502,0.19461032077670098,0.0,0.005315136877449611,0.0,0.007812051139771958,0.20797746005767367,0
399,0.45741901688725695,0.2770984985308257,0.1719566488265991,0.0,0.45759673090401876,0.2770984985308257,0.21460202036425471,0.0012598425196850393,0.4406162878220778,0.2770984985308257,0.20092725526541472,0.0035018644660192787,0.447799229217186,0.2770984985308257,0.207211123034358,0.0035018644660192787,0.4537676153654445,0.2770984985308257,0.19421530522406102,0.0,0.4467530433410694,0.2770984985308257,0.20394662965787574,0.0035018644660192787,0.4551256246040041,0.2770984985308257,0.21580789636820555,0.0012598425196850393,0.4458170268601545,0.2770984985308257,0.20710797147243284,0.002638766286501183,-0.011601990027102438,0.0,0.03515132264583373,0.19686536332508264,0
400,0.4884783957395373,0.2699459358390424,0.19834891222417356,0.0,0.49657097730963046,0.2699459358390424,0.20254170075058936,0.0,0.4893738876426311,0.2699459358390424,0.19514561243355275,0.0,0.4923430857931198,0.2699459358390424,0.20001027531921864,0.0008630981795180961,0.4894782981497785,0.2699459358390424,0.2176765510579571,0.0,0.49794745061729007,0.2699459358390424,0.20773751446977257,0.0,0.49903627183906285,0.2699459358390424,0.1990889696869999,0.001875,0.4920107022388921,0.2699459358390424,0.19354850839823484,0.0,0.0035323064993548203,0.0,-0.004800403825938715,0.20301023569768611,0
401,0.379671476771971,0.12109813617270429,0.21018710613250732,0.015231628602539233,0.39415992473648764,0.12109813617270429,0.19272324956953527,0.001526610644257703,0.37470917640715956,0.12109813617270429,0.18603515177965163,0.014119047347948667,0.3790658343926822,0.12109813617270429,0.20790739855729043,0.012721786082854195,0.37947028252396603,0.12109813617270429,0.1853767107054591,0.014008705914077822,0.3823442404785432,0.12109813617270429,0.18872814189642667,0.010643101363388726,0.3877606964716054,0.12109813617270429,0.20938137086806818,0.006013980484267847,0.3775377728617225,0.12109813617270429,0.1799380177166313,0.01875329868789621,-0.0021337039102484745,0.0,-0.030249088415876035,0.19080967848363636,0
402,0.49846551237301434,0.15852167403071665,0.21110208358615637,0.0016472303206997085,0.4891686467221066,0.15852167403071665,0.202849706010893,0.0016472303206997085,0.5044982475409441,0.15852167403071665,0.21480279630050064,0.0,0.49734251290201237,0.15852167403071665,0.19903219487518073,0.0,0.5055538433465833,0.15852167403071665,0.2149260863661766,0.0,0.4954606503093641,0.15852167403071665,0.1890438991598785,0.0,0.4997089842910657,0.15852167403071665,0.20036973517388104,0.0,0.4954944105936447,0.15852167403071665,0.18863999543711543,0.0,-0.002971101779369656,0.0,-0.022462088149040937,0.19183598028835935,0
403,0.43353288470161405,0.19515898721491737,0.1991889164596796,0.0,0.4353161208242664,0.19515898721491737,0.22524902675300837,0.0,0.4242063548721892,0.19515898721491737,0.18651685627177358,0.0,0.4355748212854882,0.19515898721491737,0.2222129954211414,0.003234234234234234,0.43524423974511833,0.19515898721491737,0.22118853155523538,0.0,0.4421038349003213,0.19515898721491737,0.2007903848774731,0.0,0.43800017875629926,0.19515898721491737,0.2100769825093448,0.0,0.4380243049681821,0.19515898721491737,0.2030855345726013,0.0,0.004491420266568069,0.0,0.003896618112921718,0.20615090104920228,0
404,0.3558878033774865,0.2673021611736223,0.11650100936181844,0.9957280219780219,0.3635749918245737,0.2673021611736223,0.10583186494797701,0.9946595572477315,0.3603786188867228,0.2673021611736223,0.11639215669594705,0.9982280219780219,0.3940167655546603,0.15551649092672512,0.17842301923781634,0.00125,0.3781770323783853,0.15551649092672512,0.18961625366471707,0.02909367672279357,0.3953405742472053,0.15551649092672512,0.20287585277110337,0.010935577277990166,0.3962513497187486,0.15551649092672512,0.17344289615284653,0.00125,0.3835435316196914,0.15551649092672512,0.19059585414041066,0.004204695295794726,0.027655728242204913,-0.1117856702468972,0.07409484477859223,0.22150632215227528,0
405,0.3148850536888813,0.24854484300772148,0.11214926081709564,0.9986882129277567,0.32364203256509033,0.24854484300772148,0.11761521922424435,1.0,0.31978550612150525,0.24854484300772148,0.11542653405922465,0.9975,0.32478859552867223,0.24854484300772148,0.1260234320082236,1.0,0.32748963226736544,0.24854484300772148,0.11232559348456561,1.0,0.31900168733664097,0.24854484300772148,0.14152422145940363,0.995,0.31664571226668875,0.24854484300772148,0.108983245017007,1.0,0.33066359284919666,0.24854484300772148,0.12392785030009691,0.9987916666666666,0.015778539160315352,0.0,0.01177858948300127,0.21996535022406927,0
406,0.15761252707654133,0.0,-0.19598932140506803,0.0,0.14462711930232816,0.0,-0.26406345384195445,0.0,0.15899649513624484,0.0,-0.17518541955389083,0.0,0.16427930112064543,0.0,-0.2105944545008242,0.0,0.176480941411969,0.0,-0.12540737914387137,0.0,0.18172218695640352,0.0,-0.10653101501986384,0.0,0.17957695956104391,0.0,-0.14130144915077836,0.0,0.16737193266131217,0.0,-0.16854648783802986,0.0,0.009759405584770842,0.0,0.027442833567038166,0.21746627898290694,0
407,0.13342651377768402,0.0,-0.15096031077206135,0.0013636363636363635,0.14608312456932843,0.0,-0.14715748915681615,0.0013636363636363635,0.13119260223110982,0.0,-0.1853052027709782,0.0013636363636363635,0.13737471713610355,0.0,-0.21821999948006124,0.0013636363636363635,0.13542226716664074,0.0,-0.1892141672456637,0.0013636363636363635,0.10992393869829523,0.0,-0.27007682727649807,0.0013636363636363635,0.14138172685795902,0.0,-0.17277086604386568,0.0013636363636363635,0.1616827253863387,0.0,-0.11828006257303059,0.0013636363636363635,0.028256211608654686,0.0,0.03268024819903076,0.23822324338899908,0
408,0.16934616636675226,0.0,-0.08959675280377269,0.0,0.16669091873049552,0.0,-0.13234165724832564,0.0,0.1536948686872294,0.0,-0.09782620456069707,0.0,0.15855583909269175,0.0,-0.15532408813014625,0.0,0.15640863185737025,0.0,-0.13644306853413582,0.0,0.13568404677676385,0.0,-0.20931530638132245,0.0,0.16153762476413142,0.0,-0.08984806604683399,0.0,0.13719738288127276,0.0,-0.21526813679374754,0.0,-0.032148783485479504,0.0,-0.12567138398997485,0.13582950384583678,0
409,0.18843208839613462,0.10026639107320234,-0.03360211365390569,0.0,0.1858945779295211,0.10026639107320234,-0.03785119098785799,0.0,0.18499280682684377,0.10026639107320233,-0.046877515593077984,0.0007567567567567567,0.18914532948261828,0.10026639107320234,-0.034918725719908256,0.0,0.18425263755717475,0.10026639107320234,-0.03675124588189647,0.0,0.18747648356867125,0.10026639107320234,-0.03710534819518216,0.0,0.18755427753469728,0.10026639107320234,-0.03399957065936178,0.0011440677966101695,0.18697463900910158,0.10026639107320234,-0.02856844385241857,0.0,-0.001457449387033044,0.0,0.005033669801487121,0.20016643344330143,0
410,0.19341127321694163,0.1553397108547851,-0.029786467468311456,0.0,0.19416669972700673,0.1553397108547851,-0.029841637258650733,0.0,0.18932743304699204,0.1553397108547851,-0.04096415556705324,0.0,0.19228712082841962,0.1553397108547851,-0.0396734999603359,0.0,0.1911914032788178,0.1553397108547851,-0.04113974218635121,0.0,0.19559566867444075,0.1553397108547851,-0.02841438886593096,0.0,0.19418190622774695,0.1553397108547851,-0.02952578431344591,0.0,0.19192996291966608,0.1553397108547851,-0.04266763537074439,0.0,-0.001481310297275551,0.0,-0.012881167902432933,0.19575191912773224,0
411,0.18660009757476811,0.19758737598273293,-0.03949627070353017,0.0,0.18702053279647163,0.19758737598273293,-0.03324657174991444,0.013040118393385805,0.18531105848617047,0.19758737598273293,-0.03468818999710493,0.0,0.1897131744555808,0.19758737598273293,-0.03033834772417322,0.0016447368421052633,0.18910187232755596,0.19758737598273293,-0.029218111708062225,0.0034653173170393005,0.18834911321393777,0.19758737598273293,-0.03204270749731222,0.0,0.18411031880004827,0.19758737598273293,-0.05838760096987244,0.0,0.18650599745284588,0.19758737598273293,-0.03435637649345154,0.0,-9.410012192223594e-05,0.0,0.005139894210078634,0.20162781506789668,0
412,0.18369395812979947,0.11650046289618199,-0.04502312073833309,0.0,0.18584600951130623,0.11650046289618199,-0.027931460146501195,0.0,0.18109866443946174,0.11650046289618199,-0.04885482412064448,0.0016447368421052633,0.18475079366191877,0.11650046289618199,-0.038114231739818934,0.0,0.18659489267189036,0.11650046289618199,-0.02703431748203002,0.0,0.1866363428513633,0.11650046289618199,-0.037226158881094304,0.0,0.1871569169774564,0.11650046289618199,-0.034762378938321487,0.0,0.1837330763479439,0.11650046289618199,-0.045144856845727194,0.0013333333333333335,3.9118218144423844e-05,0.0,-0.00012173610739410479,0.2004788942025861,0
413,0.2285088951171587,0.2936758008961393,-0.038947543354006485,0.019211585356360476,0.2279085187133794,0.2936758008961393,-0.03629147399638896,0.019211585356360476,0.22680506918243018,0.2936758008961393,-0.04444248120416887,0.02334343914226126,0.22677805917387694,0.2936758008961393,-0.0465462146664504,0.015023103680967806,0.23323769633330654,0.2936758008961393,-0.03225987370067742,0.029261070721208628,0.22969816900159168,0.2936758008961393,-0.03437270101203467,0.024653439142261258,0.22860453482157114,0.2936758008961393,-0.04187538944883272,0.019211585356360476,0.22530699632811865,0.2936758008961393,-0.05039057267131284,0.02084343914226126,-0.0032018987890400363,0.0,-0.011443029317306355,0.19429282171012816,0
414,0.20202614853638987,0.18578866455779655,-0.033729902852792294,0.0,0.19934458318669918,0.18578866455779655,-0.033316553277127244,0.0034653173170393005,0.19729167045637672,0.18578866455779655,-0.040041890785214494,0.0,0.1977210494046352,0.18578866455779655,-0.047830845478456466,0.0,0.19894989661693005,0.18578866455779655,-0.04285560045740567,0.0,0.19995850214911287,0.18578866455779655,-0.03966837361920625,0.0,0.19974286595176785,0.18578866455779655,-0.03935634524212219,0.0,0.1982055491438903,0.18578866455779655,-0.04054804939776659,0.0,-0.0038205993924995685,0.0,-0.006818146544974299,0.1947746070507564,0
415,0.19895530430425645,0.1860199455632919,-0.03864369880349841,0.0,0.1967029287700749,0.1860199455632919,-0.04157662902318407,0.0,0.19746877069412458,0.1860199455632919,-0.032245065041352064,0.010540118393385804,0.19930235255830536,0.1860199455632919,-0.03448989963158965,0.0,0.2001595458207254,0.1860199455632919,-0.028915700648212805,0.0,0.20096565489823315,0.1860199455632919,-0.0435574599733809,0.0007567567567567567,0.19914675733302006,0.1860199455632919,-0.03794045350827219,0.0019210977701543742,0.1998936926308484,0.1860199455632919,-0.03436482110060751,0.0,0.0009383883265919601,0.0,0.004278877702890899,0.20250387337529205,0
416,0.5076651772191428,0.4545909033166953,0.21164899699389936,0.0,0.5033642869950492,0.4545909033166953,0.21194105096161364,0.0,0.4906245805154613,0.4545909033166953,0.20829102445393802,0.0,0.503606175418774,0.4545909033166953,0.21440523747354745,0.0,0.5012185191684346,0.4545909033166953,0.2106353812664747,0.0,0.5096454850147341,0.4545909033166953,0.20339713401161133,0.0,0.5009089761119293,0.4545909033166953,0.1925205472111702,0.0,0.5046635782602127,0.4545909033166953,0.20200240656733512,0.0,-0.0030015989589301517,0.0,-0.009646590426564239,0.1949438538518058,0
417,0.5011114937538417,0.4080236380636471,0.20672599278390408,0.0,0.49675473728781916,0.4080236380636471,0.18831247933208942,0.0,0.49255178389516185,0.4080236380636471,0.219331439640373,0.0,0.49651271940967917,0.4080236380636471,0.21149070901796221,0.0,0.495018261327117,0.4080236380636471,0.18843118950724602,0.0,0.5034729713066171,0.4080236380636471,0.19384426448494196,0.0,0.4960187474788292,0.4080236380636471,0.19826375607401134,0.0,0.4995325834419764,0.4080236380636471,0.21017815064638853,0.0,-0.0015789103118653003,0.0,0.0034521578624844562,0.19965106431374924,0
418,0.5718632900390482,0.6629832848873459,0.20914799712598323,0.0,0.5760984924931702,0.6629832848873459,0.20960999436676503,0.0,0.5649117381864858,0.6629832848873459,0.190547678694129,0.0,0.5743353226574788,0.6629832848873459,0.17795756969600915,0.0008057851239669422,0.5757664317005204,0.6629832848873459,0.2100137552432716,0.0,0.5690557558007338,0.6629832848873459,0.19934733347967268,0.0,0.5698173263269277,0.6629832848873459,0.20918544106185435,0.0,0.5795235377748859,0.6629832848873459,0.19067477695643903,0.0,0.007660247735837622,0.0,-0.018473220169544197,0.2040061589713665,0
419,0.5133332467532659,0.2632339104429073,0.18750761747360228,0.0,0.5117555341508674,0.2632339104429073,0.1854041961277835,0.0,0.5275470506676433,0.2632339104429073,0.21526219733059407,0.0,0.5296161179074621,0.2632339104429073,0.18663089517503978,0.0,0.5225057731031508,0.2632339104429073,0.18628803711384534,0.0,0.5286136161011151,0.2632339104429073,0.17460970375686885,0.0,0.5160652150097168,0.2632339104429073,0.20060875168070197,0.0025,0.5171661047636505,0.2632339104429073,0.18276616371236742,0.0,0.0038328580103846877,0.0,-0.0047414537612348595,0.20334110457452598,0
420,0.5063707613031169,0.30532354660914185,0.18415285158902406,0.0,0.5030404747774422,0.30532354660914185,0.18119656966999173,0.0,0.5013433424805959,0.30532354660914185,0.18548428769689054,0.0,0.5045444008415466,0.30532354660914185,0.21173860345035792,0.004009117609210715,0.49856292505417027,0.30532354660914185,0.19454681508243085,0.0,0.49512723763704625,0.30532354660914185,0.19498519154265523,0.0,0.4965294834304818,0.30532354660914185,0.20166379636153578,0.001916187527642636,0.49985014402710765,0.30532354660914185,0.18564263951033355,0.0,-0.006520617276009222,0.0,0.0014897879213094933,0.19396755018148018,0
421,0.4484948317214776,0.22787472882507445,0.19546183322090654,0.0027609289617486336,0.4567461533925993,0.22787472882507445,0.19946834608912467,0.0027609289617486336,0.4394930532328265,0.22787472882507445,0.20213309083133935,0.0027609289617486336,0.4430583374120054,0.22787472882507445,0.1909416597150266,0.003719262295081967,0.4514744442527111,0.22787472882507445,0.1955889292806387,0.0027609289617486336,0.4450375511814567,0.22787472882507445,0.18736408025026322,0.0027609289617486336,0.4508598534015091,0.22787472882507445,0.186744693685323,0.0027609289617486336,0.4395967778548739,0.22787472882507445,0.20165016770362854,0.0034380172909622875,-0.008898053866603695,0.0,0.006188334482721991,0.19261575986232096,0
422,0.2252851255607711,0.12817988280643966,-0.04566428964259103,0.0,0.2254765510690961,0.12817988280643966,-0.034446212528273464,0.0,0.2226350708763472,0.12817988280643966,-0.03320732561405748,0.0,0.2284261869946467,0.12817988280643966,-0.03138575372868217,0.0,0.2253772760342595,0.12817988280643966,-0.038680797398556024,0.0,0.2259546464513063,0.12817988280643966,-0.034257392573636025,0.0,0.225275014756654,0.12817988280643966,-0.04014357462525368,0.0,0.22250444660828403,0.12817988280643966,-0.03754802202922292,0.0,-0.00278067895248707,0.0,0.00811626761336811,0.19952859781453178,0
423,0.19673935736056955,0.13801325895195848,-0.03618597667082213,0.01291612415335043,0.1946183974723615,0.13801325895195848,-0.025795522413100114,0.010779699346801144,0.19467195142273447,0.13801325895195848,-0.03095693637158547,0.012159367396593674,0.19496979115129356,0.13801325895195848,-0.03821960105553444,0.009467912274557799,0.19730617665995984,0.13801325895195848,-0.02177592762396671,0.011954398141981865,0.19376699052498594,0.13801325895195848,-0.04382455990475137,0.012159367396593674,0.19304273633416036,0.13801325895195848,-0.042444041693815965,0.012159367396593674,0.19095813559773428,0.13801325895195848,-0.046976060219458306,0.010779699346801144,-0.00578122176283527,0.0,-0.010790083548636177,0.19173725185153692,0
424,0.3332620412222465,0.31671459846927213,0.12280724328476936,1.0,0.3318866389494308,0.31671459846927213,0.11618640092434361,1.0,0.35150224401554664,0.31671459846927213,0.1282062695734203,0.9962885210722576,0.3311237942207259,0.31671459846927213,0.10504519674694165,0.9989315352697097,0.3431582104256318,0.31671459846927213,0.11320106304323417,0.9987192622950819,0.3334853805491226,0.31671459846927213,0.11606856447877362,1.0,0.32663477468392277,0.31671459846927213,0.12450458328472451,1.0,0.3334967747530144,0.31671459846927213,0.11062535008706618,1.0,0.0002347335307679166,0.0,-0.012181893197703172,0.19772992888458032,0
425,0.3367021645688674,0.2784137635590509,0.12252831116784364,0.9963090128755365,0.32010882696149007,0.2784137635590509,0.10890256976010278,1.0,0.3391269436608987,0.2784137635590509,0.12458502785302698,1.0,0.354193402710136,0.2784137635590509,0.12026816453086213,0.9937885210722577,0.31788835316678177,0.2784137635590509,0.12053572862409055,0.9987397540983607,0.32074081676313415,0.2784137635590509,0.13854794079903512,1.0,0.32856138875123847,0.2784137635590509,0.12853071039775388,1.0,0.3530370614773678,0.2784137635590509,0.12187662590877153,1.0,0.016334896908500374,0.0,-0.0006516852590721101,0.21750549594736876,0
426,0.36542878556304204,0.3373363731537175,0.14073413669131696,1.0,0.35368144847906785,0.3373363731537175,0.12177111792727374,1.0,0.3415048477586303,0.3373363731537175,0.13104933639056981,0.9975,0.3774910560608533,0.3373363731537175,0.1303298795649971,0.9933630981795182,0.37072592517027214,0.3373363731537175,0.11803849411830016,0.9913090128755365,0.3461489022254185,0.3373363731537175,0.11066062924917787,1.0,0.3457493202662323,0.3373363731537175,0.11531131119932979,0.9983203354612934,0.3774281645329573,0.3373363731537175,0.11989330646989402,0.9958630981795181,0.011999378969915264,0.0,-0.02084083022142294,0.207994364646676,0
427,0.31522966699401644,0.17746558165351795,0.11989806805853732,0.9852397052296871,0.30688969855941195,0.17746558165351795,0.10900548308622092,0.9798935706600844,0.30532741601724467,0.17746558165351795,0.12396648553432897,0.9781676803773196,0.43700472855748,0.3565778101209213,0.2022806068509817,0.002572192148921255,0.4449515028313258,0.3565778101209213,0.2070838476344943,0.00404178674351585,0.4355801606914873,0.3565778101209213,0.1942083434574306,0.006947192148921255,0.43684766807388575,0.3565778101209213,0.191753401234746,0.001875,0.44492933805769574,0.3565778101209213,0.20078629851341248,0.002572192148921255,0.1296996710636793,0.17911222846740338,0.08088823045487516,0.39886703891417125,0
428,0.5359444942443159,0.24567142100078584,0.1986998199671507,0.0013090128755364808,0.5337141789396502,0.24567142100078584,0.17894524443894624,0.0,0.539414968152582,0.24567142100078584,0.19559021138586105,0.0,0.5329348375549577,0.24567142100078584,0.18906569452956318,0.007274425014418007,0.5484383189698823,0.24567142100078584,0.18909880107268692,0.0,0.5461720020821554,0.24567142100078584,0.2017780103906989,0.0,0.5305104102811614,0.24567142100078584,0.21223830346018077,0.007274425014418008,0.550217658333502,0.24567142100078584,0.1934006667137146,0.0,0.014273164089186108,0.0,-0.005299153253436106,0.21419617529013457,0
429,0.5141740311431223,0.42784798137152275,0.200901746096788,0.0,0.4851545175836876,0.42784798137152275,0.18220862038433552,0.0,0.5038707889799364,0.42784798137152275,0.19952046616468577,0.0,0.5097513480911955,0.42784798137152275,0.18795247457921505,0.0,0.5086817810678906,0.42784798137152275,0.21146352373063565,0.0,0.49600519309978447,0.42784798137152275,0.20716057654470205,0.0,0.4935463493925355,0.42784798137152275,0.1894278136640787,0.0011344537815126052,0.5187042274071905,0.42784798137152275,0.17925988398492337,0.0,0.004530196264068143,0.0,-0.021641862111864613,0.1999344296498254,0
430,0.49811170282090883,0.14531513895039197,0.22799981859512627,0.005286453163942742,0.5060159784812686,0.14531513895039197,0.19749504649080335,0.001526610644257703,0.48523905345434337,0.14531513895039197,0.19895920161216055,0.0027864531639427426,0.48857456857778386,0.14531513895039197,0.21091790173202754,0.012786453163942745,0.49351146717343586,0.14531513895039197,0.18551841557025908,0.001526610644257703,0.4989939345699938,0.14531513895039197,0.21061236599460245,0.0033173411948307736,0.4938831676656208,0.14531513895039197,0.19644316302612425,0.001526610644257703,0.5028596427601897,0.14531513895039197,0.1949139410443604,0.0027864531639427426,0.004747939939280854,0.0,-0.03308587755076586,0.19735972498896223,0
431,0.41972812112778857,0.17378000059584842,0.204191839620471,0.0,0.4243060121933096,0.17378000059584842,0.20434980279766024,0.0,0.4122350150939672,0.17378000059584842,0.19707046419382096,0.0,0.4260990478470024,0.17378000059584842,0.21876368828117848,0.001620879120879121,0.42192481217257155,0.17378000059584842,0.22589932687580586,0.0073455895455895445,0.43001977071621744,0.17378000059584842,0.1919171607028693,0.0,0.4334787822746548,0.17378000059584842,0.20279284400865435,0.0,0.42291525103198413,0.17378000059584842,0.20306802736595272,0.0,0.0031871299041955625,0.0,-0.0011238122545182694,0.20354764633110745,0
432,0.5430699790182866,0.32050429746082065,0.19247315105050802,0.0,0.5430153241754679,0.32050429746082065,0.19798428501933812,0.0,0.5306945949707036,0.32050429746082065,0.22377058032900096,0.0034654121388815267,0.529315074738881,0.32050429746082065,0.19793464463204147,0.0,0.5484513605166474,0.32050429746082065,0.19593394242227077,0.0,0.5430198051561057,0.32050429746082065,0.22692403718829154,0.0016472303206997085,0.539338787636163,0.32050429746082065,0.22317895520478487,0.0016472303206997085,0.5406492583055348,0.32050429746082065,0.2130002849176526,0.0,-0.0024207207127517893,0.0,0.02052713386714458,0.202948408324334,0
433,0.519270545076069,0.3683221326182403,0.18049959871917964,0.0,0.5213708011406986,0.3683221326182403,0.21042100491002202,0.0,0.5177086834511817,0.3683221326182403,0.19728275623172523,0.0,0.503588678225834,0.3683221326182403,0.20893960151821375,0.00591115605014268,0.5218344443327464,0.3683221326182403,0.21318164309021084,0.0,0.5241432112390153,0.3683221326182403,0.2018564749136567,0.0,0.5213925558406681,0.3683221326182403,0.21949648348614573,0.0016472303206997085,0.5312306834226593,0.3683221326182403,0.20560775075107812,0.0,0.011960138346590377,0.0,0.02510815203189848,0.2192112137553836,0
434,0.49966239839362736,0.18349343951611044,0.2066292680427432,0.0,0.5041632853702812,0.18349343951611044,0.1964603058848297,0.0,0.5049976114919896,0.18349343951611044,0.21141722280532121,0.0,0.5012300527374867,0.18349343951611044,0.20398808855563402,0.0,0.5075047942690932,0.18349343951611044,0.21101222719997167,0.0,0.5103646550552581,0.18349343951611044,0.1955317603889853,0.0,0.500164762610266,0.18349343951611044,0.1970202593691647,0.0,0.5083447908721968,0.18349343951611044,0.21226267710328103,0.0007273838630806846,0.00868239247856939,0.0,0.005633409060537831,0.2109887599644738,0
435,0.49873666966479674,0.4106645469942062,0.22015458771493285,0.0005840611353711791,0.48849474461121334,0.4106645469942062,0.22978423450142146,0.0033816287029387465,0.47948742711468895,0.4106645469942062,0.20325114984996617,0.0005840611353711791,0.48882823863629177,0.4106645469942062,0.20185980905313045,0.0,0.4872175829046004,0.4106645469942062,0.20014307890087366,0.001875,0.4889536080338761,0.4106645469942062,0.2152072709798813,0.0,0.4925562718098607,0.4106645469942062,0.18514823325909674,0.001875,0.49262725430236753,0.4106645469942062,0.20866749986074865,0.0,-0.006109415362429205,0.0,-0.011487087854184203,0.1912209484819665,0
436,0.33269735244300436,0.20938286090692929,0.12495988313574344,1.0,0.34167842362786266,0.20938286090692929,0.1386713141296059,0.99619,0.3385362172342342,0.20938286090692929,0.1040338462946238,0.9901332520079069,0.32497927605281013,0.20938286090692929,0.11799958021030761,0.9919883024874107,0.33819480128780205,0.20938286090692929,0.1199973068246618,0.9988090128755366,0.34873107006752124,0.20938286090692929,0.12707524421159178,1.0,0.3436251494641444,0.20938286090692929,0.12659988506697117,0.9988090128755366,0.3383856323417015,0.20938286090692929,0.12038441966753453,1.0,0.005688279898697135,0.0,-0.004575463468208904,0.2053351913417079,0
437,0.289923009667195,0.18017124419560662,0.11624168236507103,0.9992441860465117,0.28991302286316745,0.18017124419560662,0.11526073271874339,0.9992441860465117,0.29583381012775317,0.18017124419560662,0.09968134326743894,0.9921416310647043,0.30636503985665875,0.18017124419560662,0.12765133074950427,0.9992441860465117,0.30845015134695786,0.18017124419560662,0.10586810041917488,0.9932553437688383,0.2924746838797485,0.18017124419560662,0.13266142743406817,0.9954341860465117,0.31317631725284617,0.18017124419560662,0.12902317655738443,0.9980358527131783,0.2963363494441965,0.18017124419560662,0.13687734046950936,0.9967441860465116,0.006413339777001537,0.0,0.020635658104438334,0.21227563333837104,0
438,0.14885943666737578,0.0,-0.21418621130287646,0.0,0.15193301294518802,0.0,-0.22231258920393884,0.0,0.1666492219889698,0.0,-0.14675647272728384,0.0,0.15914876265935995,0.0,-0.21048275111243128,0.0,0.13852337736325623,0.0,-0.2597477865498513,0.0,0.16991031264223483,0.0,-0.10453513565473259,0.0,0.1646023902947255,0.0,-0.16498420581221582,0.0,0.1960306633926171,0.0,-0.06507467992603778,0.0,0.04717122672524132,0.0,0.1491115313768387,0.28666460357438983,0
439,0.14162424212703512,0.0,-0.13983685810118915,0.0,0.18459205770135662,0.0,-0.03880273811519146,0.0,0.15874914769338802,0.0,-0.12361338552087546,0.0,0.15448031428901465,0.0,-0.13180514585226774,0.0,0.1382239656764566,0.0,-0.19971563066123055,0.0,0.1036971583330278,0.0,-0.25927410427480935,0.0,0.116566110896727,0.0,-0.24455521203577518,0.0,0.16552639218135554,0.0,-0.1319339534197934,0.005,0.02390215005432042,0.0,0.007902904681395762,0.22756841437535832,0
440,0.31024644510635296,0.279546690321026,0.131336134923622,1.0,0.32709535565391723,0.279546690321026,0.11565668765222653,1.0,0.32002394965286085,0.279546690321026,0.12300514251925052,1.0,0.32613613443877887,0.279546690321026,0.11773459999298211,1.0,0.30075332202324967,0.279546690321026,0.11683490358875133,1.0,0.30069258543182775,0.279546690321026,0.12547526858281344,1.0,0.3050369768966954,0.279546690321026,0.10855353050865232,1.0,0.3104513315392229,0.279546690321026,0.12372620172798633,1.0,0.0002048864328699218,0.0,-0.007609933195635674,0.1988187014291706,0
441,0.3214003076135634,0.28118680061351425,0.09962701280252077,0.9928974450181927,0.3339729943953391,0.28118680061351425,0.13315684783505277,0.9975,0.3206804930281528,0.28118680061351425,0.09499763250816613,0.9694769354705596,0.31408307763037135,0.28118680061351425,0.11696990096010268,1.0,0.3085510569292749,0.28118680061351425,0.10888696259818971,1.0,0.3314284821333453,0.28118680061351425,0.1058814517466817,0.9989315352697097,0.3113988233756713,0.28118680061351425,0.12494994112814312,1.0,0.32840466620177033,0.28118680061351425,0.11483195966109633,1.0,0.007004358588206916,0.0,0.015204946858575555,0.21156726460167505,0
442,0.21814083131860182,0.17519468514526473,-0.032309516584500673,0.01257915076756841,0.21890736328811455,0.17519468514526473,-0.035412380700727226,0.0,0.2147960025266452,0.17519468514526473,-0.045330687939713246,0.0,0.2225731497183775,0.1751946851452647,-0.029439801275148055,0.0034653173170393005,0.21577519365826478,0.1751946851452647,-0.03980052480706945,0.0029194403994175166,0.2203523430730953,0.1751946851452647,-0.02886861843522638,0.0013333333333333335,0.21823394029778562,0.1751946851452647,-0.04066958949435502,0.0,0.21719598637528464,0.17519468514526473,-0.04221948303282261,0.0,-0.0009448449433171746,0.0,-0.009909966448321934,0.1970447052557771,0
443,0.20779443473496645,0.18072894986944266,-0.04564689172664657,0.0,0.20860729231853184,0.18072894986944266,-0.039071801721293015,0.0,0.20631117212201966,0.18072894986944266,-0.0421965332533,0.0,0.21188913949639868,0.18072894986944266,-0.03424824152054498,0.0,0.20942557488736147,0.18072894986944266,-0.04797182068170514,0.0,0.2099782388531369,0.18072894986944266,-0.03427103071357124,0.0,0.21076494536225854,0.18072894986944266,-0.042493351467419414,0.0,0.20979360608060393,0.18072894986944266,-0.0325917244667653,0.0,0.001999171345637485,0.0,0.013055167259881269,0.20577099938958893,0
444,0.12474506443810947,0.00682505305016233,-0.04350558137477492,0.017832956114348614,0.12480616864512968,0.00682505305016233,-0.03849123087653425,0.020854186060872682,0.12448904120654747,0.00682505305016233,-0.03372405980946496,0.0204375378614267,0.12710488694522595,0.00682505305016233,-0.03526630324602593,0.020854186060872682,0.12748383142687034,0.00682505305016233,-0.028451323318295182,0.020036307914902633,0.12726855059663042,0.00682505305016233,-0.039052375335013496,0.020036307914902633,0.1265942226357582,0.00682505305016233,-0.03877007875882555,0.019247537861426696,0.12254116225472785,0.00682505305016233,-0.04761859619087772,0.01729336608228559,-0.002203902183381623,0.0,-0.0041130148161028016,0.1971394870082515,0
445,0.19346874546565626,0.12866122785765444,-0.02702749864081852,0.0,0.19100165046098358,0.12866122785765444,-0.03791032860870473,0.0,0.19091018685282216,0.12866122785765444,-0.030210066405124962,0.0,0.1918767893308425,0.12866122785765444,-0.029677260028547606,0.006790745297067147,0.1945634649984247,0.12866122785765444,-0.029554308699443935,0.0007567567567567567,0.19313916971173242,0.12866122785765444,-0.03110448150895536,0.0,0.19030571313059996,0.12866122785765444,-0.04073572008652263,0.0,0.1894154958010297,0.12866122785765444,-0.03495233336696401,0.0,-0.004053249664626557,0.0,-0.00792483472614549,0.1942585147203319,0
446,0.1991129948736847,0.17794739957322658,-0.04175771122099832,0.0,0.19825742161301013,0.17794739957322658,-0.04015033670002595,0.0,0.197076950072425,0.17794739957322658,-0.04108727067068685,0.0,0.20059630418429422,0.17794739957322658,-0.03228987923212116,0.0,0.2009259481184027,0.17794739957322658,-0.037336115153739226,0.0,0.20261538952988503,0.17794739957322658,-0.028965566785191185,0.0,0.2019723133353686,0.17794739957322658,-0.031261180905858055,0.0,0.20171362520720482,0.17794739957322658,-0.02591728715226054,0.0013333333333333335,0.002600630333520121,0.0,0.015840424068737778,0.2070866527015744,0
447,0.1958908483436577,0.20300592219511604,-0.03332220218304428,0.0012176724137931035,0.19345486213584132,0.203005922195116,-0.03552561488701031,0.0,0.19148333831976203,0.203005922195116,-0.04029668026894797,0.0,0.194395017066517,0.20300592219511604,-0.03584763902297709,0.0,0.19640062380049056,0.20300592219511604,-0.028967708789859898,0.0,0.19477786644857983,0.20300592219511604,-0.04154019569279626,0.0016447368421052633,0.1930722429838592,0.203005922195116,-0.04442539467301685,0.0,0.1926358090643468,0.20300592219511604,-0.041216933194082234,0.0,-0.003255039279310895,0.0,-0.00789473101103795,0.19510625875777443,0
448,0.4763855143022282,0.29599090464188843,0.20442751510068774,0.0,0.48439426856909834,0.29599090464188843,0.20657596673816442,0.0,0.4660496611744866,0.29599090464188843,0.20377641245722772,0.0,0.4661728933773308,0.29599090464188843,0.20207494366914033,0.0,0.47178061881443384,0.29599090464188843,0.19265815276652576,0.0,0.4758284665471451,0.29599090464188843,0.20681072503328324,0.0,0.47066808632980095,0.29599090464188843,0.21416338682174682,0.0,0.4835493819758788,0.29599090464188843,0.2063158517330885,0.0,0.007163867673650626,0.0,0.001888336632400761,0.20847243698217022,0
449,0.6424675772398893,0.7325144334812537,0.2030980680882931,0.0017048710601719197,0.6508532916676741,0.7325144334812537,0.19640240602195264,0.0,0.6469354589543452,0.7325144334812537,0.19931222330778836,0.0,0.6376780922210497,0.7325144334812537,0.19345382418483495,0.0017048710601719197,0.6477915745349486,0.7325144334812537,0.18902963105589152,0.0,0.6540078086626425,0.7325144334812537,0.1924291257187724,0.0,0.6522194339687403,0.7325144334812537,0.20575915320776403,0.0,0.6430774837202822,0.7325144334812537,0.20038866896182297,0.0017048710601719197,0.00060990648039283,0.0,-0.0027093991264701134,0.20044581418297108,0
450,0.5223052593309623,0.580566720485457,0.1892927500978112,0.0,0.5267766073213397,0.580566720485457,0.19583817780017854,0.0,0.5370518815684092,0.580566720485457,0.21195045992732048,0.0,0.5369294412829849,0.580566720485457,0.19407769812271,0.0,0.5215292034537002,0.580566720485457,0.21715142764151096,0.0007273838630806846,0.5359967085489525,0.580566720485457,0.20027239710092545,0.0,0.5319986055287969,0.580566720485457,0.20538260884582996,0.0,0.5384800213970801,0.580566720485457,0.21641182145103813,0.0,0.016174762066117787,0.0,0.027119071353226915,0.2241411387407959,0
451,0.6030786894499013,0.9240988576121508,0.20324178744107485,0.00123015873015873,0.5988366850134528,0.9240988576121508,0.21140734925866128,0.00123015873015873,0.6028564959181487,0.9240988576121508,0.20497414976358413,0.00123015873015873,0.6069291486160837,0.9240988576121508,0.20867792893201112,0.00123015873015873,0.605569106132517,0.9240988576121508,0.19553794305771588,0.00123015873015873,0.6002537036551557,0.9240988576121508,0.19115280189551412,0.00123015873015873,0.6014491868057927,0.9240988576121508,0.19694015961140393,0.00123015873015873,0.5995946790192663,0.9240988576121508,0.1987750911153853,0.00123015873015873,-0.003484010430634954,0.0,-0.004466696325689551,0.195705112257253,0
452,0.24961048704416527,0.14059250324620565,-0.03162716455059126,0.004387105026536508,0.24530002025621905,0.14059250324620565,-0.04265014511183836,0.0009217877094972068,0.24743156190378426,0.14059250324620565,-0.03330670573865063,0.004387105026536508,0.24825521636992814,0.14059250324620565,-0.04090020717587322,0.0009217877094972068,0.24813680212447822,0.14059250324620565,-0.0384494280567742,0.0009217877094972068,0.24887318473974443,0.14059250324620565,-0.03290966687913169,0.0009217877094972068,0.2506811647547466,0.14059250324620565,-0.032291145576164124,0.0009217877094972068,0.24641831846129086,0.14059250324620565,-0.03545879420766141,0.0009217877094972068,-0.0031921685828744106,0.0,-0.0038316296570701514,0.1961679683294784,0
453,0.22214588442235478,0.20047417859878588,-0.03694332897721324,0.0,0.22124211055964702,0.20047417859878588,-0.034508325913338925,0.0013333333333333335,0.21795174255902697,0.20047417859878588,-0.0519658070053265,0.0,0.2232910032952354,0.20047417859878588,-0.02549328993198287,0.014290745297067147,0.221073927798873,0.20047417859878588,-0.036482251123525204,0.0013333333333333335,0.22061197766714946,0.20047417859878588,-0.04034895522287116,0.0,0.2214506225105078,0.20047417859878588,-0.0418560995045118,0.0016447368421052633,0.22107676257171965,0.20047417859878588,-0.028704434606479482,0.0,-0.001069121850635124,0.0,0.008238894370733756,0.20136059682702293,0
454,0.19263707826455725,0.11835841275876607,-0.03724325003044214,0.0,0.19202718639920857,0.11835841275876607,-0.04310181718086824,0.0,0.19029151251645338,0.11835841275876607,-0.03731809615856037,0.0,0.19357489990146332,0.11835841275876607,-0.029160070566867945,0.0,0.19275007200112612,0.11835841275876607,-0.03462866842048243,0.00206433908045977,0.19516372229105397,0.11835841275876607,-0.029099781215190888,0.0,0.19563748131362266,0.11835841275876607,-0.03063643307570601,0.0,0.1891440071624344,0.11835841275876607,-0.04379863495298195,0.0,-0.003493071102122852,0.0,-0.006555384922539813,0.19518381426278947,0
455,0.21840653435280752,0.18819906978207632,-0.037016797793621666,0.0025,0.2156200028990462,0.18819906978207632,-0.047128986985480875,0.0025,0.2176233158113445,0.18819906978207632,-0.039627323160821105,0.0025,0.21648220504697974,0.18819906978207632,-0.03779791340930387,0.0025,0.21979666145616317,0.18819906978207632,-0.029337806311523308,0.0025,0.21668121023651468,0.18819906978207632,-0.042526551814953566,0.0025,0.21925527507940548,0.18819906978207632,-0.02613152296980843,0.0,0.21477653114074863,0.18819906978207632,-0.040769884592155,0.0025,-0.003630003212058891,0.0,-0.0037530867985333324,0.19572625341622685,0
456,0.21474797017942204,0.15565892808831952,-0.03688169633620419,0.0,0.2114801998594264,0.15565892808831952,-0.04123558850958944,0.0,0.21441612904172414,0.15565892808831952,-0.03728266771067865,0.0,0.21362319708455857,0.15565892808831952,-0.042538361276965586,0.0,0.21442899653502964,0.15565892808831952,-0.03268024160905043,0.0,0.21439340754970268,0.15565892808831952,-0.036745544048026206,0.0,0.21819592360792056,0.15565892808831952,-0.02828368476126343,0.0007567567567567567,0.21165567671048285,0.15565892808831952,-0.03966529939556494,0.0,-0.003092293468939189,0.0,-0.002783603059360755,0.1965298999947626,0
457,0.3631276413324449,0.2966413142226042,0.12632884329388616,0.9791388193097675,0.3310743219784483,0.2966413142226042,0.1141815300937742,0.982674127128198,0.3431916127693992,0.2966413142226042,0.12723106671124695,0.9866697828659031,0.3534480024556215,0.2966413142226042,0.1249456899287179,0.9808137110994264,0.3624942656429768,0.2966413142226042,0.11684507474303246,0.9840149235548874,0.34555259179571074,0.2966413142226042,0.11574988214299083,0.980930365899585,0.35804332600479916,0.2966413142226042,0.11697586944399518,0.9364234422581074,0.33609815151121974,0.2966413142226042,0.11706178287509829,0.9844718137935987,-0.02702948982122516,0.0,-0.009267060418787873,0.16973991040727465,0
458,0.3484044658223916,0.3115475541395421,0.12234719278756528,1.0,0.35124779223897573,0.3115475541395421,0.1324633966293186,1.0,0.3484598788444578,0.3115475541395421,0.12165403749510005,1.0,0.34461062131618425,0.3115475541395421,0.11652160776102391,1.0,0.3491532147635634,0.3115475541395421,0.10250842796638608,0.9744244665944791,0.3309826819300825,0.3115475541395421,0.12559851859230547,0.9974797540983605,0.3561803722364479,0.3115475541395421,0.1124848681036383,1.0,0.358035971864756,0.3115475541395421,0.12004140614531934,1.0,0.009631506042364402,0.0,-0.002305786642245941,0.21004278409143162,0
459,0.4412703453446117,0.2291651221808408,0.19919644322246313,0.0,0.4343574191233688,0.2291651221808408,0.18462816761806608,0.0,0.424985248383243,0.2291651221808408,0.19507361977361143,0.004000269706137574,0.4432633878382914,0.2291651221808408,0.19440700486302376,0.0,0.43483581674422245,0.2291651221808408,0.21101335401646792,0.003127194693718299,0.43832877637290835,0.2291651221808408,0.20336324691772462,0.0013090128755364808,0.43260809175352083,0.2291651221808408,0.1960335338395089,0.0023468379446640315,0.43795361845134445,0.2291651221808408,0.21863657630980016,0.008941091681084673,-0.00331672689326723,0.0,0.019440133087337025,0.2017387483682807,0
460,0.49300869556230015,0.24301968825944253,0.2019472399458755,0.0,0.5086846287153373,0.24301968825944253,0.20213097840547561,0.0,0.5029733775590141,0.24301968825944253,0.19742243126034736,0.0,0.5085724655124033,0.24301968825944253,0.20525239197537304,0.0,0.5101800322281025,0.24301968825944253,0.19532843105494976,0.0,0.5147884239780002,0.24301968825944253,0.17424895521253347,0.0,0.5001430143019695,0.24301968825944253,0.2010155157931149,0.0,0.5136528147364129,0.24301968825944253,0.20560516718775035,0.0,0.02064411917411274,0.0,0.0036579272418748587,0.22309822866622633,0
461,0.49391047848766295,0.2170017975215782,0.19982668846845628,0.0,0.4918417480929756,0.2170017975215782,0.21635166086256505,0.005734234234234233,0.48621004082629904,0.2170017975215782,0.19999660771340133,0.0,0.4933998161177955,0.2170017975215782,0.18692208756692708,0.0,0.49822047676299885,0.2170017975215782,0.19090860423631967,0.0,0.4803083128669351,0.2170017975215782,0.1999184986576438,0.002777777777777778,0.4793220430479274,0.2170017975215782,0.21380123347043992,0.0,0.4965773304145865,0.2170017975215782,0.19794478960335254,0.0,0.0026668519269235635,0.0,-0.0018818988651037316,0.20281414752454727,0
462,0.504003464628625,0.2853782001352722,0.19931120774708688,0.0,0.5059241911864929,0.2853782001352722,0.18920881735160947,0.0,0.5065495634533679,0.2853782001352722,0.2110925867781043,0.0007273838630806846,0.49522660330433455,0.2853782001352722,0.19736419566674157,0.0,0.5163328980601293,0.2853782001352722,0.22503635942935943,0.006461618097314919,0.49605435323113106,0.2853782001352722,0.17707091431831942,0.0011344537815126052,0.5004781851411265,0.2853782001352722,0.19934769819956272,0.0,0.5137132205996742,0.28537820013527215,0.21617521341890097,0.0,0.009709755971049172,-5.551115123125783e-17,0.016864005671814092,0.2148220419524932,0
463,0.535120293414717,0.40875031124790373,0.20082958618178964,0.0,0.5324399594587899,0.40875031124790373,0.20314073234796523,0.0,0.5186358182707371,0.40875031124790373,0.17421098198741675,0.0,0.5175479033229229,0.40875031124790373,0.18818725030869246,0.0,0.5236857895639537,0.40875031124790373,0.21040787242352962,0.0,0.5246829875113869,0.40875031124790373,0.1929208017140627,0.0,0.5239954322469518,0.40875031124790373,0.19887870420701803,0.0,0.5295561072575687,0.40875031124790373,0.19339185236021877,0.0,-0.005564186157148265,0.0,-0.007437733821570869,0.1927871242330837,0
464,0.5422228708448954,0.3089279112361722,0.20559683247469365,0.0,0.5272995336927107,0.3089279112361722,0.19458386349957435,0.0,0.5283937706647384,0.3089279112361722,0.19675678860396148,0.0,0.5319060417635181,0.3089279112361722,0.2065600525960326,0.0016472303206997085,0.5461730886687177,0.3089279112361722,0.20102733657695354,0.0,0.541857366535982,0.3089279112361722,0.20037067776545883,0.0,0.5460288207628792,0.3089279112361722,0.19239684030413629,0.0,0.5393121789963222,0.3089279112361722,0.21587346252053977,0.0,-0.002910691848573177,0.0,0.010276630045846114,0.19992103813569326,0
465,0.4577020088574402,0.30794207341178714,0.20889381922781466,0.0,0.44997454230145767,0.30794207341178714,0.21035366325639188,0.0,0.4556000336352605,0.30794207341178714,0.2100125442445278,0.0,0.4684334456637963,0.30794207341178714,0.19830550897866486,0.0006047254599073164,0.47141941124202325,0.30794207341178714,0.1884748277068138,0.0006047254599073164,0.46715235436103064,0.30794207341178714,0.20996127776801587,0.0,0.4665002295393281,0.30794207341178714,0.20742854986339807,0.0,0.46310190808294827,0.30794207341178714,0.1979093615524471,0.0006047254599073164,0.0053998992255080425,0.0,-0.01098445767536757,0.20346128386543064,0
466,0.4620377840035748,0.2862973381908749,0.20064674521330744,0.0,0.4699717852458309,0.2862973381908749,0.19178813392296434,0.0,0.4635066808047575,0.2862973381908749,0.20781867079436778,0.0,0.4666109042084963,0.2862973381908749,0.19856626261025667,0.0,0.46209455906043845,0.2862973381908749,0.2049882249906659,0.0,0.4756243544385446,0.2862973381908749,0.20181310841813682,0.0,0.46298678765066537,0.2862973381908749,0.1954186352249235,0.0,0.4690467396124916,0.2862973381908749,0.19345031064003707,0.0,0.007008955608916789,0.0,-0.007196434573270377,0.20608344342216686,0
467,0.40489587283104916,0.13355419321994436,0.1903902783896774,0.003030888030888031,0.39412103749329985,0.13355419321994436,0.20188986908644438,0.015684708930157897,0.3924659556019423,0.13355419321994436,0.2160667359828949,0.019358958267824904,0.3946876630337835,0.13355419321994436,0.18363608237355947,0.00429073055057307,0.39350263004547004,0.13355419321994436,0.18836963703855872,0.004867186074695718,0.40116792730094986,0.13355419321994436,0.19322948448359967,0.0037327322931831127,0.38502372528482715,0.13355419321994436,0.2140721499361098,0.026177140086006724,0.391999197485373,0.13355419321994436,0.17940641329158097,0.0037327322931831127,-0.012896675345676178,0.0,-0.01098386509809643,0.1841985134031706,0
468,0.309939457738587,0.20439672425429437,0.12662004096317106,0.9986882129277567,0.3098715319794109,0.20439672425429437,0.11299962064949795,1.0,0.2925776737080633,0.20439672425429437,0.10682457312650513,0.9983156498673739,0.3037404588088234,0.20439672425429437,0.12435242349863984,1.0,0.32575100614889946,0.20439672425429437,0.13013011645525693,0.9987916666666666,0.30614795036097353,0.20439672425429437,0.10913968975997705,1.0,0.3201170388720579,0.20439672425429437,0.11128843413898722,1.0,0.30907776776707885,0.20439672425429437,0.14559844098519534,0.9903625793915167,-0.0008616899715081505,0.0,0.018978400022024278,0.20421031782155472,0
469,0.20877058311366747,0.0,-0.24753782264888285,0.0,0.22171927740179087,0.0,-0.23496817863546313,0.0,0.22962495570086813,0.0,-0.2090094452514313,0.0,0.25518698668130624,0.0,-0.07852303594350815,0.0,0.2554406513837176,0.0,-0.1438270065560937,0.0,0.22600785204725482,0.0,-0.21478995516430588,0.0,0.2181570809891907,0.0,-0.19745881512993946,0.0,0.24460389703605578,0.0,-0.16477584051899613,0.0,0.03583331392238831,0.0,0.08276198212988672,0.25847127937277126,0
470,0.2318339295875005,0.0,-0.1593710359930992,0.0037176724137931035,0.2423199854835174,0.0,-0.13113551868591458,0.0,0.2533380599350607,0.0,-0.0750115802907385,0.0,0.25075605566379794,0.0,-0.11181675987318158,0.0,0.2471651682477454,0.0,-0.12049482025380712,0.0,0.1871786924781869,0.0,-0.30161849439144134,0.0,0.21252409074415868,0.0,-0.19794603960588575,0.0,0.252629123899365,0.0,-0.09581751247635112,0.0,0.020795194311864496,0.0,0.06355352351674809,0.2379325663844144,0
471,0.1444773088215867,0.0,-0.241719430021476,0.0,0.16394585983819973,0.0,-0.15528988787904383,0.0,0.20170516216911752,0.0,-0.019282744862139226,0.0,0.13530173872802367,0.0,-0.23067319769412278,0.0,0.14875630116016778,0.0,-0.1588674283400178,0.0,0.1376105411739474,0.0,-0.25467314378358424,0.0,0.13505853030070097,0.0,-0.24056723551126197,0.0,0.16665204540661238,0.0,-0.11486774832010269,0.0,0.022174736585025695,0.0,0.12685168170137331,0.2548939298921706,0
472,0.3260675068097499,0.22073049438510575,0.12827688151737676,0.9975,0.3328784407519659,0.22073049438510575,0.11789887079095934,0.9988090128755366,0.33028156803732145,0.22073049438510575,0.11340537158306688,1.0,0.3241813715516725,0.22073049438510575,0.13391630257479847,1.0,0.3092680741140364,0.22073049438510575,0.11728179245721548,0.9903784816753927,0.33737133918806,0.22073049438510575,0.12141576382506174,0.9987916666666666,0.31515003577178685,0.22073049438510575,0.1162890370702371,1.0,0.3368498479302231,0.22073049438510575,0.10498268127441407,0.9989315352697097,0.010782341120473216,0.0,-0.023294200242962693,0.20611193746490536,0
473,0.3292319719209095,0.26160946979347666,0.12506949124857783,1.0,0.3347683904134497,0.26160946979347666,0.12730559735558927,1.0,0.34294818021425744,0.2616094697934766,0.11074175628018565,0.9963090128755365,0.3534782721131557,0.26160946979347666,0.11174100464675575,0.9767946828838867,0.3178095509287844,0.26160946979347666,0.11694364428520203,1.0,0.34541131838768435,0.26160946979347666,0.13801991452928633,1.0,0.3319256423375323,0.26160946979347666,0.12470041075721383,1.0,0.3399986396299942,0.26160946979347666,0.11743458354154428,1.0,0.010766667709084687,0.0,-0.007634907707033553,0.2099321883951633,0
474,0.3223471405052691,0.311763563700192,0.1215555464103818,1.0,0.3293782543565708,0.311763563700192,0.13208308540983127,1.0,0.32617346344367604,0.311763563700192,0.12102226708550007,1.0,0.3411445844899098,0.311763563700192,0.12464523294940591,1.0,0.3361550019226119,0.311763563700192,0.1178291861305479,0.9987192622950819,0.31923484420550163,0.311763563700192,0.1273757452936843,1.0,0.34071259952905086,0.311763563700192,0.11085354655049741,0.9988090128755366,0.3387680956283246,0.311763563700192,0.12878996597370132,1.0,0.016420955123055525,0.0,0.007234419563319522,0.21952830859016823,0
475,0.28972570130841846,0.31443607640685006,0.1259806181093154,0.9584597362651031,0.29197186572769507,0.31443607640685006,0.12686373012838886,0.9692789477387663,0.29184240124193034,0.31443607640685006,0.10987123348750175,0.9734659291668143,0.3035392713366896,0.31443607640685006,0.11684441409539431,0.9646246464596738,0.28927947447438446,0.31443607640685006,0.11601581005495973,0.9743494849319602,0.2930151877456867,0.31443607640685006,0.11241950633004308,0.9706507893353721,0.30734488514533354,0.31443607640685006,0.12802193901734427,0.972316449929998,0.29351509761197425,0.31443607640685006,0.11606933759059757,0.9708973856121156,0.003789396303555792,0.0,-0.009911280518717841,0.20202866542728468,0
476,0.18941128201116728,0.15928119279924366,-0.049432020992971955,0.0011440677966101695,0.19255447599219183,0.15928119279924366,-0.03149970051279524,0.0011440677966101695,0.18862352995950465,0.15928119279924366,-0.04179068026889581,0.0011440677966101695,0.19262959290400172,0.15928119279924366,-0.0317340006622544,0.0011440677966101695,0.19359633356181982,0.15928119279924366,-0.016564522391272474,0.002318766591790892,0.19125315997544207,0.15928119279924366,-0.039780949602863984,0.00460938511364947,0.19435738144368112,0.15928119279924366,-0.03412120302207768,0.02306406147651212,0.18806426941640206,0.15928119279924366,-0.04553437074529938,0.0,-0.0013470125947652178,0.0,0.0038976502476725725,0.20000436185249998,0
477,0.19223597654258723,0.17345936218882904,-0.032065800139098426,0.0,0.19039217862456778,0.17345936218882904,-0.039478564321179875,0.0,0.18915008253699547,0.17345936218882904,-0.03822527461801656,0.0,0.19257558257501067,0.17345936218882904,-0.03160049947502557,0.0,0.19029230456626053,0.17345936218882904,-0.03650910169351846,0.0,0.19024711764285315,0.17345936218882904,-0.037462680293247105,0.004433986607372542,0.1896406950135381,0.17345936218882904,-0.041693141804498735,0.0,0.1859796926028327,0.17345936218882904,-0.05140746693650726,0.0,-0.006256283939754526,0.0,-0.019341666797408834,0.1891418380464932,0
478,0.19189725865650095,0.16852065627562793,-0.04141059866524301,0.0,0.19492442848830624,0.16852065627562793,-0.02616881420719437,0.0,0.19306363435024437,0.16852065627562793,-0.02976660214480944,0.0,0.1957877187104505,0.16852065627562793,-0.034166286791441965,0.0019449696845134107,0.19608307259759897,0.16852065627562793,-0.02967861489392817,0.004222074073796057,0.19276340845116005,0.16852065627562793,-0.03570061962494947,0.0,0.19268997394574222,0.16852065627562793,-0.035655173126724546,0.0,0.19284869324189208,0.16852065627562793,-0.027819188211578874,0.0,0.0009514345853911255,0.0,0.01359141045366414,0.2047993132866466,0
479,0.11749248233704053,0.0,-0.03787893533241004,0.01406673842802808,0.11854694768126589,0.0,-0.029141280821640976,0.022211139848356817,0.11685401384239821,0.0,-0.03907104677753523,0.034625475379120675,0.11913553511338845,0.0,-0.03780603583320044,0.019066968069215713,0.11731952794931076,0.0,-0.04735717883100733,0.019066968069215713,0.11706342778813615,0.0,-0.04109596202411922,0.019711139848356818,0.11750234000718428,0.0,-0.04790131446148735,0.019711139848356818,0.11775179772679532,0.0,-0.03189079130417667,0.019711139848356818,0.00025931538975479396,0.0,0.005988144028233368,0.20220772978344342,0
480,0.5274773073261613,0.5222208842820938,0.1993114387243986,0.0,0.533869308272421,0.5222208842820938,0.21323824919760226,0.0,0.5166354615914636,0.5222208842820938,0.21780708979815244,0.0,0.5289635578537447,0.5222208842820938,0.1997142582014203,0.0,0.5187172901139746,0.5222208842820938,0.1879991656728089,0.0,0.5243642729293105,0.5222208842820938,0.20823395378887655,0.0,0.5338327846352968,0.5222208842820938,0.20463479667901993,0.0,0.5194171190454471,0.5222208842820938,0.19956992097198964,0.0,-0.008060188280714198,0.0,0.00025848224759103533,0.1920449784846553,0
481,0.6172675706713533,0.8245311720398749,0.2087467163056135,0.0,0.6156333445119244,0.8245311720398749,0.19433152101933956,0.0,0.6081279148216194,0.8245311720398749,0.2125432103127241,0.0,0.6117392917492791,0.8245311720398749,0.1968470959365368,0.0,0.6081004022168822,0.8245311720398749,0.18665852013975381,0.0,0.6090397790593284,0.8245311720398749,0.19271885938942432,0.0,0.602971475064585,0.8245311720398749,0.20375133313238622,0.0017048710601719197,0.6184376622587561,0.8245311720398749,0.20981239333748816,0.0,0.0011700915874027773,0.0,0.0010656770318746567,0.20196053370954883,0
482,0.5378173126531378,0.5701851362842255,0.20078617256134748,0.0,0.5439755760265967,0.5701851362842255,0.2003275745920837,0.0,0.5320384186975786,0.5701851362842255,0.19791221138089896,0.0,0.5417019207540554,0.5701851362842255,0.21255588486790658,0.0,0.5273945677113162,0.5701851362842255,0.21131936211138963,0.0,0.5398531106903064,0.5701851362842255,0.20413479544222354,0.0,0.5480172042580426,0.5701851362842255,0.20748479642905296,0.0,0.539315676192689,0.5701851362842255,0.18587907634675502,0.0,0.0014983635395512396,0.0,-0.014907096214592463,0.19839258405234778,0
483,0.4285523888472323,0.29171148828037474,0.20965837240219115,0.0016447368421052633,0.42802275992139416,0.29171148828037474,0.20528923226520418,0.0,0.4321792353010667,0.29171148828037474,0.20441978614777326,0.0,0.43428513617747366,0.29171148828037474,0.19953987896442413,0.0,0.42463176620919074,0.29171148828037474,0.21382583886384965,0.0,0.42744489260300433,0.29171148828037474,0.20503808937966825,0.0,0.4289362867878889,0.29171148828037474,0.2019955777656287,0.0,0.43064091515284353,0.29171148828037474,0.18984530583024026,0.0,0.002088526305611238,0.0,-0.019813066571950894,0.1978118831312183,0
484,0.24959494947649902,0.19077683363459638,-0.029720548191689886,0.0,0.24446922700072887,0.19077683363459638,-0.03829811239236733,0.0,0.24375760702694788,0.19077683363459638,-0.038496521912384195,0.0,0.24602738675780533,0.19077683363459638,-0.038318605171516536,0.0,0.24535834516386434,0.19077683363459638,-0.03340289229527116,0.0,0.24725722983241538,0.19077683363459638,-0.03528121914845542,0.0,0.24797252660399755,0.19077683363459638,-0.025599261001916604,0.0,0.2448825137778779,0.19077683363459638,-0.03453712269933021,0.0,-0.00471243569862112,0.0,-0.004816574507640323,0.19432608201327572,0
485,0.20418353815749415,0.18077492342189505,-0.03126054943772033,0.0,0.20194553639944762,0.18077492342189505,-0.036933607005048545,0.0,0.19921446900475007,0.18077492342189505,-0.046176990433887115,0.0,0.20438782781017578,0.18077492342189505,-0.02820609472692013,0.0,0.20352572078558268,0.18077492342189505,-0.028714849078678526,0.0,0.2019044675403995,0.18077492342189505,-0.04419051006436348,0.0,0.20604023828505993,0.18077492342189505,-0.029237800535047428,0.0,0.20123838045021697,0.18077492342189505,-0.03899815751821734,0.0,-0.002945157707277185,0.0,-0.007737608080497012,0.19547100423226949,0
486,0.20771266956016787,0.17841218277547757,-0.03402490344480611,0.0,0.20650314409975193,0.17841218277547757,-0.03543200662810705,0.0,0.21001615816820077,0.17841218277547757,-0.023102905185951386,0.0019314555519374796,0.2055174974362113,0.17841218277547757,-0.04740290638059377,0.0,0.20678716735646457,0.17841218277547757,-0.035728402164531874,0.0,0.20905984285755355,0.17841218277547757,-0.03541146902309265,0.0,0.20809756581096997,0.17841218277547757,-0.03429789624467958,0.0,0.20308019079188253,0.17841218277547757,-0.052322090135421606,0.0,-0.0046324787682853474,0.0,-0.018297186690615495,0.19110731781822915,0
487,0.19837989185153668,0.1592571520469289,-0.039714235719293355,0.0073037595790547225,0.1967065726640884,0.1592571520469289,-0.042415629362221804,0.0,0.1977970775672768,0.1592571520469289,-0.038971735129844094,0.0,0.19790322378257197,0.1592571520469289,-0.04164254745352082,0.0,0.19735261572600984,0.1592571520469289,-0.04177187756809872,0.0,0.2017764632429263,0.1592571520469289,-0.0304829613387119,0.0,0.1997704523599992,0.1592571520469289,-0.035834712238138305,0.0,0.19682559052308535,0.1592571520469289,-0.040107069844962095,0.0,-0.0015543013284513296,0.0,-0.00039283412566874093,0.1987348946320622,0
488,0.20643578576996485,0.15576968642903136,-0.03700772178475745,0.002677854526911131,0.20133323528081845,0.15576968642903136,-0.041389816410955974,0.0,0.1999664584536632,0.15576968642903136,-0.04696119246189483,0.0,0.20169142101488888,0.15576968642903136,-0.04394920471590012,0.0,0.20109308884204433,0.15576968642903136,-0.048236216434743254,0.0,0.2038227616065425,0.15576968642903136,-0.03393221970327431,0.0,0.20523075942964045,0.15576968642903136,-0.03157508002244867,0.0,0.20033109575209873,0.15576968642903136,-0.0394161857268773,0.0,-0.006104690017866121,0.0,-0.002408463942119854,0.1934503169732058,0
489,0.18470109974276794,0.20731428960298953,-0.04362908186441928,0.008210686974634942,0.1854239318224959,0.20731428960298953,-0.03663521326463524,0.006703043984574058,0.18184067155723607,0.20731428960298953,-0.03876200473983772,0.009590355024427472,0.1844807807052167,0.20731428960298953,-0.036653227092465386,0.008210686974634942,0.1836469941621646,0.20731428960298953,-0.040260262932570186,0.008210686974634942,0.1808746153251731,0.20731428960298953,-0.051775935555342587,0.009590355024427472,0.18647544601073568,0.20731428960298953,-0.03995828697719844,0.0070666191780247726,0.18172159054154996,0.20731428960298953,-0.04427171521645505,0.008210686974634942,-0.002979509201217978,0.0,-0.0006426333520357722,0.19717320941451227,0
490,0.3207277118773575,0.1895088642819985,0.13144659400451927,0.99619,0.31462206358819234,0.1895088642819985,0.11474635844118893,1.0,0.3098217739864551,0.1895088642819985,0.1251531546446495,0.9975,0.3208637209988747,0.1895088642819985,0.10600213461671956,0.9989315352697097,0.3131516880579242,0.1895088642819985,0.11558112188708038,1.0,0.31062630848587036,0.1895088642819985,0.11183023319288622,1.0,0.33178737459758884,0.1895088642819985,0.12838905992684885,0.9988090128755366,0.319532568955966,0.1895088642819985,0.1291420472180471,1.0,-0.001195142921391501,0.0,-0.0023045467864721836,0.1986446250101113,0
491,0.509580374660832,0.203618836556442,0.2114593564812094,0.0013340807174887892,0.5161697304351418,0.203618836556442,0.2195633846335113,0.002600896860986547,0.5153259299422547,0.203618836556442,0.1979990939423442,0.0,0.5051551726429341,0.203618836556442,0.2032297097146511,0.0013340807174887892,0.5032631780231211,0.203618836556442,0.2008436769247055,0.0,0.5109596972906545,0.203618836556442,0.195931349277962,0.0,0.5178066099163294,0.203618836556442,0.20759099543094636,0.0,0.5121796632150237,0.203618836556442,0.20570651084184646,0.0,0.002599288554191781,0.0,-0.00575284563936293,0.20179457806966483,0
492,0.5272553145856446,0.3388442495077104,0.19275932911783455,0.0,0.5256770683660958,0.3388442495077104,0.20455483615398407,0.0,0.5234965264422609,0.3388442495077104,0.18740411253180356,0.0,0.5212233852493106,0.3388442495077104,0.20328617054969073,0.0,0.515578241207615,0.3388442495077104,0.17932959143072366,0.0,0.50731583141439,0.3388442495077104,0.20470569394528865,0.0034654121388815267,0.5278993386868465,0.3388442495077104,0.19993006821721793,0.0,0.5123004082149848,0.3388442495077104,0.18438889637589453,0.0,-0.01495490637065977,0.0,-0.00837043274194002,0.18267190461983682,0
493,0.5157424488378123,0.3796216760344727,0.20081799380481244,0.0021008826823002437,0.5253319243552795,0.3796216760344727,0.198748731687665,0.006647230320699709,0.5259078032355132,0.3796216760344727,0.18831810845062136,0.0,0.5284667450985546,0.3796216760344727,0.19845906529109925,0.0,0.541550597235557,0.3796216760344727,0.21800440691411496,0.0025,0.5192259207711306,0.3796216760344727,0.22373190734535456,0.024633862388749345,0.5239553543342591,0.3796216760344727,0.19547173105180263,0.0,0.5272525660808729,0.3796216760344727,0.18943640587851404,0.0,0.011510117243060614,0.0,-0.011381587926298398,0.2097969129210891,0
494,0.5043183473416541,0.452750996249402,0.20738756373524667,0.0,0.5188979573989068,0.45275099624940196,0.18964781502261757,0.0,0.5154707276876406,0.452750996249402,0.19073164727538824,0.0,0.5122430892552605,0.452750996249402,0.1995108942128718,0.003323809523809524,0.5198681414808436,0.452750996249402,0.19959670007228852,0.0,0.5114978247012104,0.452750996249402,0.2092216132953763,0.0,0.5058392713189965,0.452750996249402,0.18682619147002696,0.0,0.5225762487278238,0.452750996249402,0.1920571754127741,0.0,0.018257901386169673,0.0,-0.015330388322472577,0.21593357109462258,0
495,0.48707177073226876,0.19863027086371776,0.20072274283505975,0.0,0.491919858882855,0.19863027086371776,0.17888690993189812,0.0,0.4888662264959755,0.19863027086371776,0.20219735869206487,0.0,0.48504190209484493,0.19863027086371776,0.19920875675976277,0.0,0.49663808046140623,0.19863027086371776,0.21966244671493768,0.0,0.5007418018708788,0.19863027086371776,0.20334194435738026,0.0,0.488612160459114,0.19863027086371776,0.1845806280337274,0.0,0.49759167439438273,0.19863027086371776,0.1849221071600914,0.0,0.010519903662113972,0.0,-0.015800635674968366,0.20767167047880705,0
496,0.5068938990711825,0.26431856903582795,0.20112033504992724,0.0,0.4822492626646584,0.26431856903582795,0.19931886538863183,0.0034654121388815267,0.5013593504578966,0.26431856903582795,0.18844751881435515,0.0,0.5092869913243776,0.26431856903582795,0.20650186827406286,0.0,0.5012137403138126,0.26431856903582795,0.20865103187505155,0.0,0.5027646860128688,0.26431856903582795,0.19916375566273928,0.0,0.5084359855476016,0.26431856903582795,0.2097695468273014,0.0,0.5110273696721128,0.26431856903582795,0.19714085336774587,0.0,0.004133470600930278,0.0,-0.003979481682181374,0.2038442882726944,0
497,0.452303391091908,0.2684966745874599,0.20457031287252903,0.0016666666666666666,0.452738388085816,0.2684966745874599,0.19369815630256199,0.0,0.45153012766925354,0.2684966745874599,0.19159593897871674,0.0,0.46689487770858734,0.2684966745874599,0.18726023331284522,0.0,0.4454279681820158,0.2684966745874599,0.1940828113630414,0.0005286561264822136,0.4631453179418835,0.2684966745874599,0.21827264409512281,0.0016666666666666666,0.45190606451059556,0.2684966745874599,0.2035895836353302,0.0,0.44562630290265476,0.2684966745874599,0.20644570663571357,0.005813896987366375,-0.006677088189253222,0.0,0.0018753937631845463,0.19389729417620352,0
498,0.4515355757943082,0.30811646887124,0.20446012231521307,0.003127194693718299,0.4667887305063549,0.30811646887124,0.2044307352253236,0.00189307401090766,0.4625850213575053,0.30811646887124,0.19566620664671064,0.0,0.4649427802342454,0.30811646887124,0.2117214734852314,0.0013090128755364808,0.4580733830500786,0.30811646887124,0.1946528371796012,0.0013090128755364808,0.4635500364841753,0.30811646887124,0.2032726309634745,0.0013090128755364808,0.4610012500318397,0.30811646887124,0.20434480175375938,0.0,0.4725353462690418,0.30811646887124,0.20977862641215325,0.0,0.020999770474733614,0.0,0.00531850409694018,0.2238795290750386,0
499,0.36831311181548915,0.31480925284927197,0.12472876615123824,0.9925,0.38759085157238204,0.31480925284927197,0.1270110671862494,0.9858133320632969,0.37462720953473566,0.31480925284927197,0.11549868002533913,0.9925,0.3908184712885736,0.31480925284927197,0.12236672006547451,0.9882126525210938,0.37793894872122563,0.31480925284927197,0.1148441349156201,0.9810411350191393,0.37068534482702203,0.31480925284927197,0.12333939441014082,0.9963090128755365,0.36687409874232585,0.31480925284927197,0.12205267941113561,0.9938090128755366,0.3842549402247976,0.31480925284927197,0.12720962679595688,0.9870043191877604,0.015941828409308467,0.0,0.002480860644718641,0.21785918622429779,0
500,0.30640817331010145,0.21658910794914196,0.1083769753575325,0.9661987804918424,0.3043426674280528,0.21658910794914196,0.14243166310247035,1.0,0.2852007419058549,0.21658910794914196,0.12797107200953178,0.9820274452512748,0.3036288303039372,0.21658910794914196,0.12924557683989404,1.0,0.3213118695534927,0.21658910794914196,0.13315490801353008,1.0,0.30534275685456563,0.21658910794914196,0.14220859108143485,0.9918943298969072,0.2924860765238933,0.21658910794914196,0.12233965216903016,1.0,0.3111610850434131,0.21658910794914196,0.12844622181262821,0.9992183098591549,0.00475291173331166,0.0,0.02006924645509571,0.21038873009788853,0
501,0.23310119815757502,0.0,-0.14186319440603257,0.0,0.22858279161700207,0.0,-0.18967312211170792,0.0,0.21785520654905938,0.0,-0.1954438253492117,0.0,0.2371362521188322,0.0,-0.1689928799541667,0.0,0.23402758410806318,0.0,-0.18609207659959792,0.0,0.24300014042817908,0.0,-0.1525288487272337,0.005,0.24259750541259387,0.0,-0.14135081086307763,0.0,0.24118289741684343,0.0,-0.15382252767682075,0.0,0.00808169925926841,0.0,-0.011959333270788186,0.20604586570907563,0
502,0.14807599421343234,0.0,-0.23783155365090353,0.0,0.17915444573254777,0.0,-0.14794632862322032,0.0,0.19320554804381093,0.0,-0.08338691433891654,0.0,0.16128623077273896,0.0,-0.22616085585206747,0.0,0.1961033378570429,0.0,-0.1065808416903019,0.0,0.1495145732656136,0.0,-0.2596341899177059,0.0,0.1530156502007611,0.0,-0.2128674321435392,0.0,0.15852981776344843,0.0,-0.24133011033758522,0.0,0.01045382355001609,0.0,-0.0034985566866816975,0.21061628680029826,0
503,0.32076994767810013,0.2736895090599251,0.11654810257721693,1.0,0.34122138015812276,0.2736895090599251,0.1279776069894433,1.0,0.32889827126191595,0.2736895090599251,0.13077268294990063,1.0,0.3218290751250764,0.2736895090599251,0.13103694962104784,1.0,0.3404079479071602,0.2736895090599251,0.11270880576455966,0.9987916666666666,0.3087734665389654,0.2736895090599251,0.12435904631856828,1.0,0.3122003101577686,0.2736895090599251,0.11027344472240656,1.0,0.3353360720719637,0.2736895090599251,0.1343960075546056,1.0,0.014566124393863566,0.0,0.017847904977388668,0.22017597095932862,0
504,0.34569207439276606,0.33688226897231416,0.12739329605317834,1.0,0.3562897213216935,0.33688226897231416,0.11337646135129034,0.9987916666666666,0.3452927569849491,0.33688226897231416,0.1325179327861406,1.0,0.34971301854170767,0.33688226897231416,0.11879301317410863,1.0,0.3417193446480623,0.33688226897231416,0.12686001220790785,1.0,0.33587008257414114,0.33688226897231416,0.1203015569387935,0.9986882129277567,0.3378918760389199,0.33688226897231416,0.110147997031454,1.0,0.35959049080441186,0.33688226897231416,0.11576324730645865,1.0,0.013898416411645798,0.0,-0.01163004874671969,0.2122504746101837,0
505,0.33735506217230027,0.3124473946484459,0.1310972411907278,0.9965556756078773,0.341351607535529,0.3124473946484459,0.12363525653723627,0.997316371772522,0.3485892825550234,0.3124473946484459,0.12337213284336031,1.0,0.3571961082878943,0.3124473946484459,0.12494875182397663,1.0,0.335200173334094,0.3124473946484459,0.11343426339095458,1.0,0.3577673782241101,0.3124473946484459,0.11945063346764073,0.9963090128755365,0.3585238472110738,0.3124473946484459,0.1131079507805407,1.0,0.3527172750758476,0.3124473946484459,0.10970333606237545,1.0,0.015362212903547334,0.0,-0.021393905128352347,0.21139929671650978,0
506,0.3205553931742659,0.2586902452419492,0.11659811291960068,1.0,0.33258093645615094,0.2586902452419492,0.10914249275345356,1.0,0.3400752570284999,0.2586902452419492,0.11278608835302294,1.0,0.33337264922459753,0.2586902452419492,0.1101807959470898,1.0,0.3251657963703918,0.2586902452419492,0.11356371397690963,1.0,0.3293487384797723,0.2586902452419492,0.11649126350996085,1.0,0.33970478462262704,0.2586902452419492,0.12479430468985811,1.0,0.33737019245308014,0.2586902452419492,0.13788673184695655,0.9975,0.01681479927881424,0.0,0.021288618927355868,0.22338643498783,0
507,0.2964777119786156,0.25700686506694964,0.12007460309192539,0.9938839545350453,0.31649909413169414,0.25700686506694964,0.10751995452214032,0.9975,0.31859912628687576,0.25700686506694964,0.13087861503474416,1.0,0.3091908344132552,0.25700686506694964,0.11528789009898902,1.0,0.303887622045357,0.25700686506694964,0.12345197596121579,0.9958503836317135,0.3163249124933492,0.25700686506694964,0.10995616116095334,0.9988152610441767,0.32044856600303256,0.25700686506694964,0.13068592941854149,0.9950686934908686,0.3162603438975147,0.25700686506694964,0.12566807883325964,1.0,0.019782631918899063,0.0,0.005593475741334258,0.2226654788598002,0
508,0.19438623894911677,0.10181853535126185,-0.028518608419108204,0.0036440677966101697,0.19322077134258603,0.10181853535126185,-0.04075654783286154,0.0025,0.1928254456085498,0.10181853535126185,-0.03081422756687971,0.0036440677966101697,0.19580065868234603,0.10181853535126185,-0.03402970953960903,0.0036440677966101697,0.19423552523638976,0.10181853535126185,-0.03156400594045408,0.005708406877069939,0.19459383862925614,0.10181853535126185,-0.040861639410723,0.0036440677966101697,0.19818936061253847,0.10181853535126185,-0.03370177968172357,0.004400824553366926,0.18916298565946457,0.10181853535126185,-0.05414324989242232,0.0025,-0.005223253289652202,0.0,-0.025624641473314117,0.1886900093734843,0
509,0.18718493999182112,0.14108519518409163,-0.02813206226899638,0.0,0.18503202180790124,0.14108519518409163,-0.035435855293180794,0.0,0.1812353048800587,0.14108519518409163,-0.04839022699394263,0.0016447368421052633,0.18715366700850972,0.14108519518409163,-0.028421730803092942,0.0,0.18487729057729266,0.14108519518409163,-0.036498589612310756,0.0,0.18642685382582422,0.14108519518409166,-0.03819200656260364,0.0034653173170393005,0.18404606205346088,0.14108519518409163,-0.053831915171176664,0.0,0.1839550349802074,0.14108519518409163,-0.035216074670897796,0.0,-0.003229905011613715,0.0,-0.007084012401901416,0.19533135823436548,0
510,0.19274216702152652,0.19109074927333242,-0.043237176175462085,0.0,0.1963070538124264,0.19109074927333242,-0.024865909398540678,0.001174698795180723,0.19252379740458564,0.19109074927333242,-0.033187254928052426,0.0,0.1907705011234236,0.19109074927333242,-0.05483342097701097,0.0,0.19498630687894283,0.19109074927333242,-0.02568994332337752,0.0,0.1917385927050133,0.19109074927333242,-0.04678354138188297,0.0,0.19191980143583928,0.19109074927333242,-0.049068807068397294,0.0,0.19088901033908023,0.19109074927333242,-0.04438418915378861,0.0,-0.0018531566824462886,0.0,-0.0011470129783265268,0.19823547043228923,0
511,0.19330161090229206,0.1401209778504762,-0.03882916258182376,0.0,0.1910341526827242,0.1401209778504762,-0.04933681547874585,0.0,0.19323403666377303,0.1401209778504762,-0.032269185346085576,0.0,0.19579383805885778,0.1401209778504762,-0.0273286739946343,0.0,0.1933239900496391,0.1401209778504762,-0.03769980618555564,0.0023696475269127724,0.19190430198417205,0.1401209778504762,-0.046568940322031266,0.0,0.19520721987514797,0.1401209778504762,-0.03274395038373768,0.0034653173170393005,0.1916861066642836,0.1401209778504762,-0.04203847272088751,0.0,-0.0016155042380084639,0.0,-0.0032093101390637466,0.19798038208987412,0
512,0.6300464500315914,0.8366099696691243,0.19633791744709014,0.0,0.6270950846927432,0.8366099696691243,0.20749339126050473,0.0,0.6281430946851275,0.8366099696691243,0.20872957710176707,0.0,0.6339728097560801,0.8366099696691243,0.19533409539610147,0.0,0.6322563699825434,0.8366099696691243,0.2131732612475753,0.0,0.6323343027183568,0.8366099696691243,0.18921164140105248,0.0,0.6372213348803124,0.8366099696691243,0.20645642444491386,0.0,0.6262594376041669,0.8366099696691243,0.20504802942276001,0.0,-0.0037870124274245187,0.0,0.00871011197566987,0.1986146148440215,0
513,0.6421024150354934,0.8823727995586164,0.1972245567664504,0.0,0.6539513458924822,0.8823727995586164,0.20570806324481963,0.0,0.6398935351393923,0.8823727995586164,0.2035053741559386,0.0,0.6404696328594665,0.8823727995586164,0.20043489638715983,0.0017048710601719197,0.6329066836123358,0.8823727995586164,0.19619922703132034,0.0017048710601719197,0.646295758984522,0.8823727995586164,0.19721062183380128,0.0,0.6478741018017221,0.8823727995586164,0.2057992246001959,0.0,0.641563339110079,0.8823727995586164,0.2173398709669709,0.013717390385666068,-0.0005390759254143562,0.0,0.020115314200520512,0.20482853120407024,0
514,0.4671722988817415,0.2570886943465374,0.20411765266209841,0.0,0.4790281238902622,0.2570886943465374,0.19643465742468835,0.0,0.4590466365119307,0.2570886943465374,0.19943238351494075,0.0,0.45945275333068464,0.2570886943465374,0.19317218862473964,0.0,0.455933945276073,0.2570886943465374,0.21267967661842704,0.0,0.46394136634411026,0.2570886943465374,0.20577054988592863,0.0,0.4659457924724951,0.2570886943465374,0.2014584751892835,0.0,0.4708741415915626,0.2570886943465374,0.19906952291727065,0.0,0.0037018427098211015,0.0,-0.005048129744827767,0.20312802961558496,0
515,0.6081287216106525,0.8195625524075977,0.19418699197471143,0.011611497801844027,0.607840868827354,0.8195625524075977,0.19621040668338538,0.012513137146106322,0.5953526227418201,0.8195625524075977,0.1889279057830572,0.012513137146106322,0.6003000085453641,0.8195625524075977,0.18763239614665508,0.012513137146106322,0.5865725450263886,0.8195625524075977,0.2019692400470376,0.013316368862015947,0.5970321226046562,0.8195625524075977,0.20047683866694568,0.010504041661493149,0.5936107991427705,0.8195625524075977,0.21017961790785195,0.012208912721665069,0.5985916898436764,0.8195625524075977,0.2086637260019779,0.011405681005755444,-0.009537031766976067,0.0,0.014476734027266486,0.19397381131008506,0
516,0.23540118610802635,0.17304037689461246,-0.04035585741628893,0.0,0.23258001742022777,0.17304037689461246,-0.04593368475441821,0.0,0.2314918850152307,0.17304037689461246,-0.04385817736678291,0.0,0.23148467466554618,0.17304037689461246,-0.04750093631562777,0.0,0.23158236193101656,0.17304037689461246,-0.03849145926520578,0.0,0.23148160836133255,0.17304037689461246,-0.04800422216776497,0.0,0.23352634405586492,0.17304037689461246,-0.03436230026709382,0.0,0.23223964953425927,0.17304037689461246,-0.043269868859060805,0.0,-0.003161536573767082,0.0,-0.002914011442771876,0.19642504785538692,0
517,0.18930609031839407,0.12984330134532762,-0.028927944529859816,0.0007567567567567567,0.18722324203764082,0.12984330134532762,-0.034619248489616436,0.0007567567567567567,0.18274669808328395,0.12984330134532762,-0.03887618824723177,0.0,0.18283452746548196,0.12984330134532762,-0.04785045844269917,0.0,0.18349495588810114,0.12984330134532762,-0.041429997915402056,0.060528656126482214,0.18819389009808662,0.12984330134532762,-0.02658537742390763,0.0,0.18353353318279314,0.12984330134532762,-0.046805701179837345,0.0034653173170393005,0.1833974135286821,0.12984330134532762,-0.0382064640824683,0.0,-0.005908676789711964,0.0,-0.009278519552608482,0.1919734201782601,0
518,0.17308307688464092,0.24221795105056762,-0.04538009415671695,0.0071882610399830234,0.17569582194882222,0.24221795105056762,-0.02526698219939135,0.00664238412236124,0.17340089178078902,0.24221795105056762,-0.039526547878340354,0.003722943722943723,0.1798294531982675,0.24221795105056762,-0.02036169570455968,0.01138307936873859,0.175835485170374,0.24221795105056762,-0.031619168946053836,0.003722943722943723,0.1751063031259191,0.24221795105056762,-0.04251157713059001,0.003722943722943723,0.1739542431732188,0.24221795105056762,-0.042303795079351406,0.003722943722943723,0.17510370375249237,0.24221795105056762,-0.032679182747378945,0.003722943722943723,0.002020626867851455,0.0,0.012700911409338003,0.20570679030991462,0
519,0.2059563112042359,0.19100928023312516,-0.041537433444755155,0.0,0.2064552613045345,0.19100928023312516,-0.03297585553489626,0.0,0.20287055882470856,0.19100928023312516,-0.046848011000838595,0.0,0.2086245767617654,0.19100928023312516,-0.03376446194131859,0.0,0.2075946058947168,0.19100928023312516,-0.03427078801993048,0.0,0.20799725887392426,0.19100928023312516,-0.039636541660293005,0.0,0.20855209340312103,0.19100928023312516,-0.0287843048828654,0.0,0.2069007732229777,0.19100928023312516,-0.029622535660164432,0.0,0.0009444620187417929,0.0,0.011914897784590723,0.20438120271809296,0
520,0.20226139190444925,0.16573147777580535,-0.03576439086580649,0.0,0.19849673076396107,0.16573147777580535,-0.04645266009494662,0.0,0.19705868639506574,0.16573147777580535,-0.0456768119399203,0.0,0.19981159011777036,0.16573147777580535,-0.043340320052811875,0.0,0.20024805544140944,0.16573147777580535,-0.04877284143003635,0.0007567567567567567,0.203833195718268,0.16573147777580535,-0.030028240217943675,0.0,0.20065277400614606,0.16573147777580535,-0.04017354101524688,0.0,0.20035336387161243,0.16573147777580535,-0.03405974781053374,0.0,-0.0019080280328368227,0.0,0.0017046430552727504,0.19887639781642583,0
521,0.18076606568358877,0.10890511665344793,-0.041827801907784304,0.0,0.1812049755063919,0.10890511665344793,-0.04035911264611059,0.013014811687108638,0.18039404404946954,0.10890511665344793,-0.04001749147719238,0.0,0.1830525789492772,0.10890511665344793,-0.03652261204551906,0.0,0.17771580971494652,0.10890511665344793,-0.05056304356548935,0.0,0.18411544273171682,0.10890511665344793,-0.033742288113280665,0.0013333333333333335,0.18287472670814553,0.10890511665344793,-0.03278085946978535,0.0,0.1822846289904359,0.10890511665344793,-0.03724435409734724,0.008593713916954265,0.0015185633068471316,0.0,0.004583447810437062,0.20318931459645,0
522,0.23705006643746385,0.14936439977653962,-0.041449013518722495,0.0,0.2365331591081973,0.14936439977653962,-0.04390188795892755,0.0,0.2381296789700475,0.14936439977653962,-0.03855612430437759,0.0009217877094972068,0.24385409912268952,0.14936439977653962,-0.027373420112417078,0.0016785444662539633,0.23742663823282367,0.14936439977653962,-0.04075250900001265,0.01688066624568375,0.24527728840576563,0.14936439977653962,-0.01985123005521018,0.0037412233467831934,0.2397158161516683,0.14936439977653962,-0.04071407668874599,0.0009217877094972068,0.23786864210470965,0.14936439977653962,-0.03989988476037979,0.0009217877094972068,0.0008185756672458022,0.0,0.001549128758342705,0.20170890496596497,0
523,0.4717277365140007,0.256245186287937,0.21128276666859164,0.0025,0.47734348478043587,0.256245186287937,0.22160006824880837,0.0025,0.48517403877121434,0.256245186287937,0.19796472701244056,0.0011344537815126052,0.4952240112109664,0.256245186287937,0.19259450085461138,0.0,0.4899491550048095,0.256245186287937,0.19723559631966053,0.0,0.5002997201692342,0.256245186287937,0.1977514404838439,0.0,0.48691267634709995,0.256245186287937,0.20168323408812283,0.0,0.4838764730080176,0.256245186287937,0.20793055836111307,0.0025,0.012148736494016932,0.0,-0.003352208307478566,0.21243657472582567,0
524,0.5003548085236794,0.361310926222925,0.18040691515430807,0.0,0.5100772634680869,0.361310926222925,0.21640250215772538,0.0,0.49815705790270626,0.361310926222925,0.20157574743032455,0.0,0.5077903497781822,0.361310926222925,0.18771197482943536,0.0,0.511919463309769,0.361310926222925,0.2083257155865431,0.0016666666666666666,0.505244711737477,0.361310926222925,0.19196400730870664,0.0,0.5147829557247884,0.361310926222925,0.20329055221751333,0.0,0.5098540971431225,0.361310926222925,0.20274865974672138,0.0,0.009499288619443047,0.0,0.02234174459241331,0.21594258358744878,0
525,0.4863636401867717,0.34776533549599314,0.20228092148900031,0.0,0.49120286929816154,0.34776533549599314,0.21829770244657992,0.0,0.4691401928467865,0.34776533549599314,0.20203750798478723,0.0018181818181818182,0.4778372864838008,0.34776533549599314,0.21208640590310096,0.003484848484848485,0.47940656455446545,0.34776533549599314,0.21721059255301953,0.0016666666666666666,0.4789336569054818,0.34776533549599314,0.19631016902625562,0.0,0.4787707177569362,0.34776533549599314,0.18030551102827302,0.0,0.4793022297816121,0.34776533549599314,0.18245818631723523,0.0,-0.007061410405159618,0.0,-0.019822735171765082,0.1881763198186949,0
526,0.4122651337796435,0.1545779829697417,0.22258707107976078,0.001620879120879121,0.4163629216430325,0.1545779829697417,0.19681972090154887,0.0011344537815126052,0.41621418440496705,0.1545779829697417,0.19352374657988547,0.0012869198312236289,0.41874434477286093,0.1545779829697417,0.1956109674833715,0.0025,0.41865179471810443,0.1545779829697417,0.1939538905583322,0.0011344537815126052,0.415778367420412,0.1545779829697417,0.19115692291408778,0.0,0.41091941781010655,0.1545779829697417,0.19873827293515206,0.001,0.41670833732634466,0.1545779829697417,0.1861846224218607,0.0011344537815126052,0.0044432035467011355,0.0,-0.03640244865790007,0.19622628614457324,0
527,0.4455509569967894,0.2674700039921694,0.1892954552732408,0.0,0.44210497615860006,0.2674700039921694,0.1933503872528672,0.0005286561264822136,0.4486942454520506,0.2674700039921694,0.2022375502064824,0.0,0.45176110384414214,0.2674700039921694,0.21309081711806357,0.0,0.4444322192056735,0.2674700039921694,0.1941043636575341,0.0,0.4407774126224256,0.2674700039921694,0.20588965109549462,0.0,0.4454204369170286,0.2674700039921694,0.19100592344999312,0.0,0.4516077622363584,0.2674700039921694,0.20257700822141486,0.0,0.006056805239568974,0.0,0.013281552948174069,0.21009840663302168,0
528,0.47657631412872475,0.2058211512554819,0.19707929477095604,0.0,0.476966460053801,0.2058211512554819,0.17909893376752734,0.0,0.4563626223365806,0.2058211512554819,0.18672442780807613,0.0,0.4721413821950723,0.2058211512554819,0.2008645431511104,0.0012598425196850393,0.46547979799879186,0.2058211512554819,0.20096958981011995,0.003759842519685039,0.46894903280507705,0.2058211512554819,0.19719559592660516,0.0,0.46343762356731666,0.2058211512554819,0.18968873895704746,0.0,0.4789593810825461,0.2058211512554819,0.2109840254113078,0.0,0.0023830669538213445,0.0,0.013904730640351776,0.20638332586210595,0
529,0.5440625429625169,0.18384959262958367,0.19159813771024348,0.0,0.5369633262830724,0.18384959262958367,0.2134649864397943,0.0,0.5315877044718209,0.18384959262958367,0.20337067319080235,0.0,0.5382204287713988,0.18384959262958367,0.20765441060066223,0.0,0.5378782124541464,0.18384959262958367,0.2093466818332672,0.0,0.5441972209920165,0.18384959262958367,0.20112606840208172,0.0011344537815126052,0.5300636033283674,0.18384959262958367,0.19088103145710192,0.0,0.5454348824662675,0.18384959262958367,0.18984335854649545,0.0,0.001372339503750597,0.0,-0.001754779163748027,0.20148241105460277,0
530,0.45163303065311666,0.44121023487225286,0.2234032253921032,0.0005840611353711791,0.471159443119608,0.44121023487225286,0.2075938665866852,0.0,0.44405450109795214,0.44121023487225286,0.19986435435246677,0.005018981770291815,0.46122279134471855,0.44121023487225286,0.2026109216362238,0.001875,0.46647618250861844,0.44121023487225286,0.2140643775463104,0.0,0.4617835508767006,0.44121023487225286,0.19860904320608824,0.0,0.4657890604886026,0.44121023487225286,0.2066434210911393,0.0,0.4705649309347012,0.44121023487225286,0.21275823529809712,0.0,0.018931900281584535,0.0,-0.010644990094006074,0.21779115754577913,0
531,0.3236930522603995,0.24713741096275188,0.11586794039409141,1.0,0.3299998345873118,0.24713741096275188,0.1298168697906658,1.0,0.3272050642726525,0.24713741096275188,0.12207605105359107,1.0,0.3356866467815339,0.24713741096275188,0.10396886802976951,0.9981498451288644,0.3335117462310426,0.24713741096275188,0.12160977550956886,1.0,0.3350775348348315,0.24713741096275188,0.12630565585568548,1.0,0.33862765163477937,0.24713741096275188,0.1200517392612528,1.0,0.32932351541148586,0.24713741096275188,0.11189739248773549,1.0,0.00563046315108634,0.0,-0.003970547906355926,0.20542253400132823,0
532,0.16379471547938595,0.0,-0.17489060835912823,0.0,0.14828571620730663,0.0,-0.26577819428406657,0.0,0.17499187776639163,0.0,-0.11798768820241094,0.0,0.17715159308360032,0.0,-0.17793794790981338,0.0,0.17518909520168727,0.0,-0.11857348888646811,0.0,0.18177698431050746,0.0,-0.15964008759707213,0.0,0.18188042751511552,0.0,-0.13068385034799576,0.0,0.11722772278676004,0.0,-0.37426965940743684,0.0,-0.046566992692625916,0.0,-0.1993790510483086,0.10259035131496057,0
533,0.20863996005761085,0.0,-0.26650050427997485,0.0,0.21138501824576242,0.0,-0.2829424209520221,0.0,0.23666427822400357,0.0,-0.12654610881581901,0.0,0.2504830158202939,0.0,-0.12501248135231435,0.0,0.2526329053424375,0.0,-0.1544486323185265,0.0,0.2684229385681929,0.0,-0.06420081205898896,0.0025,0.24235537428207987,0.0,-0.1605437202937901,0.0,0.24290955695877353,0.0,-0.10835822699358687,0.0,0.034269596901162686,0.0,0.15814227728638797,0.2752942316617781,0
534,0.2983877753312737,0.28549043958644515,0.10315976891426544,0.9942771130679852,0.3192932281429304,0.28549043958644515,0.10596006321487948,0.9989315352697097,0.31514518095854516,0.28549043958644515,0.1234461029304657,1.0,0.31602176044667013,0.28549043958644515,0.12463772302260623,0.9992183098591549,0.31235883001742815,0.28549043958644515,0.12986698165535926,0.9924290350877193,0.3221524461335132,0.28549043958644515,0.12368604846298695,1.0,0.3094470642398782,0.28549043958644515,0.12415896984050051,1.0,0.31834022751593716,0.28549043958644515,0.12761734169442207,1.0,0.01995245218466346,0.0,0.02445757278015663,0.22746624363886433,0
535,0.3287448030633359,0.19487615279172465,0.13283742690458894,0.9940647933708608,0.33609614638455404,0.19487615279172465,0.11469684840878472,1.0,0.3438305996837824,0.19487615279172465,0.11222680376144126,0.9950416666666666,0.32107246471703504,0.19487615279172465,0.13133437516866253,0.9940675675675676,0.3317608593532311,0.19487615279172465,0.11178098188829608,1.0,0.3242039132977397,0.19487615279172465,0.11834282141877338,1.0,0.33021616755276284,0.19487615279172465,0.11335630429442972,1.0,0.32791676440870077,0.19487615279172465,0.14307454925728963,0.993251111871365,-0.0008280386546351548,0.0,0.01023712235270069,0.20210400755754698,0
536,0.33077980509602656,0.22894960384797663,0.11445487409015186,0.9988090128755366,0.34282004091978846,0.22894960384797663,0.11501436136430129,1.0,0.33871207836487227,0.22894960384797663,0.11081901129917242,0.9962017167381974,0.32386960693778866,0.22894960384797663,0.12664939626585692,1.0,0.3263589163057712,0.22894960384797663,0.11960706291720272,1.0,0.3288776200748355,0.22894960384797663,0.1290766305872239,1.0,0.326551651066463,0.22894960384797663,0.12243235854053637,1.0,0.3319735740257967,0.22894960384797663,0.10964800321031362,0.99715939650725,0.0011937689297701337,0.0,-0.004806870879838235,0.20054660278707814,0
537,0.32955687030310843,0.29564614788280247,0.12721723928116263,1.0,0.3511462187923789,0.29564614788280247,0.11496702827513218,1.0,0.3434736368812697,0.29564614788280247,0.11706234974844847,1.0,0.321276978840837,0.29564614788280247,0.12487420450983336,0.9987397540983607,0.3345033338780751,0.29564614788280247,0.11957270497921854,1.0,0.33110403856224313,0.29564614788280247,0.10513259957311676,0.9960909317769597,0.3419856904937706,0.29564614788280247,0.1089069556351751,1.0,0.3382152822804262,0.29564614788280247,0.10750320526654832,1.0,0.00865841197731776,0.0,-0.019714034014614315,0.20475302440843615,0
538,0.3135618892997646,0.20500418177899216,0.13322534523904322,0.9975,0.31944408767455634,0.20500418177899216,0.13401523620123043,1.0,0.32319371423256466,0.20500418177899216,0.11993239776813425,1.0,0.3137946341819863,0.20500418177899216,0.1250565868848935,1.0,0.328940158507206,0.20500418177899216,0.12287063100957311,1.0,0.31709027283505686,0.20500418177899216,0.11404353283345699,1.0,0.3188239888197871,0.20500418177899216,0.11569788723485544,1.0,0.32679190040692674,0.20500418177899216,0.1276755759306252,1.0,0.013230011107162154,0.0,-0.005549769308418023,0.21303652321411634,0
539,0.1925305804232133,0.11079173460183406,-0.03587357447249815,0.0,0.19219718865458302,0.11079173460183406,-0.04060255870463152,0.0,0.19376789840740902,0.11079173460183406,-0.03483779235510156,0.0,0.19215046309013775,0.11079173460183406,-0.043664426505565644,0.0,0.19322802237319014,0.11079173460183406,-0.03491453249123879,0.0,0.1934806765148588,0.11079173460183406,-0.041581679428054484,0.0,0.19422350835779337,0.11079173460183406,-0.041385051265824584,0.0,0.1954709316894686,0.11079173460183406,-0.03264566514932085,0.0016447368421052633,0.0029403512662553033,0.0,0.0032279093231772985,0.20435406842246243,0
540,0.2060092259640245,0.16457009367157024,-0.021984089319012128,0.001174698795180723,0.20092732273155073,0.16457009367157024,-0.04886101347161457,0.0,0.20164940899970943,0.16457009367157024,-0.04091604507091688,0.0,0.20604230359662898,0.16457009367157024,-0.030777561548165976,0.018130039342002406,0.19951862489544428,0.16457009367157024,-0.054311095288139766,0.0,0.20664462215144022,0.16457009367157024,-0.03183420107292477,0.0034653173170393005,0.20507845715538905,0.16457009367157024,-0.04178381779696792,0.0,0.20347260462498745,0.16457009367157024,-0.033943250525626356,0.0016447368421052633,-0.0025366213390370373,0.0,-0.011959161206614229,0.19486677631685084,0
541,0.18351091580056614,0.14246194879208177,-0.031845466834492984,0.0007567567567567567,0.1811834581811673,0.14246194879208174,-0.023104292601929047,0.001174698795180723,0.17846907847453883,0.14246194879208174,-0.038990131824248236,0.0,0.17941527773961427,0.14246194879208174,-0.03887792864115909,0.0,0.18018313168033226,0.14246194879208174,-0.028378255301868195,0.0034653173170393005,0.18067999201074034,0.14246194879208177,-0.039158261875854805,0.0,0.17994962157818672,0.14246194879208177,-0.04265116154274438,0.0,0.17918665171762188,0.14246194879208177,-0.031564601524733005,0.0,-0.004324264082944257,0.0,0.00028086530975997975,0.19598370122183595,0
542,0.18406277778816166,0.1254582591531618,-0.040252554112812505,0.0007567567567567567,0.18309747517262706,0.1254582591531618,-0.03305459434457589,0.0,0.18234328864826538,0.1254582591531618,-0.032000654463190586,0.0,0.1850588051273471,0.1254582591531618,-0.026621399401919918,0.0,0.18106992805440902,0.1254582591531618,-0.038763481137139025,0.0,0.18391665429547302,0.1254582591531618,-0.03338935485597176,0.0,0.18401695417780434,0.1254582591531618,-0.0273565907869488,0.0034653173170393005,0.18112278108194335,0.1254582591531618,-0.0413865069305757,0.0,-0.0029399967062183063,0.0,-0.001133952817763198,0.19709442843482816,0
543,0.17662238448669645,0.18289820491234784,-0.04155792115896475,0.0016447368421052633,0.17446642062733522,0.18289820491234784,-0.051534476135857404,0.0,0.1780299496800059,0.18289820491234784,-0.02729799199150875,0.0,0.17734596131582928,0.18289820491234784,-0.04778426581760868,0.0016447368421052633,0.17788849293819495,0.18289820491234784,-0.03992784684378421,0.0,0.17757730914206635,0.18289820491234784,-0.038950167088769375,0.0,0.18294560055984385,0.18289820491234784,-0.024301086994819344,0.008856027294025215,0.17527589911008248,0.18289820491234784,-0.042642582283588124,0.0,-0.0013464853766139706,0.0,-0.0010846611246233748,0.19878417889261452,0
544,0.516767435662545,0.4589433925054092,0.19355803704820573,0.0,0.5190667219945134,0.4589433925054092,0.2067274811118841,0.0,0.5213539875252049,0.4589433925054092,0.20976355090737342,0.0,0.5262187628181532,0.4589433925054092,0.19830598257482052,0.0,0.5147940506053924,0.4589433925054092,0.19115430637728423,0.0,0.5335595246002272,0.4589433925054092,0.20502401513978838,0.0,0.5253794656450227,0.4589433925054092,0.19386785376816987,0.0,0.5258296384301742,0.4589433925054092,0.20684141289442778,0.0,0.009062202767629146,0.0,0.01328337584622205,0.21326298209893468,0
545,0.5951088343942292,0.9287202059666333,0.19108392609283328,0.0,0.6106024347107671,0.9287202059666333,0.20788332238793372,0.0,0.6068998458989555,0.9287202059666333,0.19135251051746308,0.0,0.610223992296207,0.9287202059666333,0.19098162952810527,0.0,0.6035301321245568,0.9287202059666333,0.18542689293622971,0.0,0.6145269653769676,0.9287202059666333,0.20745289620012045,0.0,0.6033528468232232,0.9287202059666333,0.19400169569067657,0.0,0.5987743673271109,0.9287202059666333,0.21071598190814256,0.0,0.003665532932881632,0.0,0.019632055815309274,0.20913680293910492,0
546,0.5074740479102982,0.4259804258051713,0.1879844874050468,0.0,0.5068014190929312,0.4259804258051713,0.18722237922251225,0.0,0.5094451498787609,0.4259804258051713,0.1921499102562666,0.0,0.5041812676280557,0.4259804258051713,0.19489823393523692,0.0,0.5013074213183446,0.4259804258051713,0.20037919156253337,0.0,0.5125163824961889,0.4259804258051713,0.20026487234979867,0.0,0.5040081708420877,0.4259804258051713,0.19136565709486603,0.0,0.5037272218125037,0.4259804258051713,0.21894307062029839,0.0,-0.00374682609779442,0.0,0.03095858321525158,0.20410811942610374,0
547,0.5020920712579515,0.32352203196969676,0.20559006877243519,0.035259991098087765,0.5076111689573476,0.32352203196969676,0.20952088791877033,0.03775999109808777,0.4963407076748121,0.32352203196969676,0.21187841337174176,0.03911503311489448,0.49886877548096564,0.32352203196969676,0.21015573784708977,0.03911503311489448,0.49575329466873624,0.32352203196969676,0.19987186528742312,0.036603128352989726,0.5003004139446837,0.32352203196969676,0.19355936611071228,0.036603128352989726,0.4955311356960312,0.32352203196969676,0.20106478296220304,0.03275999109808777,0.5001155701008627,0.32352203196969676,0.1960633667651564,0.036603128352989726,-0.001976501157088806,0.0,-0.009526702007278787,0.1960524670028959,0
548,0.24043847633132986,0.13780221450445523,-0.03632543956453446,0.0,0.2401481058218995,0.13780221450445523,-0.029477047220570967,0.0,0.23607233798874222,0.13780221450445523,-0.039736715545877814,0.0,0.23655367033850855,0.13780221450445523,-0.04153824972854636,0.001188212927756654,0.23908019390182772,0.13780221450445523,-0.029293707066681236,0.0,0.23770536805771258,0.13780221450445523,-0.03446171487128595,0.0,0.23543150673968735,0.13780221450445523,-0.045808130463119594,0.0,0.23767724239577262,0.13780221450445523,-0.03834978964063339,0.0,-0.0027612339355572446,0.0,-0.002024350076098927,0.19706447248590625,0
549,0.21257783609056535,0.15689212754024073,-0.027500932820839808,0.0,0.20821144202153652,0.15689212754024073,-0.043928096113086214,0.0,0.21046991213206875,0.15689212754024073,-0.02812114618252963,0.0,0.2107204889447226,0.15689212754024073,-0.03886751921992982,0.0,0.20855846773608078,0.15689212754024073,-0.04023884097579867,0.0,0.21082050701658206,0.15689212754024073,-0.03354554244026076,0.0,0.20883460704728632,0.15689212754024073,-0.047550825867801905,0.0,0.2087620229586838,0.15689212754024073,-0.04099786182428943,0.0,-0.0038158131318815625,0.0,-0.013496929003449624,0.19314324823391052,0
550,0.23090515701799494,0.19022802987957121,-0.03559778544586152,0.0,0.23198031998624682,0.19022802987957121,-0.03215385134244571,0.0,0.22750226588051256,0.19022802987957121,-0.04303693004720117,0.0,0.23285266347871142,0.19022802987957121,-0.03287374050501967,0.0,0.22984626939964287,0.19022802987957121,-0.03647124893614091,0.0012176724137931035,0.23135845389620763,0.19022802987957121,-0.03326314743311741,0.0,0.2332969282350459,0.19022802987957121,-0.035059825577191076,0.0,0.22934109867514307,0.19022802987957121,-0.039802271504886445,0.0,-0.001564058342851865,0.0,-0.004204486059024924,0.1977907126917754,0
551,0.2147470730883608,0.11965183221957888,-0.039182920176535845,0.0,0.2161568383990268,0.11965183221957888,-0.03733893994009122,0.0,0.2146132738535414,0.11965183221957888,-0.04256734361872077,0.0007567567567567567,0.2159735216369909,0.11965183221957888,-0.04223632410168648,0.0016447368421052633,0.21512428522456778,0.11965183221957888,-0.03507025287530269,0.0,0.21496733430434797,0.11965183221957888,-0.036598556463140995,0.0,0.2185703422263529,0.11965183221957888,-0.024065887129399926,0.001174698795180723,0.21534768404605556,0.11965183221957888,-0.03290167206781916,0.0,0.0006006109576947583,0.0,0.006281248108716685,0.20263886573654724,0
552,0.2249551951536778,0.18341929591987197,-0.03334581499628257,0.0,0.22385233126928553,0.18341929591987197,-0.04780674560402986,0.0016447368421052633,0.21893137386662778,0.18341929591987197,-0.05166532736911904,0.0,0.22709651196296515,0.18341929591987197,-0.0377344771719072,0.015047502053823904,0.22290969756957685,0.18341929591987197,-0.0412439370440552,0.0,0.22555098127403972,0.18341929591987197,-0.03350436376698781,0.0,0.2243521101119787,0.18341929591987197,-0.04322210611368064,0.0016447368421052633,0.22574857990706915,0.18341929591987197,-0.02289351552582957,0.005595796565335097,0.0007933847533913574,0.0,0.010452299470453001,0.20386378859911797,0
553,0.2291826279095071,0.2026125425054425,-0.04499634292616975,0.0,0.23399705416332545,0.2026125425054425,-0.022007760295236947,0.001174698795180723,0.22920980130069257,0.2026125425054425,-0.03297597550204955,0.0,0.23155943973343965,0.2026125425054425,-0.028440639707259834,0.0,0.2292216164081302,0.2026125425054425,-0.035315441416896645,0.0,0.23358554268292142,0.2026125425054425,-0.03139869338134304,0.061861989459815546,0.22825078339357113,0.2026125425054425,-0.05000676857831422,0.001188212927756654,0.22887703652592345,0.2026125425054425,-0.041659360979683695,0.0,-0.0003055913835836588,0.0,0.003336981946486052,0.20096341434507134,0
554,0.4897772162082068,0.386109970093199,0.17289074424654247,0.0012446808510638298,0.4967207880415357,0.386109970093199,0.20649842919781805,0.010781733746130031,0.506342178003366,0.386109970093199,0.19756261814385653,0.0,0.49027639627056985,0.386109970093199,0.17751791243441403,0.001240234375,0.4918935701004483,0.386109970093199,0.18111824949271976,0.001240234375,0.5048511856437654,0.386109970093199,0.1893311927653849,0.0,0.49004898004679587,0.386109970093199,0.23382191825658083,0.030047374016683955,0.5020543841398073,0.386109970093199,0.18931803311919793,0.0,0.012277167931600497,0.0,0.01642728887265546,0.21741805092366767,0
555,0.4645523898110459,0.14170283418984314,0.18396678233519195,0.0027593429374408156,0.47457484750826234,0.14170283418984314,0.203878940846771,0.0033173411948307736,0.47641645414464945,0.14170283418984314,0.21369205625727772,0.007786453163942743,0.47557574647999384,0.14170283418984314,0.20667796855792403,0.0027864531639427426,0.47590974691239013,0.14170283418984314,0.21600253821350635,0.0027864531639427426,0.4756558456176997,0.14170283418984314,0.20242343302816151,0.002057498675145734,0.4725117770357185,0.14170283418984314,0.2093585477769375,0.0027864531639427426,0.47359743362154194,0.14170283418984314,0.20909553654491903,0.0027864531639427426,0.009045043810496034,0.0,0.025128754209727072,0.21614720513742303,0
556,0.5352640200056004,0.31249328714057667,0.19719641776755453,0.0,0.5317594515884568,0.31249328714057667,0.20107725922949612,0.0,0.5337780488158521,0.31249328714057667,0.2069459457974881,0.0,0.540798824598849,0.31249328714057667,0.19728356264531613,0.0,0.5458880854965622,0.31249328714057667,0.2075379952788353,0.0,0.5381520562987627,0.31249328714057667,0.2008016451308504,0.0,0.534354880852954,0.31249328714057667,0.19934838604182004,0.0,0.5369035459589903,0.31249328714057667,0.19074697393923998,0.0,0.0016395259533898976,0.0,-0.006449443828314555,0.20061344862778338,0
557,0.4645782085096445,0.2452678503321948,0.1868966193497181,0.0,0.4679957111767306,0.2452678503321948,0.21961475593969226,0.0025,0.45342665122965514,0.2452678503321948,0.1802095888927579,0.0,0.465598979931811,0.2452678503321948,0.20067431475967168,0.0,0.4668894986065901,0.2452678503321948,0.19284505596384405,0.0,0.47355715024226386,0.2452678503321948,0.21614631511270999,0.0,0.4742737656108482,0.2452678503321948,0.20326889131218195,0.0,0.4662154083338964,0.2452678503321948,0.19709936467930675,0.0,0.0016371998242519226,0.0,0.010202745329588647,0.2046910257509291,0
558,0.4676433162778415,0.1597035017107247,0.20040690831840038,0.001584507042253521,0.45953839596911283,0.1597035017107247,0.21875267918221653,0.008420328578075058,0.45184476732688594,0.1597035017107247,0.18690001405775547,0.0011344537815126052,0.47420539172519194,0.1597035017107247,0.19155642800033093,0.0,0.4655564977053084,0.1597035017107247,0.18207896444946528,0.0,0.4622723358302876,0.1597035017107247,0.18836293217958883,0.0,0.46348825475935546,0.1597035017107247,0.18296057714615016,0.0011344537815126052,0.4792373370730475,0.1597035017107247,0.1990552044659853,0.0,0.011594020795205995,0.0,-0.0013517038524150926,0.21234271388560208,0
559,0.5057781484887014,0.2484915446009308,0.2049129922129214,0.0,0.5000496618550595,0.2484915446009308,0.20397770699113607,0.0,0.5000891569072121,0.2484915446009308,0.20294215131551027,0.0,0.4993847733298614,0.2484915446009308,0.21249794870382174,0.0,0.5097923477796417,0.2484915446009308,0.19835315202362835,0.0,0.49518011447945126,0.2484915446009308,0.20058017007540913,0.0,0.511699023685021,0.2484915446009308,0.20524987090379,0.0,0.5127295608288346,0.2484915446009308,0.19956638500094415,0.0,0.0069514123401331895,0.0,-0.0053466072119772445,0.2064760953200503,0
560,0.5089745663001825,0.2966660958186421,0.19302517395466567,0.00436183764459329,0.5052758890314399,0.2966660958186421,0.2040941869094968,0.0,0.5065635732480481,0.2966660958186421,0.197038211831823,0.0,0.5102095958274393,0.2966660958186421,0.19835582308471203,0.0,0.5100422211393386,0.2966660958186421,0.20781311087310314,0.0,0.5024008418414341,0.2966660958186421,0.1938666143268347,0.0,0.49735138525706823,0.2966660958186421,0.1983675392717123,0.0,0.5166488767002303,0.2966660958186421,0.20480679623782636,0.0,0.007674310400047846,0.0,0.011781622283160681,0.21143383638169466,0
561,0.5320536448026707,0.3627925823931194,0.20719584494829177,0.0,0.5468692414224522,0.3627925823931194,0.1983263434842229,0.0,0.5389357846472562,0.3627925823931194,0.20000017050653696,0.0,0.5366594386983533,0.3627925823931194,0.19161475894972682,0.0,0.5285827741037707,0.3627925823931194,0.19878663580864667,0.0,0.539788979551486,0.3627925823931194,0.2169507921114564,0.0016472303206997085,0.526572895728219,0.3627925823931194,0.18818785945884883,0.004318181818181818,0.5412135003818862,0.3627925823931194,0.21465605221688747,0.0,0.009159855579215503,0.0,0.007460207268595698,0.21193903233822547,0
562,0.3585093461063576,0.3143786023191926,0.10640756661770866,0.9989315352697097,0.368054920556651,0.3143786023191926,0.11812992767896503,0.9987916666666666,0.35696279529032976,0.3143786023191926,0.11743843958713114,1.0,0.35920346044246626,0.3143786023191926,0.11248898015590385,1.0,0.3534039632899491,0.3143786023191926,0.1082764825061895,0.9963090128755365,0.3652977458021208,0.3143786023191926,0.1272579661849886,0.9895363967386172,0.35893884211673394,0.3143786023191926,0.11135015716543421,0.9920363967386172,0.3730474102708322,0.3143786023191926,0.11929940079222433,0.9878994949181353,0.014538064164474618,0.0,0.01289183417451567,0.21893212001148002,0
563,0.1447248209547052,0.0,-0.1797608998627402,0.0012882096069868996,0.17413509392069323,0.0,-0.03485182886943221,0.0012882096069868996,0.11545200763406527,0.0,-0.29116510559339076,0.0012882096069868996,0.11395483732928126,0.0,-0.26752312764525416,0.0012882096069868996,0.1690563524625488,0.0,-0.08011130285449326,0.0012882096069868996,0.15421797472269147,0.0,-0.14935281020123511,0.0012882096069868996,0.1714327287703861,0.0,-0.058106349967420104,0.0012882096069868996,0.17211028022345792,0.0,-0.08302279112860561,0.0012882096069868996,0.027385459268752715,0.0,0.09673810873413458,0.2530016000662141,0
564,0.22278935832330432,0.0,-0.1451373640075326,0.0,0.22750066330471092,0.0,-0.1761697470024228,0.0,0.22554548859576556,0.0,-0.17100177999585867,0.0,0.2737027690157909,0.0,0.0011841727467253804,0.0013695652173913045,0.25554178378444575,0.0,-0.09342091333121061,0.0,0.23309768387182142,0.0,-0.15523744532372802,0.0,0.23957215092416145,0.0,-0.17132945614284836,0.0,0.21976421249632844,0.0,-0.18886269396170974,0.0,-0.0030251458269758835,0.0,-0.04372532995417713,0.18656928148436752,0
565,0.2533574696374853,0.0,-0.09521427664905786,0.0,0.2780032989914015,0.0,-0.04852583879604935,0.0,0.24324576571114787,0.0,-0.13069929715245962,0.0,0.24376939538454914,0.0,-0.15686278069857507,0.0,0.2643997584236427,0.0,-0.07845239704474807,0.0,0.27256448522792703,0.0,-0.06893198090954683,0.0,0.2428736159642106,0.0,-0.15105352567508817,0.0,0.22793942505857565,0.0,-0.21728628482669593,0.0,-0.025418044578909643,0.0,-0.12207200817763807,0.14379762838405472,0
566,0.33746491637460097,0.2788061797652035,0.125027932561934,1.0,0.3386758341501482,0.2788061797652035,0.12402223017066717,1.0,0.32616874505372445,0.2788061797652035,0.11933958382345736,1.0,0.3376565142331339,0.2788061797652035,0.1080342323705554,0.9983503836317135,0.3405827555188377,0.2788061797652035,0.12040387639484834,1.0,0.3327046380795126,0.2788061797652035,0.12121452606283128,1.0,0.34047277904379064,0.2788061797652035,0.12303665779996663,1.0,0.3348068803049098,0.2788061797652035,0.11828207868034951,1.0,-0.002658036069691172,0.0,-0.006745853881584496,0.19601628437512036,0
567,0.33642278941406434,0.32564738528167536,0.11263348385225981,1.0,0.3507541736689227,0.32564738528167536,0.12086488783825189,1.0,0.3375774902628503,0.32564738528167536,0.10028373675653711,0.9928974450181927,0.3367577791437779,0.32564738528167536,0.12798123905202374,1.0,0.33542281130811696,0.32564738528167536,0.11188281112816184,1.0,0.34864185441165624,0.32564738528167536,0.132812039363198,1.0,0.34525760356018126,0.32564738528167536,0.10108063146471977,0.9928974450181927,0.33426599183728745,0.32564738528167536,0.12619073044625112,1.0,-0.002156797576776892,0.0,0.01355724659399131,0.20151854793204527,0
568,0.31180328328224505,0.21302658082904435,0.10304624130949377,0.9942771130679852,0.3234183093788125,0.21302658082904435,0.12713534883281682,1.0,0.3206612290455388,0.21302658082904435,0.13851573334308342,1.0,0.3180615242830151,0.21302658082904435,0.12025754237547517,1.0,0.3154625028000424,0.21302658082904435,0.11089420663367491,1.0,0.31008273825812815,0.21302658082904435,0.11657478497130797,1.0,0.30911075531323573,0.21302658082904435,0.12356834456324578,1.0,0.3151471052479727,0.21302658082904435,0.1228507612775138,1.0,0.0033438219657276336,0.0,0.019804519968020032,0.20884035687604754,0
569,0.3160214088743315,0.2655810424759943,0.12411679806682514,1.0,0.318240496342449,0.2655810424759943,0.12651227047666908,0.9975,0.3322645644911308,0.2655810424759943,0.12527851823950187,1.0,0.3246158873617359,0.2655810424759943,0.12279319609049708,1.0,0.3314574015569339,0.2655810424759943,0.12987854711594993,1.0,0.32684374656760073,0.2655810424759943,0.12547031395952218,1.0,0.3317718014721772,0.2655810424759943,0.1052618349326076,0.9989315352697097,0.3297728469053232,0.2655810424759943,0.12139091653283686,1.0,0.013751438030991714,0.0,-0.0027258815339882836,0.2142773826785888,0
570,0.1855687298696798,0.13892048146256405,-0.038005941295996305,0.0033034351932038435,0.18599404084483967,0.13892048146256405,-0.03762450457084924,0.0033034351932038435,0.1896608053353248,0.13892048146256405,-0.03284202278042358,0.0040601919499606,0.18448966986674342,0.13892048146256405,-0.043141223472775894,0.0033034351932038435,0.1875065204163568,0.13892048146256405,-0.04338271099026315,0.0033034351932038435,0.1896988320220183,0.13892048146256405,-0.027737064709654077,0.0033034351932038435,0.18922010248039547,0.13892048146256405,-0.044795715934596955,0.0040601919499606,0.18643462223118593,0.13892048146256405,-0.03900816937501077,0.0021593673965936743,0.0008658923615061376,0.0,-0.0010022280790144625,0.2011336015503324,0
571,0.18495084495662087,0.13394127992767269,-0.04959898189932574,0.0,0.1862102851523635,0.13394127992767269,-0.04235037369769998,0.0,0.1887492979862103,0.13394127992767269,-0.017822746016463498,0.001174698795180723,0.18786619181190178,0.13394127992767269,-0.0320893051614712,0.0,0.18672503409824148,0.13394127992767269,-0.03791726628813194,0.0,0.18925976729958954,0.13394127992767269,-0.0263923271256499,0.0,0.1883485336326867,0.13394127992767269,-0.03100291552429553,0.0,0.1863826204857303,0.13394127992767269,-0.03813180491277308,0.0,0.0014317755291094192,0.0,0.011467176986552662,0.20478455584917477,0
572,0.16952068756770852,0.08972022377903384,-0.02486206020199461,0.0036001960032866266,0.16671618483613385,0.08972022377903384,-0.032145857830619205,0.0011507936507936507,0.1651100352169245,0.08972022377903384,-0.0353607451984135,0.0011507936507936507,0.1684797424051759,0.08972022377903384,-0.03019573146244511,0.013755251124639226,0.1665502208599682,0.08972022377903384,-0.035417414654803,0.0011507936507936507,0.16849419472360094,0.08972022377903384,-0.03035292183049023,0.0011507936507936507,0.16619526392455503,0.08972022377903384,-0.04354217888321728,0.0011507936507936507,0.16755329093908033,0.08972022377903384,-0.029151926941704005,0.0011507936507936507,-0.0019673966286281874,0.0,-0.004289866739709394,0.1973451524331024,0
573,0.20043270598679447,0.18453809472254512,-0.034056067693745716,0.0032104220402975592,0.19684681427745399,0.18453809472254512,-0.031389489980065265,0.0011203319502074687,0.19630680387305874,0.18453809472254512,-0.03563006207463332,0.0011203319502074687,0.19788609150627173,0.18453809472254512,-0.034113270703237504,0.0011203319502074687,0.1982801915680189,0.18453809472254512,-0.03067291078681592,0.0011203319502074687,0.19677498414351666,0.18453809472254512,-0.03909597624326125,0.012845189299416564,0.1980968597793088,0.18453809472254512,-0.03894660913269035,0.0011203319502074687,0.19775203482456738,0.18453809472254512,-0.034718159382900925,0.0011203319502074687,-0.0026806711622270885,0.0,-0.0006620916891552087,0.19748306313418712,0
574,0.19405349031791794,0.15034164127897073,-0.04684832478873432,0.0,0.19503785082160094,0.15034164127897073,-0.03460176543914713,0.0,0.19668473503701955,0.15034164127897073,-0.022062774940859526,0.001174698795180723,0.1979370224760344,0.15034164127897073,-0.032322213188745084,0.0,0.1942388260866252,0.15034164127897073,-0.042512520030140874,0.0,0.19769754071037698,0.15034164127897073,-0.026163152881199494,0.0,0.19384123192464162,0.15034164127897073,-0.051843902614200486,0.0,0.19488556576905025,0.15034164127897073,-0.03563947515329346,0.0016447368421052633,0.0008320754511323136,0.0,0.01120884963544086,0.20408988844540618,0
575,0.18375060681517996,0.11927685644796707,-0.05242326111641887,0.0,0.18654954083799338,0.11927685644796707,-0.03808979250985431,0.0,0.18518226442361369,0.11927685644796707,-0.03760862525261473,0.0,0.18623775183226202,0.11927685644796707,-0.04142976823794015,0.0,0.1871454810527031,0.11927685644796707,-0.030077295207211138,0.0,0.18787058697830328,0.11927685644796707,-0.031539189188479214,0.0,0.18831312406402023,0.11927685644796707,-0.03213658796506934,0.006790745297067147,0.18344029824871488,0.11927685644796707,-0.048589251008816066,0.0,-0.00031030856646507843,0.0,0.0038340101076028074,0.20108022707810308,0
576,0.5893422756247584,0.6863526704394916,0.22697209999896586,0.0,0.5890176916226886,0.6863526704394916,0.19357644259929657,0.0,0.5826694190422218,0.6863526704394916,0.19835060149431227,0.0,0.5880003584599715,0.6863526704394916,0.2113450201228261,0.0,0.5936795649319901,0.6863526704394916,0.202020910307765,0.0,0.5938797128281137,0.6863526704394916,0.20880180997774006,0.0,0.5805011492928333,0.6863526704394916,0.19448321731761098,0.0,0.5880156423730318,0.6863526704394916,0.20623448748141526,0.0,-0.00132663325172655,0.0,-0.020737612517550602,0.19398982345425503,0
577,0.648438883842968,0.9279983135571384,0.19675473537296057,0.00123015873015873,0.6517484071585427,0.9279983135571384,0.19219855438917877,0.00123015873015873,0.6459322877746173,0.9279983135571384,0.1958509100973606,0.00123015873015873,0.6477561154804569,0.9279983135571384,0.19188521354459226,0.00123015873015873,0.6395973456329878,0.9279983135571384,0.17757663659751416,0.0020359438541256727,0.653115171438213,0.9279983135571384,0.19269945908337832,0.00123015873015873,0.6407341542720447,0.9279983135571384,0.19129010582342743,0.00123015873015873,0.6562434509472764,0.9279983135571384,0.20923880911432208,0.00123015873015873,0.007804567104308435,0.0,0.012484073741361512,0.21174308336855122,0
578,0.4882978390670275,0.36739178376872395,0.19628672741353512,0.0,0.48891645414878926,0.36739178376872395,0.18773745268583297,0.0,0.4925327457359201,0.36739178376872395,0.18931872256100177,0.0,0.49030226955819034,0.36739178376872395,0.19690032370388508,0.0,0.4785333287910895,0.36739178376872395,0.18127767710015177,0.0,0.49093198840752056,0.36739178376872395,0.19209681425243616,0.0,0.478684947453699,0.36739178376872395,0.19942363733425736,0.0,0.48896676100490455,0.36739178376872395,0.1919262596964836,0.0,0.0006689219378770428,0.0,-0.004360467717051508,0.20010341098866044,0
579,0.5459143913759799,0.8654943723426765,0.19779819779098035,0.002110063315557578,0.5510194712476211,0.8654943723426765,0.1957808567583561,0.002110063315557578,0.5523696402988141,0.8654943723426765,0.19076879113912582,0.002110063315557578,0.5534949241800432,0.8654943723426765,0.20533637531101703,0.002110063315557578,0.5555319136329533,0.8654943723426765,0.18936809733510018,0.002110063315557578,0.5384280442578956,0.8654943723426765,0.18525790944695472,0.002110063315557578,0.5443937246562662,0.8654943723426765,0.20869275115430355,0.002110063315557578,0.5514515174235303,0.8654943723426765,0.190474296733737,0.002110063315557578,0.005537126047550411,0.0,-0.007323901057243343,0.20450264745571184,0
580,0.2675494787753663,0.13171953195345426,-0.04401363198761828,0.019661787709497208,0.2698176664006627,0.13171953195345426,-0.032700283445301466,0.02609332297920675,0.266095927336928,0.13171953195345426,-0.037291892567300235,0.019661787709497208,0.2674101659454515,0.13171953195345426,-0.04271655363438185,0.019661787709497208,0.268567121098906,0.13171953195345426,-0.03729830674419645,0.02466178770949721,0.2691186975846246,0.13171953195345426,-0.026689999590744265,0.02359332297920675,0.26722629673472326,0.13171953195345426,-0.03971875625895336,0.023127105026536508,0.26993550029749375,0.13171953195345426,-0.026612824877665843,0.02609332297920675,0.0023860215221274683,0.0,0.01740080710995244,0.207243025549935,0
581,0.41445718518996627,0.12073890212276912,0.19802111081779003,0.0032918169926366646,0.4102790390213776,0.12073890212276912,0.1921630841260776,0.0032918169926366646,0.39783062287914817,0.12073890212276912,0.19804745669243856,0.008660617279919396,0.40895617174360227,0.12073890212276912,0.20219620676711203,0.012411043103627329,0.4020886185060314,0.12073890212276912,0.20637972874799743,0.005744956204936929,0.4078048746681273,0.12073890212276912,0.19072297375649214,0.0032918169926366646,0.40822985762200253,0.12073890212276912,0.19026663221418857,0.0032918169926366646,0.41301717041700864,0.12073890212276912,0.19448343235999346,0.0032918169926366646,-0.0014400147729576318,0.0,-0.003537678457796567,0.19808468513685784,0
582,0.47589168903468565,0.20882806080235605,0.1749176817573607,0.001240234375,0.4744072009520758,0.20882806080235605,0.18078781775198877,0.0036633564504356094,0.474985760867637,0.20882806080235605,0.2056626557605341,0.0010245901639344265,0.49369769203951364,0.20882806080235605,0.18257120870053767,0.0,0.47248435253105076,0.20882806080235605,0.20010517293587327,0.0010245901639344265,0.471019925659649,0.20882806080235605,0.2028848441131413,0.00655687636822561,0.481747647248721,0.20882806080235605,0.1879998208489269,0.0,0.47882482699661194,0.20882806080235605,0.18568245391361415,0.0,0.002933137961926291,0.0,0.01076477215625346,0.2061931140570089,0
583,0.4786851852191691,0.44632501134433217,0.20081583663413766,0.0,0.49214053595145957,0.44632501134433217,0.2031526456400752,0.0,0.4934673503311722,0.44632501134433217,0.2081594790145755,0.0,0.49394371631926626,0.44632501134433217,0.1756964996084571,0.001240234375,0.48932155869997607,0.44632501134433217,0.19424872575327753,0.0,0.48534569524987986,0.44632501134433217,0.19978267786558718,0.0,0.49307341496497903,0.44632501134433217,0.19964052131399512,0.0,0.4897291064362531,0.44632501134433217,0.20121750988066198,0.0,0.01104392121708403,0.0,0.00040167324652432,0.21219316320789586,0
584,0.4903141578352548,0.28865287365323594,0.1927509973756969,0.0,0.4970028742749257,0.28865287365323594,0.19307049237191676,0.0,0.4758866318972045,0.28865287365323594,0.18301142182201147,0.002374688156512605,0.48056242295524193,0.28865287365323594,0.20020337034016847,0.000781733746130031,0.4807365579268808,0.28865287365323594,0.20313082929700613,0.00630901287553648,0.47576553107110076,0.28865287365323594,0.1854818318039179,0.0,0.48330126508959076,0.28865287365323594,0.18538768868893385,0.0,0.48539858124520135,0.28865287365323594,0.19738233686890452,0.0,-0.004915576590053428,0.0,0.004631339493207626,0.19642708711703483,0
585,0.4825574075769947,0.253150083142191,0.19100724939256908,0.0,0.48573177087392155,0.253150083142191,0.20170637182891368,0.0,0.4663667705503625,0.253150083142191,0.18767934514209628,0.0058252673967046555,0.4792758212728244,0.253150083142191,0.20288840965367855,0.002172111055054577,0.47605223246570605,0.253150083142191,0.19114242249168456,0.000781733746130031,0.4849643460669641,0.253150083142191,0.18841773487627506,0.0,0.48445403895328,0.253150083142191,0.19112336337566377,0.0,0.4756696094905798,0.253150083142191,0.19636738955974578,0.0019075798932983567,-0.006887798086414931,0.0,0.005360140167176702,0.19452926859308656,0
586,0.5252927920724858,0.2962725780565812,0.19793879928998648,0.00255803634129268,0.5342037398202233,0.2962725780565812,0.1718704888317734,0.0004672897196261683,0.5392143618695242,0.2962725780565812,0.19623720612376927,0.0004672897196261683,0.5293084776446246,0.2962725780565812,0.18218413796275854,0.0004672897196261683,0.5274829548097918,0.2962725780565812,0.19056943733245135,0.0004672897196261683,0.5237640433481722,0.2962725780565812,0.1765986505150795,0.006776302595162649,0.5297884402347699,0.2962725780565812,0.187675871681422,0.0004672897196261683,0.5334461506179835,0.2962725780565812,0.1962975830771029,0.0004672897196261683,0.008153358545497702,0.0,-0.0016412162128835728,0.2086493969529172,0
587,0.5271998442365503,0.21556065970079763,0.17763688169419767,0.0,0.546260529454116,0.21556065970079763,0.2012563082575798,0.0,0.5302446228542791,0.21556065970079763,0.18953488424420356,0.0,0.5337581735958105,0.21556065970079763,0.2012766927666962,0.0,0.533801468861903,0.21556065970079763,0.1923210793826729,0.0,0.5229913569007867,0.21556065970079763,0.205821666829288,0.01171608571592123,0.5237691973673052,0.21556065970079763,0.20121985767036676,0.0,0.5291902152668405,0.21556065970079763,0.18581832624971867,0.0,0.0019903710302902056,0.0,0.008181444555521,0.20456760204584423,0
588,0.5393457118085814,0.38945213614958346,0.19706575366202742,0.0,0.5565034832499185,0.38945213614958346,0.19181461103260516,0.0,0.5574119619522288,0.3894521361495834,0.2159988184273243,0.0,0.5493334234377136,0.38945213614958346,0.21687329299747943,0.0,0.5562355465061645,0.3894521361495834,0.21068368442356586,0.0,0.5542349516374377,0.3894521361495834,0.19696802504360675,0.0,0.5520028275128774,0.3894521361495834,0.19875970970839263,0.0,0.5537015386108108,0.3894521361495834,0.19849433548748494,0.0,0.014355826802229465,-5.551115123125783e-17,0.00142858182545752,0.215931595830848,0
589,0.5337518959829656,0.29236807806695203,0.21902688272297383,0.0,0.5300572126085535,0.29236807806695203,0.20786159427836537,0.0,0.5301035892957531,0.29236807806695203,0.2057837362959981,0.0,0.5274561847269342,0.29236807806695203,0.2027377094142139,0.0,0.5322966944580844,0.29236807806695203,0.1958526273071766,0.0,0.5194618267607178,0.29236807806695203,0.19022533586248755,0.0011344537815126052,0.5373239191334366,0.29236807806695203,0.20041416876018048,0.0,0.5331760032587041,0.29236807806695203,0.20289608671329915,0.0,-0.0005758927242615064,0.0,-0.01613079600967468,0.19590895102520334,0
590,0.4931201885921175,0.43931972725602925,0.18941757310181856,0.0006047254599073164,0.47487491190447023,0.43931972725602925,0.20074853405589238,0.0,0.4696209566538185,0.43931972725602925,0.19048476677387952,0.0006047254599073164,0.48582045768084103,0.43931972725602925,0.19771350314840674,0.0,0.478656636014219,0.43931972725602925,0.1998502109386027,0.0,0.48627391637707756,0.43931972725602925,0.2037828179774806,0.0,0.4854811695286686,0.43931972725602925,0.19973964052274823,0.0,0.4917264083584913,0.43931972725602925,0.21258915826678276,0.0,-0.001393780233626185,0.0,0.023171585164964204,0.20467751572924675,0
591,0.5271646157560174,0.22561701845146223,0.22656546145677567,0.0,0.528755683143438,0.22561701845146223,0.20233275923877955,0.0,0.49941077834939884,0.22561701845146223,0.2041516680177301,0.0,0.5171826727405774,0.22561701845146223,0.2071415653452277,0.0,0.5116738693843345,0.22561701845146223,0.19796522054821253,0.0,0.5043596162573334,0.22561701845146223,0.2078687028028071,0.0025,0.5292583488190693,0.22561701845146223,0.20526160553097725,0.0,0.5288640520827973,0.22561701845146223,0.21296773708425462,0.0,0.001699436326779935,0.0,-0.013597724372521047,0.19892509153530458,0
592,0.5447014147126885,0.1886225360182933,0.19351788478903473,0.0,0.5390976185118129,0.1886225360182933,0.21128797225654125,0.0,0.5465749000578151,0.1886225360182933,0.18786383194848896,0.0,0.5447708646405902,0.1886225360182933,0.20182870149612428,0.0,0.5513427590492795,0.1886225360182933,0.20023575972765684,0.0,0.5420326928010496,0.1886225360182933,0.18737634224351496,0.0,0.548561593145832,0.1886225360182933,0.20280291251838206,0.0,0.5507586930350779,0.1886225360182933,0.20619886245578528,0.0,0.006057278322389337,0.0,0.012680977666750554,0.2099517551106627,0
593,0.47803162971471624,0.3964920445966943,0.19625473337291624,0.0,0.4718070719330527,0.3964920445966943,0.2090179513953626,0.005762739814049857,0.4760440712310667,0.3964920445966943,0.21342887304723263,0.0005840611353711791,0.4818030137357426,0.3964920445966943,0.203637660369277,0.0005840611353711791,0.4719722003753791,0.3964920445966943,0.18922856440767646,0.001875,0.4921046895277789,0.3964920445966943,0.19120620438829064,0.001875,0.48207188962331954,0.3964920445966943,0.22415748290717602,0.0005840611353711791,0.48619694085411375,0.3964920445966943,0.19560539523139597,0.0,0.008165311139397502,0.0,-0.000649338141520267,0.20890500523685254,0
594,0.3221170976003183,0.2638487376673018,0.11087290494237095,1.0,0.33371413284348345,0.2638487376673018,0.12424754153791583,1.0,0.32384775681740086,0.2638487376673018,0.13460323768827948,0.9975,0.3271387959654762,0.2638487376673018,0.11459854269982316,1.0,0.3180431815414465,0.2638487376673018,0.12428100833043572,0.9975,0.436471306049042,0.2619423501710598,0.2077473963610828,0.011022804978325355,0.4416650154099595,0.2619423501710598,0.21248039707541466,0.011022804978325355,0.44291497711384864,0.2619423501710598,0.20899157468229532,0.011022804978325355,0.12079787951353033,-0.0019063874962420013,0.09811866973992436,0.3512385353786881,0
595,0.17070973126247788,0.0,-0.08012144649401307,0.0,0.1362688588463672,0.0,-0.1729529039002955,0.0,0.1368938318586232,0.0,-0.20952790268231183,0.0,0.13955616881002117,0.0,-0.171942320629023,0.0,0.17836903890260042,0.0,-0.07152587709482759,0.0,0.12892391966902134,0.0,-0.25777716530486944,0.006217672413793103,0.12127520584633908,0.0,-0.2903740454977378,0.0,0.11254266305966716,0.0,-0.3067716643633321,0.0,-0.058167068202810715,0.0,-0.22665021786931902,0.08369578453384299,0
596,0.24874155177189772,0.0,-0.13747382862027735,0.0,0.2514945904610241,0.0,-0.09798164620995521,0.0,0.22099935035429666,0.0,-0.18573919251561166,0.0,0.1982427378679834,0.0,-0.2733346336707473,0.0,0.2384954446674914,0.0,-0.1759190548839979,0.0,0.24723948002433657,0.0,-0.1044932372967014,0.0,0.22857868898578293,0.0,-0.1915281472611241,0.0,0.21905363398611194,0.0,-0.22345869070268237,0.0,-0.029687917785785778,0.0,-0.08598486208240502,0.14814411046335418,0
597,0.31927383918768837,0.3408838339400073,0.13761942752986214,0.9992183098591549,0.3435760046453784,0.3408838339400073,0.12444223996571964,0.9987916666666666,0.3190322862513443,0.3408838339400073,0.12570449689403176,1.0,0.33257325036913776,0.3408838339400073,0.11633895425358787,1.0,0.33653219451444527,0.3408838339400073,0.11892391475616022,0.9967183098591549,0.31777283757659186,0.3408838339400073,0.1257771314261481,1.0,0.3318536152580525,0.3408838339400073,0.12530121958217932,1.0,0.32920188796875594,0.3408838339400073,0.124060742626898,1.0,0.009928048781067567,0.0,-0.01355868490296415,0.2075978667593037,0
598,0.30435480724791747,0.18525988176206587,0.12917288823984563,0.9988090128755366,0.3198333747091562,0.18525988176206587,0.13588286066893487,1.0,0.3166648367641876,0.18525988176206587,0.1295525828213431,1.0,0.31863545627259,0.18525988176206587,0.11091660499572754,1.0,0.32275612820477706,0.18525988176206587,0.11516718394588679,1.0,0.3289019820160108,0.18525988176206587,0.13166014623304365,1.0,0.32870531524439855,0.18525988176206587,0.123795337183401,1.0,0.3019462213307008,0.18525988176206587,0.11707679431885482,1.0,-0.0024085859172166546,0.0,-0.012096093920990814,0.19496802349529596,0
599,0.3409187979509943,0.26295824873255247,0.11645780731923878,1.0,0.33927597105081964,0.26295824873255247,0.12248663927661255,1.0,0.3429675449314037,0.26295824873255247,0.11860373627394438,1.0,0.3423921173114401,0.26295824873255247,0.10828249468468129,1.0,0.3454467383366656,0.26295824873255247,0.11894375167321414,1.0,0.34858277936003995,0.26295824873255247,0.11595917016733438,1.0,0.34133045179734334,0.26295824873255247,0.11597935028432403,0.9988090128755366,0.3542404429452849,0.26295824873255247,0.12338078731670976,0.9983503836317135,0.013321644994290616,0.0,0.006922979997470977,0.21618899994949312,0
600,0.3239185477655029,0.2425139336431327,0.12278579699341208,1.0,0.3192626201668328,0.2425139336431327,0.11081326376835932,1.0,0.3112087113791862,0.2425139336431327,0.13483061334118246,0.99,0.318507666107334,0.2425139336431327,0.10804882950091269,1.0,0.33188551884444506,0.2425139336431327,0.12131494604516774,1.0,0.34322318771550625,0.2425139336431327,0.12298113882541656,0.9975282751706185,0.345096293473905,0.2425139336431327,0.1112674892013456,0.9755446828838867,0.3093878954288525,0.2425139336431327,0.11587012720294297,0.9975,-0.014530652336650407,0.0,-0.006915669790469106,0.1834750036737427,0
601,0.24746886790064027,0.2423343479482639,-0.032497151363058946,0.03215343914226126,0.2464161722106845,0.2423343479482639,-0.03412481878447579,0.03215343914226126,0.2456261991162864,0.2423343479482639,-0.03779616039246321,0.03465343914226126,0.2464935030223713,0.2423343479482639,-0.03645542718004435,0.03215343914226126,0.24886953983698315,0.2423343479482639,-0.02790039402374532,0.025023103680967808,0.24837043155689867,0.2423343479482639,-0.03605846916121663,0.03591440405454196,0.24986073744403803,0.2423343479482639,-0.03732104253198486,0.03334343914226126,0.24772405692047164,0.2423343479482639,-0.034906856468878686,0.03598677247559459,0.00025518901983137554,0.0,-0.00240970510581974,0.20014579152458156,0
602,0.1990047940709198,0.19166260353378478,-0.044571142131462696,0.0,0.19955112350898338,0.19166260353378478,-0.028572609277325682,0.0,0.19956604802103306,0.19166260353378478,-0.03761338381795212,0.0,0.2009451170090645,0.19166260353378478,-0.03073084210191155,0.0,0.1990976515144662,0.19166260353378478,-0.0384819247838459,0.0,0.1992304366266905,0.19166260353378478,-0.04194919863715768,0.0,0.2013899418998735,0.19166260353378478,-0.041546339939231985,0.0,0.2010486794360417,0.19166260353378478,-0.03940230248008447,0.0007567567567567567,0.0020438853651219002,0.0,0.005168839651378224,0.20388581118413468,0
603,0.20185583661361012,0.14364909342293508,-0.0421346158569213,0.0,0.20150668444383563,0.1436490934229351,-0.03823659045621753,0.0,0.19959052842745234,0.1436490934229351,-0.04320319231621397,0.0,0.20424978183454118,0.1436490934229351,-0.036703035123064186,0.0,0.20299080163845687,0.1436490934229351,-0.031147109845187516,0.0,0.20454098287010372,0.1436490934229351,-0.029278139570960773,0.0,0.2031475883733097,0.1436490934229351,-0.037804163738619535,0.0,0.20109507307670466,0.1436490934229351,-0.04071145629510284,0.0,-0.0007607635369054622,2.7755575615628914e-17,0.00142315956181846,0.2000152880478842,0
604,0.17647571890401734,0.10926889193423346,-0.02686822162475437,0.0,0.17314665318128636,0.10926889193423346,-0.03146396627649665,0.0,0.16880669293681963,0.10926889193423346,-0.04917704125517048,0.0,0.1767651975397787,0.10926889193423346,-0.026596716090571137,0.0,0.17326747329312464,0.10926889193423346,-0.0400931752147153,0.0,0.17566890844690278,0.10926889193423346,-0.024375917838187888,0.0028194356372859865,0.17509575509340972,0.10926889193423346,-0.029329362752905583,0.0,0.172951586765246,0.10926889193423346,-0.04133416978991591,0.0,-0.003524132138771341,0.0,-0.014465948165161537,0.19321291083125972,0
605,0.18950483690498843,0.11300251219227014,-0.038070101924822665,0.0034653173170393005,0.18826775997262832,0.11300251219227014,-0.03646884961217438,0.0,0.18707838301311597,0.11300251219227014,-0.03781375237522298,0.0,0.19170925417783372,0.11300251219227014,-0.03257394384010695,0.0,0.19026478470631092,0.11300251219227014,-0.04077176685445011,0.0007567567567567567,0.1897188166843887,0.11300251219227014,-0.03503258993907366,0.0,0.18995125937219076,0.11300251219227014,-0.0344805899518542,0.0034653173170393005,0.19084132286794664,0.11300251219227014,-0.03198260883320472,0.0,0.0013364859629582115,0.0,0.006087493091617942,0.20336613351271776,0
606,0.19288421091977184,0.1104855418496057,-0.04477667433106035,0.0,0.19381010812880178,0.1104855418496057,-0.033706006305292247,0.0,0.1931800744490519,0.1104855418496057,-0.040049951567780226,0.0,0.1950022226085308,0.11048554184960567,-0.03331790537491543,0.0,0.19344535541679628,0.1104855418496057,-0.03687510459218174,0.0,0.1926945990190193,0.1104855418496057,-0.04582985495217144,0.0,0.19664530195850816,0.1104855418496057,-0.024823995381593703,0.012990750798525033,0.19526231370194436,0.1104855418496057,-0.03325574663700536,0.0,0.0023781027821725143,0.0,0.011520927694054987,0.20579403346102423,0
607,0.19990172600672976,0.20415085906164995,-0.029980972764315085,0.0,0.19659266366600242,0.20415085906164995,-0.046245018198096656,0.0,0.19903690924419398,0.20415085906164995,-0.035236557436874136,0.0,0.19979246707879045,0.20415085906164995,-0.03278449551493395,0.0,0.20007444011101616,0.20415085906164993,-0.033213239633041666,0.0,0.19999866251673792,0.20415085906164993,-0.039721749790769534,0.0013333333333333335,0.1989445338999476,0.20415085906164995,-0.03897333935368806,0.0,0.19786283969364543,0.20415085906164995,-0.037194084320799445,0.0,-0.002038886313084326,0.0,-0.00721311155648436,0.19655364992166235,0
608,0.5099333570192732,0.3757762670457059,0.2044601490534842,0.0,0.505448561089611,0.3757762670457059,0.20361067038029432,0.0,0.4997425929124398,0.3757762670457059,0.18385859901085497,0.0,0.4992201245362141,0.3757762670457059,0.19954171516001223,0.0,0.5013734646589304,0.3757762670457059,0.2003450420126319,0.0,0.5062402493128022,0.3757762670457059,0.20424403753131629,0.0,0.5091334136680545,0.3757762670457059,0.20999700956046582,0.0,0.5138452007184212,0.3757762670457059,0.19816020600497722,0.0,0.003911843699147988,0.0,-0.0062999430485069785,0.20304240960974013,0
609,0.551992904531317,0.578141951405271,0.22201027456671,0.0,0.559819445093159,0.578141951405271,0.1970056327804923,0.0,0.550317635404057,0.578141951405271,0.19487495243549346,0.0,0.5562116295104742,0.578141951405271,0.2130031666904688,0.0,0.5438807878603921,0.578141951405271,0.20028111167252063,0.0,0.5549537271172731,0.578141951405271,0.2206090722233057,0.0,0.5433257404539631,0.578141951405271,0.20493344021961094,0.0,0.5551438634214706,0.578141951405271,0.2034768422320485,0.0,0.003150958890153599,0.0,-0.01853343233466148,0.19924395734068978,0
610,0.4975748868151639,0.4575407186388988,0.22346579886972903,0.0,0.4956670452358646,0.4575407186388988,0.18409080717712642,0.0008057851239669422,0.4882184686865211,0.4575407186388988,0.20593737366609274,0.0,0.4961910176704811,0.4575407186388988,0.20513795934617518,0.0,0.496936944673628,0.4575407186388988,0.20296982660889626,0.0,0.4969899701280901,0.4575407186388988,0.19920434644445778,0.0,0.4967379548546874,0.4575407186388988,0.19094716176390647,0.0,0.5135711857712046,0.4575407186388988,0.1961850729584694,0.0,0.015996298956040766,0.0,-0.02728072591125963,0.21062451643129165,0
611,0.5069228341813046,0.29613130205965943,0.20500582153908908,0.04310336781535328,0.5029467859343635,0.29613130205965943,0.19330979676917195,0.0253947950196564,0.500918549051245,0.29613130205965943,0.19626296106725932,0.022894795019656397,0.5063748044583323,0.29613130205965943,0.19769445751793682,0.027894795019656398,0.4914558420006464,0.29613130205965943,0.1953256794437766,0.050603367815353274,0.49803897835166094,0.29613130205965943,0.2075886694341898,0.03163818126304264,0.5029030626196196,0.29613130205965943,0.19456187158823013,0.045603367815353284,0.5124138884343514,0.29613130205965943,0.19932534366846086,0.01924983703646312,0.0054910542530468565,0.0,-0.0056804778706282255,0.2048568047038128,0
612,0.4991273196415491,0.3811303373998575,0.20009479500353336,0.0016472303206997085,0.5121930106482842,0.3811303373998575,0.1913316962122917,0.0,0.5041920904937583,0.3811303373998575,0.19340431988239287,0.0,0.5090551746142378,0.3811303373998575,0.20713143477216364,0.0,0.5027245177113854,0.3811303373998575,0.20150525476783515,0.0,0.5012808574962659,0.3811303373998575,0.19902521994896233,0.0,0.5029867942247451,0.3811303373998575,0.18714046631008385,0.0,0.5124334935154052,0.3811303373998575,0.19740972612053156,0.0,0.01330617387385613,0.0,-0.0026850688830017955,0.21381860139972136,0
613,0.5422153542522812,0.3207712376959827,0.2075246836617589,0.0,0.547937725026518,0.3207712376959827,0.21371690656378634,0.0,0.5396936706728956,0.3207712376959827,0.19004378753685158,0.0,0.542736636498373,0.3207712376959827,0.19124822557903826,0.0,0.5429775321492007,0.3207712376959827,0.18364580377936363,0.0,0.5403037036371813,0.3207712376959827,0.20148862186819316,0.0013090128755364808,0.5379958149745955,0.3207712376959827,0.19556476589292288,0.0,0.5457105515785132,0.3207712376959827,0.1877165527641773,0.0,0.003495197326232047,0.0,-0.0198081308975816,0.1992940573693121,0
614,0.516486251357695,0.2818787770448851,0.19379159294068812,0.0004672897196261683,0.5161697740223409,0.2818787770448851,0.2089040068536997,0.00255803634129268,0.5237177854381324,0.2818787770448851,0.2051441638916731,0.0004672897196261683,0.5290459837166431,0.2818787770448851,0.20448540573008359,0.0004672897196261683,0.5177876833773113,0.2818787770448851,0.1959938065847382,0.0012490234657561992,0.5158407587629456,0.2818787770448851,0.18276387048885226,0.0004672897196261683,0.5197150512330322,0.2818787770448851,0.1905145312473178,0.0004672897196261683,0.5291531618197373,0.2818787770448851,0.2021760182455182,0.0004672897196261683,0.012666910462042269,0.0,0.008384425304830079,0.21585776048742186,0
615,0.49166736838448183,0.15049194153675188,0.19915527634322644,0.0,0.4910667066067134,0.15049194153675188,0.19230582439340652,0.0,0.4851596925975353,0.15049194153675188,0.19745968228206037,0.0,0.4854969038519587,0.15049194153675188,0.18017889915499835,0.0,0.4804323731318835,0.15049194153675188,0.19089804332703353,0.0,0.4746485612147749,0.15049194153675188,0.19720740428194403,0.008265960980219481,0.49130393250954457,0.15049194153675188,0.193463024731318,0.0,0.489348726954565,0.15049194153675188,0.19172434642910957,0.0,-0.0023186414299168345,0.0,-0.007430929914116868,0.19620575078988955,0
616,0.5031699896384894,0.3095057434358979,0.20708000898361206,0.0,0.4964942162069028,0.3095057434358979,0.20170400267466904,0.0013090128755364808,0.4929360904551997,0.3095057434358979,0.1942315648496151,0.0,0.4888755409040169,0.3095057434358979,0.19906040027737618,0.0,0.48719159827596986,0.3095057434358979,0.18670175957493484,0.0,0.48804537799409026,0.3095057434358979,0.17524717099498957,0.0,0.49153487664988893,0.3095057434358979,0.20021587189286946,0.0,0.49532799805765365,0.3095057434358979,0.19099778428673744,0.0,-0.007841991580835705,0.0,-0.01608222469687462,0.18827099085199597,0
617,0.4542100975271879,0.2904156542247899,0.187178992703557,0.0016395663956639567,0.4641118527979517,0.2904156542247899,0.19527165342122316,0.0016395663956639567,0.4583865746380405,0.2904156542247899,0.19177754014730453,0.0016395663956639567,0.45913382208166736,0.2904156542247899,0.20428403411060572,0.0,0.451246307820768,0.2904156542247899,0.21829256607219577,0.001584507042253521,0.44691132478024165,0.2904156542247899,0.21890550725162028,0.005902688860435339,0.4605487922720085,0.2904156542247899,0.2104397259838879,0.0,0.45106733211305977,0.2904156542247899,0.1961845924332738,0.0032240734379174775,-0.0031427654141281125,0.0,0.00900559972971679,0.19936528678151422,0
618,0.4663430081004851,0.37484248235438805,0.19260265152901412,0.0006047254599073164,0.4751257897021817,0.37484248235438805,0.16425558511167765,0.0,0.45971914937289887,0.37484248235438805,0.182886043228209,0.0,0.46523247335933854,0.37484248235438805,0.19032205166797211,0.004205386163132641,0.48389779190268806,0.37484248235438805,0.20450252443552017,0.0006047254599073164,0.46547463611635503,0.37484248235438805,0.19680243749171494,0.0006047254599073164,0.46538750629697795,0.37484248235438805,0.18588036678731443,0.0017391792414199214,0.46723842009982314,0.37484248235438805,0.19659383893013,0.0006047254599073164,0.0008954119993380139,0.0,0.00399118740111587,0.20238813896950847,0
619,0.5248095803869877,0.3047079927550649,0.1802034268528223,0.001240234375,0.5337393597292951,0.3047079927550649,0.19274188995361327,0.0,0.5262213985179452,0.3047079927550649,0.1665607373788953,0.00125,0.5334498619116036,0.3047079927550649,0.1740384152159095,0.0,0.542079640683127,0.3047079927550649,0.20751102520152925,0.000781733746130031,0.5376162784331215,0.3047079927550649,0.1914465054962784,0.0,0.5449472939617502,0.3047079927550649,0.21008046150207518,0.000781733746130031,0.541364242503843,0.3047079927550649,0.1917095635831356,0.0,0.0165546621168553,0.0,0.011506136730313282,0.2207157095852133,0
620,0.5094055842717912,0.20892842672711545,0.21890091709792614,0.017573266186958637,0.5184659659384817,0.20892842672711545,0.19893566265702248,0.009769050529747351,0.5247673718755379,0.20892842672711545,0.20998900551348926,0.0025688553952215197,0.5376150587251409,0.20892842672711545,0.20776397677138447,0.0025688553952215197,0.531610202450949,0.20892842672711545,0.21006312183104456,0.0064477791620376635,0.5353471509049564,0.20892842672711545,0.19766715748235583,0.0,0.5375534132547208,0.20892842672711545,0.20184002365916967,0.00506885539522152,0.5459855833651007,0.20892842672711545,0.18581048481166362,0.0,0.036579999093309556,0.0,-0.03309043228626252,0.23087189141121137,0
621,0.4870551388383449,0.39969495597864335,0.1958915323207475,0.0075,0.47845523844529303,0.39969495597864335,0.20465801304206252,0.00623,0.48715587620189,0.39969495597864335,0.17477223083376883,0.001240234375,0.5009098469655913,0.39969495597864335,0.20032054806128144,0.0024968161434977577,0.5098693411315457,0.39969495597864335,0.20730401832610368,0.0,0.5064574442201866,0.39969495597864335,0.20339797621592878,0.001266816143497758,0.5103825082506936,0.39969495597864335,0.20663875725120306,0.001266816143497758,0.5046952541576433,0.39969495597864335,0.19207209398970007,0.0,0.017640115319298377,0.0,-0.00381943833104742,0.2181035048901527,0
622,0.4435379614742831,0.21325620943216428,0.1998355957493186,0.004901269925010363,0.4629116116966272,0.21325620943216428,0.19444916266947984,0.005,0.4533877479601018,0.21325620943216428,0.19635733410716058,0.0005286561264822136,0.46158001876919347,0.21325620943216428,0.21625228121876716,0.0,0.4518404413983118,0.21325620943216428,0.2144677380658686,0.0,0.4560873279407528,0.21325620943216428,0.21261564552783965,0.001266816143497758,0.4678379494857518,0.21325620943216428,0.20943466167896985,0.0,0.4603940207391906,0.21325620943216428,0.20944318065419792,0.001266816143497758,0.01685605926490752,0.0,0.009607584904879313,0.22056785261385864,0
623,0.4699615140773089,0.3065827047819689,0.20610908407717943,0.00512185816030448,0.4963432188746287,0.3065827047819689,0.20877530523575843,0.0,0.47346073889434775,0.3065827047819689,0.19885407115332782,0.001266816143497758,0.4958196207329958,0.3065827047819689,0.19878022883087396,0.0,0.4921176070580314,0.3065827047819689,0.1983398313075304,0.0,0.49306805884040356,0.3065827047819689,0.20197207310935483,0.0,0.4893321063090904,0.3065827047819689,0.18954689333215355,0.0,0.48469424933294203,0.3065827047819689,0.20914597677066923,0.0,0.014732735255633123,0.0,0.0030368926934898066,0.216722470178308,0
624,0.4630310364936054,0.3676872341970577,0.2038849756773561,0.005,0.4764259980716085,0.3676872341970577,0.2205399989709258,0.002981311038188498,0.46748211487021785,0.3676872341970577,0.2005162051320076,0.001584507042253521,0.47716964401395334,0.3676872341970577,0.19917692274786533,0.003656673753416826,0.46486644554931267,0.3676872341970577,0.19663541294634343,0.004822593035928037,0.4858454551034271,0.3676872341970577,0.19000641230493784,0.0,0.49766312519549455,0.3676872341970577,0.1986210561543703,0.0,0.4866355678377049,0.3676872341970577,0.20135013414546848,0.0,0.02360453134409951,0.0,-0.002534841531887627,0.22469767870245397,0
625,0.30804358106642704,0.1751037575159875,0.12448348595527932,0.9992441860465117,0.3262738373765416,0.1751037575159875,0.10941443905234337,0.9972913247344954,0.4062629171835433,0.3103385731844,0.180414900444448,0.007985415444831135,0.41962139226933637,0.3103385731844,0.18539038620889187,0.004492330036331491,0.4150736805658771,0.3103385731844,0.1817099131271243,0.003357876254818886,0.442299496381186,0.3103385731844,0.19785446271300317,0.0017183098591549296,0.44834423739648777,0.3103385731844,0.19701604887843133,0.003357876254818886,0.4464947165479018,0.3103385731844,0.17037023136392235,0.003357876254818886,0.13845113548147475,0.1352348156684125,0.04588674540864303,0.38920846797378367,0
626,0.1915915496163711,0.0,-0.09355123130779247,0.0,0.185743380485175,0.0,-0.1549503310304135,0.0,0.17485101605402376,0.0,-0.197797709684819,0.0,0.16384583772136213,0.0,-0.24427699691150337,0.0,0.1504810656592076,0.0,-0.28180372101254764,0.0,0.20107706278010096,0.0,-0.15064307609573008,0.0,0.19185199705647354,0.0,-0.22589975647628308,0.0,0.2267077419557133,0.0,-0.09021392790134997,0.0,0.03511619233934221,0.0,0.0033373034064425044,0.2382560928479244,0
627,0.23452727300513204,0.0,-0.14077133405720815,0.0,0.2262873403284775,0.0,-0.12212775491178035,0.0,0.23977218698323047,0.0,-0.16284278970211744,0.01,0.21876717145438315,0.0,-0.17722049582749605,0.0,0.2278812500969693,0.0,-0.183807462900877,0.0,0.22434915351960058,0.0,-0.16657736465334894,0.0,0.2259461826506167,0.0,-0.21453314892947672,0.0,0.25516709660286774,0.0,-0.11069181106984616,0.013717672413793102,0.020639823597735696,0.0,0.030079522987361995,0.22956737760227125,0
628,0.18450383852263544,0.0,-0.11445251008524793,0.0,0.13848676330903117,0.0,-0.1955499289324507,0.0,0.176470125693509,0.0,-0.16920036546885966,0.0,0.16923535701597922,0.0,-0.1874220913555473,0.0,0.18390607737901085,0.0,-0.08137070695869625,0.0,0.17003367793138796,0.0,-0.20027101716957987,0.0,0.17340549822099702,0.0,-0.19062917998526246,0.0,0.19022829447472464,0.0,-0.13235650330316276,0.0037176724137931035,0.0057244559520892024,0.0,-0.017903993217914832,0.20210759635065448,0
629,0.3215612029134076,0.30760263262936227,0.12004591229138896,1.0,0.3103691354666366,0.30760263262936227,0.11600553455995395,1.0,0.327071447504112,0.30760263262936227,0.12545356969814747,1.0,0.3353930427407942,0.30760263262936227,0.12091017566854134,1.0,0.32688288449267955,0.30760263262936227,0.1214051202032715,1.0,0.32041343549453616,0.30760263262936227,0.1151724664773792,0.9987397540983607,0.3425528714647664,0.30760263262936227,0.11784809011034668,0.9967183098591549,0.328706650050577,0.30760263262936227,0.12281223724043229,1.0,0.007145447137169358,0.0,0.0027663249490433306,0.20866816333667004,0
630,0.3206452887713718,0.21636481835803661,0.12706617509480567,1.0,0.3267965021686294,0.21636481835803661,0.10841566361719743,0.99215939650725,0.3278028576738791,0.21636481835803661,0.11766396423219704,1.0,0.31745182068983674,0.21636481835803661,0.13367090766318143,1.0,0.3193584307879971,0.21636481835803661,0.1145488371036481,1.0,0.32190960163182186,0.21636481835803661,0.12728800929151476,1.0,0.32659257615388293,0.21636481835803661,0.1286223326716572,1.0,0.32693857666917153,0.21636481835803661,0.12996133106295019,1.0,0.00629328789779976,0.0,0.0028951559681445194,0.20780256241262612,0
631,0.3301579260160034,0.2026547933962281,0.12330115299904719,1.0,0.3018983106663067,0.2026547933962281,0.12543498597340658,0.993300089559654,0.31955651566102256,0.2026547933962281,0.1361960510816425,1.0,0.314603375579127,0.2026547933962281,0.12976275109802374,1.0,0.30812518289129076,0.2026547933962281,0.11285145178902894,1.0,0.3382174886620747,0.2026547933962281,0.12055469908751547,0.9987192622950819,0.3280178441926927,0.2026547933962281,0.12580847511533647,1.0,0.3154904670621825,0.2026547933962281,0.11239518825896085,1.0,-0.014667458953820933,0.0,-0.010905964740086344,0.1823532918427218,0
632,0.31937905023099766,0.29037269826296697,0.12922929810825734,0.9942094017094018,0.3197803633196734,0.29037269826296697,0.12770305619109423,0.9830535756711807,0.3196419725648181,0.29037269826296697,0.1254600641410798,0.9882156943649041,0.3045931879324296,0.29037269826296697,0.1284381127078086,0.9769481076211748,0.3117635878647558,0.29037269826296697,0.10757693908177317,0.9876289103034965,0.31787795561237814,0.29037269826296697,0.12492896226234734,0.9891739076213882,0.3317737462982876,0.29037269826296697,0.11047010871974634,0.9521024289221333,0.3238714560641288,0.29037269826296697,0.13221482075285165,0.9859420938043398,0.004492405833131152,0.0,0.002985522644594313,0.20592870716085473,0
633,0.2116061796320322,0.19641900698349046,-0.03341870746517088,0.0,0.20837688015071992,0.19641900698349046,-0.039809245801297945,0.0,0.20916820509350656,0.19641900698349046,-0.03344963194685988,0.0,0.20799437329018455,0.19641900698349046,-0.0446944346872624,0.0,0.21000408296257705,0.19641900698349046,-0.03360785227036103,0.0,0.21036719113462043,0.19641900698349046,-0.038900558145251125,0.0,0.21413294787183168,0.19641900698349046,-0.032693969871033915,0.0,0.20756605644953424,0.19641900698349046,-0.0389196183392778,0.0,-0.004040123182497968,0.0,-0.0055009108741069235,0.19486623072724663,0
634,0.19985787449949596,0.18005635388823552,-0.0413053074904019,0.0,0.19996833911030887,0.18005635388823552,-0.035817361052613704,0.0,0.19831685360404366,0.18005635388823552,-0.03826584212889429,0.0,0.1998907814356844,0.18005635388823552,-0.04007737433828879,0.0,0.20054446960662098,0.18005635388823552,-0.03573559708835092,0.0,0.20112884798969727,0.18005635388823552,-0.04188719048863277,0.0,0.20143745661127235,0.18005635388823552,-0.034986341311596336,0.0,0.1992085206341341,0.18005635388823552,-0.04547114635905018,0.0,-0.0006493538653618569,0.0,-0.004165838868648283,0.19876319677904433,0
635,0.1930731348919089,0.14293194753288294,-0.03310978726920439,0.0,0.19217623184394816,0.14293194753288294,-0.031435224311426285,0.0025,0.1881556695618727,0.14293194753288294,-0.04663338659913279,0.0,0.19520646887152104,0.14293194753288294,-0.02717947116470896,0.0,0.19232731813760898,0.14293194753288294,-0.03490676088273176,0.0,0.19342282093233396,0.14293194753288294,-0.03185685813892633,0.0,0.19593998315497888,0.14293194753288294,-0.03290456746943164,0.00806051633581148,0.1908875558971176,0.14293194753288294,-0.04736533663817681,0.0,-0.0021855789947912985,0.0,-0.014255549368972421,0.19467371094232988,0
636,0.1962851264060072,0.20366630483151207,-0.03180192436091602,0.0,0.19372132884104024,0.20366630483151207,-0.038872279668867124,0.0,0.19308691186115998,0.20366630483151207,-0.034024701313464904,0.0,0.19418973841606765,0.20366630483151207,-0.04490200537460623,0.0,0.19644576896677046,0.20366630483151207,-0.027193535662663634,0.0,0.19563605311928478,0.20366630483151207,-0.03573164845001884,0.0,0.19476661655791397,0.20366630483151207,-0.042364571455400436,0.0,0.19683779586893843,0.20366630483151207,-0.0316711304790806,0.0,0.0005526694629312268,0.0,0.00013079388183542123,0.20108144235011557,0
637,0.1917008888270763,0.1273503447316021,-0.03171932003519032,0.0,0.1890252712980735,0.1273503447316021,-0.038384625238832085,0.0,0.18758660636295235,0.1273503447316021,-0.03985292819095775,0.0,0.191958303453407,0.1273503447316021,-0.029157464174277267,0.0,0.18668506293896373,0.1273503447316021,-0.05537136570806979,0.0,0.18939920989590128,0.1273503447316021,-0.05011266082583461,0.0,0.19228833987669436,0.1273503447316021,-0.03587295139208436,0.0,0.19114182993886542,0.1273503447316021,-0.037392024918226525,0.0,-0.0005590588882108949,0.0,-0.005672704883036207,0.19848905685249174,0
638,0.18078990318268975,0.14821551334997124,-0.030562826979439704,0.0,0.17642505483881066,0.14821551334997124,-0.0418880796310259,0.0,0.17676255795699158,0.14821551334997124,-0.0342813253087661,0.0,0.17935479055035525,0.14821551334997124,-0.030447269541182324,0.0,0.1760345917249176,0.14821551334997124,-0.04572520823778177,0.0,0.17905196287355982,0.14821551334997124,-0.0320788690854647,0.0,0.17760273282547603,0.14821551334997124,-0.04252865392656531,0.0,0.17681249696253806,0.14821551334997124,-0.04042837956454605,0.0,-0.003977406220151691,0.0,-0.009865552585106345,0.19386286004881353,0
639,0.205593821158802,0.15534396091825475,-0.04470295006642118,0.0,0.20747513655978284,0.15534396091825475,-0.03366674288925424,0.001188212927756654,0.2052951125856435,0.15534396091825475,-0.033757116635097194,0.005638770183947477,0.20336374979931982,0.15534396091825475,-0.05332641141372733,0.0,0.2050557035214192,0.15534396091825475,-0.041679204738611586,0.0,0.20495761063396603,0.15534396091825475,-0.04563577462453395,0.0,0.20599645018992105,0.15534396091825475,-0.04094327405939111,0.0,0.205318117094452,0.15534396091825475,-0.037856157015776264,0.0,-0.00027570406435001305,0.0,0.006846793050644916,0.2018548344313238,0
640,0.635835786604005,1.0532731313073114,0.20394922610372304,0.0,0.6284467759774442,1.0532731313073114,0.21146289072930813,0.0,0.6203074565840853,1.0532731313073114,0.22727899808436633,0.0012343096234309623,0.6220255851202786,1.0532731313073114,0.20887123599648474,0.0012343096234309623,0.6214405901825877,1.0532731313073114,0.19239041559398173,0.0,0.6256158571921608,1.0532731313073114,0.20732347931712866,0.0,0.6198953195735437,1.0532731313073114,0.2024772006087005,0.0,0.6294534878397637,1.0532731313073114,0.2019942846149206,0.0,-0.006382298764241234,0.0,-0.001954941488802431,0.19326916573820857,0
641,0.5833938266309209,0.6986023710018924,0.19733049299567937,0.0,0.586210281001899,0.6986023710018924,0.20516025204211474,0.0,0.5769957101382804,0.6986023710018924,0.1925514193996787,0.0,0.5832132475534745,0.6986023710018924,0.2065157624334097,0.0017396907216494844,0.5829635383488246,0.6986023710018924,0.2092272161319852,0.0,0.5768983780492004,0.6986023710018924,0.20224420906044543,0.0017048710601719197,0.5733537147258438,0.6986023710018924,0.2009710039757192,0.003032671890047438,0.587519379389637,0.6986023710018924,0.21941968202590942,0.0,0.004125552758716178,0.0,0.02208918903023005,0.21022315191680627,0
642,0.5402228053673894,0.41783227700466685,0.1760177868080791,0.0,0.5434043207773949,0.41783227700466685,0.1929382109362632,0.0,0.5390498602899082,0.41783227700466685,0.2101665447279811,0.0,0.5409927899342002,0.41783227700466685,0.20744061551988124,0.0,0.5284246270654505,0.41783227700466685,0.1796158440038562,0.0,0.5379125933121519,0.41783227700466685,0.17782075023744257,0.0,0.5347740576337119,0.41783227700466685,0.20705303259193897,0.005,0.5489022372602315,0.41783227700466685,0.18624460764229298,0.0,0.008679431892842038,0.0,0.010226820834213862,0.21211109503630307,0
643,0.4998257658709807,0.24831515400460424,0.18951699165627361,0.0,0.5164531384447334,0.24831515400460424,0.19895112484693528,0.0,0.4985881543067114,0.24831515400460424,0.18361744083464146,0.0,0.5036474901722916,0.24831515400460424,0.18949785992503165,0.0,0.5038179590086324,0.24831515400460424,0.1947755266726017,0.0,0.5119036306581694,0.24831515400460424,0.1912560164183378,0.0,0.5067975954944135,0.24831515400460424,0.18599039454013108,0.0,0.5128096729808764,0.24831515400460424,0.18286320094019173,0.0,0.01298390710989572,0.0,-0.006653790716081881,0.21250691999245439,0
644,0.47977701475336204,0.24154384135792176,0.19622367165982724,0.0,0.49021274841388174,0.24154384135792176,0.20988879289478063,0.0,0.47724023900445395,0.24154384135792176,0.18619969829916955,0.0,0.47687874162547317,0.24154384135792176,0.18506535120308398,0.0,0.4752967296269507,0.24154384135792176,0.1961062367260456,0.0,0.48681983772019594,0.24154384135792176,0.19784069512039423,0.0,0.4803894490709148,0.24154384135792176,0.1892374810457113,0.0,0.49052590819074277,0.24154384135792176,0.19620458390563728,0.0,0.010748893437380724,0.0,-1.9087754189961448e-05,0.21177946091171204,0
645,0.5262851661985589,0.38172124487466164,0.18381419476121663,0.0,0.5258269417870239,0.38172124487466164,0.1912962479889393,0.0,0.5111065999501979,0.38172124487466164,0.1875418809056282,0.0,0.5207361095000739,0.38172124487466164,0.1933243497274816,0.0,0.5117197483727659,0.38172124487466164,0.17164885032456367,0.0,0.5185057711702645,0.38172124487466164,0.19048693127930164,0.0,0.5173171642052783,0.38172124487466164,0.20980855009518565,0.0025,0.5245047109084455,0.38172124487466164,0.1990868566557765,0.0,-0.0017804552901133919,0.0,0.015272661894559864,0.2023350683385354,0
646,0.530545653098326,0.35437422428039383,0.2079713972657919,0.0007273838630806846,0.5305660823349103,0.35437422428039383,0.18498979326337575,0.0,0.5313274962906674,0.35437422428039383,0.19050986565649508,0.0,0.5279699797282006,0.35437422428039383,0.21448895804584026,0.0,0.5366306239395636,0.35437422428039383,0.19590632196515798,0.0,0.515514510712586,0.35437422428039383,0.18214277123566716,0.0,0.5342682467061057,0.35437422428039383,0.19612305842339992,0.0,0.528011994031254,0.35437422428039383,0.19191526517271995,0.0,-0.002533659067072036,0.0,-0.01605613209307194,0.19386607818561707,0
647,0.496518852347763,0.27189771943739505,0.20296931356191636,0.0012598425196850393,0.4918100510276911,0.27189771943739505,0.19642940850928425,0.0012598425196850393,0.49125599395966524,0.27189771943739505,0.2005239288508892,0.0012598425196850393,0.4948324585255197,0.27189771943739505,0.19948228694498538,0.0,0.49354479503465126,0.27189771943739505,0.1941037478297949,0.0,0.49081368904837147,0.27189771943739505,0.19308078354224562,0.0,0.48405446955351783,0.27189771943739505,0.20263489060103893,0.011447779162037663,0.5033764244433521,0.27189771943739505,0.2114223163574934,0.0013090128755364808,0.006857572095589071,0.0,0.008453002795577036,0.20975840200802584,0
648,0.5079941697083608,0.18043020168656276,0.19472907729446887,0.0,0.5028797645884039,0.18043020168656276,0.16817836729809643,0.0,0.510884106583105,0.18043020168656276,0.18837124606594444,0.0,0.502914994877904,0.18043020168656276,0.17883749935775994,0.0,0.49249674308067043,0.18043020168656276,0.19450727866962553,0.0,0.511542468683334,0.18043020168656276,0.18517289623618127,0.0,0.4968042946856136,0.18043020168656276,0.19398818708956242,0.0,0.5036162116404009,0.18043020168656276,0.1854916813969612,0.0,-0.0043779580679598196,0.0,-0.009237395897507661,0.1935950603239622,0
649,0.5146749376159651,0.35855176000455874,0.17442015217617154,0.0,0.5220983984349857,0.35855176000455874,0.18364573631435632,0.0,0.5077279330767414,0.35855176000455874,0.19633304920047523,0.0,0.5171531533842806,0.35855176000455874,0.2071703615784645,0.0,0.5081389456089146,0.35855176000455874,0.18761185419745743,0.0,0.5151712229962943,0.35855176000455874,0.20423453900963068,0.0,0.5228709184643211,0.35855176000455874,0.1993691647052765,0.0,0.5106376014966958,0.35855176000455874,0.19166514236479998,0.0,-0.004037336119269264,0.0,0.017244990188628434,0.20044223825419383,0
650,0.52894728208816,0.49031194717244714,0.19803055632859468,0.0008113620168562793,0.5308702690218063,0.49031194717244714,0.19595150463283062,0.0008113620168562793,0.5264598977116317,0.49031194717244714,0.2176221732283011,0.00159309576298631,0.528421263973968,0.49031194717244714,0.1783050323650241,0.0016171471408232216,0.5391239216804804,0.49031194717244714,0.19165958432480693,0.0008113620168562793,0.5276322639366193,0.49031194717244714,0.1864914167392999,0.0008113620168562793,0.5351293068644835,0.49031194717244714,0.1864552740007639,0.0008113620168562793,0.5428462453819711,0.49031194717244714,0.19421731624752284,0.0008113620168562793,0.013898963293811128,0.0,-0.003813240081071839,0.21416628104839144,0
651,0.43977192761405126,0.2927443704268151,0.181242553666234,0.001240234375,0.44550505880594027,0.2927443704268151,0.19334438897669315,0.0,0.44056175276577536,0.2927443704268151,0.19744781682267784,0.0025,0.45412695638178935,0.2927443704268151,0.19728886404307558,0.0,0.4662860860088336,0.2927443704268151,0.19608227014541627,0.0,0.45098216030278343,0.2927443704268151,0.18931127661839128,0.0013090128755364808,0.4607626422562182,0.2927443704268151,0.1987953171879053,0.0,0.4699745472077888,0.2927443704268151,0.18495900753885508,0.0,0.030202619593737545,0.0,0.003716453872621067,0.23317590506830546,0
652,0.17353397547485405,0.0,-0.3818341428041458,0.0,0.18222494802361527,0.0,-0.3680635716021061,0.0,0.18948986307310484,0.0,-0.3822133773565292,0.0,0.48141923322845326,0.27658799721647515,0.12425365551840514,0.9764117015470941,0.4676197938525536,0.27658799721647515,0.12492738548200577,0.9664112981651399,0.47842266160226266,0.2765879972164751,0.11616174467745168,0.9776715440667791,0.4849671882432715,0.27658799721647515,0.1149532778665889,0.9739117015470942,0.4892859537102968,0.27658799721647515,0.1358492447528988,0.9689117015470942,0.31575197823544277,0.27658799721647515,0.5176833875570446,0.7246407770116914,1
653,0.2104868626172293,0.006584611816120266,-0.3684053832292557,0.0,0.21366120452417872,0.006584611816120266,-0.39497954934835433,0.0,0.40240105523661224,0.20921954205458218,0.12149634075198264,0.9975,0.4496414138138217,0.20921954205458218,0.11546008759411051,0.9910520833333334,0.4279004872469139,0.20921954205458218,0.12843116297852247,0.9875,0.4395977585622596,0.20921954205458218,0.126710110520944,0.9935520833333333,0.44830788761803186,0.20921954205458215,0.11866562021896243,0.9899071253501401,0.434402009592862,0.20921954205458218,0.10774207800393924,0.9899071253501401,0.22391514697563272,0.2026349302384619,0.47614746123319496,0.600422640453367,0
654,0.26507719689191744,0.00364367565330809,-0.3787993060052395,0.0,0.2613447319341493,0.00364367565330809,-0.38937783017754557,0.0,0.2725041253787846,0.00364367565330809,-0.36577225163578986,0.0025,0.28784153927944084,0.00364367565330809,-0.3785919681191444,0.012574499861072518,0.283326942491491,0.00364367565330809,-0.3840928664803505,0.0025,0.2849678328543988,0.00364367565330809,-0.38431245401501657,0.0025,0.29146955562659704,0.00364367565330809,-0.3708207350969315,0.02007449986107252,0.2831471166292838,0.00364367565330809,-0.37760349079966543,0.0025,0.01806991973736638,0.0,0.0011958152055740467,0.2197848189324792,0
655,0.1494654796077375,0.0,-0.37310033187270164,0.0,0.16218125805750577,0.0,-0.35827922359108927,0.0,0.1532132537371335,0.0,-0.38489717572927473,0.0,0.1587372298404854,0.0,-0.3816113825142384,0.0,0.15661494096604892,0.0,-0.3833091585338116,0.0,0.1590792097338083,0.0,-0.37837354227900505,0.0,0.16523594404121023,0.0,-0.35963975355029104,0.0025,0.1515949438429912,0.0,-0.4002155044674873,0.0,0.0021294642352536752,0.0,-0.027115172594785686,0.1960658621005063,0
656,0.2453874641879086,0.00492425048478681,-0.385803502202034,0.0,0.41708636954237255,0.2532936112339878,0.13655919003533198,0.9925,0.40395512671076483,0.2532936112339878,0.11716417804942467,0.9975,0.42009521024746344,0.2532936112339878,0.10608423243043945,0.9964315352697096,0.4166210813313306,0.2532936112339878,0.12740352280554362,1.0,0.43214441705362167,0.2532936112339878,0.11762980928368051,1.0,0.4286941444208423,0.2532936112339878,0.13174375731963664,0.9875,0.4252476152474061,0.2532936112339878,0.12447146945632995,1.0,0.17986015105949751,0.248369360749201,0.510274971658364,0.57313474531607,0
657,0.14242499483542195,0.0,-0.3901603193581104,0.0,0.15122802372593586,0.0,-0.39589346297085287,0.0,0.15629174504855828,0.0,-0.38429580613970754,0.0,0.15625914136814653,0.0,-0.3968448042869568,0.0,0.15108964222572543,0.0,-0.42244985938072205,0.0,0.41546545791447886,0.22111854336418232,0.11751884709112347,0.9977339657836228,0.4885053719521175,0.1717444863320975,0.17977149141952395,0.0125,0.493777684222353,0.1717444863320975,0.1994680216908455,0.0125,0.3513526893869311,0.1717444863320975,0.5896283410489559,0.7551464721360253,1
658,0.18427769618344736,0.0,-0.32279751065187157,0.0,0.2499370447106839,0.0,-0.057589970296248794,0.0,0.24282821538935162,0.0,-0.0933508315985091,0.0,0.24106879187050573,0.0,-0.07282445720396936,0.0,0.2111502533349065,0.0,-0.21800826378166677,0.0,0.23756694705684148,0.0,-0.16853362209163605,0.0,0.26980811743049116,0.0,-0.06052120782900602,0.006217672413793103,0.22413460939175525,0.0,-0.21200793312862515,0.0,0.03985691320830789,0.0,0.11078957752324642,0.2695745511257387,0
659,0.20487603832894177,0.0,-0.19060025381855666,0.0,0.20929057384104469,0.0,-0.17585701803676784,0.0,0.21559763525132306,0.0,-0.17804071872495114,0.0,0.19717315196923862,0.0,-0.22162511167582125,0.0,0.22400328004894196,0.0,-0.08650378411635756,0.0,0.2122598126050383,0.0,-0.17731285606510938,0.0,0.27754520157076545,0.0,-0.024946601414121687,0.0,0.22927685339641507,0.0,-0.1979800600152521,0.0,0.024400815067473297,0.0,-0.0073798061966954265,0.22434893237449105,0
660,0.13714140993203155,0.0039735276981018725,-0.37145206540822984,0.0,0.12862355380395113,0.0039735276981018725,-0.3767334085702896,0.0,0.3529977248792019,0.13531230001751102,0.11137917198240757,0.9463747681775279,0.3606156111207609,0.13531230001751102,0.1241513102108729,0.9660765879745529,0.3486509611640676,0.13531230001751102,0.11588311364175752,0.971275712270937,0.3516771926876889,0.13531230001751102,0.13251447070157155,0.9523936750954215,0.38271199928630556,0.13531230001751102,0.10465318785398267,0.9374926900624372,0.3696309672881679,0.13531230001751102,0.13073257995769383,0.9679223312219036,0.23248955735613636,0.13133877231940916,0.5021846453659237,0.5990988680999131,0
661,0.16880127029160616,0.004309261870360624,-0.36883509323000907,0.001337719298245614,0.16122505773668108,0.004309261870360624,-0.3772958807647228,0.001337719298245614,0.2937485241050416,0.18019711908531919,0.10290913076139986,0.9926685294351966,0.30879423916420096,0.18019711908531919,0.1269435305148363,0.9983914163672114,0.3122837884350625,0.18019711908531919,0.12239834614098072,0.9983914163672114,0.30321762568160426,0.18019711908531919,0.1328183352423366,0.9933914163672114,0.3252161164076305,0.18019711908531919,0.10518619882524945,0.9931757213162213,0.3177473669634177,0.18019711908531919,0.1175266989460215,0.9983914163672114,0.14894609667181155,0.17588785721495856,0.4863617921760306,0.5177201943960102,0
662,0.25447743025872305,0.25008011706384703,0.13440098844934256,0.9129933015029184,0.2576671504404173,0.25008011706384703,0.11072608902934007,0.8996600443323369,0.2682315691355146,0.25008011706384703,0.1267133136233315,0.9345683671151737,0.2737466123566901,0.25008011706384703,0.1299635676271282,0.9360954208487492,0.2610875526209197,0.25008011706384703,0.11044272410508711,0.9137592659256732,0.2802073288956058,0.25008011706384703,0.12221645476296544,0.9358944041844351,0.3038499946470414,0.25008011706384703,0.11679468815447763,0.8165347773000893,0.3071690925487814,0.25008011706384703,0.10899003639351576,0.9192062992320253,0.05269166229005834,0.0,-0.025410952055826802,0.24971608192803213,0
663,0.3251852298610406,0.2859861685188448,0.1375579611142166,1.0,0.30623197425469656,0.2859861685188448,0.11901910257987765,1.0,0.31721661036228976,0.2859861685188448,0.13372600487433373,0.9967183098591549,0.29494677557354265,0.2859861685188448,0.12332521607168019,0.9967183098591549,0.30220760054575646,0.2859861685188448,0.11395028964150697,0.9988152610441767,0.2829318724390594,0.2859861685188448,0.12935826481319965,0.9678037356315111,0.32317936251510926,0.2859861685188448,0.12489215246459935,0.9975,0.3066365490520844,0.2859861685188448,0.12815741249825804,0.9894542033233623,-0.01854868080895622,0.0,-0.009400548615958543,0.17863593029131325,0
664,0.2220553518669606,0.19150711291767603,-0.03476014794150615,0.0,0.22071909475741744,0.19150711291767603,-0.02774445294315228,0.0,0.21946926017662854,0.19150711291767603,-0.03175139184633736,0.0,0.21704787536773693,0.19150711291767603,-0.039628513536881654,0.0,0.21680942423258276,0.19150711291767603,-0.0429300512040345,0.0,0.21845801213052998,0.19150711291767603,-0.046651880780700594,0.0013333333333333335,0.2385497745059637,0.19150711291767603,-0.04065812533168355,0.0,0.23480360829717908,0.19150711291767603,-0.03794091963325627,0.0,0.012748256430218485,0.0,-0.0031807716917501214,0.21310976299230477,0
665,0.2091513675768191,0.1968173087242355,-0.028406117176637054,0.0,0.21191989179454424,0.1968173087242355,-0.03216896962258033,0.0007567567567567567,0.20828146906292913,0.1968173087242355,-0.030123091215500608,0.0,0.20448224958765962,0.1968173087242355,-0.047559864768991246,0.0,0.20982317850570753,0.1968173087242355,-0.028731022512656638,0.0,0.20777042693126577,0.1968173087242355,-0.03685828239249531,0.009224857349209097,0.20819190136961366,0.1968173087242355,-0.04162380809691967,0.0034653173170393005,0.2063920849599211,0.1968173087242355,-0.03883761893957853,0.0,-0.0027592826168980067,0.0,-0.010431501762941477,0.1950066536518644,0
666,0.18939681645848128,0.16911100884766975,-0.03811766641272698,0.004357109080145594,0.18848258890430095,0.16911100884766975,-0.0382741995962715,0.004357109080145594,0.1890516383669975,0.16911100884766975,-0.03399381388895563,0.0026686274047529237,0.1867414762233053,0.16911100884766975,-0.05161249978089472,0.0026686274047529237,0.19279225810619677,0.16911100884766975,-0.03316067491250578,0.005113865836902351,0.19100537981687118,0.16911100884766975,-0.03727206123643555,0.004357109080145594,0.19045283496270313,0.16911100884766975,-0.03416073056927416,0.004357109080145594,0.18585788534598138,0.16911100884766975,-0.04931567480030935,0.0026686274047529237,-0.0035389311124998934,0.0,-0.011198008387582371,0.1939980225421215,0
667,0.2067759027805415,0.1645084416385904,-0.03485471178153603,0.0,0.2056286499232347,0.1645084416385904,-0.03445181576069444,0.0,0.2036266195057201,0.1645084416385904,-0.03916191542288289,0.0,0.20761016888723055,0.1645084416385904,-0.029447837031912057,0.0,0.2097527446242278,0.1645084416385904,-0.025784255960024892,0.0,0.20875330713087353,0.1645084416385904,-0.03325647373276297,0.0,0.20674700157608314,0.1645084416385904,-0.03733457377704326,0.0,0.20726539039939443,0.1645084416385904,-0.03256489490158856,0.0,0.000489487618852924,0.0,0.002289816879947469,0.2015439152519682,0
668,0.2643888042380807,0.2298774393828735,-0.039140202302951364,0.027428212927756653,0.26123196028049206,0.2298774393828735,-0.03516023109201342,0.015,0.2593881596287376,0.2298774393828735,-0.03876535212970339,0.015,0.2605605688299719,0.2298774393828735,-0.04597640769206919,0.015,0.2633859979979614,0.2298774393828735,-0.028116069784155116,0.02374,0.26154043235194685,0.2298774393828735,-0.04104006723617203,0.015,0.26247030244501246,0.2298774393828735,-0.038474866622127596,0.02374,0.2646362997723826,0.2298774393828735,-0.025005401634261945,0.02374,0.0002474955343019225,0.0,0.01413480066868942,0.2041913338328146,0
669,0.18857310625353704,0.10964655924863081,-0.032119559792627116,0.0,0.18784052013574995,0.10964655924863081,-0.027874145407695325,0.0655286561264822,0.18641137113039197,0.10964655924863081,-0.037833667006198085,0.0024058853415497576,0.19003984698444557,0.10964655924863081,-0.021685399111011066,0.001174698795180723,0.18973313063289818,0.10964655924863081,-0.02723900696466444,0.004421097770154374,0.18975247958074998,0.10964655924863081,-0.024113151794445002,0.001174698795180723,0.18893289462363655,0.10964655924863081,-0.03072503353236243,0.0,0.18866171630818773,0.10964655924863081,-0.03207241465919651,0.0,8.861005465068961e-05,0.0,4.714513343060528e-05,0.20057237830632482,0
670,0.20585729709781037,0.17337238735010316,-0.03727715440094471,0.0,0.20446967711881248,0.17337238735010316,-0.031937486978713424,0.0,0.20213928315720942,0.17337238735010316,-0.04490786328911781,0.0016447368421052633,0.2043082340588354,0.17337238735010316,-0.03451114116236567,0.0,0.2066413123242125,0.17337238735010316,-0.032214858826482666,0.0007567567567567567,0.20524196243663986,0.17337238735010316,-0.03990775598213077,0.0,0.20548928486344942,0.17337238735010316,-0.032265030596754514,0.0,0.20401028891453957,0.17337238735010316,-0.032211473537317944,0.0031387701839474774,-0.0018470081832707985,0.0,0.005065680863626763,0.1997641431107911,0
671,0.20406958523108806,0.1792537512510608,-0.021298979776911437,0.001174698795180723,0.20311885787423192,0.1792537512510608,-0.028426199316454584,0.0,0.20034293196810912,0.1792537512510608,-0.0292327729286626,0.0,0.1985936650046783,0.1792537512510608,-0.04763914467359427,0.0,0.19966520978481667,0.1792537512510608,-0.039415825085598044,0.0,0.2016460548597208,0.1792537512510608,-0.035536603041982744,0.0,0.19936627449427802,0.1792537512510608,-0.04712877905782079,0.0,0.199919230034133,0.1792537512510608,-0.03518511437054258,0.0,-0.004150355196955058,0.0,-0.013886134593631142,0.19269567621911432,0
672,0.46561514736411835,0.46772328811849967,0.2134336256608367,0.0,0.474528645885397,0.46772328811849967,0.19931365564465522,0.0,0.4533460400572257,0.46772328811849967,0.20948366167023777,0.0,0.4624973621579562,0.46772328811849967,0.20006561614573,0.0,0.4635335116460333,0.46772328811849967,0.19662544321268796,0.0,0.4693469672078509,0.46772328811849967,0.2059680936858058,0.0,0.4621543199376297,0.46772328811849967,0.20610411562025546,0.0,0.473781326294617,0.46772328811849967,0.1966042957082391,0.0,0.008166178930498647,0.0,-0.016829329952597616,0.20494158790178457,0
673,0.49571158756117145,0.34977963517210386,0.2084715597331524,0.0,0.49359436112143534,0.34977963517210386,0.20213118240237235,0.0,0.4860960831983122,0.34977963517210386,0.18841208782701868,0.0,0.4927646234914608,0.34977963517210386,0.2081084262765944,0.0,0.49289728406344335,0.34977963517210386,0.19184938071295618,0.0,0.5044693439185783,0.34977963517210386,0.19212847024202348,0.0,0.5061833024432171,0.34977963517210386,0.1842457215115428,0.0,0.5138211890366666,0.34977963517210386,0.19652266938239335,0.0,0.018109601475495174,0.0,-0.01194889035075905,0.21660595435447952,0
674,0.46971232735528046,0.2580388827394505,0.18270508639514446,0.05714171467359391,0.47881973375475034,0.2580388827394505,0.19406465262174608,0.04198838939498462,0.4664702665034121,0.2580388827394505,0.19439891329035164,0.04698838939498463,0.471880258071398,0.2580388827394505,0.21031426632776856,0.07099524545248409,0.4723333746026639,0.2580388827394505,0.17148853564169259,0.04948838939498462,0.4942997769974132,0.2580388827394505,0.18482245054095983,0.041155228722900714,0.47701923293871584,0.2580388827394505,0.21174721244722605,0.03579196082355605,0.494387525752834,0.2580388827394505,0.18512017045170068,0.03448838939498462,0.024675198397553555,0.0,0.002415084056556216,0.22703769651486103,0
675,0.5135183913856878,0.39638288068262106,0.19779515989124774,0.0,0.5063329235362927,0.39638288068262106,0.19389802359044553,0.0,0.5038660471641706,0.39638288068262106,0.1980787431821227,0.000781733746130031,0.5016967175546888,0.39638288068262106,0.18582331763580442,0.0,0.516917681995899,0.39638288068262106,0.2017460747808218,0.0,0.513548636959911,0.39638288068262106,0.1872378908842802,0.0,0.5077830101551266,0.39638288068262106,0.18776465859264135,0.0,0.5233042019519917,0.39638288068262106,0.20116384465247392,0.0,0.009785810566303899,0.0,0.003368684761226176,0.2115955654688932,0
676,0.5198749473150504,0.34739863724839326,0.19904200917109846,0.0,0.5166261489553357,0.34739863724839326,0.18559200624004007,0.0,0.5105247767113137,0.34739863724839326,0.20865181915462017,0.0,0.5085177713532556,0.34739863724839326,0.18806111642625184,0.0,0.50754945371469,0.34739863724839326,0.18713062450289727,0.0,0.5115874052073429,0.34739863724839326,0.20558040142059325,0.0,0.508013670440138,0.34739863724839326,0.19789343943819404,0.0013090128755364808,0.5013148824940804,0.34739863724839326,0.19507653057575225,0.002698072702986356,-0.018560064820969946,0.0,-0.003965478595346211,0.17995561543913632,0
677,0.5300419438222723,0.4076946994307253,0.19610418975353242,0.0,0.5233850738359387,0.4076946994307253,0.17568476675078273,0.0,0.5236016942306658,0.4076946994307253,0.18763961024582387,0.0,0.5199648844940129,0.4076946994307253,0.17699351439252495,0.0,0.5242671787566254,0.4076946994307253,0.19270226150751113,0.0,0.5298847828858211,0.4076946994307253,0.20617529263254256,0.0,0.5269876807605244,0.4076946994307253,0.1913946650386788,0.0,0.5278586460421776,0.4076946994307253,0.16719132099300624,0.0,-0.0021832977800947395,0.0,-0.028912868760526178,0.19108485834815842,0
678,0.5313136965182855,0.4546253081889268,0.19532933905720712,0.0,0.5176664155151661,0.4546253081889268,0.19152305966243147,0.000781733746130031,0.5240346273219514,0.4546253081889268,0.2055382964015007,0.0,0.5360029503841022,0.4546253081889268,0.20415241487324237,0.0,0.5190328702411764,0.4546253081889268,0.19981063887476921,0.0,0.5231558184621543,0.4546253081889268,0.21040866531431676,0.0,0.5304182169853895,0.4546253081889268,0.20516228392720223,0.0,0.5364696831465645,0.4546253081889268,0.19914711367338897,0.0,0.005155986628278986,0.0,0.0038177746161818515,0.20683124896362426,0
679,0.5178758755787294,0.266986153534481,0.2012351753935218,0.002638766286501183,0.5259160247892057,0.266986153534481,0.2010443654283881,0.0025688553952215197,0.520065257889445,0.266986153534481,0.19998676169663668,0.0,0.5376034927772813,0.266986153534481,0.18706328265368938,0.0,0.5245209849096583,0.266986153534481,0.20636386696249245,0.0,0.5313623910869181,0.266986153534481,0.19292726449668407,0.0,0.5239655938125167,0.266986153534481,0.16750341529026627,0.0,0.5300898708391634,0.266986153534481,0.1966003106534481,0.0,0.012213995260433985,0.0,-0.004634864740073685,0.21219101086660078,0
680,0.5008966684580642,0.27968732129574647,0.20352648681029678,0.03553433970974012,0.4938892656199644,0.27968732129574647,0.19598782628774644,0.03899162176337448,0.5044204836920915,0.27968732129574647,0.19764666572213174,0.01774823551998823,0.506015749184501,0.27968732129574647,0.19644622303545475,0.016603277536794952,0.49756722050613084,0.27968732129574647,0.19861189783317967,0.02910327753679495,0.5082695449997989,0.27968732129574647,0.20795021932572127,0.03553433970974012,0.49932933721299266,0.27968732129574647,0.19840364648029207,0.015248235519988228,0.5090650070857754,0.27968732129574647,0.19400752663612367,0.016603277536794952,0.008168338627711158,0.0,-0.009518960174173113,0.20673500751727245,0
681,0.477394405196248,0.2115177411504579,0.20033534325659275,0.0,0.47291595500148886,0.2115177411504579,0.17397131364792584,0.0,0.46823724870913314,0.2115177411504579,0.19367917705327273,0.0,0.4638817939853853,0.2115177411504579,0.19750330505892635,0.0,0.461770908964645,0.2115177411504579,0.19422984803561122,0.0,0.4744902312451143,0.2115177411504579,0.19602802392095328,0.0,0.4700032044163038,0.2115177411504579,0.1891634296439588,0.0,0.4707696830622561,0.2115177411504579,0.17413917887955904,0.0,-0.0066247221339919005,0.0,-0.026196164377033704,0.18707449003763044,0
682,0.483616896690169,0.35422637414174596,0.19356830798089505,0.0,0.4812391816559742,0.3542263741417459,0.18602163180708886,0.0,0.48426196168647956,0.3542263741417459,0.20476067051291466,0.0013090128755364808,0.4831995061201283,0.3542263741417459,0.19472612045705318,0.0,0.4815985854188359,0.35422637414174596,0.17970194399356842,0.0,0.4785366336049978,0.35422637414174596,0.19230367248877883,0.0,0.47668064664753124,0.35422637414174596,0.19208282398059964,0.0,0.48210220972557494,0.35422637414174596,0.20158361745998263,0.000781733746130031,-0.0015146869645940586,0.0,0.008015309479087573,0.20083671749134063,0
683,0.31094686406985944,0.27570849877252185,0.11590256555849919,0.9924797540983605,0.3376306264955784,0.27570849877252185,0.1284391749172937,0.9937397540983607,0.33520197268922747,0.27570849877252185,0.10297876989876385,0.9917771130679851,0.3646639701337794,0.27570849877252185,0.12541160533844958,0.9920363967386172,0.37698838007312474,0.27570849877252185,0.1239848581282422,0.9870363967386172,0.3614700263410164,0.27570849877252185,0.12222141844918952,0.9975,0.36951825938912936,0.27570849877252185,0.11646914984681643,0.9895363967386172,0.3794986078061838,0.27570849877252185,0.115195118393749,0.9830668021440226,0.06855174373632433,0.0,-0.0007074471647501857,0.2724665344608954,0
684,0.13897626383683598,0.0,-0.3703806141018868,0.0,0.39117214502894254,0.26735310354046576,0.10971034025773406,0.9975,0.4086553464834403,0.26735310354046576,0.1272444283030927,0.9975,0.47538971302108635,0.18568449086224723,0.19437195498496293,0.016541666666666666,0.4907387997501249,0.18568449086224723,0.19213024143129587,0.0175,0.4892064335015732,0.18568449086224723,0.20169160385616125,0.0175,0.5017383434671079,0.18568449086224723,0.18828165750950576,0.0125,0.4848806954242372,0.18568449086224723,0.17321742061525583,0.015,0.3459044315874012,0.18568449086224723,0.5435980347171426,0.7414035697123535,1
685,0.12471913917429236,0.006555585025115866,-0.38972054809331896,0.0,0.1454004994417108,0.006555585025115866,-0.3667436710000038,0.0,0.14851355495841345,0.006555585025115866,-0.40934164077043533,0.0,0.43267404499095174,0.24369718851394123,0.1290227620396763,0.9972713456284152,0.42042205433798713,0.24369718851394123,0.11644502873998136,0.9975,0.4320854939829385,0.24369718851394123,0.10905077196657657,1.0,0.4451726590069724,0.24369718851394123,0.10591013301396743,0.982483618603043,0.44266831182409105,0.24369718851394123,0.11135380437597632,0.9919024669650469,0.3179491726497987,0.23714160348882538,0.5010743524692953,0.7136279783182761,1
686,0.19875734387143504,0.189803119463305,-0.40441378846764564,0.0037148594377510043,0.20342164144737584,0.189803119463305,-0.3588161413371563,0.005403341113143674,0.2067066473028335,0.189803119463305,-0.39075531929731366,0.0062148594377510035,0.22307516081390838,0.189803119463305,-0.38886888831853866,0.0062148594377510035,0.24713982475323715,0.189803119463305,-0.3686269514262676,0.0062148594377510035,0.2491120686180111,0.189803119463305,-0.36701898366212843,0.0062148594377510035,0.2578959249568365,0.189803119463305,-0.36167374879121783,0.008714859437751004,0.2490418699702368,0.189803119463305,-0.3730973479151726,0.0062148594377510035,0.05028452609880177,0.0,0.03131644055247307,0.261080839822699,0
687,0.21810262634912841,0.005587227391595466,-0.3874271063506603,0.0,0.22843704103481552,0.005587227391595466,-0.3749373617768288,0.0,0.22282873715885634,0.005587227391595466,-0.3957710310816765,0.0,0.22982571227031065,0.005587227391595466,-0.3704048827290535,0.0,0.23412198294122738,0.005587227391595466,-0.40755606845021247,0.0,0.23740291403241037,0.005587227391595466,-0.3919575534760952,0.0,0.2455369946227614,0.005587227391595466,-0.3664096781611443,0.0,0.23180781400571007,0.005587227391595466,-0.41393048197031024,0.0,0.013705187656581658,0.0,-0.026503375619649938,0.20840286116402063,0
688,0.10976416472281046,0.002989202564365537,-0.38486597672104833,0.0,0.11325540452845967,0.002989202564365537,-0.40342210173606874,0.0,0.11659054393065156,0.002989202564365537,-0.3814088083803654,0.0,0.11284413369301906,0.002989202564365537,-0.40155892372131347,0.0,0.11550370928142345,0.002989202564365537,-0.39734147772192957,0.0,0.1320633393997155,0.002989202564365537,-0.38411942318081854,0.0,0.1320505315442928,0.002989202564365537,-0.3941429452598095,0.0,0.13243683537549725,0.002989202564365537,-0.38097556084394457,0.0,0.022672670652686785,0.0,0.003890415877103759,0.22529088198520703,0
689,0.20914819779883723,0.0,-0.14185442741960286,0.0,0.19763074578798065,0.0,-0.24834209464956075,0.0,0.20730232842526713,0.0,-0.18203579507302492,0.0,0.19597659377523935,0.0,-0.18024406492710113,0.0,0.22445118442996442,0.0,-0.12221864381805063,0.0,0.2336374148317027,0.0,-0.0787824434041977,0.0,0.21719185070301916,0.0,-0.19991530526196585,0.0,0.20267616899379065,0.0,-0.2424358424026286,0.0,-0.006472028805046576,0.0,-0.10058141498302575,0.1690097905038949,0
690,0.187986996761263,0.0,-0.25611480275169013,0.0,0.19635980489724653,0.0,-0.24503168566152453,0.0,0.20029258190502616,0.0,-0.1616106616333127,0.0,0.19119361772621013,0.0,-0.24971388261765243,0.0,0.21463178886101086,0.0,-0.18172114115208388,0.0,0.21774175318310265,0.0,-0.22675416946411134,0.0,0.22006389773415969,0.0,-0.16175326734315604,0.0,0.22284789028720228,0.0,-0.17343440363183618,0.0,0.034860893525939296,0.0,0.08268039911985395,0.2574275111826198,0
691,0.23542042393786378,0.0,-0.05330179039388895,0.0,0.237458495388761,0.0,-0.05549462768714875,0.0,0.2249569001743135,0.0,-0.10022986827418208,0.0,0.1953966761910819,0.0,-0.2118617674987763,0.0,0.2173739640779974,0.0,-0.1469988185353577,0.0,0.24321631897537058,0.0,-0.07982690395787358,0.0,0.23300373032448832,0.0,-0.1629398323595524,0.0,0.22049246589007018,0.0,-0.18168143477407284,0.0,-0.014927958047793594,0.0,-0.1283796443801839,0.15329629144331902,0
692,0.11913333505661365,0.0025140235815608895,-0.37050096213817596,0.0,0.11437647750362454,0.0025140235815608895,-0.3839948360621929,0.0,0.1350309305908166,0.0025140235815608895,-0.36650411248207093,0.0,0.13829344654011572,0.0025140235815608895,-0.3995273618400097,0.0,0.14577982880266807,0.0025140235815608895,-0.3758668726682663,0.0,0.14845462765982553,0.0025140235815608895,-0.36483933493494985,0.0,0.428311463306858,0.3180351858462505,0.1221246632047405,0.9938550420168067,0.4173891754742464,0.3180351858462505,0.11201217609923333,0.9988550420168067,0.29825584041763276,0.3155211622646896,0.48251313823740927,0.706739506640228,1
693,0.17821805303638855,0.006269704958798759,-0.4053471477329731,0.0,0.17839854777854847,0.006269704958798759,-0.3819348374009132,0.0,0.20153491547601174,0.006269704958798759,-0.3626927660405636,0.0,0.3940528087623778,0.2123818721695232,0.10823854682734237,0.9710796674407888,0.3785180717999454,0.2123818721695232,0.12889905208954588,0.9975,0.38517997662119086,0.2123818721695232,0.1339798926608637,1.0,0.4090982880168243,0.2123818721695232,0.13395189752336592,0.98869,0.4000380488001538,0.2123818721695232,0.1230983572988771,1.0,0.22181999576376527,0.20611216721072445,0.5284455050318502,0.6118465835404081,0
694,0.12350694954989386,0.0016407524933507599,-0.3847381268441677,0.0,0.12269780435148109,0.0016407524933507599,-0.3641901244223118,0.0,0.1281257476855533,0.0016407524933507599,-0.3907598266005516,0.0,0.14209783615461233,0.0016407524933507599,-0.38117521032691004,0.0,0.14016233704947803,0.0016407524933507599,-0.3892765358090401,0.0,0.1534230427420408,0.0016407524933507599,-0.3656643581390381,0.0,0.17836685964816876,0.0016407524933507599,-0.4070744261145592,0.0,0.17272447979211095,0.0016407524933507599,-0.4034551078081131,0.0,0.04921753024221709,0.0,-0.018716980963945418,0.24769858147258536,0
695,0.05336214243229669,0.0,-0.35876111552119255,0.0025,0.04696848362677247,0.0,-0.37153124779462815,0.0,0.04652027853602067,0.0,-0.36958820387721064,0.0,0.04707717433270517,0.0,-0.37256826877593996,0.0,0.04336164789536957,0.0,-0.3946234917640686,0.0,0.055092686486841534,0.0,-0.38064320281147956,0.0,0.4309411580031512,0.8554748718393028,0.12352486302959732,0.8396242197132069,0.4219798453132955,0.8554748718393028,0.11909921548794955,0.8330497502405874,0.3686177028809988,0.8554748718393028,0.4778603310091421,0.9063843974525845,1
696,0.177609812718306,0.1511755644902655,-0.03930985161226999,0.0,0.17713435117719342,0.1511755644902655,-0.033753871410153805,0.0,0.17392748997357607,0.1511755644902655,-0.04619994367938489,0.0,0.17508892827636735,0.1511755644902655,-0.041222406627457533,0.0,0.1802251271406589,0.1511755644902655,-0.0361139580886811,0.0007567567567567567,0.1856747299544943,0.1511755644902655,-0.03150517368456349,0.0,0.20892969460706293,0.1511755644902655,-0.01958597097545862,0.001174698795180723,0.2023920981523913,0.1511755644902655,-0.03923128028298379,0.0,0.024782285434085283,0.0,7.857132928620197e-05,0.22657796013698367,0
697,0.20107900906352236,0.1632887035190101,-0.0321079801482847,0.0,0.20053206843130494,0.1632887035190101,-0.04067061223671772,0.0007567567567567567,0.19706292227324057,0.1632887035190101,-0.0363099969580071,0.0,0.19929643656693852,0.1632887035190101,-0.031152800509007646,0.0,0.2002445650173506,0.1632887035190101,-0.03571359173103701,0.003109310697911028,0.20002588336850505,0.1632887035190101,-0.03284703783341683,0.02275263961862758,0.19899822025293695,0.1632887035190101,-0.04041950920363888,0.0,0.19928671852759813,0.1632887035190101,-0.03620917853666469,0.0,-0.0017922905359242236,0.0,-0.004101198388379995,0.19757573328841233,0
698,0.1900894300114095,0.11778929879531513,-0.03847046871873317,0.003759842519685039,0.18991644017580986,0.11778929879531513,-0.03374035203829408,0.003759842519685039,0.18686992195971236,0.11778929879531513,-0.04488656912726583,0.003759842519685039,0.19050866837799366,0.11778929879531513,-0.039819495555857426,0.003759842519685039,0.1917377929660128,0.11778929879531513,-0.035542007718904645,0.003759842519685039,0.1925585229877271,0.11778929879531513,-0.03310431053949287,0.003759842519685039,0.1904593894964219,0.11778929879531513,-0.045465358819055834,0.003759842519685039,0.1880058473116878,0.11778929879531513,-0.04148747953164275,0.005093175853018372,-0.0020835826997216977,0.0,-0.0030170108129095805,0.19753469797616138,0
699,0.19142691270608864,0.11844192360385493,-0.04695842612651177,0.0,0.1900792850488264,0.11844192360385493,-0.03890472932784178,0.0,0.18813418234463897,0.11844192360385493,-0.045232160726450275,0.0,0.19134930969027933,0.11844192360385493,-0.04542815178167075,0.011379117378285468,0.19722307422137403,0.11844192360385493,-0.021193356357398444,0.008416892402551623,0.19298514429776475,0.11844192360385493,-0.03254537908593193,0.0,0.19272281405386682,0.11844192360385493,-0.03281069193442818,0.0034653173170393005,0.18847922899780914,0.11844192360385493,-0.04871254463214427,0.0,-0.002947683708279497,0.0,-0.0017541185056325,0.19693438591771306,0
700,0.19657489895631858,0.18078844807122832,-0.03970191914821044,0.0,0.1940466771157675,0.18078844807122832,-0.047215993456775324,0.0,0.19515657116288487,0.18078844807122832,-0.03546395937068155,0.0,0.19933909004287248,0.18078844807122832,-0.031054278758674628,0.0,0.19829812988566842,0.18078844807122832,-0.03094261431135237,0.0,0.19894010847261878,0.18078844807122832,-0.026572638596408068,0.0,0.19650253828326186,0.18078844807122832,-0.0417738184100017,0.0,0.19409273553181572,0.18078844807122832,-0.04801983991055749,0.0,-0.002482163424502859,0.0,-0.008317920762347053,0.19581626678515207,0
701,0.18252362501809186,0.12158508662622332,-0.04071027082332876,0.0,0.18269303988729013,0.12158508662622332,-0.026972783524543048,0.0,0.18102627084189205,0.12158508662622332,-0.037257813726319,0.0,0.18024832652273381,0.12158508662622332,-0.047352094403468076,0.0,0.18240163084485983,0.12158508662622332,-0.033656156174965875,0.0,0.18156958787449068,0.12158508662622332,-0.039078554299194365,0.005609310697911028,0.18551326664303805,0.12158508662622332,-0.03219956039742101,0.01129687515014256,0.18188036377255373,0.12158508662622332,-0.038631885613649504,0.0034653173170393005,-0.0006432612455381237,0.0,0.002078385209679255,0.2002995359887987,0
702,0.20456869957167456,0.1616650959625682,-0.037907584846107054,0.0,0.20442101912008984,0.1616650959625682,-0.03393804880557582,0.0,0.20303661224018796,0.1616650959625682,-0.03520672065671533,0.0,0.2053956693471988,0.1616650959625682,-0.03859736942686141,0.003109310697911028,0.20406851846060328,0.1616650959625682,-0.0449467248590372,0.0,0.20537059341438135,0.1616650959625682,-0.04361867196159437,0.0,0.20584121030635247,0.1616650959625682,-0.030363830715086807,0.0,0.2016760308731335,0.1616650959625682,-0.046738953560125085,0.0,-0.0028926686985410732,0.0,-0.008831368714018031,0.19525827836594184,0
703,0.19827355236164756,0.18210776011695823,-0.04000469406484626,0.0007567567567567567,0.19703578186879403,0.18210776011695823,-0.02626142423832789,0.0,0.19490293566186054,0.18210776011695823,-0.03228163528488949,0.0,0.19413037171149508,0.18210776011695823,-0.04629726775106974,0.0,0.19521120728379462,0.18210776011695823,-0.037811811382416634,0.00206433908045977,0.2010842435381459,0.18210776011695823,-0.03357767864712514,0.015071535054582454,0.19590452445100284,0.18210776011695823,-0.03716162936820183,0.0,0.19534287849592946,0.18210776011695823,-0.03296354439109564,0.0,-0.002930673865718103,0.0,0.007041149673750621,0.1991072614833826,0
704,0.26002468941355,0.1107347819616119,-0.03285623149480671,0.010921787709497206,0.25836874678061056,0.1107347819616119,-0.035850139698013664,0.003421787709497207,0.2541432716601422,0.1107347819616119,-0.04020704100781586,0.0009217877094972068,0.2575291070668117,0.1107347819616119,-0.03466147429135162,0.0009217877094972068,0.2568895135910481,0.1107347819616119,-0.0373454949266943,0.0009217877094972068,0.26071477872702103,0.1107347819616119,-0.034552188674570064,0.010921787709497206,0.2593106508967071,0.1107347819616119,-0.03430623601176194,0.010921787709497206,0.26211698844816544,0.1107347819616119,-0.02840014103334397,0.019661787709497208,0.0020922990346154413,0.0,0.004456090461462739,0.20376214802747272,0
705,0.2621807170095709,0.2280094376039774,-0.03765793513070093,0.039314781493938696,0.26469873657979903,0.2280094376039774,-0.02493614176288247,0.040597109080145584,0.26078305450225153,0.2280094376039774,-0.02932392233517021,0.025963757279591576,0.25926357070831785,0.2280094376039774,-0.044689655466936526,0.026857109080145592,0.2703076149527012,0.2280094376039774,-0.03876815981042455,0.03502195038395967,0.2730903544117105,0.2280094376039774,-0.03781309698475525,0.042872730126172334,0.27219256336555614,0.2280094376039774,-0.04280373279703781,0.04045043205935235,0.27494032657113615,0.2280094376039774,-0.026896889159397686,0.04376608192672635,0.012759609561565244,0.0,0.010761045971303246,0.2165376618105636,0
706,0.20832902124620306,0.12053451682153664,-0.027960664009442554,0.0,0.20217848270672573,0.12053451682153664,-0.04621299580205232,0.0,0.20049839059671776,0.12053451682153664,-0.04548625237192027,0.0,0.20171843813495802,0.12053451682153664,-0.04969471612246707,0.0,0.43422574090239185,0.26538739747871604,0.1977087413519621,0.004764784137150562,0.4271336759074672,0.26538739747871604,0.1878513182234019,0.014062374702060705,0.4450200129626687,0.26538739747871604,0.18251873034983873,0.001240234375,0.4381765923974882,0.26538739747871604,0.20718504022806883,0.010399018251625097,0.22984757115128512,0.14485288065717938,0.23514570423751138,0.5340602121398786,0
707,0.24249143976967963,0.1827630825453792,-0.03598033629357815,0.0,0.24287369222499317,0.1827630825453792,-0.02209992856158351,0.001174698795180723,0.23745836187977276,0.1827630825453792,-0.04526563180916128,0.0,0.23905563975828295,0.1827630825453792,-0.048754376136930656,0.0,0.25237017030044173,0.1827630825453792,-0.038640674486523495,0.0009217877094972068,0.25229021251509237,0.1827630825453792,-0.046804691585712134,0.0009217877094972068,0.25338198069499723,0.1827630825453792,-0.04222872221776924,0.0009217877094972068,0.2495420751578475,0.1827630825453792,-0.04252446969156153,0.0009217877094972068,0.0070506353881678585,0.0,-0.006544133397983383,0.20628714771603934,0
708,0.45115468915808954,0.3094715025471301,0.19214542496949436,0.0021590439454470317,0.45419273928070913,0.3094715025471301,0.18109887275844813,0.0025,0.45665359940256245,0.3094715025471301,0.1908417845517397,0.0,0.4657609912698173,0.3094715025471301,0.2145539481565356,0.0034097421203438394,0.4643234652404873,0.3094715025471301,0.18815678756684065,0.0,0.46262361914066713,0.3094715025471301,0.1954063523374498,0.0009097421203438396,0.4684850316306374,0.3094715025471301,0.19298234609887005,0.0,0.4501661857780136,0.3094715025471301,0.1882089614495635,0.0019343322842782658,-0.0009885033800759446,0.0,-0.0039364635199308495,0.19846233520684292,0
709,0.4502053772475902,0.21344591616069233,0.1958637472987175,0.0,0.4487563643950752,0.21344591616069233,0.2169661140628159,0.00506885539522152,0.4401449621572036,0.21344591616069233,0.20065922329202293,0.00616335645043561,0.44800544979799356,0.21344591616069233,0.2058912218734622,0.00506885539522152,0.4516859724226653,0.21344591616069233,0.1837205470353365,0.0,0.43065182383785094,0.21344591616069233,0.19931003266945482,0.018512280141558157,0.45346430581797664,0.21344591616069233,0.19153788056224585,0.0,0.45533038151464394,0.21344591616069233,0.21028863883577287,0.0012598425196850393,0.0051250042670537566,0.0,0.014424891537055368,0.2093975266269034,0
710,0.5170390321341838,0.29500024151308235,0.18401196235790848,0.0004672897196261683,0.5083117981144009,0.29500024151308235,0.20698007375001906,0.0004672897196261683,0.5035585172782333,0.29500024151308235,0.1829528445051983,0.0017075240946261682,0.522381763928962,0.29500024151308235,0.20540639897808433,0.0012490234657561992,0.5128365122392063,0.29500024151308235,0.1905140134273097,0.0004672897196261683,0.5284714257485059,0.29500024151308235,0.204593599550426,0.0004672897196261683,0.5254153389338977,0.29500024151308235,0.1938993262499571,0.0004672897196261683,0.5218247145725545,0.29500024151308235,0.18873519184067844,0.0004672897196261683,0.004785682438370742,0.0,0.004723229482769958,0.2066632364856044,0
711,0.3475564820059153,0.0026092759161416667,0.2126164561882615,0.045207575318276405,0.3548815926088024,0.0026092759161416667,0.18921999681741,0.026494495149500023,0.34442898845629033,0.0026092759161416667,0.1975873607955873,0.040207575318276394,0.3628241319240569,0.0026092759161416667,0.19460383493453265,0.03177974026673,0.36342085930040313,0.0026092759161416667,0.1958203127514571,0.020207575318276397,0.36246503868491453,0.0026092759161416667,0.18105589186307042,0.021779740266730005,0.36682063039003926,0.0026092759161416667,0.1927000379934907,0.01978326520297596,0.35636039086324917,0.0026092759161416667,0.21729394048452377,0.047146230985861036,0.008803908857333842,0.0,0.004677484296262274,0.2108824789495734,0
712,0.4369164865121809,0.21104887948766926,0.17018738837912678,0.001240234375,0.4300895994082522,0.21104887948766926,0.20068422054871918,0.0030837418907542213,0.43905897067327543,0.21104887948766926,0.2170749827567488,0.004111165705436318,0.4507289878479713,0.21104887948766926,0.19007915195077657,0.0,0.4456759232898649,0.21104887948766926,0.19489501349627972,0.0,0.45855676863545725,0.21104887948766926,0.1893787406757474,0.0,0.4379043383420782,0.21104887948766926,0.18454419672489167,0.0,0.44428813294195657,0.21104887948766926,0.19273672185838223,0.0,0.007371646429775669,0.0,0.022549333479255446,0.21375343137017447,0
713,0.42669433577943533,0.2490846572216045,0.1869219671562314,0.004139566395663956,0.40336732257121416,0.2490846572216045,0.18150619372725488,0.005164156559598383,0.42356480394373613,0.2490846572216045,0.19432801004499198,0.0016395663956639567,0.4223384252472735,0.2490846572216045,0.1894753348827362,0.012220083864041236,0.4185126859498917,0.2490846572216045,0.19133373716380447,0.0016395663956639567,0.4174448765258193,0.2490846572216045,0.19427880499511957,0.0016395663956639567,0.42620420876369247,0.2490846572216045,0.1912641232647002,0.0016395663956639567,0.42582170680146186,0.2490846572216045,0.17847123697400094,0.0025,-0.0008726289779734664,0.0,-0.00845073018223047,0.19747826923270126,0
714,0.34121748858708906,0.23532821481191946,0.13720820571295916,0.9974769198312237,0.343112964145906,0.23532821481191946,0.12959566846489906,1.0,0.33432209130611185,0.23532821481191946,0.11685997457010672,1.0,0.35536732341084276,0.23532821481191946,0.11089532190933823,1.0,0.35879650840832444,0.23532821481191946,0.1319875751575455,1.0,0.3383412449556982,0.23532821481191946,0.1118154256651178,1.0,0.3520694784385596,0.23532821481191946,0.11362329461611807,1.0,0.3636499026491913,0.23532821481191946,0.11412011479726061,1.0,0.022432414062102224,0.0,-0.02308809091569855,0.21842781353413057,0
715,0.29888729366628375,0.17990878226622675,0.1080326516740024,0.9896817582007484,0.32437358974519515,0.17990878226622675,0.12276275958516635,0.9980531989220482,0.3050911023876453,0.17990878226622675,0.1366114185610786,0.997872344891277,0.32213403084203146,0.17990878226622675,0.10883153899747412,0.9980730148753405,0.3263854284447452,0.17990878226622675,0.13235262932255865,0.9980730148753405,0.3055466442972801,0.17990878226622675,0.12252752798143775,0.9992441860465117,0.3107874381924446,0.17990878226622675,0.12877389122731983,0.9992441860465117,0.30026223455991924,0.17990878226622675,0.12224888027179986,0.995552768973701,0.00137494089363549,0.0,0.014216228597797462,0.2053982766957107,0
716,0.07077581192008275,0.0036552241014261065,-0.3655423307418823,0.0,0.31734617086607697,0.266243529911138,0.12877309968927875,0.9866269844190605,0.33174067681784014,0.266243529911138,0.13192877868103095,0.9891472303206997,0.35906594494515487,0.266243529911138,0.11991600362583994,0.9991472303206997,0.37835796838436764,0.266243529911138,0.11018906036857516,0.9925,0.36605023930065805,0.266243529911138,0.11708001766353845,0.9991472303206997,0.3812129113288424,0.266243529911138,0.12018546087841969,0.99046637925687,0.387586414020349,0.266243529911138,0.11761340596654918,0.989345303023686,0.31681060210026624,0.2625883058097119,0.4831557367084315,0.7140103395085573,1
717,0.09918629661964204,0.0,-0.39565614819526673,0.0,0.11368828394483643,0.0,-0.4037133125960827,0.0,0.116724167952385,0.0,-0.38870284795761106,0.0,0.13738574931098174,0.0,-0.3826712861657143,0.0,0.40715742110294406,0.4252152414525015,0.12506425715517253,0.9659783430185028,0.40555581459211104,0.4252152414525015,0.12922101098811253,0.9649225661260725,0.5279549613273712,0.21560499525936175,0.1927659362927079,0.017896708683473386,0.51593628929988,0.21560499525936175,0.1920328968577087,0.019989495798319327,0.41674999268023794,0.21560499525936175,0.5876890450529755,0.8338150183836345,1
718,0.10306853484624776,0.0,-0.3720992025732994,0.0,0.10313971860334238,0.0,-0.3499062518775463,0.00168848167539267,0.09792264691394202,0.0,-0.37596151262521743,0.0,0.11205189877630556,0.0,-0.3799441820383072,0.0,0.3951581980240203,0.30995682114649525,0.11318454672116786,0.9842987264662867,0.3916054128305517,0.3099568211464953,0.14076833404717035,0.9780177158919056,0.42584200633717906,0.3099568211464953,0.12203789031133055,0.99,0.41770612618496183,0.3099568211464953,0.12665872671990655,0.9967903975423836,0.31463759133871405,0.3099568211464953,0.49875792929320595,0.7266609324182817,1
719,0.1504678123053631,0.004085488963713281,-0.3586157736182213,0.001314102564102564,0.1423068359230539,0.004085488963713281,-0.3849881522357464,0.0,0.1496015427327732,0.004085488963713281,-0.3432812783122063,0.0,0.14343960201807412,0.004085488963713281,-0.3872602277994156,0.0,0.15100300621561383,0.004085488963713281,-0.4068494613468647,0.0,0.15701599232207267,0.004085488963713281,-0.37176512777805326,0.0,0.158829600658001,0.004085488963713281,-0.3862376597523689,0.0,0.15606887337822284,0.004085488963713281,-0.3722630476951599,0.0,0.0056010610728597365,0.0,-0.01364727407693861,0.20302064179960522,0
720,0.12073727537077919,0.001022093540592438,-0.3651374252140522,0.0,0.11895833752035587,0.001022093540592438,-0.35820011124014856,0.0,0.11868824083759799,0.001022093540592438,-0.36108874216675757,0.0,0.11091866320442997,0.001022093540592438,-0.40240992784500124,0.0,0.11181657898536893,0.001022093540592438,-0.39836981892585754,0.0,0.11081811153062682,0.001022093540592438,-0.41773529842495916,0.0,0.11600154069642823,0.001022093540592438,-0.38655210167169574,0.0,0.11048190545382423,0.001022093540592438,-0.39531682670116425,0.0,-0.010255369916954957,0.0,-0.030179401487112067,0.1822761376607267,0
721,0.19645296525128297,0.0,-0.2007144033210352,0.0,0.2110680201763167,0.0,-0.19606800995301454,0.0,0.21100439531778356,0.0,-0.14285774312374996,0.0,0.1855810228726496,0.0,-0.23392240142449736,0.0,0.20318507969737895,0.0,-0.18236505011096596,0.0,0.23888613783113433,0.0,-0.05389689520001412,0.0,0.1799729178566133,0.0,-0.2700252031907439,0.0,0.2332909002835561,0.0,-0.07213723653927445,0.0,0.03683793503227312,0.0,0.12857716678176076,0.27075433986091924,0
722,0.22628273807655575,0.0,-0.16904691924341023,0.0,0.24919299383102012,0.0,-0.08484659988433123,0.0,0.19926543250204268,0.0,-0.24828176759649068,0.0,0.24386056244749793,0.0,-0.09510836409404874,0.0,0.20015407369056293,0.0,-0.22949550989083944,0.0,0.2223590276640947,0.0,-0.1670071111735888,0.0,0.22151768449126905,0.0,-0.18635300590191037,0.0,0.20713940895844057,0.0,-0.16355783127248288,0.0,-0.01914332911811517,0.0,0.005489087970927342,0.18165805073811014,0
723,0.22077432350398385,0.0,-0.0796525746025145,0.0,0.24635196337057713,0.0,-0.0013182887085713445,0.0013695652173913045,0.21715134080139573,0.0,-0.12513847863767297,0.0,0.19538355537877733,0.0,-0.21554345240350814,0.0,0.21912911810209215,0.0,-0.11988061467418447,0.0,0.21951823273768375,0.0,-0.1503135965880938,0.0,0.21162292988726802,0.0,-0.2199866250809282,0.0,0.1939968729517332,0.0,-0.24197856496321038,0.0,-0.026777450552250642,0.0,-0.1623259903606959,0.1325036196015559,0
724,0.12378366513703953,0.0011975568163086012,-0.3648831966519356,0.0,0.11876122713621662,0.0011975568163086012,-0.3841108962893486,0.0,0.11341156260461346,0.0011975568163086012,-0.3827585569024086,0.0,0.12734570362451728,0.0011975568163086012,-0.3716705474257469,0.0,0.1319852303669614,0.0011975568163086012,-0.35772629544138906,0.0,0.13075997281209428,0.0011975568163086012,-0.3753959874808788,0.0,0.15253929044648873,0.0011975568163086012,-0.38035436406731604,0.0,0.15859103123560725,0.0011975568163086012,-0.35392168641090394,0.0,0.034807366098567716,0.0,0.010961510241031647,0.23979899627321363,0
725,0.1003664899473189,0.0,-0.3942748682200909,0.0,0.09855759649589499,0.0,-0.3846077620983124,0.0,0.09445222249910035,0.0,-0.4035757766664028,0.0,0.1080442806947858,0.0,-0.4006975656747818,0.0,0.11273312293130008,0.0,-0.373561075180769,0.0,0.11240587241209178,0.0,-0.37573406994342806,0.0,0.36564557314437357,0.2081863187445241,0.11444376818137243,0.9932995445018921,0.38700882029546896,0.2081863187445241,0.12876259077514987,0.9925,0.28664233034815007,0.2081863187445241,0.5230374589952408,0.6792542125459818,1
726,0.1079089686489155,0.00183152783361264,-0.35857448920607565,0.001314102564102564,0.09511387734272417,0.00183152783361264,-0.4130942615866661,0.0,0.09642024103640283,0.00183152783361264,-0.3994887413084507,0.0,0.12116852091285121,0.00183152783361264,-0.39532394766807555,0.0,0.12394948891638027,0.00183152783361264,-0.378250262439251,0.0,0.13193273482153522,0.00183152783361264,-0.39065198466181755,0.0,0.1619726472460608,0.00183152783361264,-0.38800878554582596,0.0,0.1796236579902421,0.00183152783361264,-0.3640862153470516,0.0,0.0717146893413266,0.0,-0.005511726140975948,0.2746194148108349,0
727,0.17224766897342128,0.10903802081968476,-0.3978414013981819,0.0,0.1745710201869069,0.10903802081968476,-0.36354432195425035,0.0,0.16949601092562144,0.10903802081968476,-0.38238030537962914,0.0,0.1968329666131389,0.10903802081968476,-0.3683612106740475,0.0,0.1984516974579385,0.10903802081968476,-0.3573058217763901,0.0,0.38312890894417134,0.20126371061439266,0.12895919508766382,0.9887100456621005,0.39750867647979615,0.20126371061439266,0.12702855973504484,0.995,0.4047720166257821,0.20126371061439266,0.10725783997215331,0.9975,0.23252434765236082,0.0922256897947079,0.5050992413703352,0.5906712433671983,0
728,0.12133763257098593,0.0,-0.3774718388915062,0.0,0.1204087843642623,0.0,-0.364456784427166,0.0,0.11325572301831022,0.0,-0.3960660523176193,0.0,0.1390829022026125,0.0,-0.38827070757746696,0.0,0.14203200393998427,0.0,-0.37006656259298326,0.0,0.14866711851882927,0.0,-0.3856105081737041,0.0,0.1723273830302433,0.0,-0.37718205139040945,0.0,0.16821147605119455,0.0,-0.3631471972167492,0.0,0.04687384348020862,0.0,0.014324641674757,0.25332678522552177,0
729,0.1702966005797241,0.11127086746940688,-0.03423102448752616,0.0,0.17083187121161547,0.11127086746940688,-0.026257160724926506,0.0,0.172107759085064,0.11127086746940688,-0.024377626259811224,0.0019314555519374796,0.18147628266049,0.11127086746940688,-0.03393741159699857,0.0,0.17960058923574324,0.11127086746940688,-0.03879189862520434,0.0,0.18083876361601706,0.11127086746940688,-0.03955720215191832,0.0,0.1873073615337726,0.11127086746940688,-0.03189924236074148,0.0007567567567567567,0.18333128111032368,0.11127086746940688,-0.023085122010670603,0.001174698795180723,0.013034680530599585,0.0,0.011145902476855554,0.21692155615066766,0
730,0.1840358754629552,0.1421661076821294,-0.03862463555764407,0.0,0.18246600473211194,0.1421661076821294,-0.041147640880662945,0.0,0.1820528698098809,0.1421661076821294,-0.038290747865103184,0.0,0.18181384063857406,0.1421661076821294,-0.050535701388143936,0.0013333333333333335,0.18323085529806524,0.1421661076821294,-0.04101959092076868,0.0,0.1880596629866887,0.1421661076821294,-0.026021425765138703,0.0,0.18379375878798204,0.1421661076821294,-0.04248005688015837,0.0,0.1824264698935686,0.1421661076821294,-0.04057172600194463,0.0,-0.0016094055693866016,0.0,-0.0019470904443005602,0.19829606486127643,0
731,0.1953723244515854,0.16849331551866026,-0.029508944236440585,0.0,0.19002158027667798,0.16849331551866026,-0.04600855252239853,0.0,0.19117158648743995,0.16849331551866026,-0.035533153470605615,0.0,0.193713582988858,0.16849331551866026,-0.03498485489049927,0.0,0.19314392796507063,0.16849331551866026,-0.0332039251702372,0.0,0.19227107786325473,0.16849331551866026,-0.04291489033726975,0.0,0.19384881774822518,0.16849331551866026,-0.03148812420520699,0.0,0.19044578865868778,0.16849331551866026,-0.04347107059089467,0.0,-0.004926535792897618,0.0,-0.013962126354454082,0.19185988225148254,0
732,0.17404806011190757,0.09163186573403186,-0.04830090747680515,0.0011507936507936507,0.17291917287939856,0.09163186573403186,-0.03963499310833868,0.0011507936507936507,0.17328253385184086,0.09163186573403186,-0.04063801344949752,0.0011507936507936507,0.17559664844440617,0.09163186573403186,-0.03672156347893178,0.0011507936507936507,0.17569714433860895,0.09163186573403186,-0.04299083265475929,0.022537589749552812,0.1724945420950153,0.09163186573403186,-0.048771720563527195,0.004616110967832951,0.1747273490096117,0.09163186573403186,-0.041720551367470764,0.0011507936507936507,0.17490624198406235,0.09163186573403186,-0.033286066219661736,0.0011507936507936507,0.0008581818721547785,0.0,0.015014841257143412,0.20504989643506882,0
733,0.20617177232464645,0.16906119791011656,-0.046403689060825856,0.0,0.2064531595828833,0.16906119791011656,-0.03789759514736943,0.0,0.20486352600751445,0.16906119791011656,-0.03456400970870163,0.0,0.20841792050323713,0.16906119791011656,-0.02964355327130761,0.0,0.2085139991530672,0.16906119791011656,-0.027718673074123217,0.0,0.20814557690407814,0.16906119791011656,-0.02979306232125964,0.0,0.20444863463210644,0.16906119791011656,-0.05313448669488935,0.0,0.20421405680129467,0.16906119791011656,-0.04322447129117791,0.0,-0.0019577155233517773,0.0,0.0031792177696479476,0.1991853780972111,0
734,0.20650567309629594,0.15143315335499893,-0.026624776045209728,0.0,0.2019603811880608,0.15143315335499893,-0.03920838605961762,0.0,0.2000705742757414,0.15143315335499893,-0.03978925956558669,0.0,0.20498398171489252,0.15143315335499893,-0.03739696430740878,0.017236885760904697,0.20268292685291156,0.15143315335499893,-0.030238096300745382,0.0,0.20420141117309817,0.15143315335499893,-0.037426034112577326,0.025266660346568617,0.20343630621019793,0.15143315335499893,-0.03705807120015379,0.00573635881433108,0.20238282569848132,0.15143315335499893,-0.036246477236272764,0.0,-0.004122847397814627,0.0,-0.009621701191063037,0.1937694844383719,0
735,0.19465292336865223,0.10851322464722112,-0.05037069202400744,0.0,0.19208112268973043,0.10851322464722112,-0.04002161363954656,0.006774241489329576,0.19597509985761102,0.10851322464722112,-0.022744847923731867,0.002318766591790892,0.19368581136497132,0.10851322464722112,-0.04379145951766986,0.00460938511364947,0.19412182081035015,0.10851322464722112,-0.030379216095316224,0.0011440677966101695,0.2031521519656677,0.10851322464722112,-0.016662974954888343,0.007540766249848507,0.19339499802613563,0.10851322464722112,-0.042110838756489105,0.002477401129943503,0.19604077317892218,0.10851322464722112,-0.03855070459248964,0.0,0.0013878498102699588,0.0,0.011819987431517798,0.20482475381440593,0
736,0.5126987260870655,0.7567117381491034,0.19226629547774793,0.017863619372671374,0.5079219912823355,0.7567117381491034,0.19919967278838158,0.017863619372671374,0.499920575081838,0.7567117381491034,0.2122702383622527,0.021564918073970075,0.49903542287888647,0.7567117381491034,0.19661909766495228,0.017863619372671374,0.5036350932364455,0.7567117381491034,0.1948049120476935,0.020363619372671376,0.5043369048281746,0.7567117381491034,0.1802665812149644,0.018669404496638314,0.5069124166229945,0.7567117381491034,0.22370672091841698,0.017863619372671374,0.5117217328511814,0.7567117381491034,0.2124500735476613,0.020363619372671376,-0.0009769932358840716,0.0,0.020183778069913366,0.2043842597452264,0
737,0.23789244633655074,0.15512407393497366,-0.03579727621050552,0.0,0.23651406204336486,0.15512407393497366,-0.030067341461544855,0.0,0.23480845489896623,0.15512407393497366,-0.035253622948075644,0.0,0.23594946179336898,0.15512407393497366,-0.0368580012768507,0.0,0.24985867837945258,0.15512407393497366,-0.019250311816576868,0.001174698795180723,0.2482858374143555,0.15512407393497366,-0.033899010586028455,0.0,0.24907767470412373,0.15512407393497366,-0.037510377299040554,0.0,0.24709308860713922,0.15512407393497366,-0.03746780229965225,0.0,0.009200642270588477,0.0,-0.0016705260891467302,0.20974481205526266,0
738,0.18745781413284696,0.129955758116239,-0.03572537910658866,0.0,0.18580003444348725,0.129955758116239,-0.03440922950627282,0.0,0.1829214234882439,0.129955758116239,-0.03582708017740515,0.001274703557312253,0.18521066117628504,0.129955758116239,-0.03398748609703034,0.0016447368421052633,0.19395626673267166,0.129955758116239,-0.04683963720919564,0.0,0.1980684985358295,0.129955758116239,-0.025701401884434746,0.0,0.19785294234142659,0.129955758116239,-0.03334933095378801,0.0,0.19561974142579638,0.129955758116239,-0.03758584834053181,0.0,0.008161927292949428,0.0,-0.0018604692339431461,0.20860469811523424,0
739,0.1978095126593578,0.14401390558003485,-0.0227312740101479,0.001174698795180723,0.19454610543562095,0.14401390558003485,-0.03566501028370112,0.0,0.191634126570259,0.14401390558003485,-0.044671728182584046,0.0,0.1969525702307037,0.14401390558003485,-0.03559638737700879,0.0,0.20688202681626522,0.14401390558003485,-0.03285899274749681,0.0,0.20657675642071008,0.14401390558003485,-0.03418224012959399,0.0,0.20816291008111848,0.14401390558003485,-0.03645044886972755,0.0,0.2048702104228991,0.14401390558003485,-0.03529845332988771,0.0,0.00706069776354129,0.0,-0.012567179319739809,0.20482200856713184,0
740,0.2289456141811743,0.17598379326411026,-0.03602636634837836,0.0007567567567567567,0.22564549125751637,0.17598379326411026,-0.04238585900311591,0.0,0.22310145919401747,0.17598379326411026,-0.04172804675879888,0.0,0.22684830037726295,0.17598379326411026,-0.03439144386677071,0.0,0.2285203516999636,0.17598379326411026,-0.033945898541714994,0.0,0.22681099512759184,0.17598379326411026,-0.030017027339781635,0.0,0.23246524263002905,0.17598379326411026,-0.02554791965696495,0.0007567567567567567,0.22624700106534484,0.17598379326411026,-0.02966950958565576,0.0,-0.0026986131158294457,0.0,0.006356856762722598,0.19918391700094742,0
741,0.22722225757310574,0.18294811010645717,-0.03698306136007887,0.0,0.22455912872772818,0.18294811010645717,-0.033325668670004235,0.0034653173170393005,0.22551857756052002,0.18294811010645717,-0.03766947062686086,0.0007567567567567567,0.22433154048750928,0.18294811010645717,-0.04417217781301588,0.0,0.22527489422450434,0.18294811010645717,-0.043872134659904985,0.0,0.22680202135205188,0.18294811010645717,-0.043794803525088355,0.0007567567567567567,0.2274285565765879,0.18294811010645717,-0.0373901547776768,0.0,0.2217519290507262,0.18294811010645717,-0.05100716068875045,0.0,-0.005470328522379553,0.0,-0.014024099328671581,0.19127218461524026,0
742,0.21735704180211668,0.10593622632780823,-0.03821049424739613,0.0007567567567567567,0.21108869399826374,0.10593622632780823,-0.049468829451216154,0.0034653173170393005,0.2114929452955396,0.10593622632780823,-0.04594064429984428,0.0,0.22346276538285956,0.10593622632780823,-0.04431001569377258,0.0,0.22296011947359765,0.10593622632780823,-0.04461105912923813,0.01343548213917241,0.22465857041065262,0.10593622632780823,-0.03908141636464279,0.0,0.22639675737429496,0.10593622632780823,-0.040859502046951095,0.0,0.22605650290383758,0.10593622632780823,-0.033344523566775024,0.008126404283669529,0.008699461101720901,0.0,0.004865970680621105,0.21081869662102248,0
743,0.2133315567072348,0.12329580119967264,-0.0369764263543766,0.0016447368421052633,0.2106415227849079,0.12329580119967264,-0.046476903388975185,0.0,0.21092377334101758,0.12329580119967264,-0.04245491562527604,0.0,0.41440263389142823,0.22022034277274533,0.19725286009095724,0.0053588286907459235,0.4076200185673223,0.22022034277274533,0.1945362846367061,0.0053588286907459235,0.4200188182292573,0.22022034277274533,0.19797865059226752,0.0012192622950819671,0.41883995022760445,0.22022034277274533,0.19589611548930408,0.0053588286907459235,0.3964646315820233,0.22022034277274533,0.16886224571615457,0.0076236532296803505,0.18313307487478847,0.09692454157307269,0.20583867207053116,0.46645084586313534,0
744,0.24011253798070276,0.1940471945432176,-0.04507210285286419,0.0,0.23877055467105707,0.1940471945432176,-0.039214373073773456,0.0,0.2383310545676844,0.1940471945432176,-0.038059227722505966,0.0,0.25163269303382574,0.1940471945432176,-0.03557303288951516,0.0009217877094972068,0.2524690401701695,0.1940471945432176,-0.028112477257964202,0.00990722456011135,0.25329422036845706,0.1940471945432176,-0.03555084401508793,0.0009217877094972068,0.2546983570096091,0.1940471945432176,-0.03089901646366343,0.0009217877094972068,0.2543687196434812,0.1940471945432176,-0.034042528151185254,0.0009217877094972068,0.014256181662778422,0.0,0.011029574701678937,0.21817906938567547,0
745,0.3437086098115985,0.3046581995017452,0.10002402681508102,0.9909249324057207,0.33697674834994196,0.3046581995017452,0.11459503625403158,1.0,0.3323718320320454,0.3046581995017452,0.10703386758737907,0.9970038627951305,0.3361806599710324,0.3046581995017452,0.12329067961778492,1.0,0.3345175087815074,0.3046581995017452,0.12822443993296473,1.0,0.34007746259366783,0.3046581995017452,0.12354895103722811,1.0,0.3427095543885617,0.3046581995017452,0.10641402154229582,0.997740548145246,0.40990563360780374,0.30356332019638727,0.2080277769267559,0.014637049730937981,0.06619702379620523,-0.0010948793053579542,0.10800375011167487,0.2963663305931697,0
746,0.3370048375225792,0.2511143921615166,0.11920244816457853,1.0,0.33462294767567086,0.2511143921615166,0.12478644310496748,1.0,0.33890408193122445,0.2511143921615166,0.11642670293571428,1.0,0.3340320093389306,0.2511143921615166,0.12208315206691622,0.9986281588447653,0.346191223978806,0.2511143921615166,0.13436096200719475,0.9963090128755365,0.33095679803301215,0.2511143921615166,0.11677698713727296,0.9970521003699111,0.3269399113529776,0.2511143921615166,0.11156457748264074,1.0,0.3406834984562973,0.2511143921615166,0.13021072855219246,1.0,0.003678660933718103,0.0,0.011008280387613922,0.20703767515275434,0
747,0.2859785738117187,0.2057162029696341,0.1255623445333913,0.9845274452512749,0.29488218804426375,0.2057162029696341,0.10657067040388939,1.0,0.2848413143279732,0.2057162029696341,0.10944922729860991,0.9816583125099531,0.30907935714384027,0.2057162029696341,0.10544089751085267,0.9981498451288644,0.30176947726735115,0.2057162029696341,0.11022296867915429,1.0,0.31445805505708907,0.2057162029696341,0.12410683915484697,1.0,0.3029881032391152,0.2057162029696341,0.1143571316136513,1.0,0.3266920243138472,0.2057162029696341,0.13601487012114377,1.0,0.04071345050212849,0.0,0.010452525587752476,0.2458923043753412,0
748,0.1327303770009765,0.0,-0.3656865096092224,0.0,0.13596161766039866,0.0,-0.3726660133898258,0.0,0.12933094661910097,0.0,-0.4055171363055706,0.0,0.1367515759820636,0.0,-0.3944803312420845,0.0,0.15846644294653156,0.0,-0.3463862480223179,0.00418848167539267,0.1752345522569914,0.0,-0.38032550424337386,0.0,0.18823987693981575,0.0,-0.3898393155634403,0.0,0.18227185852008648,0.0,-0.3874702203273773,0.0,0.049541481519109976,0.0,-0.021783710718154936,0.24728824942323963,0
749,0.1534874680018964,0.0035456222964904676,-0.3591856472194195,0.001314102564102564,0.1499361372369688,0.0035456222964904676,-0.40893724977970125,0.0,0.1550011269788915,0.0035456222964904676,-0.3849679557979107,0.0,0.16251992886131786,0.0035456222964904676,-0.36351568475365637,0.0,0.1813413399122843,0.0035456222964904676,-0.3971873778104782,0.0,0.20889191717327854,0.0035456222964904676,-0.36715259328484534,0.0,0.458136342937894,0.31181290378912563,0.11647859141579829,0.9960520833333334,0.4394929923636486,0.31181290378912563,0.1128314127237536,0.9985520833333333,0.2860055243617522,0.30826728149263516,0.4720170599431731,0.6895682816211455,1
750,0.10162116348341524,0.0032862483629678522,-0.3763013915717602,0.0,0.09088505386483167,0.0032862483629678522,-0.4088949932157993,0.0,0.09808589141480648,0.0032862483629678522,-0.3705700173974037,0.0,0.10028673791249054,0.0032862483629678522,-0.3681856715679169,0.0,0.11965807948037194,0.0032862483629678522,-0.3952802062034607,0.0,0.12869768907612808,0.0032862483629678522,-0.41329227179288863,0.0,0.16561719040016798,0.0032862483629678522,-0.3725715383887291,0.0,0.15397308831136447,0.0032862483629678522,-0.404068848490715,0.0,0.05235192482794923,0.0,-0.027767456918954825,0.2487810234714407,0
751,0.2812088318990179,0.0049332531177099835,-0.37608353286981583,0.0,0.27497043323060016,0.0049332531177099835,-0.3868968597054481,0.0,0.2796255555791201,0.0049332531177099835,-0.3625082053244114,0.005,0.2748171739918051,0.0049332531177099835,-0.39856760799884794,0.0,0.29250094405967253,0.0049332531177099835,-0.359012478441,0.014559941798861935,0.2880937713733471,0.0049332531177099835,-0.3823367074131966,0.00897126099467576,0.3043586349183801,0.0049332531177099835,-0.38295401632785797,0.014559941798861935,0.30008834665642525,0.0049332531177099835,-0.38309491276741026,0.014559941798861935,0.018879514757407345,0.0,-0.0070113798975944275,0.21862629207479822,0
752,0.16158345965327187,0.005563943280831838,-0.3991997489333153,0.0,0.16147378255342779,0.005563943280831838,-0.399022142291069,0.0,0.16512530566998956,0.005563943280831838,-0.36418716818094254,0.0,0.16624597649163317,0.005563943280831838,-0.3542983086407185,0.00168848167539267,0.1623490539791257,0.005563943280831838,-0.37533039927482603,0.0,0.16395835627656968,0.005563943280831838,-0.37943202793598174,0.0,0.16398544289237382,0.005563943280831838,-0.38035069167613983,0.0,0.16414269366832102,0.005563943280831838,-0.3746944595873356,0.0,0.00255923401504915,0.0,0.024505289345979675,0.2091660867722796,0
753,0.3313157173193478,0.29322430719832177,-0.15056315071647985,0.0030886808041861746,0.3644350855767056,0.29322430719832177,-0.08054718010127544,0.0075,0.3432466207242,0.29322430719832177,-0.13797155387699603,0.005588680804186175,0.3585065942894388,0.29322430719832177,-0.08356900663115084,0.005588680804186175,0.31755205773113576,0.29322430719832177,-0.21128260447643699,0.0030886808041861746,0.32338218402365027,0.29322430719832177,-0.09010865740478038,0.0005886808041861746,0.35195018186397004,0.29322430719832177,-0.062208423102274535,0.0030886808041861746,0.313193856270994,0.29322430719832177,-0.20964998305775226,0.0030886808041861746,-0.018121861048353782,0.0,-0.059086832341272405,0.16691143779917184,0
754,0.1786302638701106,0.0,-0.2976241813972592,0.0,0.20479370564887792,0.0,-0.254436116553843,0.0,0.2107462826395985,0.0,-0.213803929714486,0.0,0.24657554558039751,0.0,-0.09375989997759461,0.0,0.25106019014214664,0.0,-0.08302532146451995,0.0,0.1979376137430517,0.0,-0.2597591425245628,0.0,0.2344038928425082,0.0,-0.13826720910146834,0.0,0.19306765686761063,0.0,-0.2820712355244905,0.0,0.01443739299750002,0.0,0.01555294587276873,0.2194781425372741,0
755,0.21376328980198483,0.0,-0.1717767509818077,0.0,0.22564558335227916,0.0,-0.10314926257357002,0.0,0.17575937053586968,0.0,-0.2276424615814176,0.0,0.2185918552056868,0.0,-0.13292345583438872,0.0,0.21211178848932588,0.0,-0.12187101768795401,0.0,0.21247166106276869,0.0,-0.1602403797279112,0.0,0.25315767163163416,0.0,-0.008492975383996964,0.0013695652173913045,0.21331772041925606,0.0,-0.12848891150206326,0.0,-0.0004455693827287721,0.0,0.04328783947974443,0.21060457867266924,0
756,0.11744208309874857,0.00292958801631367,-0.4032139900326729,0.0,0.12127489579738286,0.00292958801631367,-0.3600409564375877,0.0,0.11913174026282954,0.00292958801631367,-0.3621386644244194,0.0,0.11219393852565378,0.00292958801631367,-0.40761488243937494,0.0,0.11843741528111904,0.00292958801631367,-0.38037358194589616,0.0,0.11832550728234051,0.00292958801631367,-0.3878224778175354,0.0,0.12765205789021758,0.00292958801631367,-0.40603666976094244,0.0,0.13403095621467823,0.00292958801631367,-0.37683738604187966,0.0,0.01658887311592966,0.0,0.026376603990793224,0.22439520604123947,0
757,0.19648429763661693,0.3410261033336495,-0.3660715827345848,0.0,0.19198403374288864,0.3410261033336495,-0.37151812374591825,0.0,0.1912050995774413,0.3410261033336495,-0.36944318532943726,0.0,0.19247045032126653,0.3410261033336495,-0.37410556599497796,0.0,0.19569626180512825,0.3410261033336495,-0.3596080733835697,0.0,0.18823111422112435,0.3410261033336495,-0.40119838804006575,0.0,0.20008043587342234,0.3410261033336495,-0.4056372117996216,0.0,0.3920752012638496,0.20589941678759452,0.11279298724239198,0.9690170505044218,0.19559090362723267,-0.135126686546055,0.4788645699769768,0.49200821401026085,0
758,0.19063129577633958,0.006205931246125942,-0.41345660388469696,0.0,0.19056298681326594,0.006205931246125942,-0.3921627089381218,0.0,0.1892586625643699,0.006205931246125942,-0.3917651101946831,0.0,0.20097461542658912,0.006205931246125942,-0.3990154540538788,0.0,0.20308727869083604,0.006205931246125942,-0.39312424659729006,0.0,0.2204841062988514,0.006205931246125942,-0.40896785527467727,0.0,0.2402755820625407,0.006205931246125942,-0.3622125069797039,0.0025,0.4247801938769323,0.27163649431811043,0.12193034867275855,1.0,0.2341488981005927,0.2654305630719845,0.5353869525574555,0.6404471946354615,0
759,0.12558935040890024,0.0071244856895054725,-0.3753549306094646,0.0,0.12132183389187387,0.0071244856895054725,-0.3796383161842823,0.0,0.1306251019064195,0.0071244856895054725,-0.3792603665590286,0.0,0.37719637880474527,0.20847064079206012,0.12863362219533883,0.9735641487907519,0.38496721006310797,0.20847064079206012,0.1270444469200447,0.9572521769357702,0.4102808408973152,0.20847064079206012,0.1368208990484709,0.9634219593209495,0.4027997211110059,0.20847064079206012,0.12469356138084549,0.954850325790834,0.3920187525012715,0.20847064079206012,0.11659794923849404,0.9287978656963657,0.26642940209237126,0.20134615510255466,0.49195287984795866,0.6487524314140566,0
760,0.12362171585331687,0.001738730982654425,-0.3634242357313633,0.0,0.12444639085974944,0.001738730982654425,-0.3797606711089611,0.0,0.1308784967221438,0.001738730982654425,-0.3981747896969318,0.0,0.42440334801723706,0.2759691613109987,0.11539294170099311,1.0,0.40835528168393775,0.2759691613109987,0.12804092238191514,0.99,0.41897110376138136,0.2759691613109987,0.1166768643973046,0.9858000895596541,0.4526723913450088,0.2759691613109987,0.12334843711694703,0.9985520833333333,0.44998588921384075,0.2759691613109987,0.12365956518799066,0.9985520833333333,0.32636417336052387,0.27423043032834427,0.48708380091935394,0.7277628879156361,1
761,0.19397642680149638,0.1848149161531295,-0.042771696162817535,0.0,0.20227516249890712,0.1848149161531295,-0.037516040222253653,0.0,0.2105636385852092,0.1848149161531295,-0.039563278150744736,0.0,0.22627884770444165,0.1848149161531295,-0.04743870098842308,0.0,0.22956548110582037,0.1848149161531295,-0.03367159872541379,0.0,0.22901968350719284,0.1848149161531295,-0.04179712348501198,0.0007567567567567567,0.22920724012537771,0.1848149161531295,-0.03826015657163225,0.0,0.22810926052989175,0.1848149161531295,-0.03541067644371651,0.0034653173170393005,0.03413283372839537,0.0,0.007361019719101025,0.23820666618059474,0
762,0.19256144357175026,0.11578247417981731,-0.04433602206292562,0.0,0.19707539396598733,0.11578247417981731,-0.04464385446393862,0.0,0.19933070389576737,0.11578247417981731,-0.03004160498676356,0.0,0.20025398126408742,0.11578247417981734,-0.033046671336051076,0.0,0.19974939833074512,0.11578247417981731,-0.03786540480563417,0.0,0.1999405329203695,0.11578247417981731,-0.04040943518572021,0.0,0.1980111019319159,0.11578247417981731,-0.03943449338577921,0.0,0.19858860992952784,0.11578247417981731,-0.03202101559960283,0.0,0.006027166357777586,0.0,0.012315006463322786,0.20983038455608324,0
763,0.19022572619912573,0.1525415116381529,-0.03927698702260386,0.0011440677966101695,0.1893263348206082,0.1525415116381529,-0.04185196567326784,0.002361740210403273,0.18959433677735196,0.1525415116381529,-0.036120094319339845,0.0011440677966101695,0.1935295630440632,0.1525415116381529,-0.026641906072036363,0.0,0.19072859999936026,0.1525415116381529,-0.03413834081991809,0.0011440677966101695,0.19523230377552242,0.1525415116381529,-0.020808391538448632,0.002318766591790892,0.1870404662900535,0.1525415116381529,-0.04787604700832162,0.0011440677966101695,0.18872369130498656,0.1525415116381529,-0.03211218728218228,0.0011440677966101695,-0.0015020348941391648,0.0,0.007164799740421585,0.20064165065416875,0
764,0.2018327324520476,0.2064301883506589,-0.029721132930135355,0.0,0.19803641598584695,0.2064301883506589,-0.029189230504925945,0.0,0.20024352174698606,0.2064301883506589,-0.0224303343356587,0.005595796565335097,0.20313699416537442,0.20643018835065888,-0.022171340414206497,0.0019314555519374796,0.1948237833081552,0.2064301883506589,-0.04843805778640672,0.0,0.19748725800731945,0.20643018835065888,-0.042073224781197495,0.0,0.19628051369747607,0.2064301883506589,-0.0421992508135736,0.0,0.19460122562802531,0.2064301883506589,-0.039547147692646833,0.0011440677966101695,-0.0072315068240222935,0.0,-0.009826014762511479,0.1904465801243454,0
765,0.3594167690383747,0.32752340120693924,0.11236009753076359,0.9937885210722577,0.3346499654786539,0.32752340120693924,0.12401429514633491,1.0,0.3335963296302213,0.32752340120693924,0.1268054821866099,0.9975,0.34409695647106947,0.32752340120693924,0.12974543674848973,1.0,0.333222451283133,0.32752340120693924,0.13100098062306642,0.9936882129277567,0.33476577709682565,0.32752340120693924,0.13015502151101827,0.9975,0.34656855935040887,0.32752340120693924,0.1145794674823992,0.9875452529529924,0.32927892696280037,0.32752340120693924,0.12514841504395008,0.9925,-0.03013784207557435,0.0,0.012788317513186487,0.17187127440969918,0
766,0.337583845782077,0.3363809232029373,0.12038242659531534,1.0,0.3346090537731909,0.3363809232029373,0.10459072736499365,0.997740548145246,0.33142193188520436,0.3363809232029373,0.12592987155308946,1.0,0.3316209269966778,0.3363809232029373,0.11035269600804895,1.0,0.33306732572469744,0.3363809232029373,0.12089239575667307,0.9975,0.3472915513200597,0.3363809232029373,0.12275228666607291,1.0,0.33159251298640063,0.3363809232029373,0.1284559698571684,0.995,0.3426943054242692,0.3363809232029373,0.1314197672047885,1.0,0.0051104596421922,0.0,0.011037340609473173,0.2085522150693175,0
767,0.28452825916773156,0.12161370325487281,0.1165154830319807,0.9619309749086181,0.27089553145253925,0.12161370325487281,0.12605715377256274,0.9635000779393387,0.2744174304563472,0.12161370325487278,0.11855147589463741,0.9698506078522535,0.2726499672822563,0.12161370325487281,0.12286380399018526,0.9652051722892229,0.2712546136438178,0.12161370325487278,0.12474708960420684,0.9674327527326693,0.2843165620974947,0.12161370325487281,0.1247021351661533,0.9608751980161878,0.27622098008141216,0.12161370325487278,0.11343194822780787,0.9468603197343621,0.28937307177923294,0.12161370325487278,0.11531569426413625,0.9776635204899,0.004844812611501381,-2.7755575615628914e-17,-0.001199788767844448,0.20527426488995623,0
768,0.45413837868625334,0.33412111824810564,0.19638481840491295,0.0,0.45487524483631114,0.33412111824810564,0.2209037035703659,0.0,0.45950734017214856,0.33412111824810564,0.19209454037249088,0.0,0.4575982542234808,0.33412111824810564,0.193308807015419,0.0,0.45350866347303376,0.33412111824810564,0.19566642604768275,0.0,0.4549946567734009,0.33412111824810564,0.18151930455118417,0.0,0.46177540815561796,0.33412111824810564,0.19721016969531774,0.0,0.4520117252453986,0.33412111824810564,0.1906547327619046,0.0,-0.00212665344085472,0.0,-0.005730085643008365,0.19682461003901452,0
769,0.42720331658607147,0.2683213178137261,0.19834647491574287,0.0,0.4150147212893727,0.2683213178137261,0.20057337418198584,0.0,0.41562290021438825,0.2683213178137261,0.20481269052252174,0.0,0.4201455348626375,0.2683213178137261,0.21239887572824956,0.0,0.4204855740788109,0.2683213178137261,0.197876418530941,0.0,0.4267568026442793,0.2683213178137261,0.1957567372918129,0.0,0.42613421339363255,0.2683213178137261,0.2117999567463994,0.0,0.4336437838413876,0.2683213178137261,0.21262557804584503,0.0,0.006440467255316107,0.0,0.014279103130102166,0.21074674607294477,0
770,0.2335637957156616,0.1509564093172624,-0.04403099252493121,0.0,0.23331629249975347,0.1509564093172624,-0.03427484066458419,0.0,0.22991225865996065,0.1509564093172624,-0.04494192853104323,0.0013333333333333335,0.233750637054715,0.1509564093172624,-0.039888173462823036,0.0,0.2343465326524033,0.1509564093172624,-0.035744522528257223,0.0,0.2350232565471317,0.1509564093172624,-0.03171293115912704,0.0,0.23357319532134932,0.1509564093172624,-0.045006044291658324,0.0,0.23637233827895548,0.1509564093172624,-0.024680257885484023,0.001174698795180723,0.002808542563293881,0.0,0.019350734639447184,0.20816562253344015,0
771,0.21814850089654644,0.17717038758196296,-0.030335964025289285,0.0,0.21651823982246812,0.17717038758196296,-0.043330572410486635,0.0,0.2143615369382051,0.17717038758196296,-0.033022346057696265,0.0,0.21628689407334295,0.17717038758196296,-0.03648540945752757,0.0,0.2196124755524006,0.17717038758196296,-0.03224375496734865,0.0007567567567567567,0.216378122998077,0.17717038758196296,-0.038684711632231486,0.001274703557312253,0.21749722942701533,0.17717038758196296,-0.03579383014701307,0.0013333333333333335,0.21721382993887456,0.17717038758196296,-0.036225869320333004,0.0,-0.0009346709576718848,0.0,-0.0058899052950437195,0.19804038944944577,0
772,0.22607341075178908,0.16516878580053182,-0.04287739046383649,0.0032567567567567566,0.22834038009485902,0.16516878580053182,-0.025896984447026625,0.0032567567567567566,0.22383174473731307,0.16516878580053182,-0.041139552952954545,0.0056264042836695295,0.22286882278959502,0.16516878580053182,-0.0415905288587237,0.0025,0.2248450000442391,0.16516878580053182,-0.031240295217721724,0.0025,0.2240442425204846,0.16516878580053182,-0.04047146623604931,0.0025,0.22460315188755825,0.16516878580053182,-0.03801278430622915,0.0025,0.223179433040767,0.16516878580053182,-0.035844881500815974,0.0025,-0.0028939777110220666,0.0,0.007032508963020517,0.19914377866198035,0
773,0.21181820916918034,0.1657598810237022,-0.04201813780935481,0.0,0.2132101560665327,0.1657598810237022,-0.033528738722088745,0.0,0.21191225605466174,0.1657598810237022,-0.028228473595518153,0.0,0.21214375188365187,0.1657598810237022,-0.04147949489793973,0.0,0.21175078625401828,0.1657598810237022,-0.035224720853148025,0.0,0.21362198778207284,0.1657598810237022,-0.03712315482276608,0.0,0.21573651906551033,0.1657598810237022,-0.028387091542681445,0.0,0.2123555801077636,0.1657598810237022,-0.04370454928168328,0.0007567567567567567,0.0005373709385832481,0.0,-0.0016864114723284737,0.20062009435140693,0
774,0.1761134420192863,0.11685833767543449,-0.033755049902247265,0.0,0.17265115123815925,0.11685833767543452,-0.04442872622035793,0.0,0.17439692758135217,0.11685833767543452,-0.03956304212217219,0.0,0.18565202147714296,0.11685833767543452,-0.03647355522727594,0.0034653173170393005,0.1851523132897632,0.11685833767543452,-0.04076319344661897,0.0,0.18854056259264718,0.11685833767543452,-0.030802926905453207,0.0,0.18874770236644323,0.11685833767543452,-0.026453352535972953,0.0,0.18105984051389665,0.11685833767543452,-0.051158774035829996,0.0,0.004946398494610343,2.7755575615628914e-17,-0.01740372413358273,0.2014110185985443,0
775,0.2553244858405735,0.35007074409283667,-0.04280800204804109,0.003722943722943723,0.25405912890601506,0.35007074409283667,-0.04136818152474007,0.003722943722943723,0.2534270380311208,0.35007074409283667,-0.04070129840434675,0.003722943722943723,0.26464301583354705,0.35007074409283667,-0.04013530854368583,0.029962943722943725,0.2639320971176231,0.35007074409283667,-0.04569360608584248,0.026569591922389706,0.26396756522654347,0.35007074409283667,-0.04621985427569598,0.027462943722943726,0.26820128427378365,0.35007074409283667,-0.041270108849857934,0.029962943722943725,0.2624289958053252,0.35007074409283667,-0.04149420451256446,0.024962943722943724,0.007104509964751704,0.0,0.0013137975354766268,0.20826917392039845,0
776,0.20239053915051297,0.12445880323059673,-0.03119022292608861,0.0,0.20070337885629844,0.12445880323059673,-0.03879068559821462,0.0,0.1988229201972295,0.12445880323059673,-0.03285132049262757,0.0,0.2125202900588451,0.12445880323059673,-0.024851937972707672,0.012965444092247869,0.21201193554446693,0.12445880323059673,-0.037003564981278034,0.0,0.2118431247777752,0.12445880323059673,-0.03539873884408735,0.0,0.21505619055460887,0.12445880323059673,-0.03606602575833676,0.0016447368421052633,0.21503184858941482,0.12445880323059673,-0.03213633115839912,0.0,0.012641309438901849,0.0,-0.0009461082323105087,0.21354469227486275,0
777,0.32836556924436133,0.29138716255422054,0.12222458091564477,0.9982280219780219,0.3420915683508763,0.29138716255422054,0.13112534625455738,0.9982280219780219,0.32174896007881226,0.29138716255422054,0.1196081514438265,0.9957049418092455,0.32729929790282225,0.29138716255422054,0.14926543357782066,0.8656243286149922,0.3329273057920232,0.29138716255422054,0.12558344897581264,0.9957280219780219,0.33644720071870404,0.29138716255422054,0.12579132115002722,0.9982280219780219,0.33882920320762305,0.29138716255422054,0.11135609296616167,0.9957280219780219,0.3474657436302389,0.29138716255422054,0.12198668698780239,0.9957280219780219,0.019100174385877577,0.0,-0.00023789392784237529,0.22051820752155402,0
778,0.346577584834959,0.31906874752034575,0.11054532728041522,0.9925448539930994,0.34767368845835595,0.31906874752034575,0.13178421584889294,0.9975,0.3596511334703134,0.31906874752034575,0.11008390802890063,0.991219262295082,0.35387628541207367,0.31906874752034575,0.11730915452237241,1.0,0.3368474395401547,0.31906874752034575,0.11846606103703379,1.0,0.3395869924057968,0.31906874752034575,0.11235951378883328,1.0,0.34101494934406773,0.31906874752034575,0.1070032343378989,1.0,0.3483323099018977,0.31906874752034575,0.11757008926942944,1.0,0.0017547250669386893,0.0,0.007024761989014222,0.2040361064612921,0
779,0.2093701193106421,0.001751036066861171,0.10800569583603646,0.8776888970795415,0.1883369343319933,0.001751036066861171,0.11587063567130826,0.9146107078006311,0.1925418789064673,0.001751036066861171,0.121647480002066,0.9048120571502584,0.19604608082552924,0.001751036066861171,0.11177813592832536,0.9077983733994968,0.198177480989395,0.001751036066861171,0.13118652126431699,0.9070677935761192,0.21588485604414592,0.001751036066861171,0.11051318965153768,0.8655093040496752,0.20336806426188742,0.001751036066861171,0.12552148420363665,0.901209058991161,0.1999324209845268,0.001751036066861171,0.11634725916897878,0.9008771143490272,-0.009437698326115296,0.0,0.008341563332942323,0.19257518593086698,0
780,0.13783562268246624,0.0,-0.40290341675281527,0.0,0.13026380734890936,0.0,-0.41374551117420194,0.0,0.13634770895135567,0.0,-0.3766637413203716,0.0,0.14355326499283938,0.0,-0.36314006268978116,0.0,0.14050837394854088,0.0,-0.37244951888918876,0.0,0.4251804271248055,0.22944900911227778,0.11196203386643902,0.9887192622950819,0.4254084864157376,0.22944900911227778,0.11280200019478798,0.9975,0.4082149293630423,0.22944900911227778,0.12817693485994824,0.9887397540983607,0.2703793066805761,0.22944900911227778,0.5310803516127636,0.6690924294293563,1
781,0.11112224819465864,0.0,-0.3810126480460167,0.0,0.11206619775546804,0.0,-0.35189595207571983,0.00168848167539267,0.10766392105342842,0.0,-0.36945091545581815,0.0,0.12986092095624804,0.0,-0.3729980316758156,0.0,0.1270629482522761,0.0,-0.37340719789266585,0.0,0.4243128133611082,0.3261906584528098,0.12414851420478953,0.99,0.4311468584223688,0.3261906584528098,0.12352373846340925,0.9875,0.42663129162170205,0.3261906584528098,0.106351931351237,0.9947819189014231,0.3155090434270434,0.3261906584528098,0.4873645793972537,0.7285963473341618,1
782,0.10001482784141753,0.0037058456480089973,-0.38412934362888335,0.0,0.09022124717507385,0.0037058456480089973,-0.4124531078338623,0.0,0.09266391395311413,0.0037058456480089973,-0.40016176462173464,0.0,0.11892710564476493,0.0037058456480089973,-0.371875416636467,0.0,0.11474115567918297,0.0037058456480089973,-0.38359636306762696,0.0,0.12363807357250378,0.0037058456480089973,-0.40427887633442877,0.0,0.42217980603541116,0.29253211693101794,0.11642599812708795,0.9880886808041862,0.4226860263682116,0.29253211693101794,0.11102174133062363,0.9930886808041862,0.3226711985267941,0.2888262712830089,0.495151084959507,0.7292765631643494,1
783,0.1037085111701573,0.0018985308683204022,-0.35708177715539935,0.001314102564102564,0.09428449231676737,0.0018985308683204022,-0.38780919045209883,0.0,0.09743047482299526,0.0018985308683204022,-0.3716244637966156,0.0,0.10933037325885496,0.0018985308683204022,-0.42384575694799426,0.0,0.11094514470034272,0.0018985308683204022,-0.40402744635939597,0.0,0.1145601799138595,0.0018985308683204022,-0.38392527878284455,0.0,0.12874152852394574,0.0018985308683204022,-0.3949737870693207,0.0,0.125069525641884,0.0018985308683204022,-0.38336255177855494,0.0,0.02136101447172671,0.0,-0.02628077462315559,0.21651757405779118,0
784,0.11357465091397842,0.0,-0.40252824530005454,0.0,0.11797685270731346,0.0,-0.37298037454485894,0.0,0.11206542865769976,0.0,-0.3917445620894432,0.0,0.11968513600831623,0.0,-0.36659977853298187,0.0,0.11256193969040228,0.0,-0.39905047342181205,0.0,0.11187895785134795,0.0,-0.398901998847723,0.0,0.11648409892899288,0.0,-0.3822800379991531,0.0,0.11904434525042328,0.0,-0.3653046531975269,0.0,0.005469694336444855,0.0,0.037223592102527625,0.2153464315457379,0
785,0.21120424009426148,0.0,-0.1353780135512352,0.0,0.2402431485545698,0.0,-0.0660739368898794,0.0,0.2065859775145042,0.0,-0.1645507318060845,0.0037176724137931035,0.19891578297030957,0.0,-0.22102327139116823,0.0,0.22081546982147332,0.0,-0.12716399922966956,0.0,0.20698048814323797,0.0,-0.17146034704521299,0.0,0.20154285210238773,0.0,-0.17371123041957617,0.0,0.22998651704881815,0.0,-0.11031996075063943,0.0,0.01878227695455667,0.0,0.025058052800595754,0.226381391375555,0
786,0.2356520275799401,0.0,-0.1219424390187487,0.0,0.24930822228841015,0.0,-0.07160141324566212,0.0,0.24088641649460496,0.0,-0.06266975402832031,0.0,0.21111654032192217,0.0,-0.2124065412231721,0.0,0.23382949499386196,0.0,-0.13733490262180567,0.0,0.22461092697350274,0.0,-0.16966735132038593,0.0,0.22269121815407975,0.0,-0.18639028180856257,0.0,0.23895245502453627,0.0,-0.10747494077309966,0.0,0.00330042744459616,0.0,0.014467498245649038,0.20748702328921448,0
787,0.22749608964714885,0.0,-0.14550166633562184,0.0,0.19434758952937176,0.0,-0.24507050545420497,0.0,0.24355600294084356,0.0,-0.09165149628184736,0.0,0.22084744974556708,0.0,-0.0870342550240457,0.0,0.2176407445446463,0.0,-0.2231893362570554,0.0,0.23527366328874597,0.0,-0.10889839420095086,0.0,0.22566644900002808,0.0,-0.16236204439541324,0.0,0.20627511689245326,0.0,-0.1969712700229138,0.0,-0.02122097275469559,0.0,-0.051469603687291976,0.16551497593428574,0
788,0.2334043701586671,0.1262357716705975,-0.3849939170479775,0.0,0.23064155418599278,0.1262357716705975,-0.36829484239220617,0.0,0.22999099808532952,0.1262357716705975,-0.3709659643471241,0.0,0.2340479550147828,0.1262357716705975,-0.3750048254430294,0.0,0.2338740656719453,0.1262357716705975,-0.3834902760386467,0.0,0.24022350122048436,0.1262357716705975,-0.36055986434221265,0.0,0.24001792573449085,0.1262357716705975,-0.36462392047047615,0.0,0.2390505545425065,0.1262357716705975,-0.3871458622813225,0.0,0.005646184383839403,0.0,-0.0021519452333449984,0.20588466939719616,0
789,0.15227384429024138,0.0023952643433540564,-0.3862175837159157,0.0,0.14690215742993942,0.0023952643433540564,-0.4032592996954918,0.0,0.14758868191080635,0.0023952643433540564,-0.3893112942576408,0.0,0.14679297128604663,0.0023952643433540564,-0.40507622390985487,0.0,0.1518280178403581,0.0023952643433540564,-0.3914280961453915,0.0,0.15062041503209003,0.0023952643433540564,-0.39508113846182824,0.0,0.1543422532763296,0.0023952643433540564,-0.3849018633365631,0.0,0.17414279967540636,0.0023952643433540564,-0.3637666541337967,0.0,0.02186895538516498,0.0,0.022450929582118972,0.22899231126511044,0
790,0.1523531379297252,0.0,-0.3761911879479885,0.0,0.14967540876258378,0.0,-0.3691993269324303,0.0,0.14048580204971872,0.0,-0.4069576659798622,0.0,0.15474392806311119,0.0,-0.40020317301154135,0.0,0.15753764185118993,0.0,-0.40741957366466525,0.0,0.17106707057825052,0.0,-0.3893809762597084,0.0,0.1723938304333249,0.0,-0.38907756090164186,0.0,0.18735669076923048,0.0,-0.3864895287156105,0.0,0.035003552839505264,0.0,-0.010298340767621983,0.2347965750933279,0
791,0.14444383277515874,0.0023981516512303087,-0.4108541865646839,0.0,0.14262097034890717,0.0023981516512303087,-0.3929709169268608,0.0,0.14973571900324834,0.0023981516512303087,-0.4021550177037716,0.0,0.1820454184318097,0.0023981516512303087,-0.3838929045200348,0.0,0.18331403804288496,0.0023981516512303087,-0.3875773583352566,0.0,0.4462095683845527,0.20899638298917872,0.12271145851351321,0.9897967641843972,0.4478895751739047,0.20899638298917872,0.11535128628602251,0.991151806201204,0.4662179458947393,0.20899638298917872,0.13252229201607407,0.9799608190767405,0.3217741131195806,0.2065982313379484,0.543376478580758,0.720852183033626,1
792,0.21350881396305427,0.00531377025559463,-0.3821102632582188,0.0,0.2138318734475924,0.00531377025559463,-0.38909149065613746,0.0,0.36682704728237125,0.2353913962676645,0.11348133183084429,0.9991472303206997,0.4595470204266779,0.26451668363960423,0.19839521065354349,0.018037748045225104,0.47062094216566247,0.26451668363960423,0.2170253386348486,0.0125,0.47157939542393396,0.26451668363960423,0.2101214566535782,0.01240351393075057,0.47755012492759746,0.26451668363960423,0.1980470661073923,0.01,0.48378648303211197,0.26451668363960423,0.1943966447468847,0.01,0.2702776690690577,0.2592029133840096,0.5765069080051035,0.6870977072591141,1
793,0.2910229694711758,0.20818421429309264,0.1303471324965358,0.995,0.39981021874130296,0.3529154601266058,0.17774559848941862,0.006882018480389631,0.41015751060309047,0.3529154601266058,0.19749155454337597,0.01026127225718083,0.4287151869629053,0.3529154601266058,0.18842548666521908,0.0,0.42914529324619066,0.3529154601266058,0.21027862295508384,0.005865686114585033,0.4301788068013681,0.3529154601266058,0.20004656206816435,0.0066633176520110695,0.4185458006659072,0.3529154601266058,0.19950794827193022,0.011090093801490007,0.42614492368534207,0.3529154601266058,0.18482831038534642,0.0,0.13512195421416628,0.14473124583351316,0.05448117788881063,0.39003766959218694,0
794,0.3126156682937582,0.23946431492596,0.12084836717287545,1.0,0.3299834545505472,0.23946431492596,0.11363269347581081,1.0,0.3137096846112539,0.23946431492596,0.13898894671350717,0.9869993705490127,0.33056645850151134,0.23946431492596,0.11537720466731116,1.0,0.3337686208841973,0.23946431492596,0.12962899703648872,1.0,0.33293131310197466,0.23946431492596,0.10583548864116893,0.9850112027104982,0.3083779490149918,0.23946431492596,0.1128104108851403,1.0,0.3213984418108406,0.23946431492596,0.11538479768089019,1.0,0.008782773517082398,0.0,-0.0054635694919852595,0.20837552314509833,0
795,0.3072748993910324,0.2503678022753887,0.12941522157401777,1.0,0.3055596931108646,0.2503678022753887,0.124007699295762,1.0,0.3237683902327577,0.2503678022753887,0.11714573036413639,0.9987017167381974,0.3120053862132715,0.2503678022753887,0.1254187076119706,1.0,0.32071751786050284,0.2503678022753887,0.11856081617122982,1.0,0.3128787067990493,0.2503678022753887,0.13091158462921157,0.9975,0.30938227319489203,0.2503678022753887,0.12923582438845188,1.0,0.3114446635012766,0.2503678022753887,0.11502591401338577,1.0,0.004169764110244167,0.0,-0.014389307560632003,0.2013319414140252,0
796,0.34073835224974297,0.28629702871978574,0.13082854597363622,1.0,0.3235243911507455,0.28629702871978574,0.11686470175394788,1.0,0.3353569117856147,0.28629702871978574,0.11264880738919601,0.9988090128755366,0.32436728875380033,0.28629702871978574,0.13435731698758901,1.0,0.3212527507113922,0.28629702871978574,0.10677025730023161,1.0,0.33254301955719895,0.28629702871978574,0.11573194212745876,0.9983503836317135,0.3184896882945332,0.28629702871978574,0.11121838557301089,1.0,0.3101652215581973,0.28629702871978574,0.1283070160401985,0.9987397540983607,-0.030573130691545658,0.0,-0.0025215299334377106,0.16766186278618564,0
797,0.37088776968382486,0.33405809753727717,0.11567901107016951,0.9800243621898206,0.34824241656074445,0.33405809753727717,0.14499460254097357,0.9954225793915167,0.33561601728702517,0.33405809753727717,0.11924015855038306,1.0,0.3507787048294275,0.33405809753727717,0.12984962869435548,1.0,0.34086247643813017,0.33405809753727717,0.10730514017748646,1.0,0.3593913777889054,0.33405809753727717,0.11996524793095886,1.0,0.33779949709805673,0.33405809753727717,0.11721418888308108,0.9991884816753926,0.3261499849017412,0.33405809753727717,0.10717995321843773,0.9961679670261172,-0.04473778478208368,0.0,-0.008499057851731773,0.15128451628087974,0
798,0.3378983224518176,0.3071695690970449,0.1343268207926303,1.0,0.3590823939498903,0.3071695690970449,0.12171331288991497,1.0,0.34747012928530463,0.3071695690970449,0.11470649629598484,1.0,0.3466979767431292,0.3071695690970449,0.12407721957890316,1.0,0.34739034052684503,0.3071695690970449,0.12577063835429725,1.0,0.34673945460122796,0.3071695690970449,0.11910561555298045,1.0,0.3524333973297441,0.3071695690970449,0.1322345700976439,1.0,0.34715883706334383,0.3071695690970449,0.13248221561545506,1.0,0.009260514611526216,0.0,-0.0018446051771752459,0.20976519469539454,0
799,0.3175040843441066,0.20855972649597107,0.12906648599077017,1.0,0.3246947694435113,0.20855972649597107,0.1252277359494474,0.9975,0.3231891974902832,0.20855972649597107,0.11206293522292982,1.0,0.3261614010081607,0.20855972649597107,0.12798714261502028,1.0,0.3303560954691578,0.20855972649597107,0.11997387374402024,1.0,0.31887903452130073,0.20855972649597107,0.12932374836178495,1.0,0.32254759512106257,0.20855972649597107,0.12655747113283725,1.0,0.33429718320309443,0.20855972649597107,0.11100943287834525,0.996219262295082,0.01679309885898783,0.0,-0.01805705311242492,0.21372333228890722,0
800,0.6171140773820342,0.7911095545916788,0.19334064815193414,0.0,0.6160823359081596,0.7911095545916788,0.19741082476451993,0.0,0.6200785401343063,0.7911095545916788,0.19912707563489676,0.0,0.6236340221155645,0.7911095545916788,0.2039386962959543,0.0,0.6168153113659305,0.7911095545916788,0.19169126899912953,0.0,0.6161876202993294,0.7911095545916788,0.2089797031506896,0.0017048710601719197,0.6188906638620297,0.7911095545916788,0.18652413614094257,0.0,0.6284337625014924,0.7911095545916788,0.20223258461803198,0.0,0.011319685119458245,0.0,0.008891936466097844,0.21456372842832228,0
801,0.5421284965221831,0.6008562764477714,0.2089344946295023,0.0,0.5403321570562969,0.6008562764477714,0.20738599754869938,0.0,0.5433966048100592,0.6008562764477714,0.20921719163656236,0.0,0.5508483046292296,0.6008562764477714,0.21275212459266185,0.0,0.5444652132548479,0.6008562764477714,0.19622720155864953,0.0,0.5312212510236393,0.6008562764477714,0.20872570503503085,0.0017048710601719197,0.5432566565414216,0.6008562764477714,0.19460368484258653,0.0,0.546734339815392,0.6008562764477714,0.202507269307971,0.0,0.0046058432932089,0.0,-0.00642722532153131,0.2037418770871076,0
802,0.44724453412128123,0.357752082005356,0.2042867698520422,0.0,0.44971239265249796,0.357752082005356,0.19487651024013758,0.0,0.43926611744947014,0.357752082005356,0.1935207140725106,0.0,0.4478937851544135,0.357752082005356,0.18805758886272086,0.0,0.4477128053210312,0.357752082005356,0.20916889078915119,0.0,0.44104185396462964,0.357752082005356,0.2027927580475807,0.0,0.4517725170220343,0.357752082005356,0.22553581245243548,0.0,0.4518407896457803,0.357752082005356,0.18835580840706825,0.0,0.004596255524499049,0.0,-0.01593096144497394,0.20140323074809593,0
803,0.40896015740733044,0.25309270843972537,0.20584203166887163,0.005537354477254652,0.4197927361498681,0.25309270843972537,0.2001873828098178,0.0007880434782608696,0.4058722106265481,0.25309270843972537,0.19719971992541105,0.0032467211642112827,0.40647900553047506,0.25309270843972537,0.2034229545481503,0.0032467211642112827,0.4107657789342572,0.25309270843972537,0.19765488412231208,0.002427161935561145,0.4160861831616003,0.25309270843972537,0.20624923082068564,0.002427161935561145,0.4067391626939332,0.25309270843972537,0.20378199454396964,0.009272085064770917,0.4105626504159385,0.25309270843972537,0.21278672125190495,0.0066979456540072,0.0016024930086080413,0.0,0.00694468958303332,0.20385621531206405,0
804,0.3353393082004062,0.6855153909490762,-0.03570264507783577,0.03905391387782884,0.3380783200157806,0.6855153909490762,-0.030467433296144007,0.03997570158732605,0.33233417243712615,0.6855153909490762,-0.04258504433440976,0.03905391387782884,0.33366174292204615,0.6855153909490762,-0.045891557082286455,0.03905391387782884,0.3355733602589306,0.6855153909490762,-0.040218834048137066,0.03905391387782884,0.33616014759641033,0.6855153909490762,-0.03269246340496466,0.03966410641952236,0.33625981303056474,0.6855153909490762,-0.03491668730857782,0.03905391387782884,0.3341917299290515,0.6855153909490762,-0.031903209031443114,0.03905391387782884,-0.001147578271354699,0.0,0.003799436046392657,0.20019026548796215,0
805,0.23025712542076954,0.15688735840080276,-0.038547279376653025,0.0,0.2300097571792684,0.15688735840080276,-0.04611854343907908,0.0,0.2309400238360679,0.15688735840080276,-0.036395535073243085,0.0,0.23127841043027375,0.15688735840080276,-0.037361301924684086,0.0,0.22986397253444688,0.15688735840080276,-0.03963414837315213,0.0,0.2312517144284596,0.15688735840080276,-0.038955132665578276,0.0,0.23308792834797173,0.15688735840080276,-0.03207662451226497,0.0,0.2297062058665274,0.15688735840080276,-0.04552349637262523,0.0,-0.0005509195542421352,0.0,-0.006976216995972208,0.1981782468326243,0
806,0.21257088658389986,0.14819526673690442,-0.03459587814984843,0.0,0.21225145822048821,0.14819526673690442,-0.036384159642766464,0.0,0.21117900380279664,0.14819526673690442,-0.03607815565541386,0.0,0.21040705844862367,0.14819526673690442,-0.04412184608750977,0.0,0.2105473536966554,0.14819526673690442,-0.034015574514633044,0.0,0.21178353999077995,0.1481952667369044,-0.03399609956657514,0.0,0.21346304108392808,0.1481952667369044,-0.03180813934159232,0.0,0.2095140436453141,0.14819526673690442,-0.03822077387943864,0.0,-0.0030568429385857687,0.0,-0.0036248957295902107,0.19636109404196556,0
807,0.19742105971488788,0.11341630945125185,-0.035307189876912164,0.0,0.19335900895969438,0.11341630945125185,-0.044183629845792896,0.0,0.19350889661031317,0.11341630945125185,-0.04525799324474065,0.0,0.1970369562738234,0.11341630945125185,-0.03729796640574932,0.0,0.19297534198906008,0.11341630945125185,-0.04853527704864973,0.0,0.1919212845742844,0.11341630945125185,-0.05692356270636083,0.0,0.19698554560054596,0.11341630945125185,-0.032801038285833785,0.0,0.19444161485841138,0.11341630945125185,-0.03674566064029932,0.0,-0.0029794448564764986,0.0,-0.0014384707633871563,0.19697828553312033,0
808,0.1867503481953166,0.1259361944123929,-0.037454874750692396,0.0011440677966101695,0.18852781980162986,0.1259361944123929,-0.029940133813070133,0.0011440677966101695,0.18393817019760345,0.1259361944123929,-0.03433321097749285,0.0011440677966101695,0.18483235610001011,0.1259361944123929,-0.0432169606743264,0.0011440677966101695,0.1847532888677471,0.1259361944123929,-0.0426438307762146,0.0011440677966101695,0.1857991025751482,0.1259361944123929,-0.03814036363452033,0.0011440677966101695,0.18660549187487374,0.1259361944123929,-0.041435145370196554,0.0024187713539224227,0.18544847724050068,0.1259361944123929,-0.04214011282543652,0.0011440677966101695,-0.0013018709548159313,0.0,-0.004685238074744122,0.1979489564482263,0
809,0.3065645703712053,0.18517011487281815,0.1064570785878459,0.9989315352697097,0.3116755977902723,0.18517011487281815,0.1269247229746543,1.0,0.3011327806036065,0.18517011487281815,0.11677047849167138,1.0,0.2943782367602976,0.18517011487281815,0.11486764067783951,1.0,0.30849076620490323,0.18517011487281815,0.12650886604562403,1.0,0.29396790264973216,0.18517011487281815,0.1313487957417965,0.9975,0.30643701801262746,0.18517011487281815,0.12700612142682075,1.0,0.2942521309474823,0.18517011487281815,0.12694980223575839,0.9975,-0.01231243942372301,0.0,0.020492723647912492,0.19252582343840802,0
810,0.22750972489579552,0.003930092453959473,0.10663361632934538,0.8889294536764868,0.20630998012702373,0.003930092453959473,0.11707555335015059,0.8987682065372209,0.20906252713085416,0.003930092453959473,0.11124069368001073,0.9056324776777818,0.22723148222455608,0.003930092453959473,0.12771501017734407,0.901907181235094,0.22188918750737827,0.003930092453959473,0.1161136416401132,0.8910720196646382,0.22181565634070124,0.003930092453959473,0.11581869175191968,0.9023934974843325,0.21682328441231927,0.003930092453959473,0.10806153556448407,0.8698905512030861,0.2116308695793192,0.003930092453959473,0.11877744256868027,0.8992487019039923,-0.015878855316476315,0.0,0.012143826239334882,0.1867254457538669,0
811,0.31688997943081404,0.260267578560242,0.13706380529212767,1.0,0.31229267176961534,0.260267578560242,0.11771463729817697,1.0,0.33241208300903663,0.260267578560242,0.11339593207812868,0.9983503836317135,0.3328685737291189,0.260267578560242,0.12285648442804814,1.0,0.3251765856691544,0.260267578560242,0.12172868213616311,1.0,0.3337657156812777,0.260267578560242,0.10781239095143974,1.0,0.3150890726899118,0.260267578560242,0.12206761147361249,0.9987397540983607,0.33722968121467184,0.260267578560242,0.1168209894374013,1.0,0.0203397017838578,0.0,-0.02024281585472637,0.2169217071568524,0
812,0.3120771043794442,0.2721041130662064,0.12908094344194979,1.0,0.3187635213362476,0.2721041130662064,0.11855317284353077,1.0,0.3017690815750017,0.2721041130662064,0.11461310255806893,1.0,0.31213249893178374,0.2721041130662064,0.12879579784465023,1.0,0.3020214690485517,0.2721041130662064,0.13060387662786524,0.9975,0.34006695452463237,0.2721041130662064,0.112562799527077,0.9975,0.3266728257604091,0.2721041130662064,0.11238130283541978,1.0,0.327995658905647,0.2721041130662064,0.10518318374641239,0.9989315352697097,0.015918554526202833,0.0,-0.023897759695537396,0.21137154132953057,0
813,0.045360439240172565,0.0,-0.3916372260451317,0.0,0.05422082511213702,0.0,-0.3897137190401554,0.0,0.055198932933220826,0.0,-0.3800989827513695,0.0,0.07988457695745338,0.0,-0.36599289178848265,0.0,0.07304924303592167,0.0,-0.38354449659585954,0.0,0.09783206449083207,0.0,-0.39867725133895876,0.0,0.10927732607653454,0.0,-0.3947975908219814,0.0,0.1029771160342348,0.0,-0.4073568795621395,0.0,0.05761667679406224,0.0,-0.015719653517007826,0.25727572077128885,0
814,0.1289831865273348,0.004181337974709304,-0.3858679275214672,0.0,0.14081215811416242,0.004181337974709304,-0.36535667538642885,0.0,0.13782184190775404,0.004181337974709304,-0.38217982575297355,0.0,0.5155250092186243,0.9259489490331705,0.14356765334843657,0.8773464733285954,0.49091242691811215,0.9259489490331705,0.12756904263049365,0.8786798898721401,0.5087298534065939,0.9259489490331705,0.1066656098421663,0.8749136099518638,0.5327060762696886,0.9259489490331705,0.1283799657365307,0.8767257257431972,0.5078954467928765,0.9259489490331705,0.12086336014326662,0.8851238412301211,0.3789122602655417,0.9217676110584612,0.5067312876647339,0.9398528805878749,1
815,0.2290565982609307,0.00426497288363058,-0.38974798321723936,0.0,0.23534011120443074,0.00426497288363058,-0.3995788103342056,0.0,0.23788954925057929,0.00426497288363058,-0.37993029579520227,0.0,0.2606291044432051,0.00426497288363058,-0.37087863907217977,0.0,0.25564960110340973,0.00426497288363058,-0.38529738381505013,0.0,0.25769299130722423,0.00426497288363058,-0.383150931596756,0.0,0.2744376208875004,0.00426497288363058,-0.3730666790902615,0.0,0.2837495776774495,0.00426497288363058,-0.3544035130739212,0.0025,0.05469297941651882,0.0,0.03534447014331815,0.2667090526550229,0
816,0.11640209596254483,0.0,-0.3847191917896271,0.0,0.11427217511219605,0.0,-0.3742385867238045,0.0,0.11104832684530073,0.0,-0.3710019367933273,0.0,0.10928848365383544,0.0,-0.40375369995832444,0.0,0.11386129110450437,0.0,-0.37346247509121894,0.0,0.11336183078830481,0.0,-0.37330138966441156,0.0,0.11312011125134742,0.0,-0.37063934206962584,0.0,0.1248762654218163,0.0,-0.387439551949501,0.0,0.008474169459271472,0.0,-0.0027203601598739247,0.20872274582161415,0
817,0.20461596233914056,0.0,-0.17434391010552644,0.0,0.20304356954171948,0.0,-0.2192341052228585,0.0,0.20472173070232091,0.0,-0.11860778585076331,0.0,0.2239381530301155,0.0,-0.09305126987863332,0.0,0.21799538031413493,0.0,-0.12971261159727873,0.0,0.21009986587308646,0.0,-0.13885012707207353,0.0,0.16984555896376335,0.0,-0.25265329584479335,0.0,0.2536929106560391,0.0,-0.044058564752340316,0.0,0.049076948316898544,0.0,0.13028534535318612,0.2840582899907508,0
818,0.2149782472377454,0.0,-0.19380765371955933,0.0,0.21867387413915113,0.0,-0.1502328255586326,0.0,0.2340304993403033,0.0,-0.09300827484577895,0.0,0.22659322331881693,0.0,-0.12736893828026952,0.0,0.229069645305241,0.0,-0.10294730551540851,0.0,0.21764354890537402,0.0,-0.1933177350834012,0.0,0.18114965488290427,0.0,-0.30199725742451844,0.0,0.21773216887432945,0.0,-0.16638595696538686,0.0,0.0027539216365840558,0.0,0.02742169675417247,0.2100856187067624,0
819,0.23345415127477961,0.0,-0.16278677189722657,0.0,0.20792603612496224,0.0,-0.2818375331908464,0.0,0.21399063717946798,0.0,-0.23941083231242374,0.0,0.25201179935012474,0.0,-0.11865014025941491,0.0,0.2600462111302994,0.0,-0.08724594082683325,0.0,0.28443265989036054,0.0,-0.03487856465391815,0.0,0.2276950669853413,0.0,-0.20671101253363303,0.0,0.24374782716822851,0.0,-0.12323420718312264,0.0,0.0102936758934489,0.0,0.03955256471410393,0.22099582548798585,0
820,0.4011754100400918,0.31970172822272613,0.2090981571469456,0.009994858073962392,0.40786599105890936,0.31970172822272613,0.20266368336975574,0.011661524740629058,0.4109913496298897,0.3197017282227261,0.19603721668943763,0.004918449286951886,0.4083103163529307,0.3197017282227261,0.1864302434772253,0.004918449286951886,0.41126170480619195,0.31970172822272613,0.2063961679302156,0.004918449286951886,0.4173481057475885,0.31970172822272613,0.19035469659836962,0.006199186991869918,0.40754530109518683,0.31970172822272613,0.1982686496526003,0.008328191407295725,0.41001992124847264,0.31970172822272613,0.18985113319009542,0.005828191407295725,0.008844511208380867,0.0,-0.019247023956850184,0.2050633767349489,0
821,0.46859816664071796,0.38590464623934523,0.2006187027785927,0.006266816143497758,0.4695221068772366,0.38590464623934523,0.20610123310238124,0.005,0.4693111950011063,0.38590464623934523,0.20523573588579894,0.005,0.47100905685809574,0.38590464623934523,0.21041923001408577,0.005,0.4839126911168998,0.38590464623934523,0.20564956799149514,0.005,0.4779629196424203,0.38590464623934523,0.19224568675272166,0.0025,0.4808477275392447,0.38590464623934523,0.19796231407672166,0.005,0.47876086962795983,0.38590464623934523,0.1901897919550538,0.005,0.010162702987241867,0.0,-0.01042891082353889,0.20861175403654575,0
822,0.45409338573664626,0.4590151557603588,0.20191159145906568,0.008449537426408747,0.45920013836639795,0.4590151557603588,0.1926827133819461,0.010949537426408749,0.43900474542270157,0.4590151557603588,0.19335556821897626,0.008449537426408747,0.4442901271558306,0.4590151557603588,0.1996068318549078,0.01891038244936675,0.4672710852319898,0.4590151557603588,0.18930312316864728,0.008449537426408747,0.47221190390203144,0.4590151557603588,0.18185975570231677,0.00425532255037569,0.46298440668891605,0.4590151557603588,0.1938001772388816,0.0034495374264087476,0.46442889759832695,0.4590151557603588,0.18622867884114386,0.0034495374264087476,0.01033551186168069,0.0,-0.015682912617921818,0.20750638379389336,0
823,0.5127639646334051,0.19215692467273135,0.20774139177054166,0.003855042016806723,0.5053269220194894,0.19215692467273135,0.19914158144965768,0.00512185816030448,0.5022005112696882,0.19215692467273135,0.198891271809116,0.002621858160304481,0.5055622575798452,0.19215692467273135,0.2075038258731365,0.0,0.5273152828635763,0.19215692467273135,0.19610927499830721,0.0015416666666666664,0.5448385015368672,0.19215692467273135,0.19930202065035701,0.0,0.5347768800810446,0.19215692467273135,0.20465688642114402,0.0,0.533042566178785,0.19215692467273135,0.19754894996061922,0.0,0.02027860154537986,0.0,-0.010192441809922431,0.2193198662340379,0
824,0.47125444570872793,0.3836817260256757,0.19321609020233155,0.003699186991869919,0.4665466745665246,0.3836817260256757,0.18906704536639155,0.0025,0.4906881230621466,0.3836817260256757,0.18783689012750984,0.001240234375,0.4951691908798016,0.3836817260256757,0.1939146222593263,0.0,0.48639806345029163,0.3836817260256757,0.21074091291986405,0.0016666666666666666,0.5003938715251034,0.3836817260256757,0.21738432329148055,0.0,0.5065451813255203,0.3836817260256757,0.184721790952608,0.0,0.5061732593548688,0.3836817260256757,0.20603333629667758,0.0016666666666666666,0.034918813646140856,0.0,0.012817246094346035,0.24037101197226335,0
825,0.3426746803490546,0.2691630914761975,0.1175139609782491,0.9986882129277567,0.35495747079805445,0.2691630914761975,0.12446510154986754,1.0,0.4666909914889285,0.36327014123579227,0.19469056613743305,0.0012282608695652175,0.4751644025889961,0.36327014123579227,0.1886373843252659,0.0,0.4761811215572803,0.36327014123579227,0.22326286449097096,0.014071467238446931,0.48833193511337003,0.36327014123579227,0.17054265654645862,0.00125,0.47915595953762624,0.36327014123579227,0.19745690323412418,0.0,0.4835647807094296,0.36327014123579227,0.1924935744702816,0.0,0.14089010036037503,0.09410704975959477,0.0749796134920325,0.3892532784001939,0
826,0.31933425296903073,0.22549414406803753,0.12417220463277773,1.0,0.3581466933610153,0.22549414406803753,0.11445108319167048,0.965964791055452,0.3328854280761607,0.22549414406803753,0.11961844181641937,1.0,0.3440059080984632,0.22549414406803753,0.12807430749759077,1.0,0.3546599716616643,0.22549414406803753,0.13536790329846554,0.9963090128755365,0.35154684911293943,0.22549414406803753,0.1166501674009487,1.0,0.33721306238654425,0.22549414406803753,0.12356939788442105,1.0,0.3604078149065872,0.22549414406803753,0.11821886079153046,0.9987916666666666,0.04107356193755646,0.0,-0.005953343841247266,0.24225176101618062,0
827,0.34374302488650804,0.2085738645609792,0.1123453114979202,0.9874209790332793,0.33294066702559333,0.2085738645609792,0.10944998499006033,1.0,0.32346304795479575,0.2085738645609792,0.1213976346468553,1.0,0.3327784525408372,0.2085738645609792,0.1127412270847708,1.0,0.3422903687575363,0.2085738645609792,0.10481000026338734,0.9944065816443336,0.3399863116092849,0.2085738645609792,0.11146936187346,1.0,0.3294163930760059,0.2085738645609792,0.13366576172178612,0.9957493705490127,0.34173363260512934,0.2085738645609792,0.11693072249414399,0.9963090128755365,-0.002009392281378697,0.0,0.004585410996223796,0.1994755095974144,0
828,0.35671866962269727,0.28341733636712024,0.1264627946051769,1.0,0.3368107042652062,0.28341733636712024,0.10747708169568795,0.9962017167381974,0.3368986527135938,0.28341733636712024,0.11175739161903038,1.0,0.34596183894603916,0.28341733636712024,0.11532267520669848,1.0,0.32450426465691756,0.28341733636712024,0.11698319492628798,1.0,0.3360858393197179,0.28341733636712024,0.13240175310522317,1.0,0.3253081462699298,0.28341733636712024,0.11174842917127535,1.0,0.3237486424913509,0.28341733636712024,0.12178656426956877,1.0,-0.03297002713134639,0.0,-0.004676230335608128,0.16461044065638122,0
829,0.30888090964717385,0.1964290068393696,0.11704245997592806,0.9957077760763826,0.33610253857730443,0.1964290068393696,0.12727617962053045,0.9982280219780219,0.3258166177187933,0.1964290068393696,0.1205336356908083,0.9982280219780219,0.32718570774680716,0.1964290068393696,0.10746812752913684,0.9982280219780219,0.31994594021635026,0.1964290068393696,0.10785082197166047,0.9982280219780219,0.3172286902683275,0.1964290068393696,0.1106877636333229,0.9982280219780219,0.3250417439609388,0.1964290068393696,0.11556387809338048,0.9970370348535584,0.3175963933995517,0.1964290068393696,0.12336200418649242,0.9982280219780219,0.00871548375237785,0.0,0.006319544210564354,0.2111917119584351,0
830,0.31020307499039496,0.2062206140452058,0.1256734145525843,1.0,0.33406813280416553,0.2062206140452058,0.1299104277836159,1.0,0.3242998522846412,0.2062206140452058,0.11531846871366724,1.0,0.3366358572708111,0.2062206140452058,0.11884356349088193,1.0,0.32779423994149376,0.2062206140452058,0.13072554967628094,1.0,0.33139725946801746,0.2062206140452058,0.10734029818326235,0.9949517167381974,0.32180229607289107,0.2062206140452058,0.11934324920963263,1.0,0.31850960694824715,0.2062206140452058,0.12246032491093502,1.0,0.008306531957852192,0.0,-0.0032130896416492777,0.20842552865935898,0
831,0.30972420862858946,0.20116449170624848,0.110980713092722,1.0,0.31751708762022607,0.20116449170624848,0.11946006575279171,1.0,0.31753042806379783,0.20116449170624848,0.11553801604080945,1.0,0.3240988485011507,0.20116449170624848,0.1227426263410598,1.0,0.3307354275086014,0.20116449170624848,0.12470966901018983,1.0,0.3245436658523548,0.20116449170624848,0.12405405399651499,1.0,0.3128983447689134,0.20116449170624848,0.132660906156525,1.0,0.33543016206301374,0.20116449170624848,0.1257100890064612,1.0,0.025705953434424278,0.0,0.014729375913739184,0.23114007011174917,0
832,0.5818375766486961,0.8109539902315431,0.19292734631802888,0.000901639344262295,0.5867670670136962,0.8109539902315431,0.19719452533870935,0.000901639344262295,0.5723968756697743,0.8109539902315431,0.1842598852328956,0.0017074244682292372,0.5802477233223884,0.8109539902315431,0.21865267671644686,0.000901639344262295,0.5824790042405501,0.8109539902315431,0.20218905102461576,0.000901639344262295,0.5702596133401583,0.8109539902315431,0.19723827384412287,0.000901639344262295,0.5822190895125481,0.8109539902315431,0.1968455759435892,0.000901639344262295,0.572400477939535,0.8109539902315431,0.21525352213531732,0.0026065104044342147,-0.009437098709161096,0.0,0.022326175817288435,0.19600224863085705,0
833,0.45066457746234423,0.4166127087432673,0.19079053219407796,0.0,0.45085319436192317,0.4166127087432673,0.19520725876092912,0.0017396907216494844,0.46463556029469133,0.4166127087432673,0.19914807107299567,0.0,0.4626605627312086,0.4166127087432673,0.2053340458497405,0.0,0.4614747899793258,0.4166127087432673,0.21052760527469216,0.0,0.45545018539341203,0.4166127087432673,0.19511811109259725,0.0,0.45818622130155695,0.4166127087432673,0.19353986717760563,0.0,0.4613518448156831,0.4166127087432673,0.19100445805117489,0.0,0.010687267353338858,0.0,0.0002139258570969249,0.21177167171057376,0
834,0.44265417257550493,0.29458028905893086,0.21095794927328826,0.0,0.4520824274825657,0.29458028905893086,0.19884283918887377,0.0,0.44146512967695306,0.29458028905893086,0.1772618281468749,0.0,0.4392658366392241,0.29458028905893086,0.1832041786238551,0.0,0.43925037715928406,0.29458028905893086,0.2000720277882647,0.0,0.4454172786175966,0.29458028905893086,0.21459865003824233,0.0,0.43581530331758483,0.29458028905893086,0.19507953561842442,0.0,0.43249801630887413,0.29458028905893086,0.21425887936726212,0.0,-0.0101561562666308,0.0,0.003300930093973864,0.19058375461955915,0
835,0.5703560070802426,0.8675520281953024,0.2165082961693406,0.0,0.5779956877046682,0.8675520281953024,0.21046621039509772,0.0,0.5758763883139036,0.8675520281953024,0.18988288156688213,0.0,0.5661336673388099,0.8675520281953024,0.20895345754921435,0.0,0.5665682208898457,0.8675520281953024,0.1902681491151452,0.0,0.5746712041507132,0.8675520281953024,0.18884317645803095,0.0,0.5604131068956162,0.8675520281953024,0.22017558760941028,0.0012613636363636362,0.5696201886714611,0.8675520281953024,0.22433115568012,0.0016393442622950817,-0.0007358184087814523,0.0,0.007822859510779379,0.20160956929578885,0
836,0.4599777540027029,0.3738229756851178,0.17475978258997202,0.0,0.4778137758762922,0.3738229756851178,0.1927246792986989,0.0,0.46486958313111515,0.3738229756851178,0.2085850889980793,0.0,0.4674440402946282,0.3738229756851178,0.18596205146983266,0.0,0.4672109836389982,0.3738229756851178,0.21269149001687765,0.0,0.4698577898344501,0.3738229756851178,0.21982926017604767,0.0,0.4639217224266743,0.3738229756851178,0.20347236502915622,0.0,0.4710813269527971,0.3738229756851178,0.19356217384338378,0.0,0.011103572950094176,0.0,0.018802391253411765,0.2167644063233007,0
837,0.550523471793384,0.8793241720582697,0.21193539507687092,0.006879156346124428,0.5731267859891442,0.8793241720582697,0.1999999090656638,0.00336926073799909,0.5607763653950502,0.8793241720582697,0.19550840089097618,0.003768963804430919,0.5604682056132902,0.8793241720582697,0.19777108669281007,0.00336926073799909,0.5485389955066202,0.8793241720582697,0.1869413356296718,0.003768963804430919,0.5575779637390745,0.8793241720582697,0.18614209753461183,0.00540896380443092,0.5644873359502625,0.8793241720582697,0.19563778925687075,0.006399747522876975,0.5557278721016016,0.8793241720582697,0.21225903976708652,0.005180485227795009,0.0052044003082175605,0.0,0.00032364469021559095,0.20602610749033107,0
838,0.23086752394764454,0.1298043452409456,-0.046031597901746865,0.0,0.23069721410734637,0.1298043452409456,-0.047183452246245,0.0,0.22928040814542344,0.1298043452409456,-0.04670661834010389,0.0,0.23715123779693753,0.1298043452409456,-0.02906777962343767,0.0007567567567567567,0.23426912686215046,0.1298043452409456,-0.029176218907814473,0.0034653173170393005,0.2316839242555277,0.1298043452409456,-0.04582942266948521,0.0,0.23348503684880298,0.1298043452409456,-0.034831126027784196,0.0,0.2314379399523561,0.1298043452409456,-0.03678935205854941,0.0,0.0005704160047115547,0.0,0.009242245843197452,0.2033325631031849,0
839,0.21479255392392854,0.1061948036910346,-0.03910288232786115,0.0,0.21369897617880124,0.1061948036910346,-0.03658412068587495,0.014380666245683751,0.2119287265021207,0.1061948036910346,-0.039745966097107156,0.0,0.21626549155851668,0.1061948036910346,-0.03615735920611769,0.0,0.21456087642578672,0.1061948036910346,-0.035948088858276606,0.0,0.21302947558145427,0.1061948036910346,-0.04360067806650477,0.0,0.21438964726095666,0.1061948036910346,-0.04003121090820059,0.0,0.2126591677036586,0.1061948036910346,-0.04086329477431718,0.0,-0.0021333862202699283,0.0,-0.0017604124464560278,0.19779014875499892,0
840,0.21511303156665168,0.14285497824485144,-0.039152815277921034,0.0,0.21437107566412372,0.14285497824485144,-0.03796057743398706,0.0,0.21222466412418112,0.14285497824485144,-0.029961881046183407,0.0,0.21239316808120873,0.14285497824485144,-0.044174228392657826,0.0,0.21381580015491383,0.14285497824485144,-0.041950729554519055,0.0,0.21214876225665155,0.14285497824485144,-0.04283551384578459,0.0,0.21496262759781112,0.14285497824485144,-0.0407910021324642,0.0,0.212443023236553,0.14285497824485144,-0.03712084694590885,0.0,-0.002670008330098672,0.0,0.0020319683320121837,0.19815437262336957,0
841,0.3188534969235378,0.2631819043170659,0.12305092856753617,1.0,0.3056543785662124,0.2631819043170659,0.11150357574224472,1.0,0.3056680024206556,0.2631819043170659,0.12761340823959472,1.0,0.32190903305829566,0.2631819043170659,0.1194598568789661,0.9967183098591549,0.30997063873365566,0.2631819043170659,0.1339192201104015,0.9975,0.31922777414846326,0.2631819043170659,0.1415366503642872,0.995,0.3111848063450886,0.2631819043170659,0.12877407731488347,1.0,0.30415537480789556,0.2631819043170659,0.11528212925913976,1.0,-0.014698122115642254,0.0,-0.007768799308396412,0.18308965989422032,0
842,0.330212735937921,0.2704049676873208,0.11923730242298916,1.0,0.33179758592311953,0.2704049676873208,0.11241323658032343,1.0,0.339848336099526,0.2704049676873208,0.11294302192865871,0.9942183098591549,0.33629713549056434,0.2704049676873208,0.1307477823761292,1.0,0.33763892920597793,0.2704049676873208,0.12182781959418207,1.0,0.3394769686494685,0.2704049676873208,0.1170538756356109,1.0,0.32283675814850077,0.2704049676873208,0.1465073151793331,0.9886093868057466,0.31651265211126367,0.2704049676873208,0.1297530067525804,1.0,-0.013700083826657328,0.0,0.01051570432959123,0.18862037664228148,0
843,0.2927517389363611,0.19642859547372113,0.11912945810705423,0.9945870093908776,0.3416546587169383,0.19642859547372113,0.13421113481745123,0.9974795081967213,0.31592025142666613,0.19642859547372113,0.10786090160021558,1.0,0.3265593652202588,0.19642859547372113,0.12524383875075729,0.9967183098591549,0.31944429001436336,0.19642859547372113,0.1209883252880536,0.9967183098591549,0.3250049070969346,0.19642859547372113,0.11482291649561376,1.0,0.31893057568271754,0.19642859547372113,0.1324163776030764,1.0,0.3074011715783963,0.19642859547372113,0.1200114528904669,1.0,0.01464943264203522,0.0,0.0008819947834126651,0.21610678688810372,0
844,0.3107912931643453,0.23879219597075285,0.12285614129155874,1.0,0.31564923912435094,0.23879219597075285,0.12799916858086363,1.0,0.31571292786841676,0.23879219597075285,0.11775294412393122,1.0,0.3146639916336498,0.23879219597075285,0.1422766277194023,0.995,0.305833800118,0.23879219597075285,0.11700689304503613,1.0,0.32238975783368506,0.23879219597075285,0.13980127342510967,1.0,0.30790713814390025,0.23879219597075285,0.11704891993198543,1.0,0.3285374859648789,0.23879219597075285,0.10785846233484335,0.9022957091239544,0.017746192800533633,0.0,-0.014997678956715388,0.21547635499549503,0
845,0.2829548500741045,0.28219559757504464,0.140324283009395,0.9795274452512749,0.295700461049077,0.28219559757504464,0.1288316954136826,0.9961882129277566,0.3033595097038654,0.28219559757504464,0.11673008433688664,1.0,0.3394140444295817,0.28219559757504464,0.11049983382356005,1.0,0.3335521284369056,0.28219559757504464,0.130727444368531,1.0,0.34509410225547515,0.28219559757504464,0.10961742772371508,1.0,0.32806645400166257,0.28219559757504464,0.10973545797227416,1.0,0.34344031499882904,0.28219559757504464,0.10842971616890282,0.9975,0.060485464924724563,0.0,-0.03189456684049219,0.25633293846592137,0
846,0.05313934413195309,0.0,-0.39969257071614267,0.0,0.32961118154983554,0.2977632937244931,0.1402405419270508,0.9884459567869864,0.3252131786617363,0.2977632937244931,0.11887729891343042,0.9947359111248859,0.3711512644370785,0.2977632937244931,0.1101209378358908,0.9991472303206997,0.3571305884403091,0.2977632937244931,0.11842945800657617,0.9938066268279497,0.3709722263108543,0.2977632937244931,0.11869683887576685,0.9991472303206997,0.36109103225550054,0.2977632937244931,0.11614836709573866,0.9991472303206997,0.37626276323312585,0.2977632937244931,0.11430025363806635,0.9991472303206997,0.32312341910117276,0.2977632937244931,0.513992824354209,0.7364663486816357,1
847,0.09540744868665618,0.0,-0.40196549594402314,0.0,0.10785233530815483,0.0,-0.378064706325531,0.0,0.10613531348833719,0.0,-0.38279206842184066,0.0,0.14913925661320582,0.0,-0.3887158203125,0.0,0.14719238092269035,0.0,-0.39675069972872734,0.0,0.15824508052613728,0.0,-0.38689417973160745,0.0,0.16264735315917633,0.0,-0.3878185239434242,0.0,0.16659205189575232,0.0,-0.3971812616288662,0.0,0.07118460320909614,0.0,0.004784234315156954,0.2765839905189874,0
848,0.16296997438299982,0.005359384453031188,-0.35888987630605695,0.0025,0.15340850531993216,0.005359384453031188,-0.38693333357572557,0.0,0.15039299338543358,0.005359384453031188,-0.39328309029340747,0.0,0.16493114332113465,0.005359384453031188,-0.40410837724804877,0.0,0.16653809817056808,0.005359384453031188,-0.3864949603378773,0.0,0.17585005147984578,0.005359384453031188,-0.3852302098274231,0.0,0.17939292825077935,0.005359384453031188,-0.3718698139488697,0.0,0.3943989376995215,0.28596531482591325,0.10507018645294011,0.9989315352697097,0.23142896331652169,0.28060593037288206,0.46396006275899704,0.623644077320282,0
849,0.2466508959559209,0.0,0.0016362525150179863,0.0013695652173913045,0.2183155101122781,0.0,-0.11637617496307939,0.0,0.1954940989851492,0.0,-0.1779468839429319,0.0,0.21918715812255898,0.0,-0.12933503901585935,0.0,0.19330791672131167,0.0,-0.18511082007549703,0.0,0.2053419116799411,0.0,-0.20194288016995415,0.0,0.19058359046949777,0.0,-0.19500240182504058,0.0,0.24559992575699713,0.0,-0.04315408901311457,0.0,-0.0010509701989237785,0.0,-0.044790341528132556,0.188386780836893,0
850,0.2088060607342053,0.0,-0.21545857788994907,0.0,0.20825754478849026,0.0,-0.1341082463786006,0.0,0.2344893903287602,0.0,-0.10275702817831188,0.0,0.20730616890633702,0.0,-0.1858549148426391,0.0,0.20820962527913636,0.0,-0.19685212701559066,0.0,0.2606734971766502,0.0,-0.018248089766129853,0.0013695652173913045,0.21185330046727974,0.0,-0.1796964106336236,0.0,0.22065764424251008,0.0,-0.1322727496176958,0.0,0.011851583508304786,0.0,0.08318582827225326,0.233326792450487,0
851,0.24919853135400044,0.0,-0.18967340243980288,0.0,0.24159489512058085,0.0,-0.20515027615241707,0.0,0.2719431328261708,0.0,-0.09954025933519006,0.0,0.28293830918403023,0.0,-0.018793141879141332,0.0013695652173913045,0.26048064653423403,0.0,-0.1149993491685018,0.0,0.23857971494200045,0.0,-0.2405518041207688,0.0,0.25798040199731154,0.0,-0.11768827924504877,0.0,0.20067826276051404,0.0,-0.33903969229431824,0.0,-0.048520268593486404,0.0,-0.14936628985451536,0.11278775894100881,0
852,0.4983963356226736,0.31409235087790305,0.19070888489484786,0.0,0.491902966545438,0.31409235087790305,0.20377317011356355,0.0,0.5109078292694318,0.31409235087790305,0.19350885096937417,0.0,0.5020053652647962,0.31409235087790305,0.19520340123213828,0.0,0.5011687060536772,0.31409235087790305,0.20140606908127665,0.0,0.5116213295448081,0.31409235087790305,0.20641160037368536,0.0,0.5038346468836994,0.31409235087790305,0.19479882521554828,0.0,0.49866617469859276,0.31409235087790305,0.20992563493549823,0.0,0.0002698390759191538,0.0,0.019216750040650377,0.20546000822555532,0
853,0.4437183894251384,0.24457760494143269,0.20894147641956806,0.0,0.43843521860090334,0.24457760494143269,0.2157198041304946,0.0,0.4345845423069308,0.24457760494143269,0.20004216980189085,0.0,0.43441078210230166,0.24457760494143269,0.21562627617269756,0.0,0.43772658876024634,0.24457760494143269,0.1877416930347681,0.0006047254599073164,0.44384623102292525,0.24457760494143269,0.1941357923299074,0.0011111111111111111,0.42589719556965433,0.24457760494143269,0.20066280152648688,0.0028181818181818186,0.4399788877039097,0.24457760494143269,0.18660542242228984,0.0,-0.003739501721228722,0.0,-0.022336053997278227,0.1910578771706672,0
854,0.49519855065789525,0.21960543861392934,0.2169029063731432,0.0,0.49446921176628916,0.21960543861392934,0.21607156872749328,0.006647230320699709,0.49274774946409683,0.21960543861392934,0.18749691009521485,0.0,0.47684611727403525,0.21960543861392934,0.21306421287357807,0.006647230320699709,0.49268742476281124,0.21960543861392934,0.21420564293861388,0.0,0.4868887070286797,0.21960543861392934,0.192661050260067,0.0,0.4863057312828028,0.21960543861392934,0.20112639592494816,0.0,0.48542967629942874,0.21960543861392934,0.1908237363345688,0.0,-0.009768874358466517,0.0,-0.02607917003857438,0.18379294342288854,0
855,0.5249778323920906,0.2732679654244995,0.2007023954950273,0.0,0.5204051052200613,0.2732679654244995,0.19903109220787882,0.0,0.5306978232893743,0.2732679654244995,0.2157169398665428,0.0,0.5060031872959142,0.2732679654244995,0.21194937067106367,0.07583149329701054,0.5253880231812299,0.2732679654244995,0.19581144655123353,0.0,0.5233083791386783,0.2732679654244995,0.20396914895623922,0.0,0.5293837479589025,0.2732679654244995,0.20113872682675718,0.0,0.5402307417461082,0.2732679654244995,0.21042349902912974,0.0,0.015252909354017574,0.0,0.009721103534102438,0.21890784538234673,0
856,0.4117843466104779,0.21416660673744756,0.20473224852234126,0.0,0.41636848168139046,0.21416660673744756,0.18438895743340253,0.0,0.40717708663853375,0.21416660673744756,0.2154133616387844,0.005157142857142857,0.4043017735089421,0.21416660673744756,0.20223547865636646,0.0,0.42088546042716113,0.21416660673744756,0.21700670178979636,0.0,0.42561991498025636,0.21416660673744756,0.19469948469661177,0.0006047254599073164,0.4215886738322241,0.21416660673744756,0.21069915926549584,0.0,0.4247314349287839,0.21416660673744756,0.19735961686819792,0.0006047254599073164,0.012947088318305988,0.0,-0.007372631654143341,0.21229203022135523,0
857,0.34782796473841054,0.2596023859980943,0.1282408048771322,1.0,0.3620317618073651,0.2596023859980943,0.13341819106135516,1.0,0.3678427826679376,0.2596023859980943,0.12443002567626536,1.0,0.3615405030027525,0.2596023859980943,0.12757537765603047,1.0,0.35184166553753765,0.2596023859980943,0.12050517712254077,0.9863090128755365,0.36550102289517133,0.2596023859980943,0.1125123238391825,0.9903179249751092,0.3584343895152579,0.2596023859980943,0.12025916270911693,0.9919675413433956,0.37805825831327616,0.2596023859980943,0.12017078483477235,0.9532987597382738,0.03023029357486562,0.0,-0.008070020042359835,0.23031718484712713,0
858,0.4104788074483958,0.8120216798012376,0.11085719070397318,0.808630235384619,0.42883898668960696,0.8120216798012376,0.1331829766894225,0.837397903851092,0.41632226338813305,0.8120216798012376,0.11338136828737333,0.8415370223083923,0.40770722586955055,0.8120216798012376,0.11025387317175045,0.837397903851092,0.38810139363456336,0.4553570480040143,0.17271439014002682,0.014737496793267944,0.40556010747601146,0.4553570480040143,0.20176234202983323,0.010583083517974181,0.40374722645055067,0.4553570480040143,0.17419320271816105,0.013908120006003001,0.40043822137555124,0.4553570480040143,0.18712376565206795,0.011023750542568956,-0.010040586072844582,-0.35666463179722335,0.07626657494809477,0.12488727774083858,0
859,0.34935459147283526,0.32117484255432277,0.11371703347889707,1.0,0.3551053928901525,0.32117484255432277,0.11116861558984965,1.0,0.3483027056119694,0.32117484255432277,0.11953110985690728,1.0,0.3535283102828185,0.32117484255432277,0.12599100712686778,0.9975,0.35045235897380683,0.32117484255432277,0.1290954158816021,1.0,0.35765454855257245,0.32117484255432277,0.11109556813025848,0.9901521501304384,0.3562074466398242,0.32117484255432277,0.11233701859484427,1.0,0.33954609566468597,0.32117484255432277,0.11892839071108029,0.9961679670261172,-0.009808495808149298,0.0,0.005211357232183217,0.19141785906343337,0
860,0.32919246522622153,0.22789261031363695,0.14815516795497388,0.9848593868057466,0.3520197708981778,0.22789261031363695,0.12475005248561502,0.9987602459016394,0.3273252629018912,0.22789261031363695,0.12335739054105943,1.0,0.3298961179567826,0.22789261031363695,0.12966269890777768,1.0,0.3435571539823269,0.22789261031363695,0.11439913563546725,1.0,0.33031225775520606,0.22789261031363695,0.1314163462072611,1.0,0.34528647149072667,0.22789261031363695,0.13164706045161437,1.0,0.31855520488337613,0.22789261031363695,0.13097028374671937,0.9987397540983607,-0.0106372603428454,0.0,-0.01718488420825451,0.18505792136849217,0
861,0.3201131919099384,0.18631634693454852,0.1247962500718495,1.0,0.3202972353716812,0.18631634693454852,0.11508229435887188,1.0,0.3071200916452669,0.18631634693454852,0.11853914318780881,1.0,0.3133450879560923,0.18631634693454852,0.11850248535629362,0.9988090128755366,0.3245814923720457,0.18631634693454852,0.12616918083251222,1.0,0.3229514154659477,0.18631634693454852,0.13102436101995407,1.0,0.31625264605030534,0.18631634693454852,0.13373814853723162,1.0,0.31737249495143544,0.18631634693454852,0.11022811491624453,1.0,-0.002740696958502986,0.0,-0.01456813515560497,0.19401268617751985,0
862,0.33550262914659057,0.27990216090444053,0.1047478574514389,0.9989315352697097,0.3502743698079799,0.27990216090444053,0.12484607359394431,1.0,0.3471616812562161,0.27990216090444053,0.1273835721972864,1.0,0.3437484688330918,0.27990216090444053,0.118082054189872,1.0,0.3346506650816066,0.27990216090444053,0.10741838855363312,1.0,0.3568202210351794,0.27990216090444053,0.1410510833002627,0.9975,0.3505361281218469,0.27990216090444053,0.13253690903657117,1.0,0.3512501632692849,0.27990216090444053,0.1353321354649961,1.0,0.015747534122694307,0.0,0.03058427801355719,0.22454037210357153,0
863,0.34017713137868216,0.2935870512849934,0.11905181298515571,1.0,0.34621386465207055,0.2935870512849934,0.120039365561679,1.0,0.34712063112523384,0.2935870512849934,0.12600072816305327,1.0,0.34330137465012406,0.2935870512849934,0.11735228635370731,1.0,0.34495164810508244,0.2935870512849934,0.13193374140188097,1.0,0.35404521796359184,0.2935870512849934,0.13770026589802,1.0,0.34816552462692296,0.2935870512849934,0.1332841851079138,0.9963090128755365,0.35955567609106215,0.2935870512849934,0.11849138894118369,0.9900590128755365,0.019378544712379986,0.0,-0.0005604240439720243,0.22073225556852955,0
864,0.25206869873913806,0.1975280973776997,-0.04288175661728019,0.0,0.25575516068259796,0.1975280973776997,-0.0240090718108695,0.001174698795180723,0.25013164855168935,0.1975280973776997,-0.04496655062539503,0.0,0.25172408533276874,0.1975280973776997,-0.04332018413464539,0.0,0.25389981715294685,0.1975280973776997,-0.033768632022256495,0.007673649778370798,0.2528951755492356,0.1975280973776997,-0.044725609036104286,0.0,0.25388130385517865,0.1975280973776997,-0.03630259867219138,0.0,0.2522310092314329,0.1975280973776997,-0.03807169746607542,0.0,0.00016231049229481487,0.0,0.004810059151204769,0.20181695377523542,0
865,0.39381688142913895,0.7935552529114112,-0.03914987888856558,0.047957266108733264,0.3933520890207004,0.7935552529114112,-0.03236817584955134,0.047957266108733264,0.38925051880278966,0.7935552529114112,-0.048639378348252646,0.047957266108733264,0.3909513722341338,0.7935552529114112,-0.045419235042463695,0.047957266108733264,0.3924114397873784,0.7935552529114112,-0.03900021627778187,0.04421726610873325,0.395343676580202,0.7935552529114112,-0.024454668038524686,0.047957266108733264,0.39259261422801506,0.7935552529114112,-0.04090293074143119,0.047957266108733264,0.3897285506178387,0.7935552529114112,-0.04218015401973389,0.047957266108733264,-0.004088330811300278,0.0,-0.0030302751311683113,0.19542081832288122,0
866,0.22336365799871205,0.1112204972517854,-0.04856562393484637,0.0,0.22490148489803824,0.1112204972517854,-0.0359603742742911,0.001188212927756654,0.22537294984317344,0.1112204972517854,-0.03932091128313914,0.0009217877094972068,0.22464465165620306,0.1112204972517854,-0.03802770724869333,0.0,0.225190617003824,0.1112204972517854,-0.04210975246271118,0.0,0.22715083111172726,0.1112204972517854,-0.03428272657096386,0.0,0.22512020412467754,0.1112204972517854,-0.04294936388032511,0.004869647526912772,0.22378717876453716,0.1112204972517854,-0.039345464608049954,0.0,0.00042352076582510834,0.0,0.009220159326796415,0.20317249801755438,0
867,0.40451546074375816,0.252386898986886,0.20302861765027047,0.002007305773342837,0.40661482567426366,0.252386898986886,0.1832261288166046,0.0007880434782608696,0.40493642327222673,0.252386898986886,0.1953733564540744,0.0016076027069110072,0.4043946354092886,0.252386898986886,0.19627724707126618,0.00540100441275669,0.40220139061815513,0.252386898986886,0.20292897514998912,0.0028268650019929744,0.4117523837987765,0.252386898986886,0.19360034227371214,0.002007305773342837,0.3995548458855553,0.252386898986886,0.18449486419558525,0.006278089491788893,0.4097840517611711,0.252386898986886,0.2149889562278986,0.006278089491788893,0.005268591017412949,0.0,0.011960338577628127,0.2089448460097444,0
868,0.6267221486709437,0.8402742849611774,0.2041284766048193,0.0,0.6283142777989181,0.8402742849611774,0.20729018997401,0.0,0.6285300374580383,0.8402742849611774,0.1949184437841177,0.0,0.6305262879684269,0.8402742849611774,0.1922510264860466,0.0,0.6265455155157234,0.8402742849611774,0.1930910027824575,0.0,0.6287404044952948,0.8402742849611774,0.19119095101952552,0.0,0.6297624672807619,0.8402742849611774,0.21634236369282006,0.0,0.6274531338487268,0.8402742849611774,0.19804303079843522,0.0,0.0007309851777831389,0.0,-0.006085445806384093,0.19974610765527984,0
869,0.6083285900533963,1.0491415820800285,0.20471954017877578,0.0012343096234309623,0.6219672986416774,1.0491415820800285,0.19053192161023616,0.0,0.6126911672689087,1.0491415820800285,0.21448109477758406,0.0,0.6152295554815602,1.0491415820800285,0.2009042365476489,0.0,0.6101755247467885,1.0491415820800285,0.20300499133765698,0.0,0.607412491716821,1.0491415820800285,0.2024536656588316,0.0,0.6078599387879798,1.0491415820800285,0.18151742862537504,0.0008057851239669422,0.6182388703623402,1.0491415820800285,0.19522147342562676,0.0,0.009910280308943809,0.0,-0.009498066753149015,0.2085740697509552,0
870,0.5956383347807007,0.8064498010711736,0.2177569515630603,0.0,0.600877002781107,0.8064498010711736,0.20172716869041324,0.0,0.5848783451130515,0.8064498010711736,0.20197753813117741,0.0017048710601719197,0.5917182798933951,0.8064498010711736,0.20402574837207793,0.0,0.5926488981585925,0.8064498010711736,0.18600914167240262,0.0,0.5830387757846917,0.8064498010711736,0.20727983977645636,0.0017048710601719197,0.5961512380416403,0.8064498010711736,0.18818369459360837,0.0,0.5931797751391468,0.8064498010711736,0.1916911379620433,0.0,-0.002458559641553948,0.0,-0.026065813601017007,0.1914926279257058,0
871,0.418687706255234,0.3016746354969225,0.2110351942293346,0.003037354477254653,0.41658973037217584,0.3016746354969225,0.2207170956581831,0.006672471042015618,0.41654143419643375,0.3016746354969225,0.1825153822544962,0.006567161935561145,0.4220139074583188,0.3016746354969225,0.18613874845206738,0.0013982360199543775,0.418553096773101,0.3016746354969225,0.2027200209721923,0.003037354477254653,0.42340358797679,0.3016746354969225,0.21110425747931003,0.004717795248604515,0.4104854842184518,0.3016746354969225,0.19872927963733672,0.010057945654007201,0.41668005440874634,0.3016746354969225,0.18530577734578402,0.00566813819570071,-0.002007651846487657,0.0,-0.02572941688355057,0.1920497726400169,0
872,0.25190759680200214,0.12129040838019087,-0.02732261210680008,0.0,0.25042681724264726,0.12129040838019087,-0.03954559798818082,0.0009217877094972068,0.24865765230167117,0.12129040838019087,-0.03722197867609793,0.0009217877094972068,0.25189021739917805,0.12129040838019087,-0.033567640153924,0.010212533006564353,0.2535591470312157,0.12129040838019087,-0.03363911067310255,0.0016785444662539633,0.2522108172002005,0.12129040838019087,-0.02720573740778491,0.0009217877094972068,0.2543727425586024,0.12129040838019087,-0.02965538957621902,0.0009217877094972068,0.2478072477608898,0.12129040838019087,-0.043674383610486985,0.0009217877094972068,-0.004100349041112339,0.0,-0.016351771503686906,0.19214420692649373,0
873,0.33321180901740133,0.2953631133415321,0.13521234062005533,1.0,0.35258094534484047,0.2953631133415321,0.12804362509399653,0.9963090128755365,0.3284639008060891,0.2953631133415321,0.13246704440563917,1.0,0.33553044342072247,0.2953631133415321,0.10562870306661352,0.9989315352697097,0.34038751891841884,0.2953631133415321,0.1314808374212589,0.9987869198312237,0.33154437108491674,0.2953631133415321,0.10952371095540002,1.0,0.36689762096568995,0.2953631133415321,0.12598102625925095,0.9924795081967213,0.3316188018387151,0.2953631133415321,0.12892410922562703,1.0,-0.0015930071786862121,0.0,-0.006288231394428301,0.19724968730164766,0
874,0.33382585814269633,0.23580299429869728,0.13167988565750421,1.0,0.3421521396351994,0.23580299429869728,0.13774021917488427,1.0,0.3219736580972334,0.23580299429869728,0.1168965909734834,1.0,0.3351760443174273,0.23580299429869728,0.11501626503653824,1.0,0.33253954771701927,0.23580299429869728,0.13763955970061942,1.0,0.34250123963685597,0.23580299429869728,0.11469026979058981,1.0,0.3321396314029883,0.23580299429869728,0.13109677229018415,1.0,0.3274349844898008,0.23580299429869728,0.13236420177388936,0.9975,-0.0063908736528955346,0.0,0.0006843161163851419,0.1939067940775251,0
875,0.3325386968891625,0.19935996989160595,0.12328319125503186,1.0,0.33219556801026656,0.19935996989160595,0.11094777659513057,1.0,0.321651046236641,0.19935996989160595,0.12351226286031305,1.0,0.33150816047774484,0.19935996989160595,0.12965276984905358,1.0,0.3160499846423316,0.19935996989160595,0.1252519353450043,1.0,0.3346735752946274,0.19935996989160595,0.1264343590848148,1.0,0.32062936296596645,0.19935996989160595,0.1106166151445359,1.0,0.31099713790753264,0.19935996989160595,0.12955512618646026,1.0,-0.02154155898162985,0.0,0.0062719349314283995,0.17932496615896396,0
876,0.28766995927991573,0.1567086051136387,0.13039051363593898,0.972213790737431,0.3044361010645364,0.1567086051136387,0.10980307958088815,0.9540935762031069,0.295261928971796,0.1567086051136387,0.12247124555055051,0.9872214116650807,0.3129644364015344,0.1567086051136387,0.11364649106748402,0.9879890886913612,0.30337581203040886,0.1567086051136387,0.11691769888158887,0.9829890886913611,0.2890063808248532,0.1567086051136387,0.12626696820370853,0.9745704883960522,0.30768623557196756,0.1567086051136387,0.1272751416283427,0.9849588505825095,0.30466417425605846,0.1567086051136387,0.11543650469830027,0.9876429541217584,0.01699421497614273,0.0,-0.014954008937638708,0.21469536093771655,0
877,0.28622122623429636,0.21446015776645136,0.12493599860463292,0.9820274452512748,0.30819863470918407,0.21446015776645136,0.1394868574582506,0.9915675675675676,0.30914202450591055,0.21446015776645136,0.10925030593527481,0.9948057768924303,0.3342047725784187,0.21446015776645136,0.11920029345201329,0.9960557768924303,0.32534393734960726,0.21446015776645136,0.11656555150984786,1.0,0.32107740482081015,0.21446015776645136,0.12866315489402042,0.9990675675675676,0.3224395379373313,0.21446015776645136,0.11778281753417104,1.0,0.3444236786430181,0.21446015776645136,0.14171413074247538,0.9965675675675676,0.05820245240872174,0.0,0.01677813213784246,0.26585485976495105,0
878,0.03704674987188457,0.0,-0.37803856074810027,0.0,0.057749340213318484,0.0,-0.3720334619283676,0.0,0.05621799431025946,0.0,-0.37611004546284676,0.0,0.33779125424660367,0.28605750133436075,0.11890545167960226,0.9991472303206997,0.35202642712736587,0.28605750133436075,0.11662349719088524,0.9924795081967213,0.3313557294250849,0.28605750133436075,0.1095509440934984,0.9991472303206997,0.3307901762690773,0.28605750133436075,0.13468565271236002,0.9916472303206997,0.3426583721606742,0.28605750133436075,0.1107813429273665,0.9941472303206997,0.30561162228878963,0.28605750133436075,0.4888199036754668,0.7091150215977461,1
879,0.1003097445265334,0.0027949074062554235,-0.3969416370987892,0.0,0.11176981878090572,0.0027949074062554235,-0.37986343607306483,0.0,0.11020643419881983,0.0027949074062554235,-0.3820313860476017,0.0,0.383704217313911,0.22802077438944002,0.12706044867634772,0.9955886808041862,0.39135717301280437,0.22802077438944002,0.13243676596088336,0.9918079430992681,0.38488603720128045,0.22802077438944002,0.13364009073236957,0.9925,0.4055110937768343,0.22802077438944002,0.11858887319918722,0.989610629533353,0.408460977418775,0.22802077438944002,0.12113300220691599,0.9975,0.3081512328922416,0.22522586698318459,0.5180746393057052,0.7046816958817703,1
880,0.10847810030680023,0.0,-0.3842208920419216,0.0,0.09968709247680013,0.0,-0.40653464287519453,0.0,0.1006005246839406,0.0,-0.38734449237585067,0.0,0.11781455232456975,0.0,-0.37612529650330545,0.0,0.1160940040174356,0.0,-0.3791295249760151,0.0,0.3686075284441962,0.20986759866806343,0.12341767426813022,0.9956954875998899,0.3871020322400445,0.20986759866806343,0.1312531729519833,0.9905886808041862,0.40158066061446607,0.20986759866806343,0.11792219339520671,1.0,0.29310256030766585,0.20986759866806343,0.5021430854371283,0.6813307530413467,1
881,0.11657884026456297,0.003663510326131281,-0.43563720867037775,0.0,0.12262516467994633,0.003663510326131281,-0.36655692622065544,0.0,0.1195926370167017,0.003663510326131281,-0.3834528547525406,0.0,0.1244479923124159,0.003663510326131281,-0.3708766797184944,0.0,0.12229810793065161,0.003663510326131281,-0.3782706069946289,0.0,0.13861681981504756,0.003663510326131281,-0.36207877457141874,0.0,0.1430682600467887,0.003663510326131281,-0.3878234718739986,0.0,0.1580534131289892,0.003663510326131281,-0.35342318430542946,0.0,0.04147457286442624,0.0,0.08221402436494829,0.26427622617463675,0
882,0.2104424187322129,0.0,-0.16181744061876088,0.0,0.2163102504857951,0.0,-0.144363370521678,0.0,0.2043151082062752,0.0,-0.20274581188801677,0.0,0.20803173115957882,0.0,-0.16177733991295098,0.0,0.2005556092616829,0.0,-0.22037903311196716,0.0,0.2268550904903792,0.0,-0.08194104295223952,0.0,0.22079549366324674,0.0,-0.1473498347774148,0.0,0.19039878252395123,0.0,-0.2041265106201172,0.0,-0.02004363620826166,0.0,-0.04230907000135631,0.1689989566423387,0
883,0.25853844699513456,0.0,-0.09064527579583227,0.0,0.22870202499188247,0.0,-0.1688553947210312,0.0,0.24500887993610324,0.0,-0.12743179397657514,0.0,0.22651642939184155,0.0,-0.16780448941513895,0.0,0.22615437678976336,0.0,-0.17738828115165234,0.0,0.2823942025060552,0.0,-0.025961511991918085,0.0,0.260159311405603,0.0,-0.050891726076079065,0.0,0.2282395939252576,0.0,-0.1917125042900443,0.0,-0.030298853069876952,0.0,-0.10106722849421203,0.14380551144987358,0
884,0.4318645756430261,0.14822275685492858,0.1989918652921915,0.0,0.4257452367049568,0.14822275685492858,0.19543317860654497,0.0,0.4433398610681514,0.14822275685492858,0.20742138247936964,0.0,0.41878276636884854,0.14822275685492858,0.22192955490201713,0.0065675675675675674,0.4285466809639659,0.14822275685492858,0.20376894685905428,0.0025,0.42838853982741454,0.14822275685492858,0.20026186725124717,0.0,0.43390904679236963,0.14822275685492858,0.19974855903536082,0.0007018442622950819,0.43771562146947973,0.14822275685492858,0.20384447574615477,0.0025,0.005851045826453627,0.0,0.004852610453963263,0.20781656767826243,0
885,0.5136870483565071,0.3710367920873197,0.20195320756407453,0.0011111111111111111,0.5190934450901907,0.3710367920873197,0.19926858892082236,0.0,0.5195719848898681,0.3710367920873197,0.21808574210852386,0.0,0.5143361088089927,0.3710367920873197,0.2107554670283571,0.0,0.5195327284069082,0.3710367920873197,0.19477360609918834,0.0,0.5196362039985774,0.3710367920873197,0.20111573107540606,0.0,0.5272923359218176,0.3710367920873197,0.19646504282951355,0.0,0.5277080875790028,0.3710367920873197,0.1992966227978468,0.0,0.014021039222495646,0.0,-0.0026565847662277375,0.21457820167332275,0
886,0.45100122044438723,0.14501521402690998,0.18887672282755374,0.010083397151114995,0.4566812748404598,0.14501521402690998,0.19985868226736783,0.008740259896213035,0.45204338886870693,0.14501521402690998,0.19818485006690026,0.00925023647903108,0.4397949201342469,0.14501521402690998,0.19937807304784655,0.013634265744166253,0.4518017256710466,0.14501521402690998,0.22044782370328903,0.01659050894040244,0.439895635322156,0.14501521402690998,0.19597130564041434,0.013678727820399422,0.42996759049124395,0.14501521402690998,0.19495427646441385,0.03144201296420952,0.4421395609257206,0.14501521402690998,0.1950202425569296,0.011240259896213033,-0.008861659518666631,0.0,0.0061435197293758514,0.19264309613282465,0
887,0.4243008395738104,0.2620137177281073,0.1774631590396166,0.0007951289398280801,0.42878520092285055,0.2620137177281073,0.205432558786124,0.0007951289398280801,0.43033728268266946,0.2620137177281073,0.2026120836660266,0.0013998543997353965,0.4166747945966717,0.2620137177281073,0.20619540333747863,0.0007951289398280801,0.41413566170324384,0.2620137177281073,0.17657585529610514,0.0013998543997353965,0.4278214186496964,0.2620137177281073,0.21110053401440382,0.0007951289398280801,0.41403399703341903,0.2620137177281073,0.18484375655651092,0.0017951289398280802,0.41205583821864716,0.2620137177281073,0.207966219750233,0.0017951289398280802,-0.01224500135516321,0.0,0.030503060710616398,0.1950494999888912,0
888,0.41141485315093596,0.1627580683814379,0.19323400296270848,0.0,0.4052002525229357,0.1627580683814379,0.21363613404333592,0.0,0.38837736971383996,0.1627580683814379,0.21246478989720344,0.002606648199445983,0.39158839914212634,0.1627580683814379,0.19685714472085236,0.0034999999999999996,0.3892138649221177,0.1627580683814379,0.21494202085770667,0.004263791056588841,0.405037586413892,0.1627580683814379,0.19729702885262668,0.0,0.390679900060297,0.1627580683814379,0.20502026852976996,0.0016066481994459834,0.4152451568312564,0.1627580683814379,0.20779487585648895,0.0,0.003830303680320446,0.0,0.014560872893780469,0.20806776328862175,0
889,0.35087142698233637,0.23116903072804668,0.11763119427021593,1.0,0.35578627962139303,0.23116903072804668,0.12428594506636728,1.0,0.3380037365256374,0.23116903072804668,0.1297272434923798,1.0,0.33742763701655953,0.23116903072804668,0.12421066226437688,1.0,0.34456178850660557,0.23116903072804668,0.11883793020999292,1.0,0.35380329330112337,0.23116903072804668,0.11731744580902159,1.0,0.33424925675591566,0.23116903072804668,0.1088869732641615,1.0,0.36794855942880983,0.23116903072804668,0.1124185638455674,0.9913609254438424,0.017077132446473464,0.0,-0.0052126304246485206,0.2171694357236768,0
890,0.3773066969227601,0.24061797046974398,0.10820176044711843,0.9717503719270293,0.39111333543227855,0.24061797046974398,0.11280291700037197,0.9595648818833128,0.38057629971205054,0.24061797046974398,0.12404151011724025,0.9634276794049839,0.38766281050236473,0.24061797046974398,0.10520393915474414,0.9478319348471429,0.38974772430262467,0.24061797046974398,0.11327321392367594,0.9695223302453695,0.4042751663875286,0.24061797046974398,0.11862488919578026,0.9105139607749956,0.39388071589390183,0.24061797046974398,0.133043561859522,0.9714398939555522,0.3972912650494991,0.24061797046974398,0.11658784840954467,0.9701132088966656,0.01998456812673899,0.0,0.008386087962426236,0.2235623106143568,0
891,0.3416568407961158,0.23057716321653807,0.14475552294403315,0.9991835443037974,0.3518654462090069,0.23057716321653807,0.11527729828841984,1.0,0.34012753071663476,0.23057716321653807,0.13455060312058775,1.0,0.33706539093183674,0.23057716321653807,0.1180942958081141,1.0,0.3387913798723028,0.23057716321653807,0.10958076918497682,1.0,0.32714865856431896,0.23057716321653807,0.12293546120636165,0.9991884816753926,0.329071339862533,0.23057716321653807,0.13774703342467545,0.9975266739295843,0.40996448390549944,0.31404667672047953,0.21812058767536655,0.014862699592649744,0.06830764310938364,0.08346951350394147,0.07336506473133339,0.3099455312753734,0
892,0.32964160549745025,0.2247844109336378,0.10619548049988226,0.9989315352697097,0.34890943754289516,0.2247844109336378,0.11142983558005654,0.9975,0.3255771661707542,0.2247844109336378,0.101256718095392,0.9893118468323248,0.34608419494214426,0.2247844109336378,0.12123687774408609,1.0,0.3461287753019778,0.2247844109336378,0.12643952659564092,1.0,0.32306045364434144,0.2247844109336378,0.11015998135961126,1.0,0.3398587706773991,0.2247844109336378,0.11477727215737105,0.9988090128755366,0.3261216592782096,0.2247844109336378,0.1386757097952068,0.9940556756078773,-0.003519946219240677,0.0,0.03248022929532454,0.2047198072571949,0
893,0.3302363826194312,0.22198859206279709,0.1275069419387728,1.0,0.4374453733338064,0.28091035779474394,0.20166609302163124,0.006891661844603719,0.42839173463735986,0.28091035779474394,0.20567017989233136,0.00875678770110246,0.43464957341705435,0.28091035779474394,0.2111921139061451,0.0038076007092325394,0.4260084681577997,0.28091035779474394,0.18884107193909586,0.004353260869565218,0.43567694871259377,0.28091035779474394,0.20672839287668465,0.0038076007092325394,0.4390047542544613,0.28091035779474394,0.1993976118043065,0.004360408560311284,0.43699551783878965,0.28091035779474394,0.17876846848521383,0.0043241869918699185,0.10675913521935843,0.05892176573194685,0.05126152654644103,0.3392517357601624,0
894,0.3374432901807356,0.28061210476582527,0.13522734585596483,0.9756072834921388,0.36346180123666616,0.28061210476582527,0.12014294492546469,1.0,0.3572762474629472,0.28061210476582527,0.1101115947420476,0.9975,0.3758595856433007,0.28061210476582527,0.12323626984143629,0.9884637777217212,0.35295251897115654,0.2806121047658252,0.10995859077869681,1.0,0.383504483128803,0.28061210476582527,0.10381698333192617,0.9698355359417432,0.3573830627482586,0.28061210476582527,0.12948180503211915,0.9873449006261926,0.36569410609019093,0.28061210476582527,0.11976361819077283,0.9932273838630806,0.02825081590945533,0.0,-0.015463727665191995,0.22642159543314938,0
895,0.3887442574466361,0.18989600139047574,0.1923751827701926,0.0,0.3902796806415919,0.18989600139047574,0.18837791451252997,0.0,0.3913576538837387,0.18989600139047574,0.21415538504719733,0.0,0.38990872295615603,0.18989600139047574,0.18914193850010633,0.0,0.3899299167400094,0.18989600139047574,0.19080008482560515,0.0,0.39712866595855906,0.18989600139047574,0.19785709131509066,0.0,0.3839496237532808,0.18989600139047574,0.17617331370711325,0.0012869198312236289,0.39120776995005085,0.18989600139047574,0.18425274346023798,0.0012869198312236289,0.0024635125034147554,0.0,-0.008122439309954627,0.20107104638361045,0
896,0.19302530578320432,0.11759343599223933,-0.029121747001772745,0.0,0.19362895774042707,0.11759343599223933,-0.032806724605616185,0.0,0.1941298407460625,0.11759343599223933,-0.024379422585479916,0.0019314555519374796,0.19028922221808825,0.11759343599223933,-0.04247339172077773,0.003109310697911028,0.1911701682134337,0.11759343599223933,-0.03641095560160466,0.0,0.19503380972025322,0.11759343599223933,-0.0351957731024595,0.0007567567567567567,0.1912731297294298,0.11759343599223933,-0.04221165947150439,0.0,0.1899409509438068,0.11759343599223933,-0.041426031265873464,0.0,-0.0030843548393975073,0.0,-0.012304284264100719,0.19420555392900665,0
897,0.2078624870890829,0.19454724413589636,-0.03179358136723749,0.0,0.20750302189150072,0.19454724413589636,-0.03247474489820888,0.001188212927756654,0.20420402278530514,0.19454724413589636,-0.04213176903896965,0.0,0.20526671018861076,0.19454724413589636,-0.04417524719960056,0.0,0.2083320793107602,0.19454724413589636,-0.03416518683312461,0.0,0.20949179035129753,0.19454724413589636,-0.0257040502037853,0.0,0.20793240053010892,0.19454724413589636,-0.0412301872484386,0.0,0.20610559492981234,0.19454724413589636,-0.03616059059917461,0.0,-0.001756892159270551,0.0,-0.00436700923193712,0.19754787376092042,0
898,0.2473891028774674,0.20668035472942164,-0.029660457267891616,0.03215343914226126,0.24573510525738962,0.20668035472942164,-0.03491131421760656,0.02834343914226126,0.2442749534018401,0.20668035472942164,-0.03535680998349562,0.03084343914226126,0.244413200663554,0.20668035472942164,-0.04384684960125014,0.02834343914226126,0.246353625215144,0.20668035472942164,-0.03958367301383987,0.03215343914226126,0.24769088093681105,0.20668035472942164,-0.031755786085050204,0.03215343914226126,0.24768445456970947,0.20668035472942164,-0.027954692515340867,0.02965343914226126,0.2474697423948357,0.20668035472942164,-0.03338271010434255,0.03215343914226126,8.063951736830832e-05,0.0,-0.003722252836450935,0.19964043002611565,0
899,0.21520721559538383,0.18057503324212823,-0.03599880026944447,0.0,0.21603477177737251,0.18057503324212823,-0.03022710819437634,0.0,0.2097014108735585,0.18057503324212823,-0.056211481848731634,0.0,0.21342103731834233,0.18057503324212823,-0.05320329095469788,0.0,0.2133608761012855,0.18057503324212823,-0.05002077777520753,0.0016447368421052633,0.21341857217822222,0.18057503324212823,-0.04828909000119893,0.0,0.21564142121763893,0.18057503324212823,-0.033492552711977625,0.0,0.21790717592356207,0.18057503324212823,-0.030370791669629398,0.0007567567567567567,0.002699960328178236,0.0,0.005628008599815073,0.20468904001876395,0
900,0.23966923150129119,0.10524136799583353,-0.028771690079884137,0.0,0.23745866792737097,0.10524136799583353,-0.04023690511647146,0.0,0.2384529343780535,0.10524136799583353,-0.03747649880475365,0.0,0.24244116348861408,0.10524136799583353,-0.02925298186368309,0.0007567567567567567,0.2369665061541788,0.10524136799583353,-0.042298221541568634,0.0,0.2385230139252143,0.10524136799583353,-0.038205995199678,0.0,0.24026834532907348,0.10524136799583353,-0.036613409121637235,0.0,0.24028601172986477,0.10524136799583353,-0.02974703502288321,0.0,0.0006167802285735879,0.0,-0.0009753449429990742,0.2008779192134486,0
901,0.43508014050585064,0.3822407614545037,0.23526672564446927,0.003042972862059641,0.4471064161114266,0.3822407614545037,0.19392492644488812,0.0022177952486045153,0.4414927452280949,0.3822407614545037,0.2107991912961006,0.004928043478260869,0.4329752440297306,0.3822407614545037,0.20050734885036944,0.0007880434782608696,0.4357248546319211,0.3822407614545037,0.21292187087237835,0.0007880434782608696,0.43703147805011994,0.3822407614545037,0.19644953094422818,0.0013982360199543775,0.4429579888220645,0.3822407614545037,0.1853419743478298,0.003418827196706926,0.43242151766711895,0.3822407614545037,0.1890420476347208,0.003418827196706926,-0.0026586228387316946,0.0,-0.04622467800974847,0.18634278627427442,0
902,0.45384559893054344,0.387654636103511,0.21029343865811825,0.0,0.4545401350470016,0.387654636103511,0.19811896953731775,0.0,0.4366743789510481,0.387654636103511,0.21342630635946988,0.0,0.45438561107215797,0.387654636103511,0.20039945311844348,0.0,0.450635079549904,0.387654636103511,0.19955246951431035,0.0,0.4575844961535411,0.387654636103511,0.19842981204390525,0.0,0.45454057445003226,0.387654636103511,0.19550913799088449,0.0,0.45436242908065194,0.387654636103511,0.20541239403188227,0.0,0.0005168301501085049,0.0,-0.004881044626235981,0.19981573757261845,0
903,0.5807159464603984,0.8799795616514262,0.19982845675200223,0.0,0.5868900103366159,0.8799795616514262,0.20971763610839844,0.0,0.5687984776188054,0.8799795616514262,0.20983776073902846,0.0017048710601719197,0.5827457196765121,0.8799795616514262,0.2084976352006197,0.000901639344262295,0.5698490921575292,0.8799795616514262,0.21961906637996434,0.0017048710601719197,0.5764712681087474,0.8799795616514262,0.18803460780531167,0.0,0.5656220394548322,0.8799795616514262,0.21213290389627218,0.003032671890047438,0.5821986354944985,0.8799795616514262,0.18992246396839618,0.000901639344262295,0.0014826890341000931,0.0,-0.009905992783606044,0.1996014240397034,0
904,0.5415181645635901,0.8581737324287843,0.22066720355302094,0.002905192255385658,0.5432258464191879,0.8581737324287843,0.2008867186680436,0.002905192255385658,0.5423142311644775,0.8581737324287843,0.20860054306685924,0.002905192255385658,0.5419419257673095,0.8581737324287843,0.18463378444314002,0.0037109773793526013,0.5436251131540689,0.8581737324287843,0.212592842169106,0.002905192255385658,0.5401209535619382,0.8581737324287843,0.1999072468467057,0.002905192255385658,0.5415463402678568,0.8581737324287843,0.20458999212831258,0.002905192255385658,0.540980972736131,0.8581737324287843,0.21217998400330543,0.002905192255385658,-0.0005371918274591492,0.0,-0.008487219549715513,0.1978224822133089,0
905,0.3389206653225376,0.2660037553638325,0.11943022480700165,0.9953564487015099,0.3685212768003755,0.2660037553638325,0.13890808901167476,1.0,0.35859347542276304,0.2660037553638325,0.13208413460175505,1.0,0.3475735787984749,0.2660037553638325,0.12239774469839176,1.0,0.3575092922978559,0.2660037553638325,0.12964516369858756,1.0,0.3433188426821026,0.2660037553638325,0.1244240668497514,0.995687529393778,0.37414344132931426,0.2660037553638325,0.1143042598752072,0.9459240020449708,0.353599787759593,0.2660037553638325,0.12456357008079066,1.0,0.01467912243705538,0.0,0.005133345273789017,0.21717968684438796,0
906,0.34544738415694864,0.21711830999734447,0.11003300748037873,1.0,0.34332383377626324,0.21711830999734447,0.12623651621863247,1.0,0.32411131129379295,0.21711830999734447,0.13177701778127812,0.9986882129277567,0.33796961902158734,0.21711830999734447,0.12845930305775255,1.0,0.3273014739805532,0.21711830999734447,0.1289548217644915,1.0,0.32832885123382427,0.21711830999734447,0.11457778865238652,1.0,0.3150969451003989,0.21711830999734447,0.10793967894511297,0.9974797540983605,0.3262498966760631,0.21711830999734447,0.12221555449068547,1.0,-0.019197487480885567,0.0,0.012182547010306743,0.18324102581864354,0
907,0.3165158164170141,0.25314513583171694,0.13187129161553457,1.0,0.3294626780027007,0.25314513583171694,0.10650057805818505,0.9989315352697097,0.33249365436872597,0.25314513583171694,0.12402878691907972,1.0,0.32562293556303473,0.25314513583171694,0.11882700825226493,0.9988090128755366,0.31481834778905027,0.25314513583171694,0.12203106566797942,0.9987397540983607,0.3324986285908999,0.25314513583171694,0.11696654201950878,1.0,0.34245648792022587,0.25314513583171694,0.11856719249136403,1.0,0.3319951632355728,0.25314513583171694,0.12074704930535518,1.0,0.015479346818558726,0.0,-0.011124242310179389,0.21403883236388555,0
908,0.3164068371429822,0.28380926114282634,0.11275746491992322,0.9967183098591549,0.34194780309980055,0.28380926114282634,0.11888570413575508,1.0,0.34448470754649607,0.28380926114282634,0.13112373197916896,1.0,0.3532412173627872,0.28380926114282634,0.11353236037306487,0.9194485695910208,0.33735381873426284,0.28380926114282634,0.12149546165252105,0.9944484943060588,0.3379862884264666,0.28380926114282634,0.12379909866955131,1.0,0.35842510742009803,0.28380926114282634,0.11569490026449784,1.0,0.3612035907324949,0.28380926114282634,0.15222981762140989,0.847177545650512,0.04479675358951274,0.0,0.03947235270148666,0.257301544268497,0
909,0.2494993524803188,0.003958551629783101,-0.3743413046002388,0.0,0.4010586139145354,0.20686028841552506,0.14117059363052248,1.0,0.39621529977374387,0.20686028841552506,0.11604985759477131,1.0,0.4274429528916936,0.20686028841552506,0.10818506178213283,0.9988550420168067,0.42297781754310865,0.20686028841552506,0.11553760146023706,0.9988550420168067,0.42919720476990336,0.20686028841552506,0.1320893687522039,0.9925,0.42010988345701944,0.20686028841552506,0.1265640342378174,0.9963550420168068,0.430260545588342,0.20686028841552506,0.12273859062115662,0.9963550420168068,0.1807611931080232,0.20290173678574197,0.4970798952213954,0.5601808500234036,0
910,0.1800625350874879,0.11998466124802051,-0.4041979467868805,0.0014408866995073892,0.19463831289961198,0.11998466124802051,-0.36380751833319663,0.0014408866995073892,0.2009408583771364,0.11998466124802051,-0.3781795758008957,0.0014408866995073892,0.23793020624571234,0.11998466124802051,-0.36605822935700416,0.0014408866995073892,0.23958655564500642,0.11998466124802051,-0.3608789287507534,0.0014408866995073892,0.23400485388254472,0.11998466124802051,-0.3744011375308037,0.0014408866995073892,0.24133907483414135,0.11998466124802051,-0.35497899979352954,0.00394088669950739,0.23082389517399327,0.11998466124802051,-0.39562683254480363,0.0014408866995073892,0.050761360086505364,0.0,0.00857111424207685,0.25600992555156094,0
911,0.1478981394962361,0.005156169737369465,-0.36663578659296037,0.0,0.14320778608063314,0.005156169737369465,-0.37554043889045713,0.0,0.15488149338162077,0.005156169737369465,-0.36358790040016176,0.0,0.17924353038783442,0.005156169737369465,-0.3695500037074089,0.0,0.17515645327621018,0.005156169737369465,-0.3991874569654465,0.0,0.1851984113670483,0.005156169737369465,-0.38554285690188406,0.0,0.19075015686872523,0.005156169737369465,-0.3816021227836609,0.0,0.18607344124777564,0.005156169737369465,-0.3852106060087681,0.0,0.03817530175153955,0.0,-0.018574819415807742,0.2361079847869875,0
912,0.18224923919225208,0.2130620825290161,-0.3676358717679977,0.0014408866995073892,0.18086052388043886,0.2130620825290161,-0.359873868227005,0.0014408866995073892,0.17658236126483515,0.2130620825290161,-0.38113865375518796,0.0014408866995073892,0.19055057233045763,0.2130620825290161,-0.3822058790922165,0.0014408866995073892,0.19123745896338654,0.2130620825290161,-0.3766109979152679,0.0014408866995073892,0.19595216358184153,0.2130620825290161,-0.40401824221014976,0.0014408866995073892,0.21715095626864814,0.2130620825290161,-0.36441657349467277,0.0014408866995073892,0.2229441707164327,0.2130620825290161,-0.372281404286623,0.0014408866995073892,0.040694931524180605,0.0,-0.004645532518625262,0.24217356568678763,0
913,0.11309970312160814,0.0024704975051866884,-0.37202540144324303,0.0,0.10826227188091325,0.0024704975051866884,-0.3762647354602814,0.0,0.1063449160134853,0.0024704975051866884,-0.38828611448407174,0.0,0.10960048215680611,0.0024704975051866884,-0.3895525802671909,0.0,0.11504222560181966,0.0024704975051866884,-0.35918813034892083,0.0,0.12559167831807988,0.0024704975051866884,-0.35884232506155966,0.0,0.3833105777538702,0.20318806879256615,0.12604301317463978,0.9944854419377894,0.40859280054722363,0.20318806879256615,0.12418593565234914,0.9988550420168067,0.29549309742561547,0.20071757128737946,0.4962113370955922,0.6802470160651775,1
914,0.20705721846306402,0.0,-0.15251185064204037,0.0,0.18513027054390552,0.0,-0.1777850091457367,0.0,0.20380667220563883,0.0,-0.15718248422257602,0.0,0.21952582276023072,0.0,-0.1176798435114324,0.0,0.2245630733887543,0.0,-0.09053115680813789,0.0,0.2141695709748755,0.0,-0.12959002519142815,0.0,0.2046554733937732,0.0,-0.19166232768446206,0.0,0.24312893532471255,0.0,-0.10778502963483333,0.0,0.036071716861648534,0.0,0.04472682100720704,0.2494031115422804,0
915,0.2233530355180127,0.0,-0.15228699390776457,0.0,0.23815519912137972,0.0,-0.1290106093126815,0.0,0.21414041769298342,0.0,-0.23776961451396347,0.0,0.2252716557183132,0.0,-0.13676252072211356,0.0,0.23562285984020084,0.0,-0.11167618029052391,0.0,0.22715096557306425,0.0,-0.14768880252726377,0.0,0.23597766847964277,0.0,-0.1134875589737203,0.0,0.23083536133660748,0.0,-0.1706576854456216,0.0,0.007482325818594787,0.0,-0.01837069153785703,0.2038439610261866,0
916,0.2736682208540487,0.0,-0.12539107088930904,0.0,0.2700592235499696,0.0,-0.137384247854352,0.0,0.2875516926811251,0.0,-0.045456618033349515,0.0025,0.26254550010336813,0.0,-0.13051259392785142,0.0,0.2665469814401034,0.0,-0.12317058971151709,0.0,0.24371017006306084,0.0,-0.2450624783243984,0.0,0.2399144624679156,0.0,-0.22569163484498858,0.0,0.25569556708080327,0.0,-0.1757951467204839,0.0,-0.017972653773245417,0.0,-0.05040407583117487,0.1691959258799846,0
917,0.4960808521857784,0.3880359424368073,0.20346776731312274,0.0,0.5056896966738351,0.38803594243680734,0.20301684471778572,0.0,0.5012615656334763,0.3880359424368073,0.2006917037628591,0.0,0.488528898814753,0.3880359424368073,0.20441527964081616,0.0,0.4936496586069388,0.38803594243680734,0.19463273338973522,0.0,0.4936004445062497,0.38803594243680734,0.18504612566903234,0.0,0.4807491934039558,0.3880359424368073,0.19589278738945723,0.0,0.48786159325715295,0.38803594243680734,0.21746694506146014,0.0025,-0.008219258928625461,5.551115123125783e-17,0.013999177748337394,0.19524417469634903,0
918,0.4381024476085027,0.1438562706042956,0.20322098817676307,0.0012327322931831128,0.4467412674248815,0.1438562706042956,0.2005975327268243,0.0017907305505730704,0.42659543467820116,0.1438562706042956,0.192745257653296,0.0021939979388828496,0.44390985077172634,0.1438562706042956,0.1850982167199254,0.0005308880308880309,0.4340143040651676,0.1438562706042956,0.199067686740309,0.0028443495619385607,0.4426556308267405,0.1438562706042956,0.1782444443181157,0.0005308880308880309,0.42808706246542777,0.1438562706042956,0.18820509374141692,0.003169654317389214,0.42300425993835833,0.1438562706042956,0.2188072512857616,0.017298644056649538,-0.01509818767014437,0.0,0.015586263108998522,0.18839079128021605,0
919,0.4014890622973271,0.15292081397746352,0.21202356858178972,0.010308785315272094,0.4141998723271257,0.15292081397746352,0.21671102848369628,0.005165462587562588,0.4044753249013706,0.15292081397746352,0.18989054076373577,0.0025,0.4111090557702526,0.15292081397746352,0.21774597260169684,0.002665462587562588,0.4153965605096612,0.15292081397746352,0.19306357070803642,0.0,0.4055109544629302,0.15292081397746352,0.19286497814580797,0.0012305003887772953,0.4137923517329386,0.15292081397746352,0.21866976149380207,0.0020814014521914094,0.4080456393062552,0.15292081397746352,0.20681078854948282,0.002665462587562588,0.006556577008928088,0.0,-0.005212780032306907,0.206093196184996,0
920,0.3537512817902474,0.2582092989713999,0.12388001234096009,0.9950686934908686,0.35592120595563853,0.2582092989713999,0.13171988140791654,0.9975,0.35916032705985323,0.2582092989713999,0.10895536754280329,0.9912916666666667,0.357522100179015,0.2582092989713999,0.12912815722520463,0.9975,0.3605920348047579,0.2582092989713999,0.11902356491424143,0.9967183098591549,0.36526643726545566,0.2582092989713999,0.12597960665822028,0.9975,0.3588698639155284,0.2582092989713999,0.12575549635570496,0.9962916666666666,0.3560928025485652,0.2582092989713999,0.14134953025262803,0.995,0.0023415207583177833,0.0,0.01746951791166794,0.2072130095957978,0
921,0.35527563006373675,0.252723455038483,0.11810314438538626,0.9946593965072501,0.3393054755545944,0.252723455038483,0.11041354995220899,1.0,0.34573773366890836,0.252723455038483,0.11810866385698318,1.0,0.35679668309159024,0.252723455038483,0.13499002390890383,0.9988090128755366,0.3394053091782172,0.252723455038483,0.12916691983584314,1.0,0.3605357877255704,0.252723455038483,0.11129192769061774,0.9975,0.3386368574590326,0.252723455038483,0.12089859541854821,1.0,0.3655333127438643,0.252723455038483,0.12400678225676529,1.0,0.010257682680127556,0.0,0.005903637871379028,0.21271345971283903,0
922,0.3462938143151558,0.3232965202147372,0.13092722825706005,1.0,0.3475360247392214,0.3232965202147372,0.12675054546911269,1.0,0.32320657758053384,0.3232965202147372,0.11851075700717047,0.9949797540983606,0.3532521767018155,0.3232965202147372,0.11616104394197464,1.0,0.34217519758658815,0.3232965202147372,0.118603998394683,1.0,0.34538579111330603,0.3232965202147372,0.11045263406354934,1.0,0.34574992659018067,0.3232965202147372,0.13247584032826126,1.0,0.37034080027837785,0.3232965202147372,0.11313301288580987,0.9698481859593073,0.024046985963222023,0.0,-0.01779421537125017,0.22142473544307284,0
923,0.33551329944192726,0.18158429604880333,0.12669473274610937,0.9987192622950819,0.31908657004259816,0.18158429604880333,0.11772862910875119,1.0,0.3128966928599696,0.18158429604880333,0.1091607752465643,1.0,0.31869192225359866,0.18158429604880333,0.12203144409228116,1.0,0.32456155451862634,0.18158429604880333,0.13418128984514624,1.0,0.3075138574726245,0.18158429604880333,0.11659213081235066,1.0,0.3216133604419185,0.18158429604880333,0.10849045486662362,1.0,0.32792953309925765,0.18158429604880333,0.11523944467655384,0.9975170417565855,-0.007583766342669607,0.0,-0.011455288069555536,0.18967652045584574,0
924,0.3236297311525204,0.20675756128820963,0.11793130915379152,1.0,0.3471103015146414,0.20675756128820963,0.11054444242501632,1.0,0.33076402724511034,0.20675756128820963,0.11094275248062331,1.0,0.325974396955435,0.20675756128820963,0.12102151940111071,0.9992183098591549,0.34678558313122687,0.20675756128820963,0.10403473791549914,0.9500766755894504,0.33235796853111677,0.20675756128820963,0.14353752686292864,0.9823278742007047,0.3417080783370471,0.20675756128820963,0.11814871585462243,0.9950686934908686,0.329869080156351,0.20675756128820963,0.11253485699999147,1.0,0.006239349003830608,0.0,-0.005396452153800052,0.20571421133851764,0
925,0.33147400041149805,0.19765603841378399,0.13026749053038655,1.0,0.34847324009267494,0.19765603841378399,0.11030160179710947,0.9900107296137338,0.33364035983748597,0.19765603841378399,0.11687259561207611,1.0,0.36643552108290434,0.19765603841378399,0.11022660612128675,0.9847454334549215,0.3412579030352032,0.19765603841378399,0.11949761643714737,0.9932273838630806,0.3455475608374903,0.19765603841378399,0.1181594904884696,0.9982273838630806,0.3600479123895437,0.19765603841378399,0.11056889233645052,0.9962916666666666,0.3466148979410939,0.19765603841378399,0.1285206818394363,1.0,0.015140897529595854,0.0,-0.0017468086909502578,0.21598011399337252,0
926,0.49494543920442857,0.4003765562545089,0.19408779595047235,0.0,0.49717629826204074,0.4003765562545089,0.18828348271548748,0.0,0.5008649762988434,0.4003765562545089,0.2041838104277849,0.0,0.5017619088122355,0.4003765562545089,0.21542135728523135,0.01,0.4933396970207354,0.4003765562545089,0.1984212116897106,0.0,0.4975278553329786,0.4003765562545089,0.194947907095775,0.000781733746130031,0.49186502915094954,0.4003765562545089,0.20632438885048032,0.003978839331127993,0.4990966147875225,0.4003765562545089,0.1968427475169301,0.0,0.0041511755830939134,0.0,0.0027549515664577473,0.20551296146139253,0
927,0.4870447783233311,0.34885350659067865,0.19290818659588693,0.0,0.4906834751912827,0.34885350659067865,0.19969219635007904,0.0,0.48638436020449827,0.34885350659067865,0.2128692552819848,0.0,0.4849838513713079,0.34885350659067865,0.2006397810857743,0.0,0.4735596930192419,0.34885350659067865,0.2213960075750947,0.005049919181135048,0.486788876457569,0.34885350659067865,0.19208977337926625,0.0,0.48953216592691146,0.34885350659067865,0.19228253142908217,0.0,0.48710342100851645,0.34885350659067865,0.17171426030807196,0.0,5.864268518535054e-05,0.0,-0.021193926287814968,0.1953364598633629,0
928,0.19927367429747517,0.1676484043932962,-0.03435650780447759,0.0,0.2013731240753515,0.1676484043932962,-0.02771745852427557,0.0,0.19716689739891144,0.1676484043932962,-0.03609012461209204,0.0,0.20011624333446654,0.1676484043932962,-0.029093173303554067,0.004421097770154374,0.19934036232232014,0.1676484043932962,-0.04005795231263619,0.0,0.19929641391435607,0.1676484043932962,-0.038731867400929335,0.0,0.20035223678880607,0.1676484043932962,-0.0371659685485065,0.0,0.19817041065266644,0.1676484043932962,-0.035891092526726426,0.0,-0.0011032636448087274,0.0,-0.0015345847222488357,0.19893000872024308,0
929,0.1925294149910627,0.18243558012965652,-0.04912906078890956,0.0,0.19463889094135556,0.18243558012965652,-0.03224041305482388,0.0,0.1916257728749883,0.18243558012965652,-0.04236363174757571,0.0,0.19292691912511462,0.18243558012965652,-0.04992433189645226,0.0,0.19326950983441715,0.18243558012965652,-0.04220360281702597,0.0023696475269127724,0.19393211536309143,0.18243558012965652,-0.04120900435955264,0.0,0.1945897883471705,0.18243558012965652,-0.03612605365347918,0.0,0.19490533404460242,0.18243558012965652,-0.027954374337314222,0.0,0.0023759190535397323,0.0,0.021174686451595336,0.20815704429167148,0
930,0.17909435473658225,0.12271995223787883,-0.04097525941208005,0.0,0.1798967280724997,0.12271995223787883,-0.03171722900326131,0.0,0.1789446229694381,0.12271995223787883,-0.03610486065532314,0.0007567567567567567,0.17761310421000082,0.12271995223787883,-0.0388080458692275,0.0,0.18162946867921484,0.12271995223787883,-0.03037108753400389,0.0007567567567567567,0.1797115041947199,0.12271995223787883,-0.028903217339175172,0.0,0.17700606636251587,0.12271995223787883,-0.04581001881917473,0.0034653173170393005,0.17689971693367687,0.12271995223787883,-0.041379940240876746,0.0,-0.0021946378029053804,0.0,-0.0004046808287966955,0.19805783591156123,0
931,0.1716061435601907,0.1098724368331134,-0.03599158253229689,0.0,0.1691211292256541,0.1098724368331134,-0.041830265094176866,0.0034653173170393005,0.16930499404299693,0.1098724368331134,-0.035884632634115406,0.0,0.17070107324688694,0.1098724368331134,-0.03702159886830486,0.0,0.1701552927797488,0.1098724368331134,-0.037827517038967924,0.0,0.16952057446313995,0.1098724368331134,-0.04403788545983844,0.0,0.168904386448681,0.1098724368331134,-0.05023984223327716,0.0,0.16998661279052527,0.1098724368331134,-0.03736818642704748,0.0,-0.0016195307696654226,0.0,-0.0013766038947505901,0.19842518231310236,0
932,0.18400842404277412,0.09125906650923318,-0.03649360376351979,0.0011507936507936507,0.18149673075316428,0.09125906650923318,-0.041264284707722254,0.0011507936507936507,0.18114798298810098,0.09125906650923318,-0.03736042867014475,0.0011507936507936507,0.183489065394448,0.09125906650923318,-0.030416329549043438,0.0011507936507936507,0.18426047328830883,0.09125906650923318,-0.023692373979720287,0.0023254924459743735,0.18335703709402895,0.09125906650923318,-0.0394869681308046,0.0011507936507936507,0.18331060493827678,0.09125906650923318,-0.038887617605059856,0.0011507936507936507,0.18051272808037158,0.09125906650923318,-0.04191113341366872,0.0011507936507936507,-0.0034956959624025397,0.0,-0.005417529650148932,0.19545984169441394,0
933,0.2242267329035122,0.17614016525179405,-0.0510112681996543,0.0,0.22679113806691786,0.17614016525179405,-0.038249607830657624,0.0,0.22591575633318509,0.17614016525179405,-0.02786997857852839,0.0,0.22557138748754324,0.17614016525179405,-0.040945585398731055,0.0,0.22883037012051957,0.17614016525179405,-0.026625013013253918,0.0,0.22664374118240743,0.17614016525179405,-0.04518260574666783,0.0,0.229583032548769,0.17614016525179405,-0.03344856457915739,0.0,0.222951655541302,0.17614016525179405,-0.046871372316381894,0.0,-0.0012750773622101919,0.0,0.004139895883272404,0.20013945004248973,0
934,0.22214271911719413,0.11060189911430243,-0.032428424142999575,0.0013333333333333335,0.21913951380482383,0.11060189911430243,-0.04046997092198581,0.0,0.21760626952497508,0.11060189911430243,-0.04142211255151779,0.0,0.2208708939547159,0.11060189911430243,-0.03658343172806781,0.005834964843952073,0.21945833369189938,0.11060189911430243,-0.03954230145085603,0.0,0.22084565545165144,0.11060189911430243,-0.031573209710186345,0.0,0.2220143745958101,0.11060189911430243,-0.026277633078425424,0.0,0.2169960514930803,0.11060189911430243,-0.04405227802228182,0.0,-0.005146667624113838,0.0,-0.011623853879282248,0.1922010344911096,0
935,0.25833790880996066,0.1603799263433046,-0.031084875450178514,0.0032567567567567566,0.25443196886286457,0.1603799263433046,-0.028649080414325,0.0,0.24983448232890798,0.1603799263433046,-0.03941694654524326,0.0,0.2536088704556594,0.1603799263433046,-0.04105996756406967,0.0034653173170393005,0.2551618988401934,0.1603799263433046,-0.0321137262872071,0.0,0.25136354442544534,0.1603799263433046,-0.05313820093870163,0.0,0.2524108306336221,0.1603799263433046,-0.04291190178191755,0.01784598356272305,0.25166195555193627,0.1603799263433046,-0.04370629800745519,0.0,-0.006675953258024392,0.0,-0.012621422557276673,0.1903465603205306,0
936,0.5385573951198591,0.1683124630973849,0.19855717077851295,0.0012192622950819671,0.5353261949842063,0.1683124630973849,0.19038006193935872,0.0012192622950819671,0.5215819078875195,0.1683124630973849,0.19951580844819547,0.0012192622950819671,0.5384806301562677,0.1683124630973849,0.20526961993426085,0.0012192622950819671,0.5369879351959226,0.1683124630973849,0.19568557370454073,0.0012192622950819671,0.5365626962033692,0.1683124630973849,0.21313046209514142,0.0012192622950819671,0.5301889248168399,0.1683124630973849,0.20944610431790353,0.0030444835340200206,0.5414582112804338,0.1683124630973849,0.1944784818653716,0.0012192622950819671,0.002900816160574693,0.0,-0.004078688913141365,0.20252222348311757,0
937,0.3741840156614072,0.3056092134378776,0.2146252342313528,0.014781812779457337,0.3779477508283062,0.3056092134378776,0.1944765593856573,0.009361181717115046,0.36288602084169114,0.3056092134378776,0.19355705365538597,0.018921812779457335,0.3722093303447946,0.3056092134378776,0.1910391315445304,0.014781812779457337,0.3595108418869881,0.3056092134378776,0.18419442381709814,0.018921812779457335,0.3667821048997133,0.3056092134378776,0.20362088982015847,0.020493977727910947,0.3549201302673812,0.3056092134378776,0.19405199654400349,0.020150073649022552,0.37406101868787595,0.3056092134378776,0.23060184001922607,0.021353977727910943,-0.00012299697353124195,0.0,0.01597660578787327,0.2042525423845668,0
938,0.3203577651115289,0.18931053485186838,0.13069700090796688,1.0,0.32663098156026227,0.18931053485186838,0.12428101363126189,1.0,0.3132369241957951,0.18931053485186838,0.11969714693259448,1.0,0.32075858970000515,0.18931053485186838,0.14253853945992886,0.99,0.2929835009108464,0.18931053485186838,0.12176328454428585,0.9899797540983606,0.3356522449606619,0.18931053485186838,0.11402308250311761,1.0,0.32848966351591924,0.18931053485186838,0.12026295120129361,0.9963090128755365,0.33153044722449543,0.18931053485186838,0.10356989569729194,0.9859614632006113,0.011172682112966514,0.0,-0.027127105210674934,0.2055837775722179,0
939,0.3289387419479564,0.32961721060355015,0.1402870474383235,1.0,0.3414106184855227,0.32961721060355015,0.12981408493826166,0.9936882129277567,0.3508283910783306,0.3296172106035501,0.12444783396553248,1.0,0.3278376171811452,0.32961721060355015,0.12119853195734322,1.0,0.33889236055314476,0.3296172106035501,0.108293348075822,0.9967183098591549,0.3600686394051992,0.3296172106035501,0.1119087551254779,0.9967183098591549,0.3465094542820276,0.3296172106035501,0.12330469248485315,1.0,0.3418760601224215,0.32961721060355015,0.10867820200044662,0.9974797540983605,0.012937318174465084,0.0,-0.03160884543787687,0.20634352272484283,0
940,0.13593531138184575,0.0,-0.37872432798147204,0.0,0.41415167120224305,0.27139221512896755,0.1257013997482136,0.9975,0.4191152183491096,0.27139221512896755,0.12043975265696645,1.0,0.4243987952500332,0.27139221512896755,0.12101644886191934,1.0,0.41964870171911745,0.27139221512896755,0.12028918337076902,1.0,0.4125295552411444,0.27139221512896755,0.12508526337391232,0.9782291246473734,0.4132314461409883,0.27139221512896755,0.11102418832480908,0.9949797540983606,0.45392309499233585,0.27139221512896755,0.12555902836844324,0.9985520833333333,0.31798778361049007,0.27139221512896755,0.5042833563499153,0.7224922119968695,1
941,0.22592201632058667,0.24304490793707023,-0.38937933832406996,0.0062148594377510035,0.24728693429911025,0.24304490793707023,-0.3757419230043888,0.0062148594377510035,0.2547270594867794,0.24304490793707023,-0.38533971935510636,0.0062148594377510035,0.4067999891738304,0.1808557188648846,0.1146958143566735,0.9987446808510638,0.40634799968730434,0.1808557188648846,0.15545555065385996,0.7823278742007048,0.39839737622026866,0.1808557188648846,0.1280745981261134,0.9975,0.40938604658398353,0.1808557188648846,0.12019016593694687,0.9987446808510638,0.4095207139147906,0.1808557188648846,0.1300476046273252,0.9837397540983607,0.18359869759420394,-0.062189189072185624,0.5194269429513951,0.5064366895557106,0
942,0.10749574201076431,0.003409235848381398,-0.35792324304580686,0.001314102564102564,0.11027639952341842,0.003409235848381398,-0.387204402834177,0.0,0.35408260447883,0.1932714460419811,0.13025549878075254,0.9870095901639925,0.3608601065467093,0.1932714460419811,0.12590807922184466,0.9905886808041862,0.3633652006347162,0.1932714460419811,0.1262098699226044,0.9955886808041862,0.38554626501220146,0.1932714460419811,0.11733827936463058,1.0,0.3915123610906972,0.1932714460419811,0.13101231532171367,0.9988789237668161,0.38928457980029385,0.1932714460419811,0.12127187597565353,0.996378923766816,0.28178883778952957,0.1898622101935997,0.4791951190214604,0.6591023966379185,1
943,0.09944508739450482,0.0014262339869623008,-0.4026701420545578,0.0,0.10032012741574148,0.0014262339869623008,-0.3777122996747494,0.0,0.10869643264348888,0.0014262339869623008,-0.38497361332178115,0.0,0.11403530856286821,0.0014262339869623008,-0.3669933550059795,0.0,0.11167166509919403,0.0014262339869623008,-0.37880858063697814,0.0,0.13876797473191932,0.0014262339869623008,-0.36734386295080185,0.0,0.1481336387517956,0.0014262339869623008,-0.38773202255368233,0.0,0.14476293152728115,0.0014262339869623008,-0.3726395952701569,0.0,0.04531784413277633,0.0,0.030030546784400924,0.25553677802614455,0
944,0.09847104054468565,0.0,-0.3996365407109261,0.0,0.09635671822604748,0.0,-0.3913151739537716,0.0,0.09926774132008433,0.0,-0.37191695034503935,0.0,0.10197663592012456,0.0,-0.3712354539334774,0.0,0.09658115625209644,0.0,-0.39758354365825654,0.0,0.10928804858157419,0.0,-0.3981015080213547,0.0,0.13289904715624223,0.0,-0.40249028980731966,0.0,0.15265805029793458,0.0,-0.3820881389081478,0.0,0.05418700975324893,0.0,0.01754840180277828,0.2618160670192539,0
945,0.10615205334796249,0.0018482097028049349,-0.38842386558651926,0.0,0.09907226210500251,0.0018482097028049349,-0.39926687359809876,0.0,0.10709204091526263,0.0018482097028049349,-0.35914230927824975,0.0,0.1084918168813041,0.0018482097028049349,-0.36803433433175087,0.0,0.10649312634682674,0.0018482097028049349,-0.3809660068154335,0.0,0.10276853778359256,0.0018482097028049349,-0.3961072787642479,0.0,0.11823732745905902,0.0018482097028049349,-0.4384624108672142,0.0,0.4122800672303651,0.19971878206777544,0.1118550740624778,0.9988789237668161,0.3061280138824026,0.1978705723649705,0.5002789396489971,0.6917721575353484,1
946,0.12275242998183668,0.005523198245585253,-0.37202590718865397,0.0,0.11293252882439465,0.005523198245585253,-0.39964935287833214,0.0,0.1126996169304392,0.005523198245585253,-0.40049873769283295,0.0,0.11875167357277008,0.005523198245585253,-0.3924339681863785,0.0,0.12537708506372,0.005523198245585253,-0.3506208208203316,0.0,0.12193786336299672,0.005523198245585253,-0.3616944110393524,0.0,0.1304720691801567,0.005523198245585253,-0.3834716884791851,0.0,0.451599661362885,0.23973739088203724,0.1181122847320512,0.785057223980344,0.3288472313810483,0.234214192636452,0.4901381919207052,0.7217351523826604,1
947,0.20590889894297634,0.0,-0.1885745259397663,0.0,0.20488802017478744,0.0,-0.2161806634441018,0.0,0.1842832770010062,0.0,-0.2811273027211428,0.0,0.2243875569228037,0.0,-0.06293956560548394,0.0,0.18734299204318583,0.0,-0.23032496070489286,0.0,0.2078326445339055,0.0,-0.16197117652744056,0.0,0.1859717771752321,0.0,-0.22976239938288928,0.0,0.25088933904690447,0.0,-0.11270721213892103,0.0,0.044980440103928127,0.0,0.07586731380084528,0.26641222175817636,0
948,0.2555475388151136,0.0,-0.11830977254081518,0.0,0.29649552664013007,0.0,0.03500569853466004,0.015,0.24367925635322496,0.0,-0.13205392961157486,0.0,0.22799927064825187,0.0,-0.20623582515865566,0.0,0.2437497297117607,0.0,-0.10813682161271572,0.0,0.20838217255294372,0.0,-0.2614493727311492,0.0,0.24059693146500452,0.0,-0.1542327630519867,0.0,0.23625616798717558,0.0,-0.1844650477450341,0.0,-0.019291370827938026,0.0,-0.06615527520421893,0.16394828960615576,0
949,0.34091821438653486,0.27028309448791105,0.12298666528105968,0.9925,0.3448267627187453,0.27028309448791105,0.11931164138950408,0.9975,0.3464582343933436,0.27028309448791105,0.1292231496796012,0.9930099765258216,0.3373172757364225,0.27028309448791105,0.12559887798590352,0.9975,0.3439563731661952,0.27028309448791105,0.13408904082607478,1.0,0.3320657496076517,0.27028309448791105,0.11038263473892584,0.9975,0.33038612458185734,0.27028309448791105,0.10851448869740125,1.0,0.33317184477761885,0.27028309448791105,0.1239176701195538,0.995,-0.007746369608916004,0.0,0.0009310048384941205,0.19254014933614552,0
950,0.35491956308715483,0.3215756645154048,0.12691949327941984,1.0,0.35316680761171715,0.3215756645154048,0.11081458312852192,1.0,0.3587128017305779,0.3215756645154048,0.1279284318210557,1.0,0.36442453519792517,0.3215756645154048,0.12917699259123766,1.0,0.3582914982171689,0.3215756645154048,0.11818387106526643,0.9987916666666666,0.3520881187425353,0.3215756645154048,0.11366984441876411,1.0,0.3499419914937223,0.3215756645154048,0.12470571885351092,1.0,0.3428578732333331,0.3215756645154048,0.12063526071840897,1.0,-0.012061689853821722,0.0,-0.006284232561010877,0.18622907663436697,0
951,0.3358078997290901,0.18932856725977162,0.10311613162048161,0.9582879100294837,0.3265395459882225,0.18932856725977162,0.13383090754970908,1.0,0.31629033246920524,0.18932856725977162,0.12030636301147751,1.0,0.31876721665597046,0.18932856725977162,0.12036922336323187,1.0,0.33516756634187206,0.18932856725977162,0.11648908651201055,0.9988090128755366,0.3097180154369291,0.18932856725977162,0.11335298861609772,0.9983203354612934,0.3158450223030126,0.18932856725977162,0.12145047726575285,1.0,0.32790467808348617,0.18932856725977162,0.12827427576761694,0.9983503836317135,-0.00790322164560392,0.0,0.025158144147135325,0.1983110110563538,0
952,0.3437548590680523,0.23240740249321906,0.12429496095050126,0.9988090128755366,0.3303658009969769,0.23240740249321906,0.11642792525934055,1.0,0.3403741257898161,0.23240740249321906,0.12223264499101788,1.0,0.3534028235636892,0.23240740249321906,0.11555884297937155,1.0,0.3394152858970735,0.23240740249321906,0.11318557886814233,1.0,0.3601610993475451,0.23240740249321906,0.11970917973318138,0.9963090128755365,0.3351944571078732,0.23240740249321906,0.12487466111313551,1.0,0.34580519251583014,0.23240740249321906,0.11742556404613425,1.0,0.00205033344777783,0.0,-0.006869396904367012,0.20094305853800726,0
953,0.3215469528622643,0.23792631670876513,0.11526028026361018,1.0,0.33520299999416747,0.23792631670876513,0.1053718808433041,0.9989315352697097,0.33301812961134186,0.23792631670876513,0.12904739775229246,1.0,0.34214373198074927,0.23792631670876513,0.13254534681444055,1.0,0.3300797411243159,0.23792631670876513,0.11869600910576991,1.0,0.3376245353955212,0.23792631670876513,0.11946856210939587,1.0,0.33010788980117317,0.23792631670876513,0.12831688639867933,1.0,0.3264443736080189,0.23792631670876513,0.11857098665321246,1.0,0.00489742074575461,0.0,0.0033107063896022776,0.2064347878016365,0
954,0.34083107786462613,0.27325360400518883,0.1334150976128876,1.0,0.3485904090538202,0.27325360400518883,0.12350482214824296,1.0,0.3316653729653066,0.27325360400518883,0.12697245601564647,1.0,0.3414971104389641,0.27325360400518883,0.14039183016633616,1.0,0.33377325565131327,0.27325360400518883,0.10083416006877087,0.9900568415254427,0.34420314613236214,0.27325360400518883,0.13429207262815906,1.0,0.3987250144782942,0.29527442974180274,0.19633296048268675,0.02232896645079002,0.4130920197384709,0.29527442974180274,0.18292555045802147,0.0,0.07226094187384474,0.022020825736613903,0.04951045284513386,0.2938432041651815,0
955,0.26845008465901077,0.10152755214726854,0.12533523069345393,0.950837455120433,0.2827880433516881,0.10152755214726854,0.13295990264043211,0.9593908896032619,0.28019101851650174,0.10152755214726852,0.10861037262249738,0.9248515986885458,0.29719897195961553,0.10152755214726852,0.11779596915468574,0.9313908994461814,0.2813802568285089,0.10152755214726852,0.11960551285650581,0.9653013017958142,0.2715849534707201,0.10152755214726852,0.10924054689676269,0.9552869814550264,0.29047865898010583,0.10152755214726852,0.11409096982795745,0.9513977859722972,0.29025538421642594,0.10152755214726854,0.1349157368915621,0.9747895957709742,0.02180529955741517,0.0,0.009580506198108185,0.22577185438678868,0
956,0.34685976683222247,0.27141262980657754,0.11917587897565682,1.0,0.3525225689960783,0.27141262980657754,0.12696860421507153,1.0,0.36661386495827,0.27141262980657754,0.13140078887809067,0.9987916666666666,0.36277107402877445,0.27141262980657754,0.12765011649986263,1.0,0.3651410396745048,0.27141262980657754,0.10687877950724214,0.9907207672679448,0.3493558951526708,0.27141262980657754,0.1306372083054157,1.0,0.3638823265963945,0.27141262980657754,0.1228853884479031,0.9932273838630806,0.3650008528885783,0.27141262980657754,0.11320782376918942,1.0,0.018141086056355837,0.0,-0.005968055206467399,0.2181044925308896,0
957,0.4761608407121627,0.2176689950968509,0.2017628138512373,0.0,0.4725551418380179,0.2176689950968509,0.19616360776126385,0.0,0.45932616414043087,0.2176689950968509,0.19111786586232482,0.0,0.4671406894742628,0.2176689950968509,0.19419739589095117,0.0,0.46224629916719295,0.2176689950968509,0.1866493785381317,0.0,0.4587461878939595,0.2176689950968509,0.18576345687732101,0.0,0.46770659455387753,0.2176689950968509,0.1974203444039449,0.0,0.46805659156656393,0.2176689950968509,0.1912227664515376,0.0,-0.008104249145598763,0.0,-0.010540047399699687,0.18935279528253868,0
958,0.5262927564544095,0.44208927702781275,0.2121115642786026,0.0,0.524118560963466,0.44208927702781275,0.20299197126179933,0.0025,0.5131490556453726,0.44208927702781275,0.20526307754218578,0.000781733746130031,0.514742109965205,0.44208927702781275,0.1876701306551695,0.0,0.5171758594877442,0.44208927702781275,0.1859942614659667,0.0,0.5284996046862959,0.44208927702781275,0.18661489732563497,0.00125,0.5178163858525946,0.44208927702781275,0.1918328803544864,0.0,0.5175204979791377,0.44208927702781275,0.19965522251091897,0.0,-0.008772258475271855,0.0,-0.01245634176768362,0.18817998505483904,0
959,0.5480377186520715,0.3770224170391733,0.21479185484349728,0.0,0.5487309105859915,0.3770224170391733,0.1957762806164101,0.0,0.5447598911504132,0.3770224170391733,0.18707044992595911,0.0,0.5495881066048256,0.3770224170391733,0.19370286153629424,0.0,0.5470688344450293,0.3770224170391733,0.19000174526125194,0.0,0.5515248002695708,0.3770224170391733,0.18652309597469865,0.0,0.5539331529676935,0.3770224170391733,0.19461150835268198,0.0,0.5479864325746866,0.3770224170391733,0.2032813996542245,0.000781733746130031,-5.128607738491553e-05,0.0,-0.011510455189272767,0.1975933150133224,0
960,0.19144579928445618,0.10757562869898123,-0.040482221854035744,0.0,0.19044936575359178,0.10757562869898123,-0.044488146870571656,0.0034653173170393005,0.18813899562772143,0.10757562869898123,-0.04062323054531589,0.0,0.19147394944875826,0.10757562869898123,-0.03750698426447343,0.0016447368421052633,0.19250602879952344,0.10757562869898123,-0.0264053020067513,0.006954031228124185,0.19252576038259764,0.10757562869898123,-0.03045135477441363,0.0,0.19043843410828226,0.10757562869898123,-0.05141707136644982,0.0,0.19128055577696668,0.10757562869898123,-0.03171436824486591,0.0,-0.00016524350748950423,0.0,0.008767853609169832,0.20244181650468668,0
961,0.19194110283823312,0.14559081262384557,-0.04339287220633196,0.004421097770154374,0.19370716787140935,0.14559081262384557,-0.03648717463656794,0.0,0.19113591468199698,0.14559081262384557,-0.043226020587899254,0.0,0.19545795371862723,0.14559081262384557,-0.0232656623411458,0.001174698795180723,0.19572593734815041,0.14559081262384557,-0.027109727555071003,0.0,0.19526733737277516,0.14559081262384557,-0.0394855248555541,0.0007567567567567567,0.19264866570618996,0.14559081262384557,-0.03987453785841353,0.0,0.19306027290795863,0.14559081262384557,-0.038718612630909775,0.0,0.0011191700697255058,0.0,0.004674259575422182,0.20279107743186223,0
962,0.20502831961075038,0.10171088087458624,-0.025420955170411617,0.0007567567567567567,0.2004214757274249,0.10171088087458624,-0.04003348968253704,0.0,0.20082328601682112,0.10171088087458624,-0.03219926625490189,0.0,0.19870051017737558,0.10171088087458624,-0.047175902278977444,0.0,0.2022070821017221,0.10171088087458624,-0.032783082741079855,0.0,0.19862699932382114,0.10171088087458624,-0.04854315664735623,0.0,0.1996057427148047,0.10171088087458624,-0.043084366155671884,0.0,0.20003277368467284,0.10171088087458624,-0.034392749100225044,0.0,-0.004995545926077538,0.0,-0.008971793929813426,0.1930099306164429,0
963,0.18042441641286525,0.13123675309927083,-0.040591810241458005,0.0,0.1792828896284127,0.13123675309927083,-0.037960578803904355,0.0,0.18018138236215192,0.13123675309927083,-0.029724128179368564,0.0,0.18053442225979888,0.13123675309927083,-0.0441031050899619,0.0,0.1790100841004808,0.13123675309927083,-0.04360288972005946,0.0,0.18003967580120978,0.13123675309927083,-0.040672364202764585,0.0,0.18102894287014845,0.13123675309927083,-0.034275009960911124,0.0016447368421052633,0.1799125041546378,0.13123675309927083,-0.041081934547401035,0.0034653173170393005,-0.0005119122582274427,0.0,-0.0004901243059430294,0.19980850041305195,0
964,0.19857434763599577,0.13852914087306184,-0.03635946684124065,0.0,0.19630500029033499,0.13852914087306184,-0.03404598812223412,0.0,0.19742973443601736,0.13852914087306184,-0.02367768885742407,0.022594373660330645,0.19607187769715212,0.13852914087306184,-0.04224891142570414,0.0,0.19565848652387138,0.13852914087306184,-0.041481740877061385,0.0,0.19836968093346133,0.13852914087306184,-0.028678835750033615,0.0,0.19837986647772682,0.13852914087306184,-0.039505883776582776,0.0,0.1940633075768558,0.13852914087306184,-0.046664358363341304,0.0,-0.004511040059139965,0.0,-0.010304891522100658,0.1931933977547,0
965,0.2036214581362887,0.18275670837575717,-0.030087474768515678,0.0,0.2024872228197765,0.18275670837575717,-0.029076343841243215,0.0,0.20059272618944207,0.18275670837575717,-0.035653541386127474,0.0,0.201658197068262,0.1827567083757572,-0.04115137377870269,0.0,0.20287697055014653,0.1827567083757572,-0.02965092866535997,0.0,0.20001802930085433,0.1827567083757572,-0.04950139749620575,0.0,0.20382149001648425,0.1827567083757572,-0.031214991363231092,0.0,0.20166186855942125,0.1827567083757572,-0.034240236837395056,0.0,-0.0019595895768674543,2.7755575615628914e-17,-0.004152762068879379,0.1973869644359345,0
966,0.27256291972650987,0.37365725082101037,-0.03916243233019486,0.03139447899265327,0.2719367220335846,0.37365725082101037,-0.028322219877736643,0.03139447899265327,0.2730062636312709,0.37365725082101037,-0.030048397602513433,0.03471012886002727,0.27208980078029277,0.37365725082101037,-0.03146605681267829,0.03139447899265327,0.2711308280450663,0.37365725082101037,-0.033915453513618556,0.03139447899265327,0.2703116399086228,0.37365725082101037,-0.040496374033973555,0.03139447899265327,0.272932284535661,0.37365725082101037,-0.03817128347320249,0.03471012886002727,0.2699314880911727,0.37365725082101037,-0.04626069694506441,0.03139447899265327,-0.002631431635337189,0.0,-0.007098264614869551,0.19595794822978488,0
967,0.3051462731946298,0.4605086459208507,-0.039183136026840655,0.05228462872109979,0.3045096069556102,0.4605086459208507,-0.03925920448549732,0.05478462872109979,0.3020585475936394,0.4605086459208507,-0.03679273453424685,0.05478462872109979,0.30368625875904215,0.4605086459208507,-0.04446550949302036,0.05478462872109979,0.3016143607667422,0.4605086459208507,-0.058862150206696245,0.05478462872109979,0.30487530703351134,0.4605086459208507,-0.03553304859756736,0.05597284164885645,0.3053677152083465,0.4605086459208507,-0.032705266395350915,0.04728462872109979,0.30368425717612135,0.4605086459208507,-0.038467291708220726,0.05228462872109979,-0.0014620160185084274,0.0,0.0007158443186199293,0.19910369621044566,0
968,0.21219882753456684,0.16848261989590718,-0.03302239308017306,0.0034653173170393005,0.2115182338957944,0.16848261989590718,-0.033349311417841816,0.0,0.20863443550777822,0.16848261989590718,-0.03739014668870368,0.0,0.21144753334777872,0.16848261989590718,-0.03997545131194556,0.0,0.210543576619222,0.16848261989590718,-0.039056621243653354,0.0,0.20915410479561444,0.16848261989590718,-0.0428845531961997,0.0,0.20959689814363927,0.16848261989590718,-0.036562173501588406,0.0013333333333333335,0.20751813131652647,0.16848261989590718,-0.05011386539081286,0.0,-0.0046806962180403755,0.0,-0.017091472310639802,0.19135197112750602,0
969,0.21557552457397922,0.12551824518312332,-0.040055250962032,0.0,0.21492428617571094,0.12551824518312332,-0.03666359280236065,0.0,0.2102739087743702,0.12551824518312332,-0.041190450313297336,0.0,0.21613081431900674,0.12551824518312332,-0.032462804394890556,0.0,0.22510362888618368,0.12551824518312332,-0.03742561193648726,0.0,0.2262209546965624,0.12551824518312332,-0.0371613068622537,0.0,0.2264503196500628,0.12551824518312332,-0.029208456946653315,0.0,0.22587873290178118,0.12551824518312332,-0.035548920100554826,0.0,0.01030320832780196,0.0,0.004506330861477177,0.2124190294799022,0
970,0.3134482650233293,0.24624280346979127,0.11286367194727064,0.996219262295082,0.32209026914569844,0.24624280346979127,0.11280514262514771,0.9899795081967213,0.29856297922115277,0.24624280346979127,0.12107325525954366,1.0,0.32148887539196996,0.24624280346979127,0.1302906891796738,1.0,0.32866215666862275,0.24624280346979127,0.11259823606815189,1.0,0.33775812309211006,0.24624280346979127,0.1371595131396316,1.0,0.3155354793741455,0.24624280346979127,0.1243529799208045,0.9975,0.33607495109096897,0.24624280346979127,0.11998827307950705,0.9988090128755366,0.02262668606763968,0.0,0.0071246011322364106,0.22603489065990467,0
971,0.050618799700749846,0.003613452609185592,-0.37985498681664465,0.0,0.05930973021094228,0.003613452609185592,-0.3759462460875511,0.0,0.06014330107430921,0.003613452609185592,-0.3640712720155716,0.0,0.07100533084385964,0.003613452609185592,-0.3784826543927193,0.0,0.08103594938923622,0.003613452609185592,-0.38145203024148944,0.0,0.3492032121543721,0.22737246269907338,0.11272891539148987,0.9991472303206997,0.33671026450674696,0.22737246269907338,0.10901594819762978,0.9966472303206997,0.35978927048124715,0.22737246269907338,0.12944221278652548,0.9916472303206997,0.3091704707804973,0.2237590100898878,0.5092971996031701,0.7032599499449577,1
972,0.11323116304887887,0.0,-0.3843822383880615,0.0,0.12265109206142777,0.0,-0.3721646797657013,0.0,0.12232255485158684,0.0,-0.37819459676742556,0.0,0.1468268552580149,0.0,-0.35855315148830413,0.00168848167539267,0.14448727977889986,0.0,-0.3760566249489784,0.0,0.15514269886127402,0.0,-0.42402179479599,0.0,0.1682871850134563,0.0,-0.3754096232354641,0.0,0.42933206529960133,0.3335642471607746,0.12377800387330354,0.9936882129277567,0.31610090225072246,0.3335642471607746,0.508160242261365,0.736045006396738,1
973,0.21855835559647133,0.00396168437145936,-0.3825387893617153,0.0,0.22569833350226962,0.00396168437145936,-0.38158512488007545,0.0,0.23273189070707634,0.00396168437145936,-0.39931356817483904,0.0,0.2493160424389365,0.00396168437145936,-0.36497106045484545,0.0,0.2510227099046833,0.00396168437145936,-0.3550119897723198,0.0,0.2670101084302598,0.00396168437145936,-0.37923376604914666,0.0,0.2837766964538017,0.00396168437145936,-0.3702444243431091,0.005,0.2866914466821132,0.00396168437145936,-0.3925598558783531,0.005,0.06813309108564189,0.0,-0.010021066516637811,0.2697437996569982,0
974,0.1391871615321041,0.0029764314003264325,-0.3917673303186893,0.0,0.13910490812705376,0.0029764314003264325,-0.36975272685289384,0.0,0.14970280455942797,0.0029764314003264325,-0.3643911398947239,0.0,0.15610793554974461,0.0029764314003264325,-0.3912692192196846,0.0,0.15719122782464243,0.0029764314003264325,-0.3874641232192516,0.0,0.41784608167892834,0.29636305145668795,0.1345220397086814,0.99,0.4100783708546529,0.29636305145668795,0.11437365530000534,1.0,0.40551570570482826,0.29636305145668795,0.12264719033613801,0.9975,0.26632854417272417,0.2933866200563615,0.5144145206548273,0.6757481100124926,1
975,0.10009968195651571,0.0,-0.37842208266258237,0.0,0.0951568639930375,0.0,-0.38408685371279716,0.0,0.10370440092666827,0.0,-0.3911420242488384,0.0,0.108418475947188,0.0,-0.37782449528574946,0.0,0.1125830373724167,0.0,-0.3562329249083996,0.00168848167539267,0.41546143272697106,0.3127699886942653,0.11216973021626472,0.9918079430992681,0.4476302439695529,0.3127699886942653,0.11364690772490577,0.8367301611210755,0.4095401200837488,0.3127699886942653,0.112753261893522,0.9925,0.3094404381272331,0.3127699886942653,0.49117534455610434,0.7199915916896658,1
976,0.25356882311166323,0.004558628173073797,-0.35694551318883894,0.001314102564102564,0.24495348324242278,0.004558628173073797,-0.3861576160788536,0.0,0.24879730420474083,0.004558628173073797,-0.3635092982649803,0.0,0.2477609944540169,0.004558628173073797,-0.38498045817017557,0.0,0.24806095518311366,0.004558628173073797,-0.3794244945049286,0.0,0.2668656304294204,0.004558628173073797,-0.3427927653491497,0.016692584239495233,0.36154449838370933,0.23355639592078986,0.11802206441236195,0.9920095901639925,0.3947130779848969,0.23355639592078986,0.10928758979396662,0.9955886808041862,0.14114425487323368,0.22899776774771607,0.46623310298280557,0.5170373764235818,0
977,0.19233898901542268,0.005957901754057471,-0.3985363410413265,0.0,0.19520177418840504,0.005957901754057471,-0.358055632263422,0.0,0.19281057859106948,0.005957901754057471,-0.37145991787314414,0.0,0.19630417054035368,0.005957901754057471,-0.3662010116875172,0.0,0.18973100901581907,0.005957901754057471,-0.4006160867214203,0.0,0.18654714215535756,0.005957901754057471,-0.4175503167510033,0.0,0.20514657482062695,0.005957901754057471,-0.383396822810173,0.0,0.4106770668762877,0.3005748385305842,0.1430566670745611,0.9318725920221828,0.218338077860865,0.2946169367765267,0.5415930081158876,0.6321708374119268,0
978,0.11914901660587801,0.0,-0.38517943739891053,0.0,0.11430002882657497,0.0,-0.38381519928574565,0.0,0.11398296204293348,0.0,-0.3824828653037548,0.0,0.11546482699201607,0.0,-0.3929653169214726,0.0,0.114183709151422,0.0,-0.39110710054636,0.0,0.11307795498191824,0.0,-0.40038214564323427,0.0,0.11670901816802376,0.0,-0.38233937695622444,0.0,0.42934064973520036,0.3008671056509903,0.11147128675365821,0.9988550420168067,0.31019163312932235,0.3008671056509903,0.4966507241525687,0.7193308488976167,1
979,0.15741084321933896,0.0,-0.14396952789276837,0.0,0.14209514012181865,0.0,-0.2043806173838675,0.0,0.15393486946744983,0.0,-0.11466127544175833,0.0,0.13756471866825354,0.0,-0.20544985372922384,0.0,0.14996465847261184,0.0,-0.14772602981887759,0.0,0.12941707252848528,0.0,-0.23579814518336206,0.0,0.14564820052892974,0.0,-0.12098372899927198,0.0,0.19391755149743162,0.0,-0.07911203811410815,0.0,0.03650670827809266,0.0,0.06485748977866022,0.25479338090601156,0
980,0.248445498898255,0.0,-0.12233337487967219,0.0,0.24073924991463364,0.0,-0.11657137613743544,0.0,0.19819690513699542,0.0,-0.2955595620628446,0.0,0.21372156676843188,0.0,-0.2358902106806636,0.0,0.24898491730259692,0.0,-0.1043647750467062,0.0,0.2600533196840885,0.0,-0.08856064330553635,0.0,0.2103993285663426,0.0,-0.21626948534511028,0.0,0.27801605585050837,0.0,-0.021133177829906345,0.005,0.029570556952253357,0.0,0.10120019704976585,0.256395380463021,0
981,0.16797659520428684,0.0,-0.08328299909830093,0.0,0.13995428560846465,0.0,-0.24576883567031474,0.0,0.1555541507357951,0.0,-0.11802950136363506,0.0,0.13123343260092316,0.0,-0.2195940807694569,0.0,0.12285214307646275,0.0,-0.24099070732510883,0.0,0.1567993855975303,0.0,-0.1158995675574988,0.0,0.14865405750053556,0.0,-0.15938785790465773,0.0,0.16030938240848663,0.0,-0.13775892609730364,0.0,-0.00766721279580021,0.0,-0.05447592699900271,0.1790479907801453,0
982,0.3061036656676816,0.18264908180582487,0.12285469837021083,1.0,0.3068136531889154,0.18264908180582487,0.11457153669733089,1.0,0.31020711729415834,0.18264908180582487,0.1176491097680082,1.0,0.30467067165607886,0.18264908180582487,0.11985177616588771,1.0,0.29572713947718854,0.18264908180582487,0.12113305714447051,1.0,0.29287988869280224,0.18264908180582487,0.13367476298473777,0.9958000895596539,0.30003193463994887,0.18264908180582487,0.11454118825029581,1.0,0.3073360203261119,0.18264908180582487,0.14308777825906874,0.9991835443037974,0.0012323546584303013,0.0,0.020233079888857905,0.206722374909129,0
983,0.3379545164778517,0.32863953214457925,0.12107504063053057,1.0,0.351358616955612,0.32863953214457925,0.11280249447649111,1.0,0.3440821804835338,0.32863953214457925,0.1199814158049412,1.0,0.36219450451129326,0.32863953214457925,0.1007875646519824,0.9821100703214369,0.35348871715192137,0.32863953214457925,0.10616447502747178,0.9935909317769597,0.34394158423665705,0.32863953214457925,0.1335560078267008,1.0,0.34794966912630515,0.32863953214457925,0.12289870416861959,1.0,0.34413703087594194,0.32863953214457925,0.12185665268450975,0.9983203354612934,0.006182514398090255,0.0,0.0007816120539791832,0.2071680896746347,0
984,0.3367660018290531,0.2837182695797277,0.12555090861045756,1.0,0.3437186678932681,0.2837182695797277,0.11905145368451485,1.0,0.3438507620818127,0.2837182695797277,0.12887715458404272,1.0,0.350537583828347,0.2837182695797277,0.11519253648817539,1.0,0.33874311314848476,0.2837182695797277,0.11279776435374515,1.0,0.3255150213829247,0.2837182695797277,0.12178900392027572,0.9987397540983607,0.3345463016036604,0.2837182695797277,0.11847818555252161,1.0,0.3324570962717098,0.2837182695797277,0.145768081266433,0.9929650569088393,-0.004308905557343312,0.0,0.020217172655975446,0.20088455326402715,0
985,0.325286758881862,0.2892953293696216,0.12810962829738856,0.9974797540983605,0.3413604938816345,0.2892953293696216,0.12636216313345358,1.0,0.3476970370136301,0.2892953293696216,0.11919174989685416,1.0,0.34298433457026434,0.2892953293696216,0.11906266402453185,1.0,0.3508929727512598,0.2892953293696216,0.1137218825906166,1.0,0.34170505901229364,0.2892953293696216,0.11517537186387926,1.0,0.34066703860935593,0.2892953293696216,0.1248149213349825,1.0,0.3509349816671338,0.2892953293696216,0.12981132708955556,1.0,0.025648222785271846,0.0,0.0017016987921670002,0.2278873219228626,0
986,0.32649495710351906,0.1838729605829009,0.10705068391049281,1.0,0.3437568691915563,0.1838729605829009,0.10166882732650265,0.9922902920294401,0.32727080577070683,0.1838729605829009,0.12270809141919017,0.9988288288288288,0.3454391296609748,0.1838729605829009,0.11328836345113814,0.9988288288288288,0.34787872965025013,0.1838729605829009,0.12119891373207793,0.996429508371032,0.3320446891301183,0.1838729605829009,0.11378538207849488,0.9988288288288288,0.34209051465752266,0.1838729605829009,0.12018891256535426,0.9976378417043654,0.340122291395231,0.1838729605829009,0.12241013108665356,0.9976378417043654,0.013627334291711923,0.0,0.015359447176160751,0.21857789028237395,0
987,0.3546365151520328,0.3107435593464688,0.12245881068520248,0.9853784816753927,0.3677797352139551,0.3107435593464688,0.12999232441652567,0.9925,0.3672095055787699,0.3107435593464688,0.12373452197294682,0.9920363967386172,0.3730889585815466,0.3107435593464688,0.1147888366234838,0.9838090128755366,0.41586659917664565,0.26219506830604844,0.21004220604896545,0.003052712930391216,0.4057393768554746,0.26219506830604844,0.19179829757660627,0.005287322401452837,0.40938764907221425,0.26219506830604844,0.1954652653762605,0.010678969299043068,0.4246726413261939,0.26219506830604844,0.1970999136567116,0.004083118335796622,0.0700361261741611,-0.04854849104042036,0.07464110297150911,0.2810982885972536,0
988,0.48217934294874126,0.23841384506431149,0.1765253227436915,0.0,0.4917585746165417,0.23841384506431149,0.1996008102223277,0.0,0.4862098169401384,0.23841384506431149,0.19003644712269308,0.0,0.49097357989083684,0.23841384506431149,0.17614666149020194,0.0,0.48925917886849896,0.23841384506431149,0.17938262652605771,0.0,0.4907023304922465,0.23841384506431149,0.20008948281058112,0.0012598425196850393,0.49398049253390763,0.23841384506431149,0.18962220047833397,0.0,0.48855142567123583,0.23841384506431149,0.2024805496260524,0.0,0.006372082722494565,0.0,0.025955226882360877,0.21353556821923791,0
989,0.5036389704346413,0.305955621858364,0.19846303754486144,0.0,0.48893911715216753,0.305955621858364,0.18484263326972722,0.0,0.492767433219173,0.305955621858364,0.1879463929310441,0.0,0.4939604274796623,0.305955621858364,0.1939456519857049,0.0,0.4753519194471156,0.305955621858364,0.18791990000754594,0.0045162545211681745,0.48217463704632313,0.305955621858364,0.19873790241894312,0.0013789237668161433,0.4951296367970643,0.305955621858364,0.20308706453070044,0.0,0.4932101447313892,0.305955621858364,0.19432572081685065,0.000781733746130031,-0.010428825703252154,0.0,-0.0041373167280107925,0.1884742064650724,0
990,0.5092478952260558,0.19093832889461024,0.19851949905976654,0.0,0.5163395587486609,0.19093832889461024,0.18596765261143447,0.0,0.4952555304858831,0.19093832889461024,0.1845138027332723,0.0,0.5025615535086246,0.19093832889461024,0.2138142017275095,0.010526154087515853,0.5093645085055946,0.19093832889461024,0.18159990973770618,0.0,0.5111769950072217,0.19093832889461024,0.19647342544049023,0.0,0.5076429067597865,0.19093832889461024,0.2175960416160524,0.0,0.49371760047468116,0.19093832889461024,0.18838808473199606,0.003197105584997961,-0.015530294751374685,0.0,-0.010131414327770483,0.1816346610223316,0
991,0.5357020228037377,0.22481936205613548,0.18350008495151995,0.0,0.5420733129745274,0.22481936205613548,0.20567320173606277,0.0,0.5276759008233525,0.22481936205613548,0.18676076257601382,0.0,0.5353024234377789,0.22481936205613548,0.19546535576693713,0.0,0.5334567735796438,0.22481936205613548,0.19536888770759106,0.0,0.5274784854669536,0.22481936205613548,0.20063325136899948,0.0,0.537764677751923,0.22481936205613548,0.19551619093865155,0.0,0.540347459948467,0.22481936205613548,0.20891031364444643,0.0,0.004645437144729314,0.0,0.025410228692926473,0.21158419674448828,0
992,0.18489943603601897,0.11250608534826913,-0.04035347322933376,0.0,0.1843661297581412,0.11250608534826913,-0.032286716013622936,0.0013333333333333335,0.1813390365117642,0.11250608534826913,-0.042088233180111276,0.0,0.18767273509536897,0.11250608534826913,-0.02879869686672464,0.001274703557312253,0.18488231919491366,0.11250608534826913,-0.034368709552218206,0.0,0.1866639176943202,0.11250608534826913,-0.027750761736533604,0.0019210977701543742,0.18641052215363169,0.11250608534826913,-0.0413256293151062,0.0007567567567567567,0.18419592922111216,0.11250608534826913,-0.034633301394060255,0.004421097770154374,-0.0007035068149068013,0.0,0.005720171835273506,0.20112839868399654,0
993,0.19075323503750605,0.10569297782906364,-0.047043673894368115,0.0,0.19017135014226377,0.10569297782906364,-0.04330648890580051,0.0,0.1899133935377473,0.10569297782906364,-0.038002878145198336,0.0,0.19302897013170972,0.10569297782906364,-0.03330621315108147,0.0,0.192016852712026,0.10569297782906364,-0.03691603988272618,0.0,0.19187550664988748,0.10569297782906364,-0.04089748080004938,0.0,0.1916667229880804,0.10569297782906364,-0.0407023057655897,0.0,0.19182230519462012,0.10569297782906364,-0.04170186440795078,0.0026080368906455866,0.001069070157114077,0.0,0.005341809486417333,0.20290189081165472,0
994,0.20539092336036752,0.11508277826666874,-0.03814520977030043,0.0025,0.2049699139485995,0.11508277826666874,-0.034169880617118904,0.0025,0.20413765493560904,0.11508277826666874,-0.03389056506646739,0.0025,0.20635459800316738,0.11508277826666874,-0.03200510476948693,0.0025,0.2059424244834805,0.11508277826666874,-0.03241675667406525,0.0025,0.20755842612542116,0.11508277826666874,-0.032847035603444964,0.0025,0.2051169631207231,0.11508277826666874,-0.04834270526887849,0.0025,0.20578796917585057,0.11508277826666874,-0.03685867203566886,0.0025,0.00039704581548305473,0.0,0.0012865377346315682,0.20120077326071775,0
995,0.19817122014011132,0.1571263395399816,-0.031193808154202998,0.0,0.19580903944610956,0.1571263395399816,-0.035199824013980106,0.001274703557312253,0.19444505545041507,0.1571263395399816,-0.04035396479535848,0.0,0.19680924456214582,0.1571263395399816,-0.035748587532434616,0.0,0.19746462057146794,0.1571263395399816,-0.035219285174680405,0.004421097770154374,0.19770103550617077,0.1571263395399816,-0.03854295132448897,0.0,0.19902964005182616,0.1571263395399816,-0.03134568939974997,0.0,0.1941766758306309,0.1571263395399816,-0.04540404023835436,0.0,-0.00399454430948043,0.0,-0.01421023208415136,0.19278030777079092,0
996,0.20315298447809665,0.1935594095827165,-0.03137760545301717,0.0,0.1991907816466331,0.1935594095827165,-0.045143151766096706,0.0013333333333333335,0.200372544950832,0.1935594095827165,-0.04128716328472365,0.0,0.20475819102550444,0.1935594095827165,-0.026890030191862025,0.0,0.20110538626551222,0.1935594095827165,-0.03600636607065098,0.0,0.20144517929351347,0.1935594095827165,-0.04567151121795177,0.0,0.20052038506501454,0.1935594095827165,-0.04946136567217763,0.0,0.2030267381488905,0.1935594095827165,-0.03835528010356939,0.0007567567567567567,-0.00012624632920615886,0.0,-0.006977674650552219,0.198624992201645,0
997,0.21268123726908914,0.1636717534536562,-0.027963410342345014,0.010500790959167602,0.2085591158945594,0.1636717534536562,-0.044323995771774205,0.0,0.20826994879875216,0.1636717534536562,-0.04154050852404907,0.0,0.21136254864032367,0.1636717534536562,-0.035388843665714376,0.0,0.2091580050064612,0.1636717534536562,-0.041246442568372,0.0,0.21031891168175518,0.1636717534536562,-0.03934112219198141,0.0,0.21338530799500804,0.1636717534536562,-0.03238825336680748,0.0,0.211446947941003,0.1636717534536562,-0.03762381493404973,0.0,-0.0012342893280861411,0.0,-0.009660404591704717,0.1968011199954081,0
998,0.2107096655232854,0.18872601619187993,-0.04326788926497102,0.0,0.21160137573148272,0.18872601619187993,-0.030700009776046498,0.0,0.20734521265595796,0.18872601619187993,-0.048897254720795896,0.0,0.21314078739094575,0.18872601619187993,-0.03309779615374282,0.0024058853415497576,0.20961491339015023,0.18872601619187993,-0.04088278384908335,0.05552865612648221,0.21228896224548993,0.18872601619187995,-0.02961179876816459,0.0,0.21219956914433705,0.18872601619187995,-0.03532916617114097,0.0,0.21567839219576737,0.18872601619187995,-0.016373554551973937,0.001174698795180723,0.004968726672481966,2.7755575615628914e-17,0.026894334712997084,0.21228818828467882,0
999,0.20960489549876898,0.14224530157635182,-0.03413261608977337,0.0007567567567567567,0.20632188546493038,0.14224530157635182,-0.033041658121801445,0.0,0.2060460736362333,0.14224530157635182,-0.02851105021603871,0.0,0.20707602050797638,0.14224530157635182,-0.03412737304694019,0.0,0.20615493620767034,0.14224530157635182,-0.032000306306290444,0.0,0.205910362871783,0.14224530157635182,-0.038697058047273455,0.0,0.20521645737468364,0.14224530157635182,-0.045256287893280386,0.0,0.20797328176877541,0.14224530157635182,-0.0375011027454093,0.0007567567567567567,-0.0016316137299935696,0.0,-0.0033684866556359314,0.19792442123003118,0
1000,0.20423430734622158,0.19318549177111966,-0.03149651759438712,0.0,0.2006353394768869,0.19318549177111966,-0.037739020043518395,0.0,0.20058790056466175,0.19318549177111966,-0.038822755590026646,0.0034653173170393005,0.20403605159969757,0.19318549177111966,-0.030322248322190718,0.00573635881433108,0.2016025723894632,0.19318549177111966,-0.03337627467233688,0.0,0.2020408552107767,0.19318549177111966,-0.03293968870653771,0.0,0.20171238525903804,0.19318549177111966,-0.03782736506109359,0.0,0.2014911606787186,0.19318549177111966,-0.03928762515541166,0.0,-0.0027431466675029714,0.0,-0.007791107561024545,0.19567057642482824,0
1001,0.1862317680613248,0.10250801049914043,-0.02987883677415084,0.0,0.18424158941912208,0.10250801049914043,-0.03737916666810634,0.0,0.18129266234916896,0.10250801049914043,-0.03658404809058993,0.0,0.18397099738701794,0.10250801049914043,-0.03885548596037552,0.0016447368421052633,0.20383981541106636,0.10250801049914043,-0.025941654400667175,0.0,0.20015799635472928,0.10250801049914043,-0.045013099347706885,0.0,0.19815542512987647,0.10250801049914043,-0.048389310807688164,0.0,0.20225290091856152,0.10250801049914043,-0.02858423084508104,0.0,0.01602113285723672,0.0,0.001294605929069801,0.21765202968368438,0
1002,0.04151045969715828,0.0,-0.3626968085765839,0.001337719298245614,0.036212157096765465,0.0,-0.37682612031698226,0.001337719298245614,0.03410686209234367,0.0,-0.3731094928085804,0.001337719298245614,0.05498579565379642,0.0,-0.38194253280758855,0.001337719298245614,0.32686007600092776,0.2663944950606773,0.11416741338092834,0.9979624913648765,0.3420770553926934,0.2663944950606773,0.11454215592006221,0.9991472303206997,0.33936527059426846,0.2663944950606773,0.11297021380625666,0.9929375721542368,0.34548801507365073,0.2663944950606773,0.11366112391464413,0.9991472303206997,0.30397755537649246,0.2663944950606773,0.476357932491228,0.6997271198236711,1
1003,0.11971132846890241,0.0,-0.37856794372200964,0.0,0.11850252302086048,0.0,-0.3679677176475525,0.0,0.11592085425337809,0.0,-0.36665560930967334,0.0,0.39968708335005987,0.33600118421136416,0.12848694903310387,0.9980886808041862,0.4192144828921045,0.33600118421136416,0.12143989608463017,1.0,0.44720034550930815,0.33600118421136416,0.1235441386688035,0.9960520833333334,0.4539384139554672,0.33600118421136416,0.12100015401374549,0.9985520833333333,0.47209623989729915,0.33600118421136416,0.11893484953108782,0.9924071253501401,0.35238491142839673,0.33600118421136416,0.49750279325309743,0.772205999464121,1
1004,0.10255152976394973,0.0021022577971652524,-0.3664044514298439,0.0,0.09576756970130679,0.0021022577971652524,-0.38304263070225714,0.0,0.09511636537323956,0.0021022577971652524,-0.38467536225914956,0.0,0.1144249327196732,0.0021022577971652524,-0.3998244589567184,0.0,0.11717303015461508,0.0021022577971652524,-0.3821360605955124,0.0,0.4044728171100146,0.3281773096272853,0.11142406986327842,1.0,0.4356125553696927,0.3281773096272853,0.12985403233207762,0.9972713456284152,0.437858713277134,0.3281773096272853,0.11729717759415507,0.9985520833333333,0.3353071835131843,0.32607505183012003,0.483701629023999,0.7485155301877341,1
1005,0.10081292915099854,0.0036907484660999392,-0.3769937789440155,0.0,0.09069172367778502,0.0036907484660999392,-0.4124525183439255,0.0,0.09719273830651537,0.0036907484660999392,-0.3713638378679752,0.0,0.09786509826499497,0.0036907484660999392,-0.3839185331761837,0.0,0.0942920364306892,0.0036907484660999392,-0.4051660218834877,0.0,0.13162653358710963,0.0036907484660999392,-0.39908062234520914,0.0,0.15916363239967532,0.0036907484660999392,-0.36071123108267783,0.0025,0.1645947585287019,0.0036907484660999392,-0.39660042092204095,0.0,0.06378182937770335,0.0,-0.019606641978025474,0.2628141202749734,0
1006,0.09882269288580695,0.0,-0.3853984658420086,0.0,0.09281648110043018,0.0,-0.39601475015282633,0.0,0.092465026638095,0.0,-0.3957403153181076,0.0,0.09744038823299155,0.0,-0.383939515799284,0.0,0.10206880175321684,0.0,-0.3593239475786686,0.0,0.1395392729280164,0.0,-0.36983599156141284,0.0,0.388505031482365,0.23520491216031406,0.11261758615844883,0.9982280219780219,0.38715882662634965,0.23520491216031406,0.11039299126932747,0.9963167027822081,0.2883361337405427,0.23520491216031406,0.4957914571113361,0.680702060532564,1
1007,0.15851057092826581,0.00653196996238822,-0.37263682663440706,0.0,0.15399436408635742,0.00653196996238822,-0.37484108209609984,0.0,0.15416387567335726,0.00653196996238822,-0.3698731702566147,0.0,0.15683021844031297,0.00653196996238822,-0.3683103722333908,0.0,0.16004108942616618,0.00653196996238822,-0.3553806056082249,0.0,0.1971446451317811,0.00653196996238822,-0.3698026198148727,0.0,0.22815854109908967,0.00653196996238822,-0.39163558587431907,0.0,0.2207152355304422,0.00653196996238822,-0.39393143698573113,0.0,0.062204664602176385,0.0,-0.021294610351324073,0.26074008034033375,0
1008,0.1026287525181182,0.0018250049879408926,-0.36714908987283706,0.0,0.09741710487592226,0.0018250049879408926,-0.374945128262043,0.0,0.09417034142850061,0.0018250049879408926,-0.390738740414381,0.0,0.09840094532931792,0.0018250049879408926,-0.3813972783088684,0.0,0.10128227423495505,0.0018250049879408926,-0.3637605634331703,0.0,0.11481194904021379,0.0018250049879408926,-0.40069134190678596,0.0,0.1434855756998331,0.0018250049879408926,-0.3525756546854973,0.0025,0.15007803554554952,0.0018250049879408926,-0.37576906248927117,0.0,0.047449283027431316,0.0,-0.008619972616434102,0.24831085598220898,0
1009,0.09903557192429593,0.0,-0.3849217060208321,0.0,0.09239982287502056,0.0,-0.400501526594162,0.0,0.09634265331248414,0.0,-0.3745868395268917,0.0,0.09780709531808673,0.0,-0.38116681680083275,0.0,0.09566984000156603,0.0,-0.3890320073068142,0.0,0.0950955837065107,0.0,-0.39173799127340314,0.0,0.11310167354852217,0.0,-0.40384238585829735,0.0,0.1475654445016583,0.0,-0.3918673719465733,0.0,0.048529872577362354,0.0,-0.006945665925741196,0.2498587465583503,0
1010,0.06134177515791354,0.0035454414037108294,-0.3852993017435074,0.0,0.05473239286876945,0.0035454414037108294,-0.39223494827747346,0.0,0.055570666176197214,0.0035454414037108294,-0.38997695297002793,0.0,0.0595801847201635,0.0035454414037108294,-0.36845895439386367,0.0,0.05798724723918683,0.0035454414037108294,-0.3835087203979492,0.0,0.056632724182812455,0.0035454414037108294,-0.38296059548854827,0.0,0.057374698513844524,0.0035454414037108294,-0.39446115151047706,0.0,0.09029963995544733,0.0035454414037108294,-0.4035589304566383,0.0,0.028957864797533796,0.0,-0.018259628713130915,0.22648095138478022,0
1011,0.26961309774628633,0.18371902628351303,0.11105540005723015,0.9777946761463169,0.2716702933574249,0.18371902628351303,0.11421241372823715,0.9794394129884222,0.25549766037186417,0.18371902628351303,0.10623802646063268,0.952071907310808,0.2524911521581916,0.18371902628351303,0.11708195403334684,0.9463355921493494,0.2659244770827004,0.18371902628351303,0.1312320325151086,0.9694394129884222,0.2750557302211259,0.18371902628351303,0.12673147343099117,0.981979026278943,0.24875570310878437,0.18371902628351303,0.12291545225656592,0.9389874908835266,0.29109730403336664,0.18371902628351303,0.11132023655123248,1.0,0.02148420628708031,0.0,0.00026483649400232956,0.22315132923606146,0
1012,0.21198945774200456,0.0,-0.2699556511733681,0.0,0.2639262806287114,0.0,-0.046803565323352815,0.0,0.23480537074305852,0.0,-0.12170524660497904,0.0,0.23203218186723004,0.0,-0.13374472185969352,0.0,0.23583777811957093,0.0,-0.13592398669570685,0.0,0.2653260054713849,0.0,-0.022508144974708558,0.0,0.20953852307601453,0.0,-0.17676949999906355,0.0,0.26502153349149576,0.0,-0.06979395267553627,0.0,0.0530320757494912,0.0,0.20016169849783183,0.30534302172356753,0
1013,0.24479000967553538,0.0,-0.15616996666416527,0.0,0.2165872448528262,0.0,-0.2493835278833285,0.0,0.2145888634841488,0.0,-0.21538112103007734,0.0,0.2159545217494672,0.0,-0.20671775681781582,0.0,0.22544295951404558,0.0,-0.1880909003689885,0.0,0.24546849826721648,0.0,-0.15392471255734563,0.0,0.17054393959778852,0.0,-0.41291569677181544,0.0,0.2492592058839683,0.0,-0.1755093600717373,0.0,0.004469196208432918,0.0,-0.019339393407572042,0.2004343458355673,0
1014,0.2883591973990167,0.1981141752479237,0.12155498946085572,0.9987882096069869,0.2880189890709852,0.1981141752479237,0.11794399035628884,0.9942942436702472,0.29720226491460217,0.19811417524792374,0.11041573297639844,1.0,0.2878685624243944,0.1981141752479237,0.11251912743784487,0.9918629371611156,0.28838785378723997,0.1981141752479237,0.1284827398508787,0.9987882096069869,0.29639865053116593,0.1981141752479237,0.10315974299330265,0.9935301566914796,0.31357821884133696,0.1981141752479237,0.12158838143455795,0.9962711748633879,0.30395854537973777,0.19811417524792374,0.11221144614741206,1.0,0.015599347980721046,2.7755575615628914e-17,-0.009343543313443656,0.21460146832991414,0
1015,0.3500006767062079,0.3139689577903088,0.12639501152560115,1.0,0.3567330752348567,0.3139689577903088,0.1283054783497937,1.0,0.349268876209995,0.3139689577903088,0.11242003368213772,1.0,0.34978396085375096,0.3139689577903088,0.1356865386571735,1.0,0.35533061872427657,0.3139689577903088,0.14891352969920263,0.9861093868057467,0.34457332150964465,0.3139689577903088,0.1210202337987721,1.0,0.3669555296177343,0.3139689577903088,0.119958824114874,0.9925282751706185,0.360483432324911,0.3139689577903088,0.11828415745170787,1.0,0.010482755618703099,0.0,-0.008110854073893281,0.2095166676587023,0
1016,0.3503413282009772,0.34341710606455095,0.12872414618730546,1.0,0.351928551315459,0.34341710606455095,0.12355846076417948,1.0,0.3594606328215002,0.34341710606455095,0.12313542095012962,1.0,0.35117236381598166,0.34341710606455095,0.1197988143900875,1.0,0.3572024013774332,0.34341710606455095,0.115164538208046,1.0,0.34656727282627137,0.34341710606455095,0.1214306588358886,1.0,0.3427821264073496,0.34341710606455095,0.11412685316987335,1.0,0.3515295583389757,0.34341710606455095,0.11133389981288928,1.0,0.0011882301379985138,0.0,-0.017390246374416177,0.19745766328572423,0
1017,0.24314061424133127,0.0030565329112965285,0.12313785189995542,0.896902181235009,0.2363721685353625,0.0030565329112965285,0.12859806005144492,0.8935670196645533,0.2291257691196067,0.0030565329112965285,0.12200217227451503,0.8955312693475199,0.22650466831551833,0.0030565329112965285,0.11932635412085801,0.8904266876004417,0.24319083486352072,0.0030565329112965285,0.11475626826868393,0.8668970811234221,0.230615298642533,0.0030565329112965285,0.1169471044652164,0.8994670426909391,0.2333836638554819,0.0030565329112965285,0.12812829066999257,0.8937364628675616,0.22252077697849842,0.0030565329112965285,0.10668838157318533,0.8923740838102708,-0.02061983726283284,0.0,-0.01644947032677009,0.17472829754889435,0
1018,0.3423499149431575,0.23664369694687454,0.11774879436008633,1.0,0.34196311472832097,0.23664369694687454,0.12737462078686804,1.0,0.38194363213374355,0.24807706581836192,0.18627770934253932,0.0028954802259887,0.38043881268152585,0.24807706581836192,0.18320480573922396,0.004166666666666667,0.3980542927434861,0.24807706581836192,0.17772930381819607,0.0028954802259887,0.3838879012090032,0.24807706581836192,0.20253280185163022,0.013071720751017155,0.38465605471930375,0.24807706581836192,0.21047760538756846,0.019619747601887907,0.39698488664637666,0.24807706581836192,0.18388123573735357,0.0028954802259887,0.05463497170321918,0.011433368871487382,0.06613244137726725,0.27687445946203704,0
1019,0.5059002748841184,0.4199851452886922,0.20977323275059462,0.000781733746130031,0.5042977922837744,0.4199851452886922,0.18773122114129365,0.0,0.5166772436945203,0.4199851452886922,0.23634373188018798,0.025513025202200917,0.5167183311388693,0.4199851452886922,0.19737498415634036,0.0,0.5118382477952368,0.4199851452886922,0.19933173693716527,0.00484433590569767,0.5271508338700618,0.4199851452886922,0.18716291807591914,0.0,0.5196972119074863,0.4199851452886922,0.19350202035158873,0.0,0.522039749079991,0.4199851452886922,0.20494916815310715,0.0,0.016139474195872583,0.0,-0.004824064597487465,0.21627745889082695,0
1020,0.525808781146558,0.4151295672201859,0.1813324526697397,0.0,0.5357062870934074,0.4151295672201859,0.1899566150456667,0.0,0.5338503106060914,0.4151295672201859,0.20355640452355148,0.0,0.5374590728185866,0.4151295672201859,0.17880467987153678,0.0,0.5358678962107496,0.4151295672201859,0.1947572035342455,0.0,0.5405617036923458,0.4151295672201859,0.19300463542342186,0.0,0.5407274808875856,0.4151295672201859,0.18146846861112864,0.0,0.5306725600086216,0.4151295672201859,0.18928566320799292,0.0013789237668161433,0.0048637788620635725,0.0,0.007953210538253208,0.20753684946889986,0
1021,0.5230286885711307,0.3938282713475861,0.19215243391692638,0.0,0.5186437761832757,0.3938282713475861,0.17087679157033564,0.0,0.5176978517354104,0.3938282713475861,0.18619561776518823,0.0,0.5209448059011391,0.3938282713475861,0.17871417183429003,0.0,0.5210688821347634,0.3938282713475861,0.20053311094641685,0.0,0.5189421854411888,0.3938282713475861,0.1819315083697438,0.0,0.5231134400777494,0.3938282713475861,0.17822736904956402,0.0,0.5229347685530045,0.3938282713475861,0.18958542998880148,0.0,-9.392001812624784e-05,0.0,-0.0025670039281248946,0.19973970367346575,0
1022,0.5236684437340544,0.4070768449775577,0.18247139824554323,0.0,0.5155806291990948,0.4070768449775577,0.19547442836686968,0.0,0.5132165987221775,0.4070768449775577,0.19453059738501907,0.000781733746130031,0.5169260753451552,0.4070768449775577,0.21689280135557054,0.0015091176092107157,0.5113597326912913,0.4070768449775577,0.185731233432889,0.0,0.5148046996002631,0.4070768449775577,0.20344064846634866,0.0,0.5155021344673759,0.4070768449775577,0.18105412027332932,0.0,0.5146649635530565,0.4070768449775577,0.1924594910722226,0.0,-0.009003480180997947,0.0,0.009988092826679368,0.19343576091846787,0
1023,0.5053102541179176,0.32278408704808315,0.19591852702200413,0.0011344537815126052,0.5234453711173458,0.32278408704808315,0.18400889862328768,0.0,0.4956719438701126,0.32278408704808315,0.16986119944602251,0.00123,0.503220144591432,0.32278408704808315,0.20446669952943922,0.0,0.5175302349243466,0.32278408704808315,0.1954278059047647,0.0,0.500742108704833,0.32278408704808315,0.2016561909765005,0.0,0.5109009311009309,0.32278408704808315,0.18752612512558697,0.0,0.5049363164032018,0.32278408704808315,0.1951565279252827,0.0,-0.0003739377147158329,0.0,-0.0007619990967214219,0.19988714890031012,0
