{
"type": "FeatureCollection",
"name": "uncertain_zones",
"crs": { "type": "name", "properties": { "name": "urn:ogc:def:crs:OGC:1.3:CRS84" } },
"features": [
{ "type": "Feature", "properties": { "cell_id": 0, "row": 0, "col": 0, "class_2019": "commercial", "conf_2019": 0.497, "imi_2019": 0.483, "informal_prob_2019": 0.003, "class_2020": "industrial", "conf_2020": 0.524, "imi_2020": 0.505, "informal_prob_2020": 0.006, "class_2021": "industrial", "conf_2021": 0.57, "imi_2021": 0.492, "informal_prob_2021": 0.006, "class_2022": "industrial", "conf_2022": 0.599, "imi_2022": 0.497, "informal_prob_2022": 0.006, "class_2023": "industrial", "conf_2023": 0.526, "imi_2023": 0.492, "informal_prob_2023": 0.006, "class_2024": "industrial", "conf_2024": 0.564, "imi_2024": 0.495, "informal_prob_2024": 0.003, "class_2025": "industrial", "conf_2025": 0.481, "imi_2025": 0.49, "informal_prob_2025": 0.006, "class_2026": "industrial", "conf_2026": 0.511, "imi_2026": 0.483, "informal_prob_2026": 0.006, "trajectory": "other", "cluster_last": 0, "emerging_score": 0.19737315424788637, "emerging_zone": 0, "building_count": 11.0, "building_density": 0.13908244394009789, "road_density": 100.0, "ndvi": 0.12216602339613018, "ndbi": 0.19588307786732911, "imi": 0.48270475658684586, "informal_probability": 0.0058485371537538551, "confidence": 0.51070853153372497, "explanation": "built-up intensity: 0.95; impervious surface: 0.84; road structure: 0.47; building irregularity: 0.32; building density: 0.13" }, "geometry": { "type": "Polygon", "coordinates": [ [ [ 80.256823548555602, 13.096223383301853 ], [ 80.256820837228858, 13.097127571715331 ], [ 80.25589839798026, 13.097124912284769 ], [ 80.255901112671552, 13.096220724061199 ], [ 80.256823548555602, 13.096223383301853 ] ] ] } },
{ "type": "Feature", "properties": { "cell_id": 18, "row": 0, "col": 18, "class_2019": "commercial", "conf_2019": 0.469, "imi_2019": 0.482, "informal_prob_2019": 0.003, "class_2020": "commercial", "conf_2020": 0.489, "imi_2020": 0.473, "informal_prob_2020": 0.004, "class_2021": "commercial", "conf_2021": 0.476, "imi_2021": 0.474, "informal_prob_2021": 0.003, "class_2022": "commercial", "conf_2022": 0.471, "imi_2022": 0.481, "informal_prob_2022": 0.004, "class_2023": "commercial", "conf_2023": 0.482, "imi_2023": 0.478, "informal_prob_2023": 0.003, "class_2024": "commercial", "conf_2024": 0.473, "imi_2024": 0.472, "informal_prob_2024": 0.004, "class_2025": "commercial", "conf_2025": 0.483, "imi_2025": 0.476, "informal_prob_2025": 0.004, "class_2026": "commercial", "conf_2026": 0.534, "imi_2026": 0.477, "informal_prob_2026": 0.004, "trajectory": "other", "cluster_last": 0, "emerging_score": 0.18414333546098163, "emerging_zone": 0, "building_count": 13.0, "building_density": 0.18560198155451454, "road_density": 100.0, "ndvi": 0.10077188807714264, "ndbi": 0.18145662910304963, "imi": 0.47655838389631727, "informal_probability": 0.0041369468572578982, "confidence": 0.53403208432506188, "explanation": "built-up intensity: 0.92; impervious surface: 0.92; road structure: 0.47; building irregularity: 0.25; building density: 0.17" }, "geometry": { "type": "Polygon", "coordinates": [ [ [ 80.273427429055758, 13.096270685687566 ], [ 80.273424778291727, 13.097174877479075 ], [ 80.272502335415169, 13.09717227741567 ], [ 80.272504989543819, 13.096268085809825 ], [ 80.273427429055758, 13.096270685687566 ] ] ] } },
{ "type": "Feature", "properties": { "cell_id": 33, "row": 1, "col": 1, "class_2019": "commercial", "conf_2019": 0.483, "imi_2019": 0.53, "informal_prob_2019": 0.014, "class_2020": "commercial", "conf_2020": 0.505, "imi_2020": 0.536, "informal_prob_2020": 0.014, "class_2021": "commercial", "conf_2021": 0.474, "imi_2021": 0.524, "informal_prob_2021": 0.012, "class_2022": "commercial", "conf_2022": 0.484, "imi_2022": 0.537, "informal_prob_2022": 0.014, "class_2023": "commercial", "conf_2023": 0.486, "imi_2023": 0.53, "informal_prob_2023": 0.014, "class_2024": "commercial", "conf_2024": 0.483, "imi_2024": 0.526, "informal_prob_2024": 0.014, "class_2025": "industrial", "conf_2025": 0.49, "imi_2025": 0.518, "informal_prob_2025": 0.014, "class_2026": "industrial", "conf_2026": 0.488, "imi_2026": 0.533, "informal_prob_2026": 0.014, "trajectory": "other", "cluster_last": 0, "emerging_score": 0.20712854203276146, "emerging_zone": 0, "building_count": 86.0, "building_density": 0.26607115241833201, "road_density": 100.0, "ndvi": 0.08807238434965256, "ndbi": 0.20352184735238552, "imi": 0.53330122711667527, "informal_probability": 0.014051657764754436, "confidence": 0.48795191977946351, "explanation": "built-up intensity: 0.96; impervious surface: 0.95; road structure: 0.47; building irregularity: 0.37; building density: 0.24" }, "geometry": { "type": "Polygon", "coordinates": [ [ [ 80.257748692402075, 13.09532185057763 ], [ 80.257745984643336, 13.096226039244595 ], [ 80.256823548555602, 13.096223383301853 ], [ 80.256826259678647, 13.095319194824556 ], [ 80.257748692402075, 13.09532185057763 ] ] ] } },
{ "type": "Feature", "properties": { "cell_id": 51, "row": 1, "col": 19, "class_2019": "industrial", "conf_2019": 0.817, "imi_2019": 0.542, "informal_prob_2019": 0.008, "class_2020": "industrial", "conf_2020": 0.71, "imi_2020": 0.548, "informal_prob_2020": 0.002, "class_2021": "industrial", "conf_2021": 0.808, "imi_2021": 0.541, "informal_prob_2021": 0.008, "class_2022": "industrial", "conf_2022": 0.83, "imi_2022": 0.553, "informal_prob_2022": 0.003, "class_2023": "industrial", "conf_2023": 0.805, "imi_2023": 0.544, "informal_prob_2023": 0.007, "class_2024": "industrial", "conf_2024": 0.661, "imi_2024": 0.538, "informal_prob_2024": 0.009, "class_2025": "industrial", "conf_2025": 0.83, "imi_2025": 0.55, "informal_prob_2025": 0.008, "class_2026": "industrial", "conf_2026": 0.727, "imi_2026": 0.551, "informal_prob_2026": 0.007, "trajectory": "other", "cluster_last": 0, "emerging_score": 0.21366637330917634, "emerging_zone": 0, "building_count": 2.0, "building_density": 0.95235623411937709, "road_density": 100.0, "ndvi": 0.11272636866662651, "ndbi": 0.20931481897830964, "imi": 0.55137083742638349, "informal_probability": 0.0068418968906524954, "confidence": 0.72686756021964838, "explanation": "built-up intensity: 0.97; impervious surface: 0.93; building density: 0.88; road structure: 0.47; building irregularity: 0.00" }, "geometry": { "type": "Polygon", "coordinates": [ [ [ 80.274352515967323, 13.095369090226603 ], [ 80.274349868766819, 13.096273282267337 ], [ 80.273427429055758, 13.096270685687566 ], [ 80.273430079620624, 13.095366493832264 ], [ 80.274352515967323, 13.095369090226603 ] ] ] } },
{ "type": "Feature", "properties": { "cell_id": 68, "row": 2, "col": 4, "class_2019": "industrial", "conf_2019": 0.823, "imi_2019": 0.546, "informal_prob_2019": 0.005, "class_2020": "industrial", "conf_2020": 0.806, "imi_2020": 0.546, "informal_prob_2020": 0.01, "class_2021": "industrial", "conf_2021": 0.821, "imi_2021": 0.549, "informal_prob_2021": 0.007, "class_2022": "industrial", "conf_2022": 0.817, "imi_2022": 0.55, "informal_prob_2022": 0.006, "class_2023": "industrial", "conf_2023": 0.782, "imi_2023": 0.542, "informal_prob_2023": 0.009, "class_2024": "industrial", "conf_2024": 0.823, "imi_2024": 0.556, "informal_prob_2024": 0.005, "class_2025": "industrial", "conf_2025": 0.787, "imi_2025": 0.533, "informal_prob_2025": 0.008, "class_2026": "industrial", "conf_2026": 0.721, "imi_2026": 0.543, "informal_prob_2026": 0.008, "trajectory": "other", "cluster_last": 0, "emerging_score": 0.1987138256197582, "emerging_zone": 0, "building_count": 2.0, "building_density": 0.95006784355927743, "road_density": 100.0, "ndvi": 0.10111457482911647, "ndbi": 0.20629651736468077, "imi": 0.54294124926175447, "informal_probability": 0.0078213020814267634, "confidence": 0.72108431654210903, "explanation": "built-up intensity: 0.96; building density: 0.87; impervious surface: 0.87; road structure: 0.47; building irregularity: 0.01" }, "geometry": { "type": "Polygon", "coordinates": [ [ [ 80.260518689255093, 13.094425608752401 ], [ 80.260515991791991, 13.095329798050763 ], [ 80.259593558458988, 13.095327152190739 ], [ 80.259596259286155, 13.094422963081335 ], [ 80.260518689255093, 13.094425608752401 ] ] ] } },
{ "type": "Feature", "properties": { "cell_id": 113, "row": 3, "col": 17, "class_2019": "industrial", "conf_2019": 0.505, "imi_2019": 0.484, "informal_prob_2019": 0.004, "class_2020": "industrial", "conf_2020": 0.562, "imi_2020": 0.493, "informal_prob_2020": 0.004, "class_2021": "industrial", "conf_2021": 0.531, "imi_2021": 0.482, "informal_prob_2021": 0.004, "class_2022": "industrial", "conf_2022": 0.427, "imi_2022": 0.487, "informal_prob_2022": 0.006, "class_2023": "industrial", "conf_2023": 0.533, "imi_2023": 0.49, "informal_prob_2023": 0.004, "class_2024": "industrial", "conf_2024": 0.516, "imi_2024": 0.494, "informal_prob_2024": 0.003, "class_2025": "industrial", "conf_2025": 0.532, "imi_2025": 0.492, "informal_prob_2025": 0.004, "class_2026": "industrial", "conf_2026": 0.504, "imi_2026": 0.489, "informal_prob_2026": 0.004, "trajectory": "other", "cluster_last": 0, "emerging_score": 0.20795543100443417, "emerging_zone": 0, "building_count": 12.0, "building_density": 0.1676154292348975, "road_density": 100.0, "ndvi": 0.11106074596289545, "ndbi": 0.19385149469599128, "imi": 0.48891477398415611, "informal_probability": 0.0041369468572578982, "confidence": 0.50428452657670708, "explanation": "built-up intensity: 0.94; impervious surface: 0.88; road structure: 0.47; building irregularity: 0.21; building density: 0.15" }, "geometry": { "type": "Polygon", "coordinates": [ [ [ 80.2725129507334, 13.093555510609544 ], [ 80.272510297202928, 13.094459702406755 ], [ 80.271587864618894, 13.094457099602849 ], [ 80.271590521513204, 13.09355290799153 ], [ 80.2725129507334, 13.093555510609544 ] ] ] } },
{ "type": "Feature", "properties": { "cell_id": 133, "row": 4, "col": 5, "class_2019": "industrial", "conf_2019": 0.693, "imi_2019": 0.445, "informal_prob_2019": 0.012, "class_2020": "industrial", "conf_2020": 0.684, "imi_2020": 0.444, "informal_prob_2020": 0.013, "class_2021": "industrial", "conf_2021": 0.679, "imi_2021": 0.451, "informal_prob_2021": 0.011, "class_2022": "industrial", "conf_2022": 0.714, "imi_2022": 0.443, "informal_prob_2022": 0.013, "class_2023": "industrial", "conf_2023": 0.691, "imi_2023": 0.456, "informal_prob_2023": 0.011, "class_2024": "industrial", "conf_2024": 0.694, "imi_2024": 0.447, "informal_prob_2024": 0.009, "class_2025": "industrial", "conf_2025": 0.512, "imi_2025": 0.445, "informal_prob_2025": 0.024, "class_2026": "industrial", "conf_2026": 0.703, "imi_2026": 0.448, "informal_prob_2026": 0.012, "trajectory": "other", "cluster_last": 0, "emerging_score": 0.20364139273454007, "emerging_zone": 0, "building_count": 1.0, "building_density": 0.50091860776909203, "road_density": 100.0, "ndvi": 0.10031749451532961, "ndbi": 0.20574821345508099, "imi": 0.44840047956377904, "informal_probability": 0.011664938984737052, "confidence": 0.70254543924761947, "explanation": "built-up intensity: 0.96; impervious surface: 0.91; road structure: 0.47; building density: 0.46; building irregularity: 0.00" }, "geometry": { "type": "Polygon", "coordinates": [ [ [ 80.261446507017439, 13.092619871960423 ], [ 80.261443813323282, 13.093524061575117 ], [ 80.260521386515492, 13.09352141939023 ], [ 80.260524083573216, 13.09261722996426 ], [ 80.261446507017439, 13.092619871960423 ] ] ] } },
{ "type": "Feature", "properties": { "cell_id": 164, "row": 5, "col": 4, "class_2019": "industrial", "conf_2019": 0.696, "imi_2019": 0.4, "informal_prob_2019": 0.006, "class_2020": "industrial", "conf_2020": 0.763, "imi_2020": 0.403, "informal_prob_2020": 0.004, "class_2021": "industrial", "conf_2021": 0.521, "imi_2021": 0.397, "informal_prob_2021": 0.015, "class_2022": "industrial", "conf_2022": 0.703, "imi_2022": 0.392, "informal_prob_2022": 0.004, "class_2023": "industrial", "conf_2023": 0.683, "imi_2023": 0.407, "informal_prob_2023": 0.004, "class_2024": "industrial", "conf_2024": 0.711, "imi_2024": 0.4, "informal_prob_2024": 0.004, "class_2025": "industrial", "conf_2025": 0.695, "imi_2025": 0.394, "informal_prob_2025": 0.004, "class_2026": "industrial", "conf_2026": 0.691, "imi_2026": 0.386, "informal_prob_2026": 0.006, "trajectory": "other", "cluster_last": 0, "emerging_score": 0.18550917360197117, "emerging_zone": 0, "building_count": 1.0, "building_density": 0.0017420056200922282, "road_density": 100.0, "ndvi": 0.11448344286996871, "ndbi": 0.21036790933459998, "imi": 0.38570109530821134, "informal_probability": 0.0055350027015769378, "confidence": 0.69103925844903646, "explanation": "built-up intensity: 0.97; impervious surface: 0.80; road structure: 0.47; building density: 0.00; building irregularity: 0.00" }, "geometry": { "type": "Polygon", "coordinates": [ [ [ 80.260526780428279, 13.091713040474495 ], [ 80.260524083573216, 13.09261722996426 ], [ 80.259601660331683, 13.092614584671114 ], [ 80.259604360550057, 13.091710395370306 ], [ 80.260526780428279, 13.091713040474495 ] ] ] } },
{ "type": "Feature", "properties": { "cell_id": 178, "row": 5, "col": 18, "class_2019": "industrial", "conf_2019": 0.541, "imi_2019": 0.486, "informal_prob_2019": 0.004, "class_2020": "industrial", "conf_2020": 0.525, "imi_2020": 0.495, "informal_prob_2020": 0.003, "class_2021": "industrial", "conf_2021": 0.483, "imi_2021": 0.483, "informal_prob_2021": 0.004, "class_2022": "industrial", "conf_2022": 0.691, "imi_2022": 0.493, "informal_prob_2022": 0.004, "class_2023": "industrial", "conf_2023": 0.573, "imi_2023": 0.491, "informal_prob_2023": 0.004, "class_2024": "industrial", "conf_2024": 0.627, "imi_2024": 0.491, "informal_prob_2024": 0.004, "class_2025": "industrial", "conf_2025": 0.625, "imi_2025": 0.488, "informal_prob_2025": 0.003, "class_2026": "industrial", "conf_2026": 0.58, "imi_2026": 0.489, "informal_prob_2026": 0.004, "trajectory": "other", "cluster_last": 0, "emerging_score": 0.19794401474061243, "emerging_zone": 0, "building_count": 14.0, "building_density": 0.19325603204009975, "road_density": 100.0, "ndvi": 0.095891158445447211, "ndbi": 0.1939005060493946, "imi": 0.48859134405902027, "informal_probability": 0.0041369468572578982, "confidence": 0.57969976088281383, "explanation": "built-up intensity: 0.94; impervious surface: 0.89; road structure: 0.47; building irregularity: 0.25; building density: 0.18" }, "geometry": { "type": "Polygon", "coordinates": [ [ [ 80.273440679888736, 13.091749725773191 ], [ 80.273438030120417, 13.092653917883629 ], [ 80.272515604064452, 13.092651318748539 ], [ 80.27251825719614, 13.091747126823764 ], [ 80.273440679888736, 13.091749725773191 ] ] ] } },
{ "type": "Feature", "properties": { "cell_id": 194, "row": 6, "col": 2, "class_2019": "industrial", "conf_2019": 0.606, "imi_2019": 0.469, "informal_prob_2019": 0.0, "class_2020": "industrial", "conf_2020": 0.59, "imi_2020": 0.474, "informal_prob_2020": 0.0, "class_2021": "industrial", "conf_2021": 0.586, "imi_2021": 0.471, "informal_prob_2021": 0.0, "class_2022": "industrial", "conf_2022": 0.602, "imi_2022": 0.471, "informal_prob_2022": 0.0, "class_2023": "industrial", "conf_2023": 0.593, "imi_2023": 0.47, "informal_prob_2023": 0.0, "class_2024": "industrial", "conf_2024": 0.602, "imi_2024": 0.48, "informal_prob_2024": 0.0, "class_2025": "industrial", "conf_2025": 0.532, "imi_2025": 0.467, "informal_prob_2025": 0.001, "class_2026": "industrial", "conf_2026": 0.597, "imi_2026": 0.474, "informal_prob_2026": 0.001, "trajectory": "other", "cluster_last": 0, "emerging_score": 0.20745185736376454, "emerging_zone": 0, "building_count": 2.0, "building_density": 0.25076063904249613, "road_density": 100.0, "ndvi": 0.099907295354641976, "ndbi": 0.20918146692216397, "imi": 0.47364079772849804, "informal_probability": 0.00060472545990731641, "confidence": 0.59720763200152982, "explanation": "built-up intensity: 0.97; impervious surface: 0.91; road structure: 0.47; building density: 0.23; building irregularity: 0.09" }, "geometry": { "type": "Polygon", "coordinates": [ [ [ 80.25868464425325, 13.090803557793965 ], [ 80.258681940874752, 13.091707746969371 ], [ 80.257759521402605, 13.091705095271697 ], [ 80.257762228144159, 13.09080090628572 ], [ 80.25868464425325, 13.090803557793965 ] ] ] } },
{ "type": "Feature", "properties": { "cell_id": 196, "row": 6, "col": 4, "class_2019": "industrial", "conf_2019": 0.703, "imi_2019": 0.445, "informal_prob_2019": 0.0, "class_2020": "industrial", "conf_2020": 0.701, "imi_2020": 0.441, "informal_prob_2020": 0.0, "class_2021": "industrial", "conf_2021": 0.699, "imi_2021": 0.451, "informal_prob_2021": 0.0, "class_2022": "industrial", "conf_2022": 0.646, "imi_2022": 0.436, "informal_prob_2022": 0.002, "class_2023": "industrial", "conf_2023": 0.714, "imi_2023": 0.442, "informal_prob_2023": 0.0, "class_2024": "industrial", "conf_2024": 0.709, "imi_2024": 0.435, "informal_prob_2024": 0.0, "class_2025": "industrial", "conf_2025": 0.651, "imi_2025": 0.44, "informal_prob_2025": 0.002, "class_2026": "industrial", "conf_2026": 0.689, "imi_2026": 0.436, "informal_prob_2026": 0.0, "trajectory": "other", "cluster_last": 0, "emerging_score": 0.19334931132258204, "emerging_zone": 0, "building_count": 1.0, "building_density": 0.25700037676322152, "road_density": 100.0, "ndvi": 0.10503369419864611, "ndbi": 0.20344222957268357, "imi": 0.43580258061150157, "informal_probability": 0.0, "confidence": 0.68927150098780532, "explanation": "built-up intensity: 0.96; impervious surface: 0.86; road structure: 0.47; building density: 0.24; building irregularity: 0.00" }, "geometry": { "type": "Polygon", "coordinates": [ [ [ 80.260529477080667, 13.090808850920942 ], [ 80.260526780428279, 13.091713040474495 ], [ 80.259604360550057, 13.091710395370306 ], [ 80.2596070605655, 13.090806206005707 ], [ 80.260529477080667, 13.090808850920942 ] ] ] } },
{ "type": "Feature", "properties": { "cell_id": 197, "row": 6, "col": 5, "class_2019": "industrial", "conf_2019": 0.668, "imi_2019": 0.447, "informal_prob_2019": 0.006, "class_2020": "industrial", "conf_2020": 0.643, "imi_2020": 0.441, "informal_prob_2020": 0.006, "class_2021": "industrial", "conf_2021": 0.653, "imi_2021": 0.442, "informal_prob_2021": 0.007, "class_2022": "industrial", "conf_2022": 0.665, "imi_2022": 0.445, "informal_prob_2022": 0.006, "class_2023": "industrial", "conf_2023": 0.599, "imi_2023": 0.438, "informal_prob_2023": 0.007, "class_2024": "industrial", "conf_2024": 0.56, "imi_2024": 0.448, "informal_prob_2024": 0.006, "class_2025": "industrial", "conf_2025": 0.538, "imi_2025": 0.442, "informal_prob_2025": 0.007, "class_2026": "industrial", "conf_2026": 0.63, "imi_2026": 0.434, "informal_prob_2026": 0.007, "trajectory": "other", "cluster_last": 0, "emerging_score": 0.18962363968586388, "emerging_zone": 0, "building_count": 1.0, "building_density": 0.41403336592440093, "road_density": 100.0, "ndvi": 0.11215778524521738, "ndbi": 0.20720013894140721, "imi": 0.43354517190085495, "informal_probability": 0.0072452566885393742, "confidence": 0.62961452060519962, "explanation": "built-up intensity: 0.96; impervious surface: 0.83; road structure: 0.47; building density: 0.38; building irregularity: 0.00" }, "geometry": { "type": "Polygon", "coordinates": [ [ [ 80.261451893798508, 13.090811492539665 ], [ 80.261449200509176, 13.091715682281938 ], [ 80.260526780428279, 13.091713040474495 ], [ 80.260529477080667, 13.090808850920942 ], [ 80.261451893798508, 13.090811492539665 ] ] ] } },
{ "type": "Feature", "properties": { "cell_id": 204, "row": 6, "col": 12, "class_2019": "industrial", "conf_2019": 0.537, "imi_2019": 0.489, "informal_prob_2019": 0.0, "class_2020": "industrial", "conf_2020": 0.486, "imi_2020": 0.503, "informal_prob_2020": 0.0, "class_2021": "industrial", "conf_2021": 0.48, "imi_2021": 0.485, "informal_prob_2021": 0.0, "class_2022": "industrial", "conf_2022": 0.507, "imi_2022": 0.499, "informal_prob_2022": 0.0, "class_2023": "industrial", "conf_2023": 0.474, "imi_2023": 0.491, "informal_prob_2023": 0.0, "class_2024": "industrial", "conf_2024": 0.461, "imi_2024": 0.488, "informal_prob_2024": 0.0, "class_2025": "industrial", "conf_2025": 0.502, "imi_2025": 0.48, "informal_prob_2025": 0.0, "class_2026": "industrial", "conf_2026": 0.48, "imi_2026": 0.494, "informal_prob_2026": 0.0, "trajectory": "other", "cluster_last": 0, "emerging_score": 0.20051778141245516, "emerging_zone": 0, "building_count": 4.0, "building_density": 0.29103588272142922, "road_density": 100.0, "ndvi": 0.086186576047912244, "ndbi": 0.18955950994044543, "imi": 0.49413933438423813, "informal_probability": 0.0, "confidence": 0.4799529704958716, "explanation": "impervious surface: 0.95; built-up intensity: 0.94; road structure: 0.47; building irregularity: 0.29; building density: 0.27" }, "geometry": { "type": "Polygon", "coordinates": [ [ [ 80.267908816476762, 13.090829891568115 ], [ 80.267906146728976, 13.091734082624839 ], [ 80.266983725236457, 13.091731463894719 ], [ 80.266986398347342, 13.09082727302507 ], [ 80.267908816476762, 13.090829891568115 ] ] ] } },
{ "type": "Feature", "properties": { "cell_id": 211, "row": 6, "col": 19, "class_2019": "commercial", "conf_2019": 0.661, "imi_2019": 0.484, "informal_prob_2019": 0.037, "class_2020": "commercial", "conf_2020": 0.648, "imi_2020": 0.497, "informal_prob_2020": 0.034, "class_2021": "commercial", "conf_2021": 0.673, "imi_2021": 0.489, "informal_prob_2021": 0.034, "class_2022": "commercial", "conf_2022": 0.637, "imi_2022": 0.48, "informal_prob_2022": 0.038, "class_2023": "commercial", "conf_2023": 0.643, "imi_2023": 0.49, "informal_prob_2023": 0.037, "class_2024": "commercial", "conf_2024": 0.629, "imi_2024": 0.493, "informal_prob_2024": 0.037, "class_2025": "commercial", "conf_2025": 0.639, "imi_2025": 0.489, "informal_prob_2025": 0.038, "class_2026": "commercial", "conf_2026": 0.64, "imi_2026": 0.496, "informal_prob_2026": 0.037, "trajectory": "other", "cluster_last": 0, "emerging_score": 0.21279600832551829, "emerging_zone": 0, "building_count": 86.0, "building_density": 0.25440592789775196, "road_density": 100.0, "ndvi": 0.080114226099103694, "ndbi": 0.20198888428509235, "imi": 0.49572808875819357, "informal_probability": 0.036943535401885233, "confidence": 0.64008464617918692, "explanation": "impervious surface: 0.97; built-up intensity: 0.96; road structure: 0.47; building irregularity: 0.39; building density: 0.23" }, "geometry": { "type": "Polygon", "coordinates": [ [ [ 80.27436574898654, 13.090848129066195 ], [ 80.274363102780455, 13.091752321425828 ], [ 80.273440679888736, 13.091749725773191 ], [ 80.273443329457933, 13.090845533598984 ], [ 80.27436574898654, 13.090848129066195 ] ] ] } },
{ "type": "Feature", "properties": { "cell_id": 228, "row": 7, "col": 4, "class_2019": "industrial", "conf_2019": 0.562, "imi_2019": 0.564, "informal_prob_2019": 0.008, "class_2020": "industrial", "conf_2020": 0.676, "imi_2020": 0.579, "informal_prob_2020": 0.004, "class_2021": "industrial", "conf_2021": 0.601, "imi_2021": 0.58, "informal_prob_2021": 0.008, "class_2022": "industrial", "conf_2022": 0.614, "imi_2022": 0.576, "informal_prob_2022": 0.004, "class_2023": "industrial", "conf_2023": 0.634, "imi_2023": 0.573, "informal_prob_2023": 0.004, "class_2024": "industrial", "conf_2024": 0.622, "imi_2024": 0.584, "informal_prob_2024": 0.004, "class_2025": "industrial", "conf_2025": 0.576, "imi_2025": 0.573, "informal_prob_2025": 0.006, "class_2026": "industrial", "conf_2026": 0.589, "imi_2026": 0.574, "informal_prob_2026": 0.004, "trajectory": "other", "cluster_last": 0, "emerging_score": 0.21044628065448054, "emerging_zone": 0, "building_count": 2.0, "building_density": 0.0045375625970093631, "road_density": 100.0, "ndvi": 0.10795680405106395, "ndbi": 0.19327957205474378, "imi": 0.5740573086018419, "informal_probability": 0.003823772755052874, "confidence": 0.58904507671022255, "explanation": "building irregularity: 1.00; built-up intensity: 0.94; impervious surface: 0.89; road structure: 0.47; building density: 0.00" }, "geometry": { "type": "Polygon", "coordinates": [ [ [ 80.260532173530407, 13.089904661303597 ], [ 80.260529477080667, 13.090808850920942 ], [ 80.2596070605655, 13.090806206005707 ], [ 80.259609760378027, 13.089902016577319 ], [ 80.260532173530407, 13.089904661303597 ] ] ] } },
{ "type": "Feature", "properties": { "cell_id": 229, "row": 7, "col": 5, "class_2019": "industrial", "conf_2019": 0.677, "imi_2019": 0.48, "informal_prob_2019": 0.008, "class_2020": "industrial", "conf_2020": 0.687, "imi_2020": 0.484, "informal_prob_2020": 0.006, "class_2021": "industrial", "conf_2021": 0.64, "imi_2021": 0.469, "informal_prob_2021": 0.008, "class_2022": "industrial", "conf_2022": 0.704, "imi_2022": 0.477, "informal_prob_2022": 0.006, "class_2023": "industrial", "conf_2023": 0.642, "imi_2023": 0.474, "informal_prob_2023": 0.008, "class_2024": "industrial", "conf_2024": 0.709, "imi_2024": 0.485, "informal_prob_2024": 0.006, "class_2025": "industrial", "conf_2025": 0.69, "imi_2025": 0.476, "informal_prob_2025": 0.006, "class_2026": "industrial", "conf_2026": 0.665, "imi_2026": 0.464, "informal_prob_2026": 0.006, "trajectory": "other", "cluster_last": 0, "emerging_score": 0.1788650966467393, "emerging_zone": 0, "building_count": 1.0, "building_density": 0.51919786128721757, "road_density": 100.0, "ndvi": 0.12430049194023013, "ndbi": 0.19928729295730591, "imi": 0.46439153065378991, "informal_probability": 0.0064844537569420458, "confidence": 0.66484856333647457, "explanation": "built-up intensity: 0.95; impervious surface: 0.81; building density: 0.48; road structure: 0.47; building irregularity: 0.00" }, "geometry": { "type": "Polygon", "coordinates": [ [ [ 80.261454586885421, 13.089907302733602 ], [ 80.261451893798508, 13.090811492539665 ], [ 80.260529477080667, 13.090808850920942 ], [ 80.260532173530407, 13.089904661303597 ], [ 80.261454586885421, 13.089907302733602 ] ] ] } },
{ "type": "Feature", "properties": { "cell_id": 238, "row": 7, "col": 14, "class_2019": "industrial", "conf_2019": 0.536, "imi_2019": 0.497, "informal_prob_2019": 0.004, "class_2020": "industrial", "conf_2020": 0.632, "imi_2020": 0.501, "informal_prob_2020": 0.004, "class_2021": "industrial", "conf_2021": 0.59, "imi_2021": 0.496, "informal_prob_2021": 0.004, "class_2022": "industrial", "conf_2022": 0.572, "imi_2022": 0.484, "informal_prob_2022": 0.004, "class_2023": "industrial", "conf_2023": 0.589, "imi_2023": 0.491, "informal_prob_2023": 0.003, "class_2024": "industrial", "conf_2024": 0.636, "imi_2024": 0.495, "informal_prob_2024": 0.003, "class_2025": "industrial", "conf_2025": 0.578, "imi_2025": 0.494, "informal_prob_2025": 0.004, "class_2026": "industrial", "conf_2026": 0.662, "imi_2026": 0.502, "informal_prob_2026": 0.004, "trajectory": "other", "cluster_last": 0, "emerging_score": 0.20737755142382591, "emerging_zone": 0, "building_count": 13.0, "building_density": 0.17838696345600272, "road_density": 100.0, "ndvi": 0.096526378005510199, "ndbi": 0.20511681780219079, "imi": 0.50169841813645366, "informal_probability": 0.0041369468572578982, "confidence": 0.66218912876023661, "explanation": "built-up intensity: 0.96; impervious surface: 0.95; road structure: 0.47; building irregularity: 0.25; building density: 0.16" }, "geometry": { "type": "Polygon", "coordinates": [ [ [ 80.269756316158734, 13.089930927270659 ], [ 80.269753653337276, 13.090835118764593 ], [ 80.268831234806825, 13.090832506814627 ], [ 80.268833900991126, 13.089928315507288 ], [ 80.269756316158734, 13.089930927270659 ] ] ] } },
{ "type": "Feature", "properties": { "cell_id": 241, "row": 7, "col": 17, "class_2019": "industrial", "conf_2019": 0.597, "imi_2019": 0.498, "informal_prob_2019": 0.006, "class_2020": "industrial", "conf_2020": 0.586, "imi_2020": 0.503, "informal_prob_2020": 0.006, "class_2021": "industrial", "conf_2021": 0.519, "imi_2021": 0.496, "informal_prob_2021": 0.006, "class_2022": "industrial", "conf_2022": 0.533, "imi_2022": 0.493, "informal_prob_2022": 0.006, "class_2023": "industrial", "conf_2023": 0.532, "imi_2023": 0.502, "informal_prob_2023": 0.006, "class_2024": "industrial", "conf_2024": 0.596, "imi_2024": 0.504, "informal_prob_2024": 0.006, "class_2025": "industrial", "conf_2025": 0.506, "imi_2025": 0.491, "informal_prob_2025": 0.006, "class_2026": "industrial", "conf_2026": 0.526, "imi_2026": 0.495, "informal_prob_2026": 0.003, "trajectory": "other", "cluster_last": 0, "emerging_score": 0.20125930778467149, "emerging_zone": 0, "building_count": 12.0, "building_density": 0.15698404434564106, "road_density": 100.0, "ndvi": 0.095168521383311597, "ndbi": 0.21798719473183156, "imi": 0.4947512706014206, "informal_probability": 0.0033485371537538551, "confidence": 0.52633883810047311, "explanation": "built-up intensity: 0.98; impervious surface: 0.86; road structure: 0.47; building irregularity: 0.32; building density: 0.14" }, "geometry": { "type": "Polygon", "coordinates": [ [ [ 80.272523562861352, 13.089938742782895 ], [ 80.272520910128435, 13.090842934835216 ], [ 80.271598490998329, 13.090840332774894 ], [ 80.271601147094103, 13.089936140908465 ], [ 80.272523562861352, 13.089938742782895 ] ] ] } },
{ "type": "Feature", "properties": { "cell_id": 261, "row": 8, "col": 5, "class_2019": "commercial", "conf_2019": 0.786, "imi_2019": 0.472, "informal_prob_2019": 0.002, "class_2020": "commercial", "conf_2020": 0.879, "imi_2020": 0.478, "informal_prob_2020": 0.0, "class_2021": "commercial", "conf_2021": 0.72, "imi_2021": 0.474, "informal_prob_2021": 0.0, "class_2022": "commercial", "conf_2022": 0.884, "imi_2022": 0.484, "informal_prob_2022": 0.0, "class_2023": "commercial", "conf_2023": 0.818, "imi_2023": 0.47, "informal_prob_2023": 0.0, "class_2024": "commercial", "conf_2024": 0.883, "imi_2024": 0.478, "informal_prob_2024": 0.0, "class_2025": "commercial", "conf_2025": 0.878, "imi_2025": 0.482, "informal_prob_2025": 0.0, "class_2026": "high_rise", "conf_2026": 0.697, "imi_2026": 0.473, "informal_prob_2026": 0.001, "trajectory": "other", "cluster_last": 0, "emerging_score": 0.2055047014509398, "emerging_zone": 0, "building_count": 3.0, "building_density": 0.24022531644063738, "road_density": 100.0, "ndvi": 0.12506006917188642, "ndbi": 0.20482473033480347, "imi": 0.47331305664510687, "informal_probability": 0.0013090128755364808, "confidence": 0.69735712485139079, "explanation": "built-up intensity: 0.96; impervious surface: 0.82; road structure: 0.47; building irregularity: 0.27; building density: 0.22" }, "geometry": { "type": "Polygon", "coordinates": [ [ [ 80.261457279769928, 13.089003112863757 ], [ 80.261454586885421, 13.089907302733602 ], [ 80.260532173530407, 13.089904661303597 ], [ 80.260534869777473, 13.089000471622473 ], [ 80.261457279769928, 13.089003112863757 ] ] ] } },
{ "type": "Feature", "properties": { "cell_id": 262, "row": 8, "col": 6, "class_2019": "commercial", "conf_2019": 0.803, "imi_2019": 0.466, "informal_prob_2019": 0.001, "class_2020": "commercial", "conf_2020": 0.8, "imi_2020": 0.471, "informal_prob_2020": 0.001, "class_2021": "commercial", "conf_2021": 0.863, "imi_2021": 0.451, "informal_prob_2021": 0.002, "class_2022": "commercial", "conf_2022": 0.809, "imi_2022": 0.461, "informal_prob_2022": 0.001, "class_2023": "commercial", "conf_2023": 0.703, "imi_2023": 0.457, "informal_prob_2023": 0.001, "class_2024": "commercial", "conf_2024": 0.817, "imi_2024": 0.458, "informal_prob_2024": 0.001, "class_2025": "commercial", "conf_2025": 0.822, "imi_2025": 0.458, "informal_prob_2025": 0.001, "class_2026": "commercial", "conf_2026": 0.632, "imi_2026": 0.441, "informal_prob_2026": 0.004, "trajectory": "other", "cluster_last": 0, "emerging_score": 0.1781035834288045, "emerging_zone": 0, "building_count": 5.0, "building_density": 0.41692493673497849, "road_density": 134.87984790936355, "ndvi": 0.12782159218797459, "ndbi": 0.19568885784596204, "imi": 0.44110533601168, "informal_probability": 0.0043455091930137404, "confidence": 0.63159344180946098, "explanation": "built-up intensity: 0.95; impervious surface: 0.73; building density: 0.38; building irregularity: 0.23; road structure: 0.21" }, "geometry": { "type": "Polygon", "coordinates": [ [ [ 80.262379689964803, 13.089005750808999 ], [ 80.262377000442854, 13.089909940867326 ], [ 80.261454586885421, 13.089907302733602 ], [ 80.261457279769928, 13.089003112863757 ], [ 80.262379689964803, 13.089005750808999 ] ] ] } },
{ "type": "Feature", "properties": { "cell_id": 271, "row": 8, "col": 15, "class_2019": "commercial", "conf_2019": 0.507, "imi_2019": 0.535, "informal_prob_2019": 0.0, "class_2020": "industrial", "conf_2020": 0.499, "imi_2020": 0.55, "informal_prob_2020": 0.0, "class_2021": "industrial", "conf_2021": 0.471, "imi_2021": 0.538, "informal_prob_2021": 0.0, "class_2022": "industrial", "conf_2022": 0.499, "imi_2022": 0.538, "informal_prob_2022": 0.0, "class_2023": "commercial", "conf_2023": 0.617, "imi_2023": 0.545, "informal_prob_2023": 0.0, "class_2024": "industrial", "conf_2024": 0.49, "imi_2024": 0.54, "informal_prob_2024": 0.0, "class_2025": "industrial", "conf_2025": 0.486, "imi_2025": 0.546, "informal_prob_2025": 0.0, "class_2026": "industrial", "conf_2026": 0.442, "imi_2026": 0.542, "informal_prob_2026": 0.0, "trajectory": "other", "cluster_last": 0, "emerging_score": 0.21610975192205933, "emerging_zone": 0, "building_count": 4.0, "building_density": 0.2706597689903486, "road_density": 100.0, "ndvi": 0.097498370441608126, "ndbi": 0.21568940859287977, "imi": 0.54222852232312413, "informal_probability": 0.0, "confidence": 0.44170980072345001, "explanation": "built-up intensity: 0.98; impervious surface: 0.91; road structure: 0.47; building irregularity: 0.41; building density: 0.25" }, "geometry": { "type": "Polygon", "coordinates": [ [ [ 80.270681390785228, 13.089029343993646 ], [ 80.270678731526488, 13.089933535737716 ], [ 80.269756316158734, 13.089930927270659 ], [ 80.269758978780075, 13.089026735712952 ], [ 80.270681390785228, 13.089029343993646 ] ] ] } },
{ "type": "Feature", "properties": { "cell_id": 291, "row": 9, "col": 3, "class_2019": "commercial", "conf_2019": 0.51, "imi_2019": 0.548, "informal_prob_2019": 0.0, "class_2020": "commercial", "conf_2020": 0.607, "imi_2020": 0.559, "informal_prob_2020": 0.0, "class_2021": "commercial", "conf_2021": 0.62, "imi_2021": 0.548, "informal_prob_2021": 0.0, "class_2022": "commercial", "conf_2022": 0.391, "imi_2022": 0.547, "informal_prob_2022": 0.008, "class_2023": "commercial", "conf_2023": 0.618, "imi_2023": 0.554, "informal_prob_2023": 0.0, "class_2024": "commercial", "conf_2024": 0.622, "imi_2024": 0.548, "informal_prob_2024": 0.0, "class_2025": "commercial", "conf_2025": 0.527, "imi_2025": 0.554, "informal_prob_2025": 0.0, "class_2026": "commercial", "conf_2026": 0.587, "imi_2026": 0.553, "informal_prob_2026": 0.0, "trajectory": "other", "cluster_last": 0, "emerging_score": 0.20173366200990692, "emerging_zone": 0, "building_count": 3.0, "building_density": 0.17526540429835899, "road_density": 100.0, "ndvi": 0.10945356743875891, "ndbi": 0.17489088045433163, "imi": 0.55307663665840889, "informal_probability": 0.0, "confidence": 0.58680173453883788, "explanation": "built-up intensity: 0.91; impervious surface: 0.88; building irregularity: 0.70; road structure: 0.47; building density: 0.16" }, "geometry": { "type": "Polygon", "coordinates": [ [ [ 80.259615159394357, 13.088093637529195 ], [ 80.25961245998765, 13.088997827085148 ], [ 80.258690050400759, 13.088995179251782 ], [ 80.258692753169754, 13.08809098988502 ], [ 80.259615159394357, 13.088093637529195 ] ] ] } },
{ "type": "Feature", "properties": { "cell_id": 293, "row": 9, "col": 5, "class_2019": "high_rise", "conf_2019": 0.567, "imi_2019": 0.458, "informal_prob_2019": 0.0, "class_2020": "commercial", "conf_2020": 0.796, "imi_2020": 0.475, "informal_prob_2020": 0.0, "class_2021": "commercial", "conf_2021": 0.544, "imi_2021": 0.456, "informal_prob_2021": 0.0, "class_2022": "commercial", "conf_2022": 0.77, "imi_2022": 0.468, "informal_prob_2022": 0.0, "class_2023": "commercial", "conf_2023": 0.531, "imi_2023": 0.459, "informal_prob_2023": 0.001, "class_2024": "commercial", "conf_2024": 0.637, "imi_2024": 0.454, "informal_prob_2024": 0.002, "class_2025": "commercial", "conf_2025": 0.805, "imi_2025": 0.474, "informal_prob_2025": 0.0, "class_2026": "commercial", "conf_2026": 0.666, "imi_2026": 0.465, "informal_prob_2026": 0.0, "trajectory": "other", "cluster_last": 0, "emerging_score": 0.20467705268198483, "emerging_zone": 0, "building_count": 3.0, "building_density": 0.25321598255857869, "road_density": 100.0, "ndvi": 0.1055750330837327, "ndbi": 0.18781222734134645, "imi": 0.46465751523309878, "informal_probability": 0.0, "confidence": 0.66621096557842663, "explanation": "built-up intensity: 0.93; impervious surface: 0.91; road structure: 0.47; building density: 0.23; building irregularity: 0.16" }, "geometry": { "type": "Polygon", "coordinates": [ [ [ 80.26145997245203, 13.08809892293014 ], [ 80.261457279769928, 13.089003112863757 ], [ 80.260534869777473, 13.089000471622473 ], [ 80.260537565821863, 13.088096281877569 ], [ 80.26145997245203, 13.08809892293014 ] ] ] } },
{ "type": "Feature", "properties": { "cell_id": 321, "row": 10, "col": 1, "class_2019": "commercial", "conf_2019": 0.614, "imi_2019": 0.568, "informal_prob_2019": 0.0, "class_2020": "commercial", "conf_2020": 0.724, "imi_2020": 0.555, "informal_prob_2020": 0.007, "class_2021": "commercial", "conf_2021": 0.703, "imi_2021": 0.564, "informal_prob_2021": 0.0, "class_2022": "commercial", "conf_2022": 0.739, "imi_2022": 0.551, "informal_prob_2022": 0.0, "class_2023": "commercial", "conf_2023": 0.696, "imi_2023": 0.564, "informal_prob_2023": 0.0, "class_2024": "commercial", "conf_2024": 0.777, "imi_2024": 0.547, "informal_prob_2024": 0.0, "class_2025": "commercial", "conf_2025": 0.555, "imi_2025": 0.557, "informal_prob_2025": 0.0, "class_2026": "commercial", "conf_2026": 0.48, "imi_2026": 0.55, "informal_prob_2026": 0.008, "trajectory": "other", "cluster_last": 0, "emerging_score": 0.18733437319439167, "emerging_zone": 0, "building_count": 4.0, "building_density": 0.20866122593276817, "road_density": 100.0, "ndvi": 0.11305528766009956, "ndbi": 0.21888232719153167, "imi": 0.55037293708016954, "informal_probability": 0.0075, "confidence": 0.48042118389570343, "explanation": "built-up intensity: 0.98; impervious surface: 0.80; building irregularity: 0.57; road structure: 0.47; building density: 0.19" }, "geometry": { "type": "Polygon", "coordinates": [ [ [ 80.257773053076193, 13.087184149703923 ], [ 80.257770347148309, 13.088088338945045 ], [ 80.256847941330292, 13.088085684709277 ], [ 80.256850650620208, 13.087181495657809 ], [ 80.257773053076193, 13.087184149703923 ] ] ] } },
{ "type": "Feature", "properties": { "cell_id": 322, "row": 10, "col": 2, "class_2019": "commercial", "conf_2019": 0.596, "imi_2019": 0.569, "informal_prob_2019": 0.0, "class_2020": "commercial", "conf_2020": 0.636, "imi_2020": 0.557, "informal_prob_2020": 0.0, "class_2021": "commercial", "conf_2021": 0.736, "imi_2021": 0.553, "informal_prob_2021": 0.0, "class_2022": "commercial", "conf_2022": 0.537, "imi_2022": 0.558, "informal_prob_2022": 0.0, "class_2023": "commercial", "conf_2023": 0.791, "imi_2023": 0.564, "informal_prob_2023": 0.0, "class_2024": "commercial", "conf_2024": 0.598, "imi_2024": 0.553, "informal_prob_2024": 0.0, "class_2025": "commercial", "conf_2025": 0.565, "imi_2025": 0.559, "informal_prob_2025": 0.0, "class_2026": "commercial", "conf_2026": 0.577, "imi_2026": 0.558, "informal_prob_2026": 0.0, "trajectory": "other", "cluster_last": 0, "emerging_score": 0.19040194653431317, "emerging_zone": 0, "building_count": 6.0, "building_density": 0.37933830054937195, "road_density": 100.0, "ndvi": 0.11243267889309209, "ndbi": 0.20589685728773474, "imi": 0.55835358253896228, "informal_probability": 0.0, "confidence": 0.5766210143310202, "explanation": "built-up intensity: 0.96; impervious surface: 0.85; building irregularity: 0.49; road structure: 0.47; building density: 0.35" }, "geometry": { "type": "Polygon", "coordinates": [ [ [ 80.258695455735605, 13.087186800454475 ], [ 80.258692753169754, 13.08809098988502 ], [ 80.257770347148309, 13.088088338945045 ], [ 80.257773053076193, 13.087184149703923 ], [ 80.258695455735605, 13.087186800454475 ] ] ] } },
{ "type": "Feature", "properties": { "cell_id": 323, "row": 10, "col": 3, "class_2019": "commercial", "conf_2019": 0.899, "imi_2019": 0.492, "informal_prob_2019": 0.0, "class_2020": "commercial", "conf_2020": 0.896, "imi_2020": 0.497, "informal_prob_2020": 0.0, "class_2021": "commercial", "conf_2021": 0.868, "imi_2021": 0.487, "informal_prob_2021": 0.051, "class_2022": "commercial", "conf_2022": 0.544, "imi_2022": 0.497, "informal_prob_2022": 0.0, "class_2023": "commercial", "conf_2023": 0.573, "imi_2023": 0.491, "informal_prob_2023": 0.001, "class_2024": "commercial", "conf_2024": 0.59, "imi_2024": 0.478, "informal_prob_2024": 0.003, "class_2025": "commercial", "conf_2025": 0.591, "imi_2025": 0.489, "informal_prob_2025": 0.0, "class_2026": "commercial", "conf_2026": 0.625, "imi_2026": 0.501, "informal_prob_2026": 0.001, "trajectory": "other", "cluster_last": 0, "emerging_score": 0.21561156309871474, "emerging_zone": 0, "building_count": 4.0, "building_density": 0.28845835030421169, "road_density": 100.0, "ndvi": 0.085213929376041053, "ndbi": 0.20568777844309807, "imi": 0.50078285292361135, "informal_probability": 0.0012598425196850393, "confidence": 0.62514439267658672, "explanation": "built-up intensity: 0.96; impervious surface: 0.92; road structure: 0.47; building irregularity: 0.29; building density: 0.27" }, "geometry": { "type": "Polygon", "coordinates": [ [ [ 80.259617858598162, 13.087189447909466 ], [ 80.259615159394357, 13.088093637529195 ], [ 80.258692753169754, 13.08809098988502 ], [ 80.258695455735605, 13.087186800454475 ], [ 80.259617858598162, 13.087189447909466 ] ] ] } },
{ "type": "Feature", "properties": { "cell_id": 325, "row": 10, "col": 5, "class_2019": "high_rise", "conf_2019": 0.641, "imi_2019": 0.503, "informal_prob_2019": 0.0, "class_2020": "high_rise", "conf_2020": 0.694, "imi_2020": 0.512, "informal_prob_2020": 0.0, "class_2021": "high_rise", "conf_2021": 0.911, "imi_2021": 0.502, "informal_prob_2021": 0.0, "class_2022": "high_rise", "conf_2022": 0.84, "imi_2022": 0.496, "informal_prob_2022": 0.002, "class_2023": "high_rise", "conf_2023": 0.585, "imi_2023": 0.507, "informal_prob_2023": 0.0, "class_2024": "commercial", "conf_2024": 0.72, "imi_2024": 0.498, "informal_prob_2024": 0.0, "class_2025": "commercial", "conf_2025": 0.709, "imi_2025": 0.51, "informal_prob_2025": 0.0, "class_2026": "commercial", "conf_2026": 0.564, "imi_2026": 0.497, "informal_prob_2026": 0.002, "trajectory": "other", "cluster_last": 0, "emerging_score": 0.19621698046259739, "emerging_zone": 0, "building_count": 3.0, "building_density": 0.34384939816974586, "road_density": 100.0, "ndvi": 0.12192783982492983, "ndbi": 0.19028333015739918, "imi": 0.49712504864881196, "informal_probability": 0.0018181818181818182, "confidence": 0.56434859847896912, "explanation": "built-up intensity: 0.94; impervious surface: 0.79; road structure: 0.47; building irregularity: 0.32; building density: 0.32" }, "geometry": { "type": "Polygon", "coordinates": [ [ [ 80.261462664931742, 13.087194732932742 ], [ 80.26145997245203, 13.08809892293014 ], [ 80.260537565821863, 13.088096281877569 ], [ 80.260540261663621, 13.087192092068889 ], [ 80.261462664931742, 13.087194732932742 ] ] ] } },
{ "type": "Feature", "properties": { "cell_id": 334, "row": 10, "col": 14, "class_2019": "commercial", "conf_2019": 0.538, "imi_2019": 0.532, "informal_prob_2019": 0.0, "class_2020": "commercial", "conf_2020": 0.71, "imi_2020": 0.531, "informal_prob_2020": 0.0, "class_2021": "commercial", "conf_2021": 0.682, "imi_2021": 0.518, "informal_prob_2021": 0.0, "class_2022": "commercial", "conf_2022": 0.479, "imi_2022": 0.521, "informal_prob_2022": 0.002, "class_2023": "commercial", "conf_2023": 0.721, "imi_2023": 0.528, "informal_prob_2023": 0.0, "class_2024": "commercial", "conf_2024": 0.587, "imi_2024": 0.515, "informal_prob_2024": 0.0, "class_2025": "high_rise", "conf_2025": 0.473, "imi_2025": 0.518, "informal_prob_2025": 0.0, "class_2026": "high_rise", "conf_2026": 0.445, "imi_2026": 0.509, "informal_prob_2026": 0.017, "trajectory": "other", "cluster_last": 0, "emerging_score": 0.17313373472451876, "emerging_zone": 0, "building_count": 5.0, "building_density": 0.32663324762049351, "road_density": 100.0, "ndvi": 0.12455781708587893, "ndbi": 0.20083650382235646, "imi": 0.50901623878980706, "informal_probability": 0.017046532799250898, "confidence": 0.44490510259684107, "explanation": "built-up intensity: 0.95; impervious surface: 0.76; road structure: 0.47; building irregularity: 0.42; building density: 0.30" }, "geometry": { "type": "Polygon", "coordinates": [ [ [ 80.269764303422349, 13.087218352406248 ], [ 80.269761641201271, 13.088122544091481 ], [ 80.26883923275858, 13.088119932701307 ], [ 80.268841898341748, 13.087215741202668 ], [ 80.269764303422349, 13.087218352406248 ] ] ] } },
{ "type": "Feature", "properties": { "cell_id": 335, "row": 10, "col": 15, "class_2019": "high_rise", "conf_2019": 0.547, "imi_2019": 0.502, "informal_prob_2019": 0.0, "class_2020": "high_rise", "conf_2020": 0.395, "imi_2020": 0.509, "informal_prob_2020": 0.002, "class_2021": "high_rise", "conf_2021": 0.507, "imi_2021": 0.517, "informal_prob_2021": 0.0, "class_2022": "high_rise", "conf_2022": 0.573, "imi_2022": 0.507, "informal_prob_2022": 0.0, "class_2023": "high_rise", "conf_2023": 0.584, "imi_2023": 0.504, "informal_prob_2023": 0.0, "class_2024": "high_rise", "conf_2024": 0.613, "imi_2024": 0.505, "informal_prob_2024": 0.0, "class_2025": "high_rise", "conf_2025": 0.432, "imi_2025": 0.516, "informal_prob_2025": 0.0, "class_2026": "high_rise", "conf_2026": 0.588, "imi_2026": 0.496, "informal_prob_2026": 0.0, "trajectory": "other", "cluster_last": 0, "emerging_score": 0.19905213643426967, "emerging_zone": 0, "building_count": 4.0, "building_density": 0.44418786032596691, "road_density": 100.0, "ndvi": 0.11639418093604036, "ndbi": 0.21964879721403122, "imi": 0.4962801931287984, "informal_probability": 0.0, "confidence": 0.58751021250486568, "explanation": "built-up intensity: 0.98; impervious surface: 0.76; road structure: 0.47; building density: 0.41; building irregularity: 0.15" }, "geometry": { "type": "Polygon", "coordinates": [ [ [ 80.270686708703067, 13.087220960314225 ], [ 80.270684049844078, 13.088125152185818 ], [ 80.269761641201271, 13.088122544091481 ], [ 80.269764303422349, 13.087218352406248 ], [ 80.270686708703067, 13.087220960314225 ] ] ] } },
{ "type": "Feature", "properties": { "cell_id": 337, "row": 10, "col": 17, "class_2019": "high_rise", "conf_2019": 0.453, "imi_2019": 0.475, "informal_prob_2019": 0.0, "class_2020": "high_rise", "conf_2020": 0.492, "imi_2020": 0.494, "informal_prob_2020": 0.0, "class_2021": "high_rise", "conf_2021": 0.427, "imi_2021": 0.483, "informal_prob_2021": 0.0, "class_2022": "commercial", "conf_2022": 0.533, "imi_2022": 0.474, "informal_prob_2022": 0.0, "class_2023": "high_rise", "conf_2023": 0.387, "imi_2023": 0.477, "informal_prob_2023": 0.0, "class_2024": "high_rise", "conf_2024": 0.514, "imi_2024": 0.485, "informal_prob_2024": 0.001, "class_2025": "high_rise", "conf_2025": 0.55, "imi_2025": 0.482, "informal_prob_2025": 0.0, "class_2026": "high_rise", "conf_2026": 0.545, "imi_2026": 0.484, "informal_prob_2026": 0.002, "trajectory": "other", "cluster_last": 0, "emerging_score": 0.21757039566434583, "emerging_zone": 0, "building_count": 2.0, "building_density": 0.1629595571279471, "road_density": 100.0, "ndvi": 0.10602011968381703, "ndbi": 0.21893636116757989, "imi": 0.48418000107714532, "informal_probability": 0.0016472303206997085, "confidence": 0.54466433612911969, "explanation": "built-up intensity: 0.98; impervious surface: 0.86; road structure: 0.47; building irregularity: 0.35; building density: 0.15" }, "geometry": { "type": "Polygon", "coordinates": [ [ [ 80.272531519863875, 13.087226166243349 ], [ 80.272528867729079, 13.088130358486957 ], [ 80.271606458686762, 13.088127756984308 ], [ 80.271609114183661, 13.087223564926592 ], [ 80.272531519863875, 13.087226166243349 ] ] ] } },
{ "type": "Feature", "properties": { "cell_id": 338, "row": 10, "col": 18, "class_2019": "high_rise", "conf_2019": 0.542, "imi_2019": 0.512, "informal_prob_2019": 0.0, "class_2020": "high_rise", "conf_2020": 0.481, "imi_2020": 0.506, "informal_prob_2020": 0.0, "class_2021": "high_rise", "conf_2021": 0.462, "imi_2021": 0.509, "informal_prob_2021": 0.0, "class_2022": "high_rise", "conf_2022": 0.424, "imi_2022": 0.501, "informal_prob_2022": 0.0, "class_2023": "high_rise", "conf_2023": 0.427, "imi_2023": 0.501, "informal_prob_2023": 0.0, "class_2024": "high_rise", "conf_2024": 0.467, "imi_2024": 0.515, "informal_prob_2024": 0.0, "class_2025": "high_rise", "conf_2025": 0.528, "imi_2025": 0.496, "informal_prob_2025": 0.0, "class_2026": "high_rise", "conf_2026": 0.517, "imi_2026": 0.51, "informal_prob_2026": 0.0, "trajectory": "other", "cluster_last": 0, "emerging_score": 0.1951193777071196, "emerging_zone": 0, "building_count": 3.0, "building_density": 0.25074091314606084, "road_density": 100.0, "ndvi": 0.10709200988756493, "ndbi": 0.20114322494715453, "imi": 0.51014454900269013, "informal_probability": 0.0, "confidence": 0.51688747562349158, "explanation": "built-up intensity: 0.95; impervious surface: 0.88; road structure: 0.47; building irregularity: 0.39; building density: 0.23" }, "geometry": { "type": "Polygon", "coordinates": [ [ [ 80.273453925743468, 13.087228764264498 ], [ 80.273451276970761, 13.088132956693757 ], [ 80.272528867729079, 13.088130358486957 ], [ 80.272531519863875, 13.087226166243349 ], [ 80.273453925743468, 13.087228764264498 ] ] ] } },
{ "type": "Feature", "properties": { "cell_id": 339, "row": 10, "col": 19, "class_2019": "commercial", "conf_2019": 0.522, "imi_2019": 0.505, "informal_prob_2019": 0.0, "class_2020": "commercial", "conf_2020": 0.672, "imi_2020": 0.513, "informal_prob_2020": 0.0, "class_2021": "high_rise", "conf_2021": 0.679, "imi_2021": 0.496, "informal_prob_2021": 0.011, "class_2022": "high_rise", "conf_2022": 0.627, "imi_2022": 0.505, "informal_prob_2022": 0.004, "class_2023": "high_rise", "conf_2023": 0.687, "imi_2023": 0.516, "informal_prob_2023": 0.0, "class_2024": "high_rise", "conf_2024": 0.592, "imi_2024": 0.508, "informal_prob_2024": 0.002, "class_2025": "high_rise", "conf_2025": 0.568, "imi_2025": 0.512, "informal_prob_2025": 0.004, "class_2026": "commercial", "conf_2026": 0.529, "imi_2026": 0.521, "informal_prob_2026": 0.0, "trajectory": "other", "cluster_last": 0, "emerging_score": 0.21908246317404997, "emerging_zone": 0, "building_count": 3.0, "building_density": 0.25302037916905834, "road_density": 100.0, "ndvi": 0.1008301371044945, "ndbi": 0.20159918054938317, "imi": 0.52094489906679509, "informal_probability": 0.0, "confidence": 0.52872617397588595, "explanation": "built-up intensity: 0.96; impervious surface: 0.93; building irregularity: 0.53; road structure: 0.47; building density: 0.23" }, "geometry": { "type": "Polygon", "coordinates": [ [ [ 80.274376331822154, 13.087231358990026 ], [ 80.27437368641155, 13.088135551604706 ], [ 80.273451276970761, 13.088132956693757 ], [ 80.273453925743468, 13.087228764264498 ], [ 80.274376331822154, 13.087231358990026 ] ] ] } },
{ "type": "Feature", "properties": { "cell_id": 354, "row": 11, "col": 2, "class_2019": "commercial", "conf_2019": 0.403, "imi_2019": 0.489, "informal_prob_2019": 0.0, "class_2020": "commercial", "conf_2020": 0.549, "imi_2020": 0.49, "informal_prob_2020": 0.0, "class_2021": "commercial", "conf_2021": 0.617, "imi_2021": 0.496, "informal_prob_2021": 0.0, "class_2022": "commercial", "conf_2022": 0.614, "imi_2022": 0.5, "informal_prob_2022": 0.0, "class_2023": "commercial", "conf_2023": 0.703, "imi_2023": 0.484, "informal_prob_2023": 0.0, "class_2024": "high_rise", "conf_2024": 0.396, "imi_2024": 0.482, "informal_prob_2024": 0.0, "class_2025": "high_rise", "conf_2025": 0.384, "imi_2025": 0.493, "informal_prob_2025": 0.0, "class_2026": "commercial", "conf_2026": 0.57, "imi_2026": 0.496, "informal_prob_2026": 0.0, "trajectory": "other", "cluster_last": 0, "emerging_score": 0.20173757102040499, "emerging_zone": 0, "building_count": 3.0, "building_density": 0.27033157583420442, "road_density": 100.0, "ndvi": 0.09139832000248134, "ndbi": 0.18089935090392828, "imi": 0.49640202444596299, "informal_probability": 0.0, "confidence": 0.56968886303152166, "explanation": "impervious surface: 0.95; built-up intensity: 0.92; road structure: 0.47; building density: 0.25; building irregularity: 0.21" }, "geometry": { "type": "Polygon", "coordinates": [ [ [ 80.258698158098284, 13.086282610960161 ], [ 80.258695455735605, 13.087186800454475 ], [ 80.257773053076193, 13.087184149703923 ], [ 80.257775758800676, 13.086279960399027 ], [ 80.258698158098284, 13.086282610960161 ] ] ] } },
{ "type": "Feature", "properties": { "cell_id": 365, "row": 11, "col": 13, "class_2019": "high_rise", "conf_2019": 0.839, "imi_2019": 0.439, "informal_prob_2019": 0.003, "class_2020": "high_rise", "conf_2020": 0.814, "imi_2020": 0.444, "informal_prob_2020": 0.002, "class_2021": "high_rise", "conf_2021": 0.565, "imi_2021": 0.445, "informal_prob_2021": 0.0, "class_2022": "high_rise", "conf_2022": 0.865, "imi_2022": 0.438, "informal_prob_2022": 0.011, "class_2023": "high_rise", "conf_2023": 0.529, "imi_2023": 0.447, "informal_prob_2023": 0.0, "class_2024": "high_rise", "conf_2024": 0.796, "imi_2024": 0.437, "informal_prob_2024": 0.001, "class_2025": "high_rise", "conf_2025": 0.875, "imi_2025": 0.445, "informal_prob_2025": 0.003, "class_2026": "high_rise", "conf_2026": 0.594, "imi_2026": 0.451, "informal_prob_2026": 0.0, "trajectory": "other", "cluster_last": 0, "emerging_score": 0.20880705170195429, "emerging_zone": 0, "building_count": 3.0, "building_density": 0.25136143648658232, "road_density": 100.0, "ndvi": 0.11089860970154404, "ndbi": 0.19133676208555697, "imi": 0.45063734863076166, "informal_probability": 0.0, "confidence": 0.59376154945495552, "explanation": "built-up intensity: 0.94; impervious surface: 0.93; road structure: 0.47; building density: 0.23; building irregularity: 0.19" }, "geometry": { "type": "Polygon", "coordinates": [ [ [ 80.268844563724514, 13.086311549640273 ], [ 80.268841898341748, 13.087215741202668 ], [ 80.26791949346152, 13.087213126703494 ], [ 80.267922162206119, 13.086308935327926 ], [ 80.268844563724514, 13.086311549640273 ] ] ] } },
{ "type": "Feature", "properties": { "cell_id": 372, "row": 11, "col": 20, "class_2019": "high_rise", "conf_2019": 0.767, "imi_2019": 0.43, "informal_prob_2019": 0.004, "class_2020": "high_rise", "conf_2020": 0.744, "imi_2020": 0.426, "informal_prob_2020": 0.006, "class_2021": "high_rise", "conf_2021": 0.809, "imi_2021": 0.428, "informal_prob_2021": 0.003, "class_2022": "high_rise", "conf_2022": 0.731, "imi_2022": 0.44, "informal_prob_2022": 0.002, "class_2023": "high_rise", "conf_2023": 0.885, "imi_2023": 0.443, "informal_prob_2023": 0.001, "class_2024": "high_rise", "conf_2024": 0.92, "imi_2024": 0.422, "informal_prob_2024": 0.0, "class_2025": "high_rise", "conf_2025": 0.891, "imi_2025": 0.436, "informal_prob_2025": 0.002, "class_2026": "high_rise", "conf_2026": 0.688, "imi_2026": 0.445, "informal_prob_2026": 0.004, "trajectory": "other", "cluster_last": 0, "emerging_score": 0.21171869014193051, "emerging_zone": 0, "building_count": 2.0, "building_density": 0.21535830715794854, "road_density": 108.16649402917493, "ndvi": 0.10048616821062752, "ndbi": 0.17555921372026206, "imi": 0.44493389846225978, "informal_probability": 0.0043144213668699187, "confidence": 0.68809241473288951, "explanation": "impervious surface: 0.97; built-up intensity: 0.91; building irregularity: 0.41; road structure: 0.29; building density: 0.20" }, "geometry": { "type": "Polygon", "coordinates": [ [ [ 80.275301379949596, 13.08632975755633 ], [ 80.275298738099707, 13.08723395041994 ], [ 80.274376331822154, 13.087231358990026 ], [ 80.274378977033891, 13.086327166311598 ], [ 80.275301379949596, 13.08632975755633 ] ] ] } },
{ "type": "Feature", "properties": { "cell_id": 397, "row": 12, "col": 13, "class_2019": "high_rise", "conf_2019": 0.609, "imi_2019": 0.493, "informal_prob_2019": 0.002, "class_2020": "high_rise", "conf_2020": 0.695, "imi_2020": 0.493, "informal_prob_2020": 0.0, "class_2021": "high_rise", "conf_2021": 0.813, "imi_2021": 0.486, "informal_prob_2021": 0.002, "class_2022": "high_rise", "conf_2022": 0.633, "imi_2022": 0.489, "informal_prob_2022": 0.0, "class_2023": "high_rise", "conf_2023": 0.748, "imi_2023": 0.498, "informal_prob_2023": 0.0, "class_2024": "high_rise", "conf_2024": 0.915, "imi_2024": 0.475, "informal_prob_2024": 0.002, "class_2025": "high_rise", "conf_2025": 0.605, "imi_2025": 0.49, "informal_prob_2025": 0.002, "class_2026": "high_rise", "conf_2026": 0.726, "imi_2026": 0.482, "informal_prob_2026": 0.002, "trajectory": "other", "cluster_last": 0, "emerging_score": 0.18907209596708535, "emerging_zone": 0, "building_count": 3.0, "building_density": 0.27840946895861651, "road_density": 237.51889515166209, "ndvi": 0.12788887170887392, "ndbi": 0.19198955586180091, "imi": 0.48211954319697814, "informal_probability": 0.001875, "confidence": 0.72580345561948822, "explanation": "built-up intensity: 0.94; impervious surface: 0.80; building irregularity: 0.55; building density: 0.26; road structure: 0.21" }, "geometry": { "type": "Polygon", "coordinates": [ [ [ 80.268847228906921, 13.085407358014125 ], [ 80.268844563724514, 13.086311549640273 ], [ 80.267922162206119, 13.086308935327926 ], [ 80.267924830750118, 13.085404743888606 ], [ 80.268847228906921, 13.085407358014125 ] ] ] } },
{ "type": "Feature", "properties": { "cell_id": 401, "row": 12, "col": 17, "class_2019": "high_rise", "conf_2019": 0.682, "imi_2019": 0.38, "informal_prob_2019": 0.015, "class_2020": "high_rise", "conf_2020": 0.558, "imi_2020": 0.394, "informal_prob_2020": 0.002, "class_2021": "high_rise", "conf_2021": 0.568, "imi_2021": 0.375, "informal_prob_2021": 0.014, "class_2022": "high_rise", "conf_2022": 0.585, "imi_2022": 0.379, "informal_prob_2022": 0.013, "class_2023": "high_rise", "conf_2023": 0.591, "imi_2023": 0.379, "informal_prob_2023": 0.014, "class_2024": "high_rise", "conf_2024": 0.604, "imi_2024": 0.382, "informal_prob_2024": 0.011, "class_2025": "high_rise", "conf_2025": 0.687, "imi_2025": 0.388, "informal_prob_2025": 0.006, "class_2026": "high_rise", "conf_2026": 0.614, "imi_2026": 0.378, "informal_prob_2026": 0.019, "trajectory": "other", "cluster_last": 0, "emerging_score": 0.19080967848363636, "emerging_zone": 0, "building_count": 2.0, "building_density": 0.12109813617270429, "road_density": 200.0, "ndvi": 0.12774288000073283, "ndbi": 0.17993801771663129, "imi": 0.37753777286172252, "informal_probability": 0.01875329868789621, "confidence": 0.6141167106990133, "explanation": "built-up intensity: 0.92; impervious surface: 0.83; road structure: 0.29; building density: 0.11; building irregularity: 0.02" }, "geometry": { "type": "Polygon", "coordinates": [ [ [ 80.27253682353539, 13.085417781564884 ], [ 80.272534171799322, 13.086321973935993 ], [ 80.271611769480941, 13.08631937280512 ], [ 80.271614424578601, 13.085415180619897 ], [ 80.27253682353539, 13.085417781564884 ] ] ] } },
{ "type": "Feature", "properties": { "cell_id": 404, "row": 12, "col": 20, "class_2019": "informal", "conf_2019": 0.996, "imi_2019": 0.356, "informal_prob_2019": 0.996, "class_2020": "informal", "conf_2020": 0.995, "imi_2020": 0.364, "informal_prob_2020": 0.995, "class_2021": "informal", "conf_2021": 0.998, "imi_2021": 0.36, "informal_prob_2021": 0.998, "class_2022": "commercial", "conf_2022": 0.613, "imi_2022": 0.394, "informal_prob_2022": 0.001, "class_2023": "commercial", "conf_2023": 0.549, "imi_2023": 0.378, "informal_prob_2023": 0.029, "class_2024": "commercial", "conf_2024": 0.493, "imi_2024": 0.395, "informal_prob_2024": 0.011, "class_2025": "commercial", "conf_2025": 0.653, "imi_2025": 0.396, "informal_prob_2025": 0.001, "class_2026": "commercial", "conf_2026": 0.573, "imi_2026": 0.384, "informal_prob_2026": 0.004, "trajectory": "lost_informal", "cluster_last": 0, "emerging_score": 0.22150632215227528, "emerging_zone": 0, "building_count": 3.0, "building_density": 0.15551649092672512, "road_density": 280.82950657485679, "ndvi": 0.11907873363699764, "ndbi": 0.19059585414041066, "imi": 0.3835435316196914, "informal_probability": 0.004204695295794726, "confidence": 0.57338262239578608, "explanation": "built-up intensity: 0.94; impervious surface: 0.78; building irregularity: 0.34; building density: 0.14; road structure: 0.07" }, "geometry": { "type": "Polygon", "coordinates": [ [ [ 80.275304021600888, 13.085425564628974 ], [ 80.275301379949596, 13.08632975755633 ], [ 80.274378977033891, 13.086327166311598 ], [ 80.274381622046775, 13.085422973569425 ], [ 80.275304021600888, 13.085425564628974 ] ] ] } },
{ "type": "Feature", "properties": { "cell_id": 421, "row": 13, "col": 5, "class_2019": "commercial", "conf_2019": 0.819, "imi_2019": 0.448, "informal_prob_2019": 0.003, "class_2020": "commercial", "conf_2020": 0.795, "imi_2020": 0.457, "informal_prob_2020": 0.003, "class_2021": "commercial", "conf_2021": 0.805, "imi_2021": 0.439, "informal_prob_2021": 0.003, "class_2022": "commercial", "conf_2022": 0.522, "imi_2022": 0.443, "informal_prob_2022": 0.004, "class_2023": "commercial", "conf_2023": 0.82, "imi_2023": 0.451, "informal_prob_2023": 0.003, "class_2024": "commercial", "conf_2024": 0.794, "imi_2024": 0.445, "informal_prob_2024": 0.003, "class_2025": "commercial", "conf_2025": 0.762, "imi_2025": 0.451, "informal_prob_2025": 0.003, "class_2026": "high_rise", "conf_2026": 0.566, "imi_2026": 0.44, "informal_prob_2026": 0.003, "trajectory": "other", "cluster_last": 0, "emerging_score": 0.19261575986232096, "emerging_zone": 0, "building_count": 3.0, "building_density": 0.22787472882507445, "road_density": 100.0, "ndvi": 0.10535945635288954, "ndbi": 0.20165016770362854, "imi": 0.43959677785487389, "informal_probability": 0.0034380172909622875, "confidence": 0.56641510166923492, "explanation": "built-up intensity: 0.96; impervious surface: 0.82; road structure: 0.47; building irregularity: 0.34; building density: 0.21" }, "geometry": { "type": "Polygon", "coordinates": [ [ [ 80.261470741156444, 13.084482162557959 ], [ 80.261468049283934, 13.085386352746651 ], [ 80.260545652739168, 13.085383712260226 ], [ 80.260548347972971, 13.084479522260244 ], [ 80.261470741156444, 13.084482162557959 ] ] ] } },
{ "type": "Feature", "properties": { "cell_id": 428, "row": 13, "col": 12, "class_2019": "high_rise", "conf_2019": 0.851, "imi_2019": 0.536, "informal_prob_2019": 0.001, "class_2020": "high_rise", "conf_2020": 0.595, "imi_2020": 0.534, "informal_prob_2020": 0.0, "class_2021": "high_rise", "conf_2021": 0.601, "imi_2021": 0.539, "informal_prob_2021": 0.0, "class_2022": "high_rise", "conf_2022": 0.898, "imi_2022": 0.533, "informal_prob_2022": 0.007, "class_2023": "high_rise", "conf_2023": 0.648, "imi_2023": 0.548, "informal_prob_2023": 0.0, "class_2024": "high_rise", "conf_2024": 0.559, "imi_2024": 0.546, "informal_prob_2024": 0.0, "class_2025": "high_rise", "conf_2025": 0.908, "imi_2025": 0.531, "informal_prob_2025": 0.007, "class_2026": "high_rise", "conf_2026": 0.603, "imi_2026": 0.55, "informal_prob_2026": 0.0, "trajectory": "other", "cluster_last": 0, "emerging_score": 0.21419617529013457, "emerging_zone": 0, "building_count": 3.0, "building_density": 0.24567142100078584, "road_density": 100.0, "ndvi": 0.10854486852884293, "ndbi": 0.19340066671371459, "imi": 0.550217658333502, "informal_probability": 0.0, "confidence": 0.6032779310835793, "explanation": "built-up intensity: 0.94; impervious surface: 0.91; building irregularity: 0.70; road structure: 0.47; building density: 0.23" }, "geometry": { "type": "Polygon", "coordinates": [ [ [ 80.267927499093474, 13.084500552385531 ], [ 80.267924830750118, 13.085404743888606 ], [ 80.267002432793916, 13.085402126467965 ], [ 80.26700510449858, 13.084497935151949 ], [ 80.267927499093474, 13.084500552385531 ] ] ] } },
{ "type": "Feature", "properties": { "cell_id": 429, "row": 13, "col": 13, "class_2019": "high_rise", "conf_2019": 0.861, "imi_2019": 0.514, "informal_prob_2019": 0.0, "class_2020": "high_rise", "conf_2020": 0.799, "imi_2020": 0.485, "informal_prob_2020": 0.0, "class_2021": "high_rise", "conf_2021": 0.891, "imi_2021": 0.504, "informal_prob_2021": 0.0, "class_2022": "high_rise", "conf_2022": 0.868, "imi_2022": 0.51, "informal_prob_2022": 0.0, "class_2023": "high_rise", "conf_2023": 0.905, "imi_2023": 0.509, "informal_prob_2023": 0.0, "class_2024": "high_rise", "conf_2024": 0.899, "imi_2024": 0.496, "informal_prob_2024": 0.0, "class_2025": "high_rise", "conf_2025": 0.822, "imi_2025": 0.494, "informal_prob_2025": 0.001, "class_2026": "high_rise", "conf_2026": 0.729, "imi_2026": 0.519, "informal_prob_2026": 0.0, "trajectory": "other", "cluster_last": 0, "emerging_score": 0.19993442964982541, "emerging_zone": 0, "building_count": 4.0, "building_density": 0.42784798137152275, "road_density": 100.0, "ndvi": 0.096756518451729792, "ndbi": 0.17925988398492337, "imi": 0.51870422740719047, "informal_probability": 0.0, "confidence": 0.7288953690055312, "explanation": "impervious surface: 0.97; built-up intensity: 0.92; road structure: 0.47; building density: 0.39; building irregularity: 0.28" }, "geometry": { "type": "Polygon", "coordinates": [ [ [ 80.268849893888969, 13.084503166324223 ], [ 80.268847228906921, 13.085407358014125 ], [ 80.267924830750118, 13.085404743888606 ], [ 80.267927499093474, 13.084500552385531 ], [ 80.268849893888969, 13.084503166324223 ] ] ] } },
{ "type": "Feature", "properties": { "cell_id": 431, "row": 13, "col": 15, "class_2019": "high_rise", "conf_2019": 0.736, "imi_2019": 0.42, "informal_prob_2019": 0.0, "class_2020": "high_rise", "conf_2020": 0.872, "imi_2020": 0.424, "informal_prob_2020": 0.0, "class_2021": "high_rise", "conf_2021": 0.793, "imi_2021": 0.412, "informal_prob_2021": 0.0, "class_2022": "high_rise", "conf_2022": 0.907, "imi_2022": 0.426, "informal_prob_2022": 0.002, "class_2023": "high_rise", "conf_2023": 0.878, "imi_2023": 0.422, "informal_prob_2023": 0.007, "class_2024": "high_rise", "conf_2024": 0.74, "imi_2024": 0.43, "informal_prob_2024": 0.0, "class_2025": "high_rise", "conf_2025": 0.737, "imi_2025": 0.433, "informal_prob_2025": 0.0, "class_2026": "high_rise", "conf_2026": 0.737, "imi_2026": 0.423, "informal_prob_2026": 0.0, "trajectory": "other", "cluster_last": 0, "emerging_score": 0.20354764633110745, "emerging_zone": 0, "building_count": 2.0, "building_density": 0.17378000059584842, "road_density": 100.0, "ndvi": 0.11081538035708945, "ndbi": 0.20306802736595272, "imi": 0.42291525103198413, "informal_probability": 0.0, "confidence": 0.7367840335932202, "explanation": "built-up intensity: 0.96; impervious surface: 0.86; road structure: 0.47; building density: 0.16; building irregularity: 0.05" }, "geometry": { "type": "Polygon", "coordinates": [ [ [ 80.270694684080809, 13.084508384316923 ], [ 80.270692025821432, 13.085412576379774 ], [ 80.269769627264125, 13.085409968844516 ], [ 80.269772288884823, 13.084505776968022 ], [ 80.270694684080809, 13.084508384316923 ] ] ] } },
{ "type": "Feature", "properties": { "cell_id": 461, "row": 14, "col": 13, "class_2019": "high_rise", "conf_2019": 0.934, "imi_2019": 0.494, "informal_prob_2019": 0.0, "class_2020": "high_rise", "conf_2020": 0.877, "imi_2020": 0.492, "informal_prob_2020": 0.006, "class_2021": "high_rise", "conf_2021": 0.84, "imi_2021": 0.486, "informal_prob_2021": 0.0, "class_2022": "high_rise", "conf_2022": 0.869, "imi_2022": 0.493, "informal_prob_2022": 0.0, "class_2023": "high_rise", "conf_2023": 0.568, "imi_2023": 0.498, "informal_prob_2023": 0.0, "class_2024": "high_rise", "conf_2024": 0.928, "imi_2024": 0.48, "informal_prob_2024": 0.003, "class_2025": "high_rise", "conf_2025": 0.925, "imi_2025": 0.479, "informal_prob_2025": 0.0, "class_2026": "high_rise", "conf_2026": 0.618, "imi_2026": 0.497, "informal_prob_2026": 0.0, "trajectory": "other", "cluster_last": 0, "emerging_score": 0.20281414752454727, "emerging_zone": 0, "building_count": 2.0, "building_density": 0.21700179752157819, "road_density": 100.0, "ndvi": 0.11221730358665809, "ndbi": 0.19794478960335254, "imi": 0.49657733041458652, "informal_probability": 0.0, "confidence": 0.61765816615365188, "explanation": "built-up intensity: 0.95; impervious surface: 0.87; road structure: 0.47; building irregularity: 0.38; building density: 0.20" }, "geometry": { "type": "Polygon", "coordinates": [ [ [ 80.268852558670631, 13.083598974570574 ], [ 80.268849893888969, 13.084503166324223 ], [ 80.267927499093474, 13.084500552385531 ], [ 80.267930167236202, 13.083596360818708 ], [ 80.268852558670631, 13.083598974570574 ] ] ] } },
{ "type": "Feature", "properties": { "cell_id": 463, "row": 14, "col": 15, "class_2019": "high_rise", "conf_2019": 0.924, "imi_2019": 0.535, "informal_prob_2019": 0.0, "class_2020": "high_rise", "conf_2020": 0.861, "imi_2020": 0.532, "informal_prob_2020": 0.0, "class_2021": "high_rise", "conf_2021": 0.916, "imi_2021": 0.519, "informal_prob_2021": 0.0, "class_2022": "high_rise", "conf_2022": 0.915, "imi_2022": 0.518, "informal_prob_2022": 0.0, "class_2023": "high_rise", "conf_2023": 0.894, "imi_2023": 0.524, "informal_prob_2023": 0.0, "class_2024": "high_rise", "conf_2024": 0.825, "imi_2024": 0.525, "informal_prob_2024": 0.0, "class_2025": "high_rise", "conf_2025": 0.723, "imi_2025": 0.524, "informal_prob_2025": 0.0, "class_2026": "high_rise", "conf_2026": 0.691, "imi_2026": 0.53, "informal_prob_2026": 0.0, "trajectory": "other", "cluster_last": 0, "emerging_score": 0.1927871242330837, "emerging_zone": 0, "building_count": 4.0, "building_density": 0.40875031124790373, "road_density": 100.0, "ndvi": 0.12028960762429051, "ndbi": 0.19339185236021877, "imi": 0.52955610725756874, "informal_probability": 0.0, "confidence": 0.69087355876676693, "explanation": "built-up intensity: 0.94; impervious surface: 0.87; road structure: 0.47; building density: 0.38; building irregularity: 0.37" }, "geometry": { "type": "Polygon", "coordinates": [ [ [ 80.270697342140338, 13.083604192190331 ], [ 80.270694684080809, 13.084508384316923 ], [ 80.269772288884823, 13.084505776968022 ], [ 80.269774950305433, 13.083601585027782 ], [ 80.270697342140338, 13.083604192190331 ] ] ] } },
{ "type": "Feature", "properties": { "cell_id": 465, "row": 14, "col": 17, "class_2019": "high_rise", "conf_2019": 0.954, "imi_2019": 0.458, "informal_prob_2019": 0.0, "class_2020": "high_rise", "conf_2020": 0.942, "imi_2020": 0.45, "informal_prob_2020": 0.0, "class_2021": "high_rise", "conf_2021": 0.96, "imi_2021": 0.456, "informal_prob_2021": 0.0, "class_2022": "high_rise", "conf_2022": 0.893, "imi_2022": 0.468, "informal_prob_2022": 0.001, "class_2023": "high_rise", "conf_2023": 0.88, "imi_2023": 0.471, "informal_prob_2023": 0.001, "class_2024": "high_rise", "conf_2024": 0.711, "imi_2024": 0.467, "informal_prob_2024": 0.0, "class_2025": "high_rise", "conf_2025": 0.805, "imi_2025": 0.467, "informal_prob_2025": 0.0, "class_2026": "high_rise", "conf_2026": 0.693, "imi_2026": 0.463, "informal_prob_2026": 0.001, "trajectory": "other", "cluster_last": 0, "emerging_score": 0.20346128386543064, "emerging_zone": 0, "building_count": 3.0, "building_density": 0.30794207341178714, "road_density": 100.0, "ndvi": 0.11071477255953596, "ndbi": 0.19790936155244709, "imi": 0.46310190808294827, "informal_probability": 0.00060472545990731641, "confidence": 0.69341981571909317, "explanation": "built-up intensity: 0.95; impervious surface: 0.86; road structure: 0.47; building density: 0.28; building irregularity: 0.11" }, "geometry": { "type": "Polygon", "coordinates": [ [ [ 80.272542126409462, 13.083609396631429 ], [ 80.272539475072108, 13.084513589130026 ], [ 80.271617079476655, 13.084510988370928 ], [ 80.27161973417509, 13.083606796058215 ], [ 80.272542126409462, 13.083609396631429 ] ] ] } },
{ "type": "Feature", "properties": { "cell_id": 467, "row": 14, "col": 19, "class_2019": "commercial", "conf_2019": 0.553, "imi_2019": 0.405, "informal_prob_2019": 0.003, "class_2020": "high_rise", "conf_2020": 0.665, "imi_2020": 0.394, "informal_prob_2020": 0.016, "class_2021": "high_rise", "conf_2021": 0.663, "imi_2021": 0.392, "informal_prob_2021": 0.019, "class_2022": "high_rise", "conf_2022": 0.495, "imi_2022": 0.395, "informal_prob_2022": 0.004, "class_2023": "high_rise", "conf_2023": 0.541, "imi_2023": 0.394, "informal_prob_2023": 0.005, "class_2024": "high_rise", "conf_2024": 0.48, "imi_2024": 0.401, "informal_prob_2024": 0.004, "class_2025": "high_rise", "conf_2025": 0.686, "imi_2025": 0.385, "informal_prob_2025": 0.026, "class_2026": "high_rise", "conf_2026": 0.532, "imi_2026": 0.392, "informal_prob_2026": 0.004, "trajectory": "other", "cluster_last": 0, "emerging_score": 0.18419851340317059, "emerging_zone": 0, "building_count": 2.0, "building_density": 0.13355419321994436, "road_density": 151.47101149942154, "ndvi": 0.12572505494114011, "ndbi": 0.17940641329158097, "imi": 0.39199919748537299, "informal_probability": 0.0037327322931831127, "confidence": 0.53154098833480856, "explanation": "built-up intensity: 0.92; impervious surface: 0.82; building irregularity: 0.25; road structure: 0.21; building density: 0.12" }, "geometry": { "type": "Polygon", "coordinates": [ [ [ 80.274386911476, 13.083614587893843 ], [ 80.274384266860821, 13.084518780763505 ], [ 80.27346187086691, 13.084516186594218 ], [ 80.273464518843184, 13.083611993909972 ], [ 80.274386911476, 13.083614587893843 ] ] ] } },
{ "type": "Feature", "properties": { "cell_id": 492, "row": 15, "col": 12, "class_2019": "high_rise", "conf_2019": 0.81, "imi_2019": 0.527, "informal_prob_2019": 0.0, "class_2020": "high_rise", "conf_2020": 0.909, "imi_2020": 0.526, "informal_prob_2020": 0.0, "class_2021": "high_rise", "conf_2021": 0.569, "imi_2021": 0.523, "informal_prob_2021": 0.0, "class_2022": "high_rise", "conf_2022": 0.898, "imi_2022": 0.521, "informal_prob_2022": 0.0, "class_2023": "high_rise", "conf_2023": 0.791, "imi_2023": 0.516, "informal_prob_2023": 0.0, "class_2024": "high_rise", "conf_2024": 0.943, "imi_2024": 0.507, "informal_prob_2024": 0.003, "class_2025": "high_rise", "conf_2025": 0.664, "imi_2025": 0.528, "informal_prob_2025": 0.0, "class_2026": "high_rise", "conf_2026": 0.748, "imi_2026": 0.512, "informal_prob_2026": 0.0, "trajectory": "other", "cluster_last": 0, "emerging_score": 0.18267190461983682, "emerging_zone": 0, "building_count": 4.0, "building_density": 0.33884424950771042, "road_density": 100.0, "ndvi": 0.1290305575169623, "ndbi": 0.18438889637589453, "imi": 0.51230040821498479, "informal_probability": 0.0, "confidence": 0.74797393633964437, "explanation": "built-up intensity: 0.93; impervious surface: 0.83; road structure: 0.47; building irregularity: 0.41; building density: 0.31" }, "geometry": { "type": "Polygon", "coordinates": [ [ [ 80.267932835178328, 13.082692169188146 ], [ 80.267930167236202, 13.083596360818708 ], [ 80.267007776002401, 13.083593743772186 ], [ 80.267010447305324, 13.082689552328684 ], [ 80.267932835178328, 13.082692169188146 ] ] ] } },
{ "type": "Feature", "properties": { "cell_id": 495, "row": 15, "col": 15, "class_2019": "high_rise", "conf_2019": 0.898, "imi_2019": 0.487, "informal_prob_2019": 0.0, "class_2020": "high_rise", "conf_2020": 0.809, "imi_2020": 0.492, "informal_prob_2020": 0.0, "class_2021": "high_rise", "conf_2021": 0.968, "imi_2021": 0.489, "informal_prob_2021": 0.0, "class_2022": "high_rise", "conf_2022": 0.977, "imi_2022": 0.485, "informal_prob_2022": 0.0, "class_2023": "high_rise", "conf_2023": 0.941, "imi_2023": 0.497, "informal_prob_2023": 0.0, "class_2024": "high_rise", "conf_2024": 0.933, "imi_2024": 0.501, "informal_prob_2024": 0.0, "class_2025": "high_rise", "conf_2025": 0.879, "imi_2025": 0.489, "informal_prob_2025": 0.0, "class_2026": "high_rise", "conf_2026": 0.649, "imi_2026": 0.498, "informal_prob_2026": 0.0, "trajectory": "other", "cluster_last": 0, "emerging_score": 0.20767167047880705, "emerging_zone": 0, "building_count": 2.0, "building_density": 0.19863027086371776, "road_density": 100.0, "ndvi": 0.11195757781824796, "ndbi": 0.18492210716009139, "imi": 0.49759167439438273, "informal_probability": 0.0, "confidence": 0.64929669042811466, "explanation": "built-up intensity: 0.93; impervious surface: 0.91; road structure: 0.47; building irregularity: 0.41; building density: 0.18" }, "geometry": { "type": "Polygon", "coordinates": [ [ [ 80.2707, 13.0827 ], [ 80.270697342140338, 13.083604192190331 ], [ 80.269774950305433, 13.083601585027782 ], [ 80.269777611525924, 13.082697393023805 ], [ 80.2707, 13.0827 ] ] ] } },
{ "type": "Feature", "properties": { "cell_id": 496, "row": 15, "col": 16, "class_2019": "high_rise", "conf_2019": 0.775, "imi_2019": 0.507, "informal_prob_2019": 0.0, "class_2020": "high_rise", "conf_2020": 0.943, "imi_2020": 0.482, "informal_prob_2020": 0.003, "class_2021": "high_rise", "conf_2021": 0.682, "imi_2021": 0.501, "informal_prob_2021": 0.0, "class_2022": "high_rise", "conf_2022": 0.742, "imi_2022": 0.509, "informal_prob_2022": 0.0, "class_2023": "high_rise", "conf_2023": 0.91, "imi_2023": 0.501, "informal_prob_2023": 0.0, "class_2024": "high_rise", "conf_2024": 0.606, "imi_2024": 0.503, "informal_prob_2024": 0.0, "class_2025": "high_rise", "conf_2025": 0.886, "imi_2025": 0.508, "informal_prob_2025": 0.0, "class_2026": "high_rise", "conf_2026": 0.637, "imi_2026": 0.511, "informal_prob_2026": 0.0, "trajectory": "other", "cluster_last": 0, "emerging_score": 0.20384428827269441, "emerging_zone": 0, "building_count": 3.0, "building_density": 0.26431856903582795, "road_density": 100.0, "ndvi": 0.099593702611746271, "ndbi": 0.19714085336774587, "imi": 0.51102736967211282, "informal_probability": 0.0, "confidence": 0.63695472727999292, "explanation": "impervious surface: 0.96; built-up intensity: 0.95; road structure: 0.47; building irregularity: 0.38; building density: 0.24" }, "geometry": { "type": "Polygon", "coordinates": [ [ [ 80.271622388673933, 13.082702603681767 ], [ 80.27161973417509, 13.083606796058215 ], [ 80.270697342140338, 13.083604192190331 ], [ 80.2707, 13.0827 ], [ 80.271622388673933, 13.082702603681767 ] ] ] } },
{ "type": "Feature", "properties": { "cell_id": 498, "row": 15, "col": 18, "class_2019": "high_rise", "conf_2019": 0.729, "imi_2019": 0.452, "informal_prob_2019": 0.003, "class_2020": "high_rise", "conf_2020": 0.744, "imi_2020": 0.467, "informal_prob_2020": 0.002, "class_2021": "high_rise", "conf_2021": 0.811, "imi_2021": 0.463, "informal_prob_2021": 0.0, "class_2022": "high_rise", "conf_2022": 0.793, "imi_2022": 0.465, "informal_prob_2022": 0.001, "class_2023": "high_rise", "conf_2023": 0.613, "imi_2023": 0.458, "informal_prob_2023": 0.001, "class_2024": "high_rise", "conf_2024": 0.776, "imi_2024": 0.464, "informal_prob_2024": 0.001, "class_2025": "commercial", "conf_2025": 0.65, "imi_2025": 0.461, "informal_prob_2025": 0.0, "class_2026": "commercial", "conf_2026": 0.716, "imi_2026": 0.473, "informal_prob_2026": 0.0, "trajectory": "other", "cluster_last": 0, "emerging_score": 0.22387952907503861, "emerging_zone": 0, "building_count": 4.0, "building_density": 0.30811646887124, "road_density": 126.76577203505344, "ndvi": 0.096898595380480401, "ndbi": 0.20977862641215325, "imi": 0.47253534626904181, "informal_probability": 0.0, "confidence": 0.71593295141700597, "explanation": "built-up intensity: 0.97; impervious surface: 0.89; building irregularity: 0.31; road structure: 0.29; building density: 0.28" }, "geometry": { "type": "Polygon", "coordinates": [ [ [ 80.27346716662035, 13.082707801161996 ], [ 80.273464518843184, 13.083611993909972 ], [ 80.272542126409462, 13.083609396631429 ], [ 80.272544777547466, 13.082705204069098 ], [ 80.27346716662035, 13.082707801161996 ] ] ] } },
{ "type": "Feature", "properties": { "cell_id": 515, "row": 16, "col": 3, "class_2019": "industrial", "conf_2019": 0.753, "imi_2019": 0.608, "informal_prob_2019": 0.012, "class_2020": "industrial", "conf_2020": 0.742, "imi_2020": 0.608, "informal_prob_2020": 0.013, "class_2021": "industrial", "conf_2021": 0.737, "imi_2021": 0.595, "informal_prob_2021": 0.013, "class_2022": "industrial", "conf_2022": 0.759, "imi_2022": 0.6, "informal_prob_2022": 0.013, "class_2023": "industrial", "conf_2023": 0.653, "imi_2023": 0.587, "informal_prob_2023": 0.013, "class_2024": "industrial", "conf_2024": 0.678, "imi_2024": 0.597, "informal_prob_2024": 0.011, "class_2025": "industrial", "conf_2025": 0.681, "imi_2025": 0.594, "informal_prob_2025": 0.012, "class_2026": "industrial", "conf_2026": 0.679, "imi_2026": 0.599, "informal_prob_2026": 0.011, "trajectory": "other", "cluster_last": 0, "emerging_score": 0.19397381131008506, "emerging_zone": 0, "building_count": 2.0, "building_density": 0.81956255240759768, "road_density": 100.0, "ndvi": 0.10864180346368812, "ndbi": 0.20866372600197791, "imi": 0.59859168984367639, "informal_probability": 0.011405681005755444, "confidence": 0.67861401554578238, "explanation": "built-up intensity: 0.97; impervious surface: 0.88; building density: 0.75; road structure: 0.47; building irregularity: 0.42" }, "geometry": { "type": "Polygon", "coordinates": [ [ [ 80.259634049560091, 13.081764308852026 ], [ 80.25963135157366, 13.082668498854327 ], [ 80.258708965517542, 13.082665852345247 ], [ 80.2587116668645, 13.081761662532124 ], [ 80.259634049560091, 13.081764308852026 ] ] ] } },
{ "type": "Feature", "properties": { "cell_id": 524, "row": 16, "col": 12, "class_2019": "high_rise", "conf_2019": 0.716, "imi_2019": 0.5, "informal_prob_2019": 0.0, "class_2020": "high_rise", "conf_2020": 0.926, "imi_2020": 0.51, "informal_prob_2020": 0.0, "class_2021": "high_rise", "conf_2021": 0.842, "imi_2021": 0.498, "informal_prob_2021": 0.0, "class_2022": "high_rise", "conf_2022": 0.778, "imi_2022": 0.508, "informal_prob_2022": 0.0, "class_2023": "high_rise", "conf_2023": 0.943, "imi_2023": 0.512, "informal_prob_2023": 0.002, "class_2024": "high_rise", "conf_2024": 0.822, "imi_2024": 0.505, "informal_prob_2024": 0.0, "class_2025": "high_rise", "conf_2025": 0.73, "imi_2025": 0.515, "informal_prob_2025": 0.0, "class_2026": "high_rise", "conf_2026": 0.643, "imi_2026": 0.51, "informal_prob_2026": 0.0, "trajectory": "other", "cluster_last": 0, "emerging_score": 0.21594258358744878, "emerging_zone": 0, "building_count": 4.0, "building_density": 0.36131092622292499, "road_density": 100.0, "ndvi": 0.096681102139409628, "ndbi": 0.20274865974672138, "imi": 0.50985409714312246, "informal_probability": 0.0, "confidence": 0.64300048600554616, "explanation": "built-up intensity: 0.96; impervious surface: 0.87; road structure: 0.47; building density: 0.33; building irregularity: 0.32" }, "geometry": { "type": "Polygon", "coordinates": [ [ [ 80.267935502919855, 13.081787977493839 ], [ 80.267932835178328, 13.082692169188146 ], [ 80.267010447305324, 13.082689552328684 ], [ 80.267013118407391, 13.081785360821437 ], [ 80.267935502919855, 13.081787977493839 ] ] ] } },
{ "type": "Feature", "properties": { "cell_id": 525, "row": 16, "col": 13, "class_2019": "high_rise", "conf_2019": 0.806, "imi_2019": 0.486, "informal_prob_2019": 0.0, "class_2020": "high_rise", "conf_2020": 0.929, "imi_2020": 0.491, "informal_prob_2020": 0.0, "class_2021": "high_rise", "conf_2021": 0.957, "imi_2021": 0.469, "informal_prob_2021": 0.002, "class_2022": "high_rise", "conf_2022": 0.888, "imi_2022": 0.478, "informal_prob_2022": 0.003, "class_2023": "high_rise", "conf_2023": 0.91, "imi_2023": 0.479, "informal_prob_2023": 0.002, "class_2024": "high_rise", "conf_2024": 0.919, "imi_2024": 0.479, "informal_prob_2024": 0.0, "class_2025": "high_rise", "conf_2025": 0.644, "imi_2025": 0.479, "informal_prob_2025": 0.0, "class_2026": "high_rise", "conf_2026": 0.586, "imi_2026": 0.479, "informal_prob_2026": 0.0, "trajectory": "other", "cluster_last": 0, "emerging_score": 0.1881763198186949, "emerging_zone": 0, "building_count": 3.0, "building_density": 0.34776533549599314, "road_density": 100.0, "ndvi": 0.12309760789154098, "ndbi": 0.18245818631723523, "imi": 0.47930222978161208, "informal_probability": 0.0, "confidence": 0.58647424914471369, "explanation": "built-up intensity: 0.93; impervious surface: 0.84; road structure: 0.47; building density: 0.32; building irregularity: 0.19" }, "geometry": { "type": "Polygon", "coordinates": [ [ [ 80.26885788763289, 13.081790590872057 ], [ 80.268855223251947, 13.082694782753187 ], [ 80.267932835178328, 13.082692169188146 ], [ 80.267935502919855, 13.081787977493839 ], [ 80.26885788763289, 13.081790590872057 ] ] ] } },
{ "type": "Feature", "properties": { "cell_id": 526, "row": 16, "col": 14, "class_2019": "high_rise", "conf_2019": 0.933, "imi_2019": 0.412, "informal_prob_2019": 0.002, "class_2020": "high_rise", "conf_2020": 0.857, "imi_2020": 0.416, "informal_prob_2020": 0.001, "class_2021": "high_rise", "conf_2021": 0.703, "imi_2021": 0.416, "informal_prob_2021": 0.001, "class_2022": "high_rise", "conf_2022": 0.787, "imi_2022": 0.419, "informal_prob_2022": 0.002, "class_2023": "high_rise", "conf_2023": 0.679, "imi_2023": 0.419, "informal_prob_2023": 0.001, "class_2024": "high_rise", "conf_2024": 0.809, "imi_2024": 0.416, "informal_prob_2024": 0.0, "class_2025": "high_rise", "conf_2025": 0.882, "imi_2025": 0.411, "informal_prob_2025": 0.001, "class_2026": "high_rise", "conf_2026": 0.651, "imi_2026": 0.417, "informal_prob_2026": 0.001, "trajectory": "other", "cluster_last": 0, "emerging_score": 0.19622628614457324, "emerging_zone": 0, "building_count": 2.0, "building_density": 0.15457798296974171, "road_density": 100.0, "ndvi": 0.12092300460557454, "ndbi": 0.18618462242186071, "imi": 0.41670833732634466, "informal_probability": 0.0011344537815126052, "confidence": 0.65118162736633223, "explanation": "built-up intensity: 0.93; impervious surface: 0.85; road structure: 0.47; building density: 0.14; building irregularity: 0.05" }, "geometry": { "type": "Polygon", "coordinates": [ [ [ 80.269780272546299, 13.081793200956088 ], [ 80.269777611525924, 13.082697393023805 ], [ 80.268855223251947, 13.082694782753187 ], [ 80.26885788763289, 13.081790590872057 ], [ 80.269780272546299, 13.081793200956088 ] ] ] } },
{ "type": "Feature", "properties": { "cell_id": 527, "row": 16, "col": 15, "class_2019": "high_rise", "conf_2019": 0.903, "imi_2019": 0.446, "informal_prob_2019": 0.0, "class_2020": "high_rise", "conf_2020": 0.901, "imi_2020": 0.442, "informal_prob_2020": 0.001, "class_2021": "high_rise", "conf_2021": 0.92, "imi_2021": 0.449, "informal_prob_2021": 0.0, "class_2022": "high_rise", "conf_2022": 0.93, "imi_2022": 0.452, "informal_prob_2022": 0.0, "class_2023": "high_rise", "conf_2023": 0.671, "imi_2023": 0.444, "informal_prob_2023": 0.0, "class_2024": "high_rise", "conf_2024": 0.783, "imi_2024": 0.441, "informal_prob_2024": 0.0, "class_2025": "high_rise", "conf_2025": 0.798, "imi_2025": 0.445, "informal_prob_2025": 0.0, "class_2026": "high_rise", "conf_2026": 0.557, "imi_2026": 0.452, "informal_prob_2026": 0.0, "trajectory": "other", "cluster_last": 0, "emerging_score": 0.21009840663302168, "emerging_zone": 0, "building_count": 3.0, "building_density": 0.26747000399216941, "road_density": 100.0, "ndvi": 0.10695501170121133, "ndbi": 0.20257700822141486, "imi": 0.4516077622363584, "informal_probability": 0.0, "confidence": 0.55651936804312407, "explanation": "built-up intensity: 0.96; impervious surface: 0.86; road structure: 0.47; building density: 0.25; building irregularity: 0.10" }, "geometry": { "type": "Polygon", "coordinates": [ [ [ 80.270702657659811, 13.081795807745928 ], [ 80.2707, 13.0827 ], [ 80.269777611525924, 13.082697393023805 ], [ 80.269780272546299, 13.081793200956088 ], [ 80.270702657659811, 13.081795807745928 ] ] ] } },
{ "type": "Feature", "properties": { "cell_id": 528, "row": 16, "col": 16, "class_2019": "commercial", "conf_2019": 0.514, "imi_2019": 0.477, "informal_prob_2019": 0.0, "class_2020": "commercial", "conf_2020": 0.586, "imi_2020": 0.477, "informal_prob_2020": 0.0, "class_2021": "commercial", "conf_2021": 0.531, "imi_2021": 0.456, "informal_prob_2021": 0.0, "class_2022": "high_rise", "conf_2022": 0.601, "imi_2022": 0.472, "informal_prob_2022": 0.001, "class_2023": "high_rise", "conf_2023": 0.742, "imi_2023": 0.465, "informal_prob_2023": 0.004, "class_2024": "high_rise", "conf_2024": 0.605, "imi_2024": 0.469, "informal_prob_2024": 0.0, "class_2025": "high_rise", "conf_2025": 0.622, "imi_2025": 0.463, "informal_prob_2025": 0.0, "class_2026": "high_rise", "conf_2026": 0.508, "imi_2026": 0.479, "informal_prob_2026": 0.0, "trajectory": "other", "cluster_last": 0, "emerging_score": 0.20638332586210595, "emerging_zone": 0, "building_count": 3.0, "building_density": 0.20582115125548189, "road_density": 100.0, "ndvi": 0.10324985854444094, "ndbi": 0.21098402541130781, "imi": 0.4789593810825461, "informal_probability": 0.0, "confidence": 0.5082862798262392, "explanation": "built-up intensity: 0.97; impervious surface: 0.91; road structure: 0.47; building irregularity: 0.29; building density: 0.19" }, "geometry": { "type": "Polygon", "coordinates": [ [ [ 80.27162504297317, 13.081798411241579 ], [ 80.271622388673933, 13.082702603681767 ], [ 80.2707, 13.0827 ], [ 80.270702657659811, 13.081795807745928 ], [ 80.27162504297317, 13.081798411241579 ] ] ] } },
{ "type": "Feature", "properties": { "cell_id": 547, "row": 17, "col": 3, "class_2019": "commercial", "conf_2019": 0.588, "imi_2019": 0.502, "informal_prob_2019": 0.035, "class_2020": "commercial", "conf_2020": 0.595, "imi_2020": 0.508, "informal_prob_2020": 0.038, "class_2021": "commercial", "conf_2021": 0.615, "imi_2021": 0.496, "informal_prob_2021": 0.039, "class_2022": "commercial", "conf_2022": 0.613, "imi_2022": 0.499, "informal_prob_2022": 0.039, "class_2023": "commercial", "conf_2023": 0.602, "imi_2023": 0.496, "informal_prob_2023": 0.037, "class_2024": "commercial", "conf_2024": 0.598, "imi_2024": 0.5, "informal_prob_2024": 0.037, "class_2025": "commercial", "conf_2025": 0.67, "imi_2025": 0.496, "informal_prob_2025": 0.033, "class_2026": "commercial", "conf_2026": 0.605, "imi_2026": 0.5, "informal_prob_2026": 0.037, "trajectory": "other", "cluster_last": 0, "emerging_score": 0.19605246700289591, "emerging_zone": 0, "building_count": 110.0, "building_density": 0.32352203196969676, "road_density": 100.0, "ndvi": 0.10940620828885585, "ndbi": 0.1960633667651564, "imi": 0.50011557010086272, "informal_probability": 0.036603128352989726, "confidence": 0.60485036784228452, "explanation": "built-up intensity: 0.95; impervious surface: 0.91; road structure: 0.47; building irregularity: 0.38; building density: 0.30" }, "geometry": { "type": "Polygon", "coordinates": [ [ [ 80.259636747343635, 13.08086011878598 ], [ 80.259634049560091, 13.081764308852026 ], [ 80.2587116668645, 13.081761662532124 ], [ 80.258714368008313, 13.080857472655255 ], [ 80.259636747343635, 13.08086011878598 ] ] ] } },
{ "type": "Feature", "properties": { "cell_id": 557, "row": 17, "col": 13, "class_2019": "high_rise", "conf_2019": 0.756, "imi_2019": 0.465, "informal_prob_2019": 0.0, "class_2020": "high_rise", "conf_2020": 0.885, "imi_2020": 0.468, "informal_prob_2020": 0.002, "class_2021": "high_rise", "conf_2021": 0.8, "imi_2021": 0.453, "informal_prob_2021": 0.0, "class_2022": "high_rise", "conf_2022": 0.866, "imi_2022": 0.466, "informal_prob_2022": 0.0, "class_2023": "high_rise", "conf_2023": 0.726, "imi_2023": 0.467, "informal_prob_2023": 0.0, "class_2024": "high_rise", "conf_2024": 0.828, "imi_2024": 0.474, "informal_prob_2024": 0.0, "class_2025": "high_rise", "conf_2025": 0.563, "imi_2025": 0.474, "informal_prob_2025": 0.0, "class_2026": "high_rise", "conf_2026": 0.65, "imi_2026": 0.466, "informal_prob_2026": 0.0, "trajectory": "other", "cluster_last": 0, "emerging_score": 0.2046910257509291, "emerging_zone": 0, "building_count": 3.0, "building_density": 0.24526785033219481, "road_density": 100.0, "ndvi": 0.1218409490812337, "ndbi": 0.19709936467930675, "imi": 0.46621540833389641, "informal_probability": 0.0, "confidence": 0.65035002424043464, "explanation": "built-up intensity: 0.95; impervious surface: 0.83; road structure: 0.47; building density: 0.23; building irregularity: 0.22" }, "geometry": { "type": "Polygon", "coordinates": [ [ [ 80.268860551813489, 13.080886398927197 ], [ 80.26885788763289, 13.081790590872057 ], [ 80.267935502919855, 13.081787977493839 ], [ 80.267938170460738, 13.080883785735798 ], [ 80.268860551813489, 13.080886398927197 ] ] ] } },
{ "type": "Feature", "properties": { "cell_id": 558, "row": 17, "col": 14, "class_2019": "high_rise", "conf_2019": 0.82, "imi_2019": 0.468, "informal_prob_2019": 0.002, "class_2020": "high_rise", "conf_2020": 0.863, "imi_2020": 0.46, "informal_prob_2020": 0.008, "class_2021": "high_rise", "conf_2021": 0.759, "imi_2021": 0.452, "informal_prob_2021": 0.001, "class_2022": "high_rise", "conf_2022": 0.806, "imi_2022": 0.474, "informal_prob_2022": 0.0, "class_2023": "high_rise", "conf_2023": 0.65, "imi_2023": 0.466, "informal_prob_2023": 0.0, "class_2024": "high_rise", "conf_2024": 0.771, "imi_2024": 0.462, "informal_prob_2024": 0.0, "class_2025": "high_rise", "conf_2025": 0.713, "imi_2025": 0.463, "informal_prob_2025": 0.001, "class_2026": "high_rise", "conf_2026": 0.638, "imi_2026": 0.479, "informal_prob_2026": 0.0, "trajectory": "other", "cluster_last": 0, "emerging_score": 0.21234271388560208, "emerging_zone": 0, "building_count": 2.0, "building_density": 0.1597035017107247, "road_density": 100.0, "ndvi": 0.10065499803749844, "ndbi": 0.19905520446598529, "imi": 0.4792373370730475, "informal_probability": 0.0, "confidence": 0.63798272208476581, "explanation": "built-up intensity: 0.95; impervious surface: 0.95; road structure: 0.47; building irregularity: 0.32; building density: 0.15" }, "geometry": { "type": "Polygon", "coordinates": [ [ [ 80.269782933366585, 13.08088900882464 ], [ 80.269780272546299, 13.081793200956088 ], [ 80.26885788763289, 13.081790590872057 ], [ 80.268860551813489, 13.080886398927197 ], [ 80.269782933366585, 13.08088900882464 ] ] ] } },
{ "type": "Feature", "properties": { "cell_id": 559, "row": 17, "col": 15, "class_2019": "high_rise", "conf_2019": 0.853, "imi_2019": 0.506, "informal_prob_2019": 0.0, "class_2020": "high_rise", "conf_2020": 0.955, "imi_2020": 0.5, "informal_prob_2020": 0.0, "class_2021": "high_rise", "conf_2021": 0.854, "imi_2021": 0.5, "informal_prob_2021": 0.0, "class_2022": "high_rise", "conf_2022": 0.96, "imi_2022": 0.499, "informal_prob_2022": 0.0, "class_2023": "high_rise", "conf_2023": 0.912, "imi_2023": 0.51, "informal_prob_2023": 0.0, "class_2024": "high_rise", "conf_2024": 0.837, "imi_2024": 0.495, "informal_prob_2024": 0.0, "class_2025": "high_rise", "conf_2025": 0.86, "imi_2025": 0.512, "informal_prob_2025": 0.0, "class_2026": "high_rise", "conf_2026": 0.684, "imi_2026": 0.513, "informal_prob_2026": 0.0, "trajectory": "other", "cluster_last": 0, "emerging_score": 0.20647609532005029, "emerging_zone": 0, "building_count": 3.0, "building_density": 0.24849154460093081, "road_density": 100.0, "ndvi": 0.10715888366568833, "ndbi": 0.19956638500094415, "imi": 0.51272956082883459, "informal_probability": 0.0, "confidence": 0.68413210862425333, "explanation": "built-up intensity: 0.95; impervious surface: 0.89; road structure: 0.47; building irregularity: 0.45; building density: 0.23" }, "geometry": { "type": "Polygon", "coordinates": [ [ [ 80.27070531511977, 13.080891615428131 ], [ 80.270702657659811, 13.081795807745928 ], [ 80.269780272546299, 13.081793200956088 ], [ 80.269782933366585, 13.08088900882464 ], [ 80.27070531511977, 13.080891615428131 ] ] ] } },
{ "type": "Feature", "properties": { "cell_id": 579, "row": 18, "col": 3, "class_2019": "industrial", "conf_2019": 0.681, "imi_2019": 0.546, "informal_prob_2019": 0.002, "class_2020": "industrial", "conf_2020": 0.707, "imi_2020": 0.551, "informal_prob_2020": 0.002, "class_2021": "industrial", "conf_2021": 0.717, "imi_2021": 0.552, "informal_prob_2021": 0.002, "class_2022": "industrial", "conf_2022": 0.709, "imi_2022": 0.553, "informal_prob_2022": 0.002, "class_2023": "industrial", "conf_2023": 0.743, "imi_2023": 0.556, "informal_prob_2023": 0.002, "class_2024": "industrial", "conf_2024": 0.711, "imi_2024": 0.538, "informal_prob_2024": 0.002, "class_2025": "industrial", "conf_2025": 0.599, "imi_2025": 0.544, "informal_prob_2025": 0.002, "class_2026": "industrial", "conf_2026": 0.72, "imi_2026": 0.551, "informal_prob_2026": 0.002, "trajectory": "other", "cluster_last": 0, "emerging_score": 0.20450264745571184, "emerging_zone": 0, "building_count": 2.0, "building_density": 0.86549437234267645, "road_density": 100.0, "ndvi": 0.10832147851848277, "ndbi": 0.190474296733737, "imi": 0.55145151742353027, "informal_probability": 0.002110063315557578, "confidence": 0.72011896936763375, "explanation": "built-up intensity: 0.94; impervious surface: 0.91; building density: 0.80; road structure: 0.47; building irregularity: 0.04" }, "geometry": { "type": "Polygon", "coordinates": [ [ [ 80.259639444924304, 13.079955928656187 ], [ 80.259636747343635, 13.08086011878598 ], [ 80.258714368008313, 13.080857472655255 ], [ 80.258717068949011, 13.079953282714641 ], [ 80.259639444924304, 13.079955928656187 ] ] ] } },
{ "type": "Feature", "properties": { "cell_id": 581, "row": 18, "col": 5, "class_2019": "commercial", "conf_2019": 0.65, "imi_2019": 0.414, "informal_prob_2019": 0.003, "class_2020": "commercial", "conf_2020": 0.638, "imi_2020": 0.41, "informal_prob_2020": 0.003, "class_2021": "high_rise", "conf_2021": 0.54, "imi_2021": 0.398, "informal_prob_2021": 0.009, "class_2022": "high_rise", "conf_2022": 0.534, "imi_2022": 0.409, "informal_prob_2022": 0.012, "class_2023": "commercial", "conf_2023": 0.507, "imi_2023": 0.402, "informal_prob_2023": 0.006, "class_2024": "commercial", "conf_2024": 0.618, "imi_2024": 0.408, "informal_prob_2024": 0.003, "class_2025": "commercial", "conf_2025": 0.622, "imi_2025": 0.408, "informal_prob_2025": 0.003, "class_2026": "commercial", "conf_2026": 0.626, "imi_2026": 0.413, "informal_prob_2026": 0.003, "trajectory": "other", "cluster_last": 0, "emerging_score": 0.19808468513685784, "emerging_zone": 0, "building_count": 3.0, "building_density": 0.12073890212276912, "road_density": 100.0, "ndvi": 0.10799461235292256, "ndbi": 0.19448343235999346, "imi": 0.41301717041700864, "informal_probability": 0.0032918169926366646, "confidence": 0.62618851735783332, "explanation": "built-up intensity: 0.94; impervious surface: 0.93; road structure: 0.47; building irregularity: 0.25; building density: 0.11" }, "geometry": { "type": "Polygon", "coordinates": [ [ [ 80.26148419748327, 13.079961210658237 ], [ 80.261481506622658, 13.080865401165671 ], [ 80.26055912688183, 13.080862761622788 ], [ 80.260561821102485, 13.079958571304056 ], [ 80.26148419748327, 13.079961210658237 ] ] ] } },
{ "type": "Feature", "properties": { "cell_id": 611, "row": 19, "col": 3, "class_2019": "commercial", "conf_2019": 0.597, "imi_2019": 0.507, "informal_prob_2019": 0.043, "class_2020": "commercial", "conf_2020": 0.673, "imi_2020": 0.503, "informal_prob_2020": 0.025, "class_2021": "commercial", "conf_2021": 0.683, "imi_2021": 0.501, "informal_prob_2021": 0.023, "class_2022": "commercial", "conf_2022": 0.66, "imi_2022": 0.506, "informal_prob_2022": 0.028, "class_2023": "commercial", "conf_2023": 0.537, "imi_2023": 0.491, "informal_prob_2023": 0.051, "class_2024": "commercial", "conf_2024": 0.627, "imi_2024": 0.498, "informal_prob_2024": 0.032, "class_2025": "commercial", "conf_2025": 0.588, "imi_2025": 0.503, "informal_prob_2025": 0.046, "class_2026": "commercial", "conf_2026": 0.672, "imi_2026": 0.512, "informal_prob_2026": 0.019, "trajectory": "other", "cluster_last": 0, "emerging_score": 0.20485680470381279, "emerging_zone": 0, "building_count": 97.0, "building_density": 0.29613130205965943, "road_density": 100.0, "ndvi": 0.095565346564981155, "ndbi": 0.19932534366846086, "imi": 0.51241388843435143, "informal_probability": 0.01924983703646312, "confidence": 0.67218692721702811, "explanation": "built-up intensity: 0.95; impervious surface: 0.93; road structure: 0.47; building irregularity: 0.35; building density: 0.27" }, "geometry": { "type": "Polygon", "coordinates": [ [ [ 80.259642142302098, 13.079051738462661 ], [ 80.259639444924304, 13.079955928656187 ], [ 80.258717068949011, 13.079953282714641 ], [ 80.258719769686564, 13.079049092710285 ], [ 80.259642142302098, 13.079051738462661 ] ] ] } },
{ "type": "Feature", "properties": { "cell_id": 615, "row": 19, "col": 7, "class_2019": "commercial", "conf_2019": 0.637, "imi_2019": 0.492, "informal_prob_2019": 0.0, "class_2020": "commercial", "conf_2020": 0.68, "imi_2020": 0.491, "informal_prob_2020": 0.0, "class_2021": "commercial", "conf_2021": 0.58, "imi_2021": 0.485, "informal_prob_2021": 0.0, "class_2022": "commercial", "conf_2022": 0.805, "imi_2022": 0.485, "informal_prob_2022": 0.0, "class_2023": "commercial", "conf_2023": 0.598, "imi_2023": 0.48, "informal_prob_2023": 0.0, "class_2024": "commercial", "conf_2024": 0.667, "imi_2024": 0.475, "informal_prob_2024": 0.008, "class_2025": "commercial", "conf_2025": 0.721, "imi_2025": 0.491, "informal_prob_2025": 0.0, "class_2026": "commercial", "conf_2026": 0.727, "imi_2026": 0.489, "informal_prob_2026": 0.0, "trajectory": "other", "cluster_last": 0, "emerging_score": 0.19620575078988955, "emerging_zone": 0, "building_count": 3.0, "building_density": 0.15049194153675188, "road_density": 100.0, "ndvi": 0.1084384537616279, "ndbi": 0.19172434642910957, "imi": 0.48934872695456499, "informal_probability": 0.0, "confidence": 0.72661649860723554, "explanation": "built-up intensity: 0.94; impervious surface: 0.86; road structure: 0.47; building irregularity: 0.44; building density: 0.14" }, "geometry": { "type": "Polygon", "coordinates": [ [ [ 80.26333163479039, 13.079062288537656 ], [ 80.263328950851715, 13.079966479485529 ], [ 80.262406574066432, 13.079963846718728 ], [ 80.26240926136488, 13.079059655959091 ], [ 80.26333163479039, 13.079062288537656 ] ] ] } },
{ "type": "Feature", "properties": { "cell_id": 617, "row": 19, "col": 9, "class_2019": "commercial", "conf_2019": 0.863, "imi_2019": 0.454, "informal_prob_2019": 0.002, "class_2020": "commercial", "conf_2020": 0.875, "imi_2020": 0.464, "informal_prob_2020": 0.002, "class_2021": "commercial", "conf_2021": 0.858, "imi_2021": 0.458, "informal_prob_2021": 0.002, "class_2022": "commercial", "conf_2022": 0.727, "imi_2022": 0.459, "informal_prob_2022": 0.0, "class_2023": "high_rise", "conf_2023": 0.517, "imi_2023": 0.451, "informal_prob_2023": 0.002, "class_2024": "high_rise", "conf_2024": 0.514, "imi_2024": 0.447, "informal_prob_2024": 0.006, "class_2025": "high_rise", "conf_2025": 0.781, "imi_2025": 0.461, "informal_prob_2025": 0.0, "class_2026": "high_rise", "conf_2026": 0.505, "imi_2026": 0.451, "informal_prob_2026": 0.003, "trajectory": "other", "cluster_last": 0, "emerging_score": 0.19936528678151422, "emerging_zone": 0, "building_count": 4.0, "building_density": 0.29041565422478988, "road_density": 200.0, "ndvi": 0.12342699559638276, "ndbi": 0.1961845924332738, "imi": 0.45106733211305977, "informal_probability": 0.0032240734379174775, "confidence": 0.50544295392198446, "explanation": "built-up intensity: 0.95; impervious surface: 0.83; road structure: 0.29; building density: 0.27; building irregularity: 0.20" }, "geometry": { "type": "Polygon", "coordinates": [ [ [ 80.265176382246707, 13.079067543814411 ], [ 80.265173705027621, 13.079971735138036 ], [ 80.264251327838863, 13.079969108958631 ], [ 80.264254008417737, 13.079064917822764 ], [ 80.265176382246707, 13.079067543814411 ] ] ] } },
{ "type": "Feature", "properties": { "cell_id": 618, "row": 19, "col": 10, "class_2019": "commercial", "conf_2019": 0.523, "imi_2019": 0.466, "informal_prob_2019": 0.001, "class_2020": "commercial", "conf_2020": 0.592, "imi_2020": 0.475, "informal_prob_2020": 0.0, "class_2021": "commercial", "conf_2021": 0.476, "imi_2021": 0.46, "informal_prob_2021": 0.0, "class_2022": "commercial", "conf_2022": 0.658, "imi_2022": 0.465, "informal_prob_2022": 0.004, "class_2023": "high_rise", "conf_2023": 0.682, "imi_2023": 0.484, "informal_prob_2023": 0.001, "class_2024": "commercial", "conf_2024": 0.559, "imi_2024": 0.465, "informal_prob_2024": 0.001, "class_2025": "commercial", "conf_2025": 0.472, "imi_2025": 0.465, "informal_prob_2025": 0.002, "class_2026": "commercial", "conf_2026": 0.526, "imi_2026": 0.467, "informal_prob_2026": 0.001, "trajectory": "other", "cluster_last": 0, "emerging_score": 0.20238813896950847, "emerging_zone": 0, "building_count": 4.0, "building_density": 0.37484248235438805, "road_density": 100.0, "ndvi": 0.10535953048503871, "ndbi": 0.19659383893012999, "imi": 0.46723842009982314, "informal_probability": 0.00060472545990731641, "confidence": 0.52562900061496043, "explanation": "built-up intensity: 0.95; impervious surface: 0.85; road structure: 0.47; building density: 0.34; building irregularity: 0.06" }, "geometry": { "type": "Polygon", "coordinates": [ [ [ 80.266098756277032, 13.079070166512585 ], [ 80.266096082417747, 13.07997435802374 ], [ 80.265173705027621, 13.079971735138036 ], [ 80.265176382246707, 13.079067543814411 ], [ 80.266098756277032, 13.079070166512585 ] ] ] } },
{ "type": "Feature", "properties": { "cell_id": 642, "row": 20, "col": 2, "class_2019": "commercial", "conf_2019": 0.51, "imi_2019": 0.54, "informal_prob_2019": 0.0, "class_2020": "commercial", "conf_2020": 0.614, "imi_2020": 0.543, "informal_prob_2020": 0.0, "class_2021": "commercial", "conf_2021": 0.544, "imi_2021": 0.539, "informal_prob_2021": 0.0, "class_2022": "commercial", "conf_2022": 0.488, "imi_2022": 0.541, "informal_prob_2022": 0.0, "class_2023": "commercial", "conf_2023": 0.638, "imi_2023": 0.528, "informal_prob_2023": 0.0, "class_2024": "commercial", "conf_2024": 0.567, "imi_2024": 0.538, "informal_prob_2024": 0.0, "class_2025": "commercial", "conf_2025": 0.502, "imi_2025": 0.535, "informal_prob_2025": 0.005, "class_2026": "commercial", "conf_2026": 0.622, "imi_2026": 0.549, "informal_prob_2026": 0.0, "trajectory": "other", "cluster_last": 0, "emerging_score": 0.21211109503630307, "emerging_zone": 0, "building_count": 6.0, "building_density": 0.41783227700466685, "road_density": 100.0, "ndvi": 0.093326667305082087, "ndbi": 0.18624460764229298, "imi": 0.54890223726023146, "informal_probability": 0.0, "confidence": 0.621788927422953, "explanation": "built-up intensity: 0.93; impervious surface: 0.93; road structure: 0.47; building density: 0.38; building irregularity: 0.36" }, "geometry": { "type": "Polygon", "coordinates": [ [ [ 80.258722470221002, 13.078144902642194 ], [ 80.258719769686564, 13.079049092710285 ], [ 80.25779739727416, 13.079046443664469 ], [ 80.257800101168115, 13.078142253785787 ], [ 80.258722470221002, 13.078144902642194 ] ] ] } },
{ "type": "Feature", "properties": { "cell_id": 645, "row": 20, "col": 5, "class_2019": "commercial", "conf_2019": 0.78, "imi_2019": 0.526, "informal_prob_2019": 0.0, "class_2020": "commercial", "conf_2020": 0.948, "imi_2020": 0.526, "informal_prob_2020": 0.0, "class_2021": "commercial", "conf_2021": 0.911, "imi_2021": 0.511, "informal_prob_2021": 0.0, "class_2022": "commercial", "conf_2022": 0.931, "imi_2022": 0.521, "informal_prob_2022": 0.0, "class_2023": "commercial", "conf_2023": 0.945, "imi_2023": 0.512, "informal_prob_2023": 0.0, "class_2024": "commercial", "conf_2024": 0.801, "imi_2024": 0.519, "informal_prob_2024": 0.0, "class_2025": "commercial", "conf_2025": 0.622, "imi_2025": 0.517, "informal_prob_2025": 0.002, "class_2026": "commercial", "conf_2026": 0.747, "imi_2026": 0.525, "informal_prob_2026": 0.0, "trajectory": "other", "cluster_last": 0, "emerging_score": 0.2023350683385354, "emerging_zone": 0, "building_count": 5.0, "building_density": 0.38172124487466164, "road_density": 100.0, "ndvi": 0.10822709942003712, "ndbi": 0.1990868566557765, "imi": 0.52450471090844553, "informal_probability": 0.0, "confidence": 0.7467574697587116, "explanation": "built-up intensity: 0.95; impervious surface: 0.88; road structure: 0.47; building density: 0.35; building irregularity: 0.33" }, "geometry": { "type": "Polygon", "coordinates": [ [ [ 80.261489578597377, 13.078152829452163 ], [ 80.261486888141505, 13.079057020087063 ], [ 80.260564515120478, 13.079054380921589 ], [ 80.260567208935882, 13.078150190475389 ], [ 80.261489578597377, 13.078152829452163 ] ] ] } },
{ "type": "Feature", "properties": { "cell_id": 647, "row": 20, "col": 7, "class_2019": "commercial", "conf_2019": 0.744, "imi_2019": 0.497, "informal_prob_2019": 0.001, "class_2020": "commercial", "conf_2020": 0.608, "imi_2020": 0.492, "informal_prob_2020": 0.001, "class_2021": "commercial", "conf_2021": 0.541, "imi_2021": 0.491, "informal_prob_2021": 0.001, "class_2022": "commercial", "conf_2022": 0.861, "imi_2022": 0.495, "informal_prob_2022": 0.0, "class_2023": "commercial", "conf_2023": 0.717, "imi_2023": 0.494, "informal_prob_2023": 0.0, "class_2024": "commercial", "conf_2024": 0.861, "imi_2024": 0.491, "informal_prob_2024": 0.0, "class_2025": "commercial", "conf_2025": 0.594, "imi_2025": 0.484, "informal_prob_2025": 0.011, "class_2026": "commercial", "conf_2026": 0.644, "imi_2026": 0.503, "informal_prob_2026": 0.001, "trajectory": "other", "cluster_last": 0, "emerging_score": 0.20975840200802584, "emerging_zone": 0, "building_count": 4.0, "building_density": 0.27189771943739505, "road_density": 100.0, "ndvi": 0.093597288215532898, "ndbi": 0.2114223163574934, "imi": 0.50337642444335207, "informal_probability": 0.0013090128755364808, "confidence": 0.64398626939733372, "explanation": "built-up intensity: 0.97; impervious surface: 0.91; road structure: 0.47; building irregularity: 0.33; building density: 0.25" }, "geometry": { "type": "Polygon", "coordinates": [ [ [ 80.2633343185272, 13.078158097526055 ], [ 80.26333163479039, 13.079062288537656 ], [ 80.26240926136488, 13.079059655959091 ], [ 80.262411948461235, 13.078155465135721 ], [ 80.2633343185272, 13.078158097526055 ] ] ] } },
{ "type": "Feature", "properties": { "cell_id": 657, "row": 20, "col": 17, "class_2019": "open_vegetated", "conf_2019": 0.996, "imi_2019": 0.142, "informal_prob_2019": 0.0, "class_2020": "open_vegetated", "conf_2020": 0.997, "imi_2020": 0.151, "informal_prob_2020": 0.0, "class_2021": "open_vegetated", "conf_2021": 0.997, "imi_2021": 0.156, "informal_prob_2021": 0.0, "class_2022": "open_vegetated", "conf_2022": 0.998, "imi_2022": 0.156, "informal_prob_2022": 0.0, "class_2023": "open_vegetated", "conf_2023": 0.996, "imi_2023": 0.151, "informal_prob_2023": 0.0, "class_2024": "informal", "conf_2024": 0.998, "imi_2024": 0.415, "informal_prob_2024": 0.998, "class_2025": "commercial", "conf_2025": 0.572, "imi_2025": 0.489, "informal_prob_2025": 0.012, "class_2026": "commercial", "conf_2026": 0.568, "imi_2026": 0.494, "informal_prob_2026": 0.012, "trajectory": "other", "cluster_last": 0, "emerging_score": 0.75514647213602526, "emerging_zone": 1, "building_count": 3.0, "building_density": 0.17174448633209749, "road_density": 0.0, "ndvi": 0.089514913740567859, "ndbi": 0.19946802169084549, "imi": 0.49377768422235302, "informal_probability": 0.0125, "confidence": 0.56821805342444798, "explanation": "road structure: 1.00; impervious surface: 0.96; built-up intensity: 0.95; building irregularity: 0.38; building density: 0.16" }, "geometry": { "type": "Polygon", "coordinates": [ [ [ 80.272558030247353, 13.078184240301514 ], [ 80.272555380106056, 13.079088433182472 ], [ 80.271633004673305, 13.079085833538658 ], [ 80.271635658174176, 13.078181640843574 ], [ 80.272558030247353, 13.078184240301514 ] ] ] } },
{ "type": "Feature", "properties": { "cell_id": 673, "row": 21, "col": 1, "class_2019": "commercial", "conf_2019": 0.661, "imi_2019": 0.496, "informal_prob_2019": 0.0, "class_2020": "commercial", "conf_2020": 0.622, "imi_2020": 0.494, "informal_prob_2020": 0.0, "class_2021": "commercial", "conf_2021": 0.706, "imi_2021": 0.486, "informal_prob_2021": 0.0, "class_2022": "commercial", "conf_2022": 0.646, "imi_2022": 0.493, "informal_prob_2022": 0.0, "class_2023": "commercial", "conf_2023": 0.675, "imi_2023": 0.493, "informal_prob_2023": 0.0, "class_2024": "commercial", "conf_2024": 0.678, "imi_2024": 0.504, "informal_prob_2024": 0.0, "class_2025": "commercial", "conf_2025": 0.707, "imi_2025": 0.506, "informal_prob_2025": 0.0, "class_2026": "commercial", "conf_2026": 0.671, "imi_2026": 0.514, "informal_prob_2026": 0.0, "trajectory": "other", "cluster_last": 0, "emerging_score": 0.21660595435447952, "emerging_zone": 0, "building_count": 6.0, "building_density": 0.34977963517210386, "road_density": 100.0, "ndvi": 0.095286975824274117, "ndbi": 0.19652266938239335, "imi": 0.51382118903666663, "informal_probability": 0.0, "confidence": 0.67141584055986314, "explanation": "built-up intensity: 0.95; impervious surface: 0.93; road structure: 0.47; building irregularity: 0.34; building density: 0.32" }, "geometry": { "type": "Polygon", "coordinates": [ [ [ 80.257802804858699, 13.077238063843367 ], [ 80.257800101168115, 13.078142253785787 ], [ 80.2568777323186, 13.07813960163617 ], [ 80.256880439368445, 13.077235411883395 ], [ 80.257802804858699, 13.077238063843367 ] ] ] } },
{ "type": "Feature", "properties": { "cell_id": 676, "row": 21, "col": 4, "class_2019": "commercial", "conf_2019": 0.851, "imi_2019": 0.52, "informal_prob_2019": 0.0, "class_2020": "commercial", "conf_2020": 0.854, "imi_2020": 0.517, "informal_prob_2020": 0.0, "class_2021": "commercial", "conf_2021": 0.803, "imi_2021": 0.511, "informal_prob_2021": 0.0, "class_2022": "commercial", "conf_2022": 0.856, "imi_2022": 0.509, "informal_prob_2022": 0.0, "class_2023": "commercial", "conf_2023": 0.878, "imi_2023": 0.508, "informal_prob_2023": 0.0, "class_2024": "commercial", "conf_2024": 0.799, "imi_2024": 0.512, "informal_prob_2024": 0.0, "class_2025": "commercial", "conf_2025": 0.663, "imi_2025": 0.508, "informal_prob_2025": 0.001, "class_2026": "commercial", "conf_2026": 0.654, "imi_2026": 0.501, "informal_prob_2026": 0.003, "trajectory": "other", "cluster_last": 0, "emerging_score": 0.17995561543913632, "emerging_zone": 0, "building_count": 5.0, "building_density": 0.34739863724839326, "road_density": 100.0, "ndvi": 0.12806616012938321, "ndbi": 0.19507653057575225, "imi": 0.5013148824940804, "informal_probability": 0.0026980727029863559, "confidence": 0.6540935979724084, "explanation": "built-up intensity: 0.94; impervious surface: 0.78; road structure: 0.47; building irregularity: 0.39; building density: 0.32" }, "geometry": { "type": "Polygon", "coordinates": [ [ [ 80.260569902548667, 13.077245999965452 ], [ 80.260567208935882, 13.078150190475389 ], [ 80.259644839477019, 13.078147548205397 ], [ 80.259647536449052, 13.077243357884399 ], [ 80.260569902548667, 13.077245999965452 ] ] ] } },
{ "type": "Feature", "properties": { "cell_id": 678, "row": 21, "col": 6, "class_2019": "commercial", "conf_2019": 0.702, "imi_2019": 0.531, "informal_prob_2019": 0.0, "class_2020": "commercial", "conf_2020": 0.744, "imi_2020": 0.518, "informal_prob_2020": 0.001, "class_2021": "commercial", "conf_2021": 0.814, "imi_2021": 0.524, "informal_prob_2021": 0.0, "class_2022": "commercial", "conf_2022": 0.755, "imi_2022": 0.536, "informal_prob_2022": 0.0, "class_2023": "commercial", "conf_2023": 0.78, "imi_2023": 0.519, "informal_prob_2023": 0.0, "class_2024": "commercial", "conf_2024": 0.741, "imi_2024": 0.523, "informal_prob_2024": 0.0, "class_2025": "commercial", "conf_2025": 0.798, "imi_2025": 0.53, "informal_prob_2025": 0.0, "class_2026": "commercial", "conf_2026": 0.711, "imi_2026": 0.536, "informal_prob_2026": 0.0, "trajectory": "other", "cluster_last": 0, "emerging_score": 0.20683124896362426, "emerging_zone": 0, "building_count": 6.0, "building_density": 0.45462530818892682, "road_density": 100.0, "ndvi": 0.090674487467949802, "ndbi": 0.19914711367338897, "imi": 0.53646968314656451, "informal_probability": 0.0, "confidence": 0.7112036184562075, "explanation": "built-up intensity: 0.95; impervious surface: 0.94; road structure: 0.47; building density: 0.42; building irregularity: 0.31" }, "geometry": { "type": "Polygon", "coordinates": [ [ [ 80.262414635355469, 13.077251274248621 ], [ 80.262411948461235, 13.078155465135721 ], [ 80.261489578597377, 13.078152829452163 ], [ 80.261492268850887, 13.077248638753531 ], [ 80.262414635355469, 13.077251274248621 ] ] ] } },
{ "type": "Feature", "properties": { "cell_id": 684, "row": 21, "col": 12, "class_2019": "open_vegetated", "conf_2019": 1.0, "imi_2019": 0.139, "informal_prob_2019": 0.0, "class_2020": "informal", "conf_2020": 0.998, "imi_2020": 0.391, "informal_prob_2020": 0.998, "class_2021": "informal", "conf_2021": 0.998, "imi_2021": 0.409, "informal_prob_2021": 0.998, "class_2022": "commercial", "conf_2022": 0.734, "imi_2022": 0.475, "informal_prob_2022": 0.017, "class_2023": "commercial", "conf_2023": 0.72, "imi_2023": 0.491, "informal_prob_2023": 0.018, "class_2024": "commercial", "conf_2024": 0.754, "imi_2024": 0.489, "informal_prob_2024": 0.018, "class_2025": "commercial", "conf_2025": 0.763, "imi_2025": 0.502, "informal_prob_2025": 0.012, "class_2026": "commercial", "conf_2026": 0.681, "imi_2026": 0.485, "informal_prob_2026": 0.015, "trajectory": "other", "cluster_last": 0, "emerging_score": 0.74140356971235355, "emerging_zone": 1, "building_count": 4.0, "building_density": 0.18568449086224723, "road_density": 0.0, "ndvi": 0.12080793481552973, "ndbi": 0.17321742061525583, "imi": 0.48488069542423717, "informal_probability": 0.015, "confidence": 0.68142486739549468, "explanation": "road structure: 1.00; built-up intensity: 0.91; impervious surface: 0.83; building irregularity: 0.24; building density: 0.17" }, "geometry": { "type": "Polygon", "coordinates": [ [ [ 80.267948838618352, 13.07726701806636 ], [ 80.267946171879842, 13.078171210079303 ], [ 80.26702380080711, 13.078168594155123 ], [ 80.267026470904909, 13.077264402329231 ], [ 80.267948838618352, 13.07726701806636 ] ] ] } },
{ "type": "Feature", "properties": { "cell_id": 706, "row": 22, "col": 2, "class_2019": "planned_residential", "conf_2019": 0.996, "imi_2019": 0.208, "informal_prob_2019": 0.0, "class_2020": "planned_residential", "conf_2020": 0.996, "imi_2020": 0.202, "informal_prob_2020": 0.0, "class_2021": "planned_residential", "conf_2021": 0.996, "imi_2021": 0.2, "informal_prob_2021": 0.0, "class_2022": "planned_residential", "conf_2022": 0.996, "imi_2022": 0.202, "informal_prob_2022": 0.0, "class_2023": "commercial", "conf_2023": 0.863, "imi_2023": 0.434, "informal_prob_2023": 0.005, "class_2024": "commercial", "conf_2024": 0.578, "imi_2024": 0.427, "informal_prob_2024": 0.014, "class_2025": "commercial", "conf_2025": 0.884, "imi_2025": 0.445, "informal_prob_2025": 0.001, "class_2026": "commercial", "conf_2026": 0.59, "imi_2026": 0.438, "informal_prob_2026": 0.01, "trajectory": "other", "cluster_last": 0, "emerging_score": 0.53406021213987864, "emerging_zone": 0, "building_count": 4.0, "building_density": 0.26538739747871604, "road_density": 200.0, "ndvi": 0.11513627230189741, "ndbi": 0.20718504022806883, "imi": 0.43817659239748818, "informal_probability": 0.010399018251625097, "confidence": 0.59019439040853705, "explanation": "built-up intensity: 0.96; impervious surface: 0.83; building irregularity: 0.44; road structure: 0.29; building density: 0.24" }, "geometry": { "type": "Polygon", "coordinates": [ [ [ 80.258727870680517, 13.076336522314815 ], [ 80.25872517055231, 13.077240712510369 ], [ 80.257802804858699, 13.077238063843367 ], [ 80.257805508345896, 13.076333873837219 ], [ 80.258727870680517, 13.076336522314815 ] ] ] } },
{ "type": "Feature", "properties": { "cell_id": 708, "row": 22, "col": 4, "class_2019": "commercial", "conf_2019": 0.704, "imi_2019": 0.451, "informal_prob_2019": 0.002, "class_2020": "commercial", "conf_2020": 0.768, "imi_2020": 0.454, "informal_prob_2020": 0.002, "class_2021": "commercial", "conf_2021": 0.81, "imi_2021": 0.457, "informal_prob_2021": 0.0, "class_2022": "commercial", "conf_2022": 0.689, "imi_2022": 0.466, "informal_prob_2022": 0.003, "class_2023": "commercial", "conf_2023": 0.799, "imi_2023": 0.464, "informal_prob_2023": 0.0, "class_2024": "commercial", "conf_2024": 0.789, "imi_2024": 0.463, "informal_prob_2024": 0.001, "class_2025": "commercial", "conf_2025": 0.795, "imi_2025": 0.468, "informal_prob_2025": 0.0, "class_2026": "commercial", "conf_2026": 0.672, "imi_2026": 0.45, "informal_prob_2026": 0.002, "trajectory": "other", "cluster_last": 0, "emerging_score": 0.19846233520684292, "emerging_zone": 0, "building_count": 4.0, "building_density": 0.30947150254713007, "road_density": 100.0, "ndvi": 0.12806267223553733, "ndbi": 0.18820896144956351, "imi": 0.45016618577801359, "informal_probability": 0.0019343322842782658, "confidence": 0.67196740483647321, "explanation": "built-up intensity: 0.93; impervious surface: 0.81; road structure: 0.47; building irregularity: 0.32; building density: 0.28" }, "geometry": { "type": "Polygon", "coordinates": [ [ [ 80.260572595958834, 13.076341809391797 ], [ 80.260569902548667, 13.077245999965452 ], [ 80.259647536449052, 13.077243357884399 ], [ 80.259650233218238, 13.076339167499677 ], [ 80.260572595958834, 13.076341809391797 ] ] ] } },
{ "type": "Feature", "properties": { "cell_id": 709, "row": 22, "col": 5, "class_2019": "commercial", "conf_2019": 0.894, "imi_2019": 0.45, "informal_prob_2019": 0.0, "class_2020": "commercial", "conf_2020": 0.575, "imi_2020": 0.449, "informal_prob_2020": 0.005, "class_2021": "high_rise", "conf_2021": 0.496, "imi_2021": 0.44, "informal_prob_2021": 0.006, "class_2022": "commercial", "conf_2022": 0.507, "imi_2022": 0.448, "informal_prob_2022": 0.005, "class_2023": "high_rise", "conf_2023": 0.765, "imi_2023": 0.452, "informal_prob_2023": 0.0, "class_2024": "commercial", "conf_2024": 0.646, "imi_2024": 0.431, "informal_prob_2024": 0.019, "class_2025": "commercial", "conf_2025": 0.776, "imi_2025": 0.453, "informal_prob_2025": 0.0, "class_2026": "commercial", "conf_2026": 0.621, "imi_2026": 0.455, "informal_prob_2026": 0.001, "trajectory": "other", "cluster_last": 0, "emerging_score": 0.20939752662690339, "emerging_zone": 0, "building_count": 3.0, "building_density": 0.21344591616069233, "road_density": 100.0, "ndvi": 0.10028165506431833, "ndbi": 0.21028863883577287, "imi": 0.45533038151464394, "informal_probability": 0.0012598425196850393, "confidence": 0.62143203073504449, "explanation": "built-up intensity: 0.97; impervious surface: 0.89; road structure: 0.47; building irregularity: 0.31; building density: 0.20" }, "geometry": { "type": "Polygon", "coordinates": [ [ [ 80.261494958902034, 13.076344447991172 ], [ 80.261492268850887, 13.077248638753531 ], [ 80.260569902548667, 13.077245999965452 ], [ 80.260572595958834, 13.076341809391797 ], [ 80.261494958902034, 13.076344447991172 ] ] ] } },
{ "type": "Feature", "properties": { "cell_id": 711, "row": 22, "col": 7, "class_2019": "commercial", "conf_2019": 0.538, "imi_2019": 0.348, "informal_prob_2019": 0.045, "class_2020": "commercial", "conf_2020": 0.66, "imi_2020": 0.355, "informal_prob_2020": 0.026, "class_2021": "commercial", "conf_2021": 0.602, "imi_2021": 0.344, "informal_prob_2021": 0.04, "class_2022": "commercial", "conf_2022": 0.601, "imi_2022": 0.363, "informal_prob_2022": 0.032, "class_2023": "commercial", "conf_2023": 0.719, "imi_2023": 0.363, "informal_prob_2023": 0.02, "class_2024": "commercial", "conf_2024": 0.638, "imi_2024": 0.362, "informal_prob_2024": 0.022, "class_2025": "commercial", "conf_2025": 0.742, "imi_2025": 0.367, "informal_prob_2025": 0.02, "class_2026": "high_rise", "conf_2026": 0.461, "imi_2026": 0.356, "informal_prob_2026": 0.047, "trajectory": "other", "cluster_last": 0, "emerging_score": 0.2108824789495734, "emerging_zone": 0, "building_count": 1.0, "building_density": 0.0026092759161416667, "road_density": 100.0, "ndvi": 0.1096603467897512, "ndbi": 0.21729394048452377, "imi": 0.35636039086324917, "informal_probability": 0.047146230985861036, "confidence": 0.461083856301366, "explanation": "built-up intensity: 0.98; impervious surface: 0.82; road structure: 0.47; building density: 0.00; building irregularity: 0.00" }, "geometry": { "type": "Polygon", "coordinates": [ [ [ 80.263339685395252, 13.076349715311681 ], [ 80.263337002062158, 13.07725390645073 ], [ 80.262414635355469, 13.077251274248621 ], [ 80.262417322047597, 13.076347083297804 ], [ 80.263339685395252, 13.076349715311681 ] ] ] } },
{ "type": "Feature", "properties": { "cell_id": 712, "row": 22, "col": 8, "class_2019": "commercial", "conf_2019": 0.774, "imi_2019": 0.437, "informal_prob_2019": 0.001, "class_2020": "commercial", "conf_2020": 0.585, "imi_2020": 0.43, "informal_prob_2020": 0.003, "class_2021": "commercial", "conf_2021": 0.545, "imi_2021": 0.439, "informal_prob_2021": 0.004, "class_2022": "commercial", "conf_2022": 0.861, "imi_2022": 0.451, "informal_prob_2022": 0.0, "class_2023": "commercial", "conf_2023": 0.837, "imi_2023": 0.446, "informal_prob_2023": 0.0, "class_2024": "commercial", "conf_2024": 0.792, "imi_2024": 0.459, "informal_prob_2024": 0.0, "class_2025": "commercial", "conf_2025": 0.753, "imi_2025": 0.438, "informal_prob_2025": 0.0, "class_2026": "commercial", "conf_2026": 0.749, "imi_2026": 0.444, "informal_prob_2026": 0.0, "trajectory": "other", "cluster_last": 0, "emerging_score": 0.21375343137017447, "emerging_zone": 0, "building_count": 3.0, "building_density": 0.21104887948766926, "road_density": 100.0, "ndvi": 0.11867362160352059, "ndbi": 0.19273672185838223, "imi": 0.44428813294195657, "informal_probability": 0.0, "confidence": 0.74857647294254481, "explanation": "built-up intensity: 0.94; impervious surface: 0.84; road structure: 0.47; building irregularity: 0.23; building density: 0.19" }, "geometry": { "type": "Polygon", "coordinates": [ [ [ 80.264262048944772, 13.076352344032804 ], [ 80.264259368970698, 13.077256535359847 ], [ 80.263337002062158, 13.07725390645073 ], [ 80.263339685395252, 13.076349715311681 ], [ 80.264262048944772, 13.076352344032804 ] ] ] } },
{ "type": "Feature", "properties": { "cell_id": 713, "row": 22, "col": 9, "class_2019": "commercial", "conf_2019": 0.758, "imi_2019": 0.427, "informal_prob_2019": 0.004, "class_2020": "commercial", "conf_2020": 0.69, "imi_2020": 0.403, "informal_prob_2020": 0.005, "class_2021": "commercial", "conf_2021": 0.773, "imi_2021": 0.424, "informal_prob_2021": 0.002, "class_2022": "commercial", "conf_2022": 0.596, "imi_2022": 0.422, "informal_prob_2022": 0.012, "class_2023": "commercial", "conf_2023": 0.793, "imi_2023": 0.419, "informal_prob_2023": 0.002, "class_2024": "commercial", "conf_2024": 0.744, "imi_2024": 0.417, "informal_prob_2024": 0.002, "class_2025": "commercial", "conf_2025": 0.783, "imi_2025": 0.426, "informal_prob_2025": 0.002, "class_2026": "commercial", "conf_2026": 0.651, "imi_2026": 0.426, "informal_prob_2026": 0.002, "trajectory": "other", "cluster_last": 0, "emerging_score": 0.19747826923270126, "emerging_zone": 0, "building_count": 3.0, "building_density": 0.2490846572216045, "road_density": 232.71269751759911, "ndvi": 0.10495859075774205, "ndbi": 0.17847123697400094, "imi": 0.42582170680146186, "informal_probability": 0.0025, "confidence": 0.65087919168587627, "explanation": "built-up intensity: 0.92; impervious surface: 0.87; building irregularity: 0.28; building density: 0.23; road structure: 0.21" }, "geometry": { "type": "Polygon", "coordinates": [ [ [ 80.265184412695874, 13.076354969461173 ], [ 80.265181736080834, 13.077259160975972 ], [ 80.264259368970698, 13.077256535359847 ], [ 80.264262048944772, 13.076352344032804 ], [ 80.265184412695874, 13.076354969461173 ] ] ] } },
{ "type": "Feature", "properties": { "cell_id": 736, "row": 23, "col": 0, "class_2019": "industrial", "conf_2019": 0.669, "imi_2019": 0.513, "informal_prob_2019": 0.018, "class_2020": "industrial", "conf_2020": 0.632, "imi_2020": 0.508, "informal_prob_2020": 0.018, "class_2021": "industrial", "conf_2021": 0.58, "imi_2021": 0.5, "informal_prob_2021": 0.022, "class_2022": "industrial", "conf_2022": 0.633, "imi_2022": 0.499, "informal_prob_2022": 0.018, "class_2023": "industrial", "conf_2023": 0.628, "imi_2023": 0.504, "informal_prob_2023": 0.02, "class_2024": "industrial", "conf_2024": 0.65, "imi_2024": 0.504, "informal_prob_2024": 0.019, "class_2025": "industrial", "conf_2025": 0.555, "imi_2025": 0.507, "informal_prob_2025": 0.018, "class_2026": "industrial", "conf_2026": 0.644, "imi_2026": 0.512, "informal_prob_2026": 0.02, "trajectory": "other", "cluster_last": 0, "emerging_score": 0.20438425974522639, "emerging_zone": 0, "building_count": 2.0, "building_density": 0.75671173814910342, "road_density": 100.0, "ndvi": 0.089822476289155018, "ndbi": 0.21245007354766129, "imi": 0.51172173285118139, "informal_probability": 0.020363619372671376, "confidence": 0.64385505850315083, "explanation": "built-up intensity: 0.97; impervious surface: 0.94; building density: 0.70; road structure: 0.47; building irregularity: 0.09" }, "geometry": { "type": "Polygon", "coordinates": [ [ [ 80.256885852857252, 13.075427032186656 ], [ 80.256883146214648, 13.076331222066887 ], [ 80.255960784287026, 13.076328567003827 ], [ 80.255963494288366, 13.075424377313471 ], [ 80.256885852857252, 13.075427032186656 ] ] ] } },
{ "type": "Feature", "properties": { "cell_id": 820, "row": 25, "col": 20, "class_2019": "high_rise", "conf_2019": 0.867, "imi_2019": 0.401, "informal_prob_2019": 0.01, "class_2020": "high_rise", "conf_2020": 0.862, "imi_2020": 0.408, "informal_prob_2020": 0.012, "class_2021": "high_rise", "conf_2021": 0.761, "imi_2021": 0.411, "informal_prob_2021": 0.005, "class_2022": "high_rise", "conf_2022": 0.723, "imi_2022": 0.408, "informal_prob_2022": 0.005, "class_2023": "high_rise", "conf_2023": 0.878, "imi_2023": 0.411, "informal_prob_2023": 0.005, "class_2024": "high_rise", "conf_2024": 0.892, "imi_2024": 0.417, "informal_prob_2024": 0.006, "class_2025": "high_rise", "conf_2025": 0.847, "imi_2025": 0.408, "informal_prob_2025": 0.008, "class_2026": "high_rise", "conf_2026": 0.733, "imi_2026": 0.41, "informal_prob_2026": 0.006, "trajectory": "other", "cluster_last": 0, "emerging_score": 0.2050633767349489, "emerging_zone": 0, "building_count": 3.0, "building_density": 0.31970172822272613, "road_density": 100.0, "ndvi": 0.11065378674771637, "ndbi": 0.18985113319009542, "imi": 0.41001992124847264, "informal_probability": 0.0058281914072957249, "confidence": 0.73263718567807312, "explanation": "built-up intensity: 0.94; impervious surface: 0.85; road structure: 0.47; building density: 0.29; building irregularity: 0.20" }, "geometry": { "type": "Polygon", "coordinates": [ [ [ 80.275338344996214, 13.073671050774349 ], [ 80.27533570592648, 13.074575244530028 ], [ 80.27441334669183, 13.074572655692537 ], [ 80.274415989119902, 13.073668462122022 ], [ 80.275338344996214, 13.073671050774349 ] ] ] } },
{ "type": "Feature", "properties": { "cell_id": 821, "row": 25, "col": 21, "class_2019": "high_rise", "conf_2019": 0.919, "imi_2019": 0.469, "informal_prob_2019": 0.006, "class_2020": "high_rise", "conf_2020": 0.924, "imi_2020": 0.47, "informal_prob_2020": 0.005, "class_2021": "high_rise", "conf_2021": 0.903, "imi_2021": 0.469, "informal_prob_2021": 0.005, "class_2022": "high_rise", "conf_2022": 0.911, "imi_2022": 0.471, "informal_prob_2022": 0.005, "class_2023": "high_rise", "conf_2023": 0.751, "imi_2023": 0.484, "informal_prob_2023": 0.005, "class_2024": "high_rise", "conf_2024": 0.746, "imi_2024": 0.478, "informal_prob_2024": 0.002, "class_2025": "high_rise", "conf_2025": 0.713, "imi_2025": 0.481, "informal_prob_2025": 0.005, "class_2026": "high_rise", "conf_2026": 0.739, "imi_2026": 0.479, "informal_prob_2026": 0.005, "trajectory": "other", "cluster_last": 0, "emerging_score": 0.20861175403654575, "emerging_zone": 0, "building_count": 4.0, "building_density": 0.38590464623934523, "road_density": 100.0, "ndvi": 0.10655106362653896, "ndbi": 0.19018979195505381, "imi": 0.47876086962795983, "informal_probability": 0.005, "confidence": 0.73880019451307244, "explanation": "built-up intensity: 0.94; impervious surface: 0.88; road structure: 0.47; building irregularity: 0.37; building density: 0.36" }, "geometry": { "type": "Polygon", "coordinates": [ [ [ 80.276260701071081, 13.073673636134586 ], [ 80.276258065359656, 13.074577830075192 ], [ 80.27533570592648, 13.074575244530028 ], [ 80.275338344996214, 13.073671050774349 ], [ 80.276260701071081, 13.073673636134586 ] ] ] } },
{ "type": "Feature", "properties": { "cell_id": 854, "row": 26, "col": 22, "class_2019": "high_rise", "conf_2019": 0.871, "imi_2019": 0.495, "informal_prob_2019": 0.0, "class_2020": "high_rise", "conf_2020": 0.895, "imi_2020": 0.494, "informal_prob_2020": 0.007, "class_2021": "high_rise", "conf_2021": 0.626, "imi_2021": 0.493, "informal_prob_2021": 0.0, "class_2022": "high_rise", "conf_2022": 0.876, "imi_2022": 0.477, "informal_prob_2022": 0.007, "class_2023": "high_rise", "conf_2023": 0.762, "imi_2023": 0.493, "informal_prob_2023": 0.0, "class_2024": "high_rise", "conf_2024": 0.752, "imi_2024": 0.487, "informal_prob_2024": 0.0, "class_2025": "high_rise", "conf_2025": 0.829, "imi_2025": 0.486, "informal_prob_2025": 0.0, "class_2026": "high_rise", "conf_2026": 0.625, "imi_2026": 0.485, "informal_prob_2026": 0.0, "trajectory": "other", "cluster_last": 0, "emerging_score": 0.18379294342288854, "emerging_zone": 0, "building_count": 3.0, "building_density": 0.21960543861392934, "road_density": 100.0, "ndvi": 0.12423491639172425, "ndbi": 0.19082373633456881, "imi": 0.48542967629942874, "informal_probability": 0.0, "confidence": 0.62531241479925881, "explanation": "built-up intensity: 0.94; impervious surface: 0.81; road structure: 0.47; building irregularity: 0.39; building density: 0.20" }, "geometry": { "type": "Polygon", "coordinates": [ [ [ 80.277185689499319, 13.072772024013746 ], [ 80.27718305734426, 13.07367621820273 ], [ 80.276260701071081, 13.073673636134586 ], [ 80.276263336584208, 13.072769442130298 ], [ 80.277185689499319, 13.072772024013746 ] ] ] } },
{ "type": "Feature", "properties": { "cell_id": 856, "row": 26, "col": 24, "class_2019": "high_rise", "conf_2019": 0.927, "imi_2019": 0.412, "informal_prob_2019": 0.0, "class_2020": "high_rise", "conf_2020": 0.674, "imi_2020": 0.416, "informal_prob_2020": 0.0, "class_2021": "high_rise", "conf_2021": 0.946, "imi_2021": 0.407, "informal_prob_2021": 0.005, "class_2022": "high_rise", "conf_2022": 0.917, "imi_2022": 0.404, "informal_prob_2022": 0.0, "class_2023": "high_rise", "conf_2023": 0.856, "imi_2023": 0.421, "informal_prob_2023": 0.0, "class_2024": "high_rise", "conf_2024": 0.812, "imi_2024": 0.426, "informal_prob_2024": 0.001, "class_2025": "high_rise", "conf_2025": 0.938, "imi_2025": 0.422, "informal_prob_2025": 0.0, "class_2026": "high_rise", "conf_2026": 0.739, "imi_2026": 0.425, "informal_prob_2026": 0.001, "trajectory": "other", "cluster_last": 0, "emerging_score": 0.21229203022135523, "emerging_zone": 0, "building_count": 2.0, "building_density": 0.21416660673744756, "road_density": 100.0, "ndvi": 0.099197292700409889, "ndbi": 0.19735961686819792, "imi": 0.4247314349287839, "informal_probability": 0.00060472545990731641, "confidence": 0.73923310102068485, "explanation": "built-up intensity: 0.95; impervious surface: 0.91; road structure: 0.47; building density: 0.20; building irregularity: 0.03" }, "geometry": { "type": "Polygon", "coordinates": [ [ [ 80.279030395923414, 13.072777177905065 ], [ 80.279027770484504, 13.073681372462723 ], [ 80.278105413815481, 13.073678796978777 ], [ 80.278108042612473, 13.072774602605337 ], [ 80.279030395923414, 13.072777177905065 ] ] ] } },
{ "type": "Feature", "properties": { "cell_id": 858, "row": 26, "col": 26, "class_2019": "informal", "conf_2019": 0.809, "imi_2019": 0.41, "informal_prob_2019": 0.809, "class_2020": "informal", "conf_2020": 0.837, "imi_2020": 0.429, "informal_prob_2020": 0.837, "class_2021": "informal", "conf_2021": 0.842, "imi_2021": 0.416, "informal_prob_2021": 0.842, "class_2022": "informal", "conf_2022": 0.837, "imi_2022": 0.408, "informal_prob_2022": 0.837, "class_2023": "high_rise", "conf_2023": 0.431, "imi_2023": 0.388, "informal_prob_2023": 0.015, "class_2024": "commercial", "conf_2024": 0.451, "imi_2024": 0.406, "informal_prob_2024": 0.011, "class_2025": "commercial", "conf_2025": 0.457, "imi_2025": 0.404, "informal_prob_2025": 0.014, "class_2026": "commercial", "conf_2026": 0.453, "imi_2026": 0.4, "informal_prob_2026": 0.011, "trajectory": "lost_informal", "cluster_last": 0, "emerging_score": 0.12488727774083858, "emerging_zone": 0, "building_count": 5.0, "building_density": 0.45535704800401428, "road_density": 222.92793835021183, "ndvi": 0.11898954105534358, "ndbi": 0.18712376565206795, "imi": 0.40043822137555124, "informal_probability": 0.011023750542568956, "confidence": 0.45290843968497851, "explanation": "built-up intensity: 0.93; impervious surface: 0.83; building density: 0.42; building irregularity: 0.07; road structure: 0.04" }, "geometry": { "type": "Polygon", "coordinates": [ [ [ 80.280875103137674, 13.07278231862891 ], [ 80.280872484414928, 13.0736865135543 ], [ 80.279950127351057, 13.073683944654565 ], [ 80.279952749431899, 13.07277974991292 ], [ 80.280875103137674, 13.07278231862891 ] ] ] } },
{ "type": "Feature", "properties": { "cell_id": 884, "row": 27, "col": 20, "class_2019": "high_rise", "conf_2019": 0.935, "imi_2019": 0.432, "informal_prob_2019": 0.0, "class_2020": "high_rise", "conf_2020": 0.936, "imi_2020": 0.426, "informal_prob_2020": 0.0, "class_2021": "high_rise", "conf_2021": 0.908, "imi_2021": 0.443, "informal_prob_2021": 0.0, "class_2022": "high_rise", "conf_2022": 0.924, "imi_2022": 0.419, "informal_prob_2022": 0.007, "class_2023": "high_rise", "conf_2023": 0.942, "imi_2023": 0.429, "informal_prob_2023": 0.002, "class_2024": "high_rise", "conf_2024": 0.929, "imi_2024": 0.428, "informal_prob_2024": 0.0, "class_2025": "high_rise", "conf_2025": 0.818, "imi_2025": 0.434, "informal_prob_2025": 0.001, "class_2026": "high_rise", "conf_2026": 0.723, "imi_2026": 0.438, "informal_prob_2026": 0.002, "trajectory": "other", "cluster_last": 0, "emerging_score": 0.20781656767826243, "emerging_zone": 0, "building_count": 2.0, "building_density": 0.14822275685492858, "road_density": 100.0, "ndvi": 0.10213240919169038, "ndbi": 0.20384447574615477, "imi": 0.43771562146947973, "informal_probability": 0.0025, "confidence": 0.72296546910004922, "explanation": "built-up intensity: 0.96; impervious surface: 0.93; road structure: 0.47; building irregularity: 0.36; building density: 0.14" }, "geometry": { "type": "Polygon", "coordinates": [ [ [ 80.275343622540049, 13.071862663071935 ], [ 80.275340983867409, 13.072766856954983 ], [ 80.274418631349164, 13.07276426848782 ], [ 80.274421273379602, 13.07186007478993 ], [ 80.275343622540049, 13.071862663071935 ] ] ] } },
{ "type": "Feature", "properties": { "cell_id": 886, "row": 27, "col": 22, "class_2019": "commercial", "conf_2019": 0.454, "imi_2019": 0.451, "informal_prob_2019": 0.01, "class_2020": "commercial", "conf_2020": 0.604, "imi_2020": 0.457, "informal_prob_2020": 0.009, "class_2021": "commercial", "conf_2021": 0.577, "imi_2021": 0.452, "informal_prob_2021": 0.009, "class_2022": "commercial", "conf_2022": 0.502, "imi_2022": 0.44, "informal_prob_2022": 0.014, "class_2023": "commercial", "conf_2023": 0.567, "imi_2023": 0.452, "informal_prob_2023": 0.017, "class_2024": "commercial", "conf_2024": 0.627, "imi_2024": 0.44, "informal_prob_2024": 0.014, "class_2025": "commercial", "conf_2025": 0.517, "imi_2025": 0.43, "informal_prob_2025": 0.031, "class_2026": "commercial", "conf_2026": 0.601, "imi_2026": 0.442, "informal_prob_2026": 0.011, "trajectory": "other", "cluster_last": 0, "emerging_score": 0.19264309613282465, "emerging_zone": 0, "building_count": 10.0, "building_density": 0.14501521402690998, "road_density": 100.0, "ndvi": 0.11405278507154434, "ndbi": 0.1950202425569296, "imi": 0.4421395609257206, "informal_probability": 0.011240259896213033, "confidence": 0.60092952302972302, "explanation": "built-up intensity: 0.94; impervious surface: 0.83; road structure: 0.47; building irregularity: 0.24; building density: 0.13" }, "geometry": { "type": "Polygon", "coordinates": [ [ [ 80.277188321456322, 13.071867829761084 ], [ 80.277185689499319, 13.072772024013746 ], [ 80.276263336584208, 13.072769442130298 ], [ 80.276265971899036, 13.07186524806232 ], [ 80.277188321456322, 13.071867829761084 ] ] ] } },
{ "type": "Feature", "properties": { "cell_id": 891, "row": 27, "col": 27, "class_2019": "informal", "conf_2019": 0.999, "imi_2019": 0.342, "informal_prob_2019": 0.999, "class_2020": "informal", "conf_2020": 1.0, "imi_2020": 0.352, "informal_prob_2020": 1.0, "class_2021": "informal", "conf_2021": 1.0, "imi_2021": 0.34, "informal_prob_2021": 1.0, "class_2022": "informal", "conf_2022": 1.0, "imi_2022": 0.337, "informal_prob_2022": 1.0, "class_2023": "informal", "conf_2023": 1.0, "imi_2023": 0.339, "informal_prob_2023": 1.0, "class_2024": "informal", "conf_2024": 0.999, "imi_2024": 0.327, "informal_prob_2024": 0.999, "class_2025": "informal", "conf_2025": 0.998, "imi_2025": 0.329, "informal_prob_2025": 0.998, "class_2026": "high_rise", "conf_2026": 0.741, "imi_2026": 0.41, "informal_prob_2026": 0.015, "trajectory": "lost_informal", "cluster_last": 0, "emerging_score": 0.30994553127537339, "emerging_zone": 0, "building_count": 3.0, "building_density": 0.31404667672047953, "road_density": 333.98418742094674, "ndvi": 0.11525842344504782, "ndbi": 0.21812058767536655, "imi": 0.40996448390549944, "informal_probability": 0.014862699592649744, "confidence": 0.74107880133835125, "explanation": "built-up intensity: 0.98; impervious surface: 0.77; building irregularity: 0.35; building density: 0.29; road structure: 0.04" }, "geometry": { "type": "Polygon", "coordinates": [ [ [ 80.28180007220837, 13.071880688880441 ], [ 80.281797457040497, 13.072784884053021 ], [ 80.280875103137674, 13.07278231862891 ], [ 80.280877721663387, 13.071878123639838 ], [ 80.28180007220837, 13.071880688880441 ] ] ] } },
{ "type": "Feature", "properties": { "cell_id": 893, "row": 27, "col": 29, "class_2019": "informal", "conf_2019": 1.0, "imi_2019": 0.33, "informal_prob_2019": 1.0, "class_2020": "high_rise", "conf_2020": 0.905, "imi_2020": 0.437, "informal_prob_2020": 0.007, "class_2021": "high_rise", "conf_2021": 0.845, "imi_2021": 0.428, "informal_prob_2021": 0.009, "class_2022": "high_rise", "conf_2022": 0.883, "imi_2022": 0.435, "informal_prob_2022": 0.004, "class_2023": "high_rise", "conf_2023": 0.84, "imi_2023": 0.426, "informal_prob_2023": 0.004, "class_2024": "high_rise", "conf_2024": 0.874, "imi_2024": 0.436, "informal_prob_2024": 0.004, "class_2025": "high_rise", "conf_2025": 0.785, "imi_2025": 0.439, "informal_prob_2025": 0.004, "class_2026": "high_rise", "conf_2026": 0.746, "imi_2026": 0.437, "informal_prob_2026": 0.004, "trajectory": "lost_informal", "cluster_last": 0, "emerging_score": 0.33925173576016238, "emerging_zone": 0, "building_count": 3.0, "building_density": 0.28091035779474394, "road_density": 145.08210723729462, "ndvi": 0.093554878663271668, "ndbi": 0.17876846848521383, "imi": 0.43699551783878965, "informal_probability": 0.0043241869918699185, "confidence": 0.74646872649806784, "explanation": "built-up intensity: 0.92; impervious surface: 0.92; building irregularity: 0.48; building density: 0.26; road structure: 0.04" }, "geometry": { "type": "Polygon", "coordinates": [ [ [ 80.283644773888412, 13.071885809486709 ], [ 80.28364216543622, 13.072790005025606 ], [ 80.282719811140083, 13.072787446185254 ], [ 80.28272242295013, 13.071883250829398 ], [ 80.283644773888412, 13.071885809486709 ] ] ] } },
{ "type": "Feature", "properties": { "cell_id": 895, "row": 27, "col": 31, "class_2019": "commercial", "conf_2019": 0.738, "imi_2019": 0.389, "informal_prob_2019": 0.0, "class_2020": "commercial", "conf_2020": 0.711, "imi_2020": 0.39, "informal_prob_2020": 0.0, "class_2021": "commercial", "conf_2021": 0.73, "imi_2021": 0.391, "informal_prob_2021": 0.0, "class_2022": "commercial", "conf_2022": 0.74, "imi_2022": 0.39, "informal_prob_2022": 0.0, "class_2023": "commercial", "conf_2023": 0.754, "imi_2023": 0.39, "informal_prob_2023": 0.0, "class_2024": "commercial", "conf_2024": 0.738, "imi_2024": 0.397, "informal_prob_2024": 0.0, "class_2025": "commercial", "conf_2025": 0.706, "imi_2025": 0.384, "informal_prob_2025": 0.001, "class_2026": "commercial", "conf_2026": 0.704, "imi_2026": 0.391, "informal_prob_2026": 0.001, "trajectory": "other", "cluster_last": 0, "emerging_score": 0.20107104638361045, "emerging_zone": 0, "building_count": 3.0, "building_density": 0.18989600139047574, "road_density": 125.70974109908296, "ndvi": 0.10782572107273154, "ndbi": 0.18425274346023798, "imi": 0.39120776995005085, "informal_probability": 0.0012869198312236289, "confidence": 0.7035358124204053, "explanation": "built-up intensity: 0.93; impervious surface: 0.88; road structure: 0.29; building density: 0.17; building irregularity: 0.06" }, "geometry": { "type": "Polygon", "coordinates": [ [ [ 80.285489476353561, 13.071890916926382 ], [ 80.28548687461705, 13.072795112830658 ], [ 80.284564519928622, 13.072792560574078 ], [ 80.284567125022988, 13.071888364852372 ], [ 80.285489476353561, 13.071890916926382 ] ] ] } },
{ "type": "Feature", "properties": { "cell_id": 904, "row": 28, "col": 8, "class_2019": "industrial", "conf_2019": 0.608, "imi_2019": 0.542, "informal_prob_2019": 0.003, "class_2020": "industrial", "conf_2020": 0.716, "imi_2020": 0.543, "informal_prob_2020": 0.003, "class_2021": "industrial", "conf_2021": 0.723, "imi_2021": 0.542, "informal_prob_2021": 0.003, "class_2022": "industrial", "conf_2022": 0.753, "imi_2022": 0.542, "informal_prob_2022": 0.004, "class_2023": "industrial", "conf_2023": 0.714, "imi_2023": 0.544, "informal_prob_2023": 0.003, "class_2024": "industrial", "conf_2024": 0.747, "imi_2024": 0.54, "informal_prob_2024": 0.003, "class_2025": "industrial", "conf_2025": 0.747, "imi_2025": 0.542, "informal_prob_2025": 0.003, "class_2026": "industrial", "conf_2026": 0.678, "imi_2026": 0.541, "informal_prob_2026": 0.003, "trajectory": "other", "cluster_last": 0, "emerging_score": 0.19782248221330889, "emerging_zone": 0, "building_count": 2.0, "building_density": 0.85817373242878425, "road_density": 100.0, "ndvi": 0.10345622981432825, "ndbi": 0.21217998400330543, "imi": 0.54098097273613099, "informal_probability": 0.002905192255385658, "confidence": 0.67769508992666905, "explanation": "built-up intensity: 0.97; impervious surface: 0.89; building density: 0.79; road structure: 0.47; building irregularity: 0.03" }, "geometry": { "type": "Polygon", "coordinates": [ [ [ 80.264278124555744, 13.07092719473266 ], [ 80.264275445791199, 13.071831386441938 ], [ 80.263353099033054, 13.071828758660756 ], [ 80.263355781155099, 13.070924567139464 ], [ 80.264278124555744, 13.07092719473266 ] ] ] } },
{ "type": "Feature", "properties": { "cell_id": 936, "row": 29, "col": 8, "class_2019": "commercial", "conf_2019": 0.582, "imi_2019": 0.539, "informal_prob_2019": 0.001, "class_2020": "commercial", "conf_2020": 0.592, "imi_2020": 0.535, "informal_prob_2020": 0.001, "class_2021": "commercial", "conf_2021": 0.564, "imi_2021": 0.522, "informal_prob_2021": 0.001, "class_2022": "commercial", "conf_2022": 0.544, "imi_2022": 0.538, "informal_prob_2022": 0.001, "class_2023": "commercial", "conf_2023": 0.572, "imi_2023": 0.537, "informal_prob_2023": 0.001, "class_2024": "commercial", "conf_2024": 0.531, "imi_2024": 0.537, "informal_prob_2024": 0.001, "class_2025": "commercial", "conf_2025": 0.566, "imi_2025": 0.53, "informal_prob_2025": 0.003, "class_2026": "commercial", "conf_2026": 0.576, "imi_2026": 0.541, "informal_prob_2026": 0.001, "trajectory": "other", "cluster_last": 0, "emerging_score": 0.20252222348311757, "emerging_zone": 0, "building_count": 3.0, "building_density": 0.1683124630973849, "road_density": 100.0, "ndvi": 0.084350056910188875, "ndbi": 0.19447848186537159, "imi": 0.54145821128043381, "informal_probability": 0.0012192622950819671, "confidence": 0.57641036486481512, "explanation": "impervious surface: 0.97; built-up intensity: 0.94; building irregularity: 0.82; road structure: 0.47; building density: 0.15" }, "geometry": { "type": "Polygon", "coordinates": [ [ [ 80.264280803118695, 13.07002300295969 ], [ 80.264278124555744, 13.07092719473266 ], [ 80.263355781155099, 13.070924567139464 ], [ 80.263358463075321, 13.070020375554479 ], [ 80.264280803118695, 13.07002300295969 ] ] ] } },
{ "type": "Feature", "properties": { "cell_id": 937, "row": 29, "col": 9, "class_2019": "industrial", "conf_2019": 0.727, "imi_2019": 0.374, "informal_prob_2019": 0.015, "class_2020": "industrial", "conf_2020": 0.775, "imi_2020": 0.378, "informal_prob_2020": 0.009, "class_2021": "industrial", "conf_2021": 0.712, "imi_2021": 0.363, "informal_prob_2021": 0.019, "class_2022": "industrial", "conf_2022": 0.726, "imi_2022": 0.372, "informal_prob_2022": 0.015, "class_2023": "industrial", "conf_2023": 0.726, "imi_2023": 0.36, "informal_prob_2023": 0.019, "class_2024": "industrial", "conf_2024": 0.674, "imi_2024": 0.367, "informal_prob_2024": 0.02, "class_2025": "industrial", "conf_2025": 0.685, "imi_2025": 0.355, "informal_prob_2025": 0.02, "class_2026": "industrial", "conf_2026": 0.567, "imi_2026": 0.374, "informal_prob_2026": 0.021, "trajectory": "other", "cluster_last": 0, "emerging_score": 0.2042525423845668, "emerging_zone": 0, "building_count": 1.0, "building_density": 0.30560921343787761, "road_density": 269.67089096237794, "ndvi": 0.099697824970353399, "ndbi": 0.23060184001922607, "imi": 0.37406101868787595, "informal_probability": 0.021353977727910943, "confidence": 0.56729826109840242, "explanation": "built-up intensity: 1.00; impervious surface: 0.91; building density: 0.28; road structure: 0.12; building irregularity: 0.00" }, "geometry": { "type": "Polygon", "coordinates": [ [ [ 80.265203143363635, 13.070025627073793 ], [ 80.265200468157957, 13.070929819034511 ], [ 80.264278124555744, 13.07092719473266 ], [ 80.264280803118695, 13.07002300295969 ], [ 80.265203143363635, 13.070025627073793 ] ] ] } },
{ "type": "Feature", "properties": { "cell_id": 987, "row": 30, "col": 27, "class_2019": "informal", "conf_2019": 0.985, "imi_2019": 0.355, "informal_prob_2019": 0.985, "class_2020": "informal", "conf_2020": 0.992, "imi_2020": 0.368, "informal_prob_2020": 0.992, "class_2021": "informal", "conf_2021": 0.992, "imi_2021": 0.367, "informal_prob_2021": 0.992, "class_2022": "informal", "conf_2022": 0.984, "imi_2022": 0.373, "informal_prob_2022": 0.984, "class_2023": "high_rise", "conf_2023": 0.646, "imi_2023": 0.416, "informal_prob_2023": 0.003, "class_2024": "high_rise", "conf_2024": 0.538, "imi_2024": 0.406, "informal_prob_2024": 0.005, "class_2025": "high_rise", "conf_2025": 0.669, "imi_2025": 0.409, "informal_prob_2025": 0.011, "class_2026": "high_rise", "conf_2026": 0.562, "imi_2026": 0.425, "informal_prob_2026": 0.004, "trajectory": "lost_informal", "cluster_last": 0, "emerging_score": 0.28109828859725361, "emerging_zone": 0, "building_count": 3.0, "building_density": 0.26219506830604844, "road_density": 131.71276059725443, "ndvi": 0.094744406011741375, "ndbi": 0.19709991365671159, "imi": 0.42467264132619392, "informal_probability": 0.0040831183357966216, "confidence": 0.56199414164027528, "explanation": "built-up intensity: 0.95; impervious surface: 0.93; building density: 0.24; building irregularity: 0.23; road structure: 0.12" }, "geometry": { "type": "Polygon", "coordinates": [ [ [ 80.281807916531349, 13.069168102980688 ], [ 80.281805301953796, 13.07007229834427 ], [ 80.280882958123726, 13.070069733470692 ], [ 80.280885576058353, 13.069165538290617 ], [ 80.281807916531349, 13.069168102980688 ] ] ] } },
{ "type": "Feature", "properties": { "cell_id": 990, "row": 30, "col": 30, "class_2019": "commercial", "conf_2019": 0.901, "imi_2019": 0.509, "informal_prob_2019": 0.0, "class_2020": "commercial", "conf_2020": 0.944, "imi_2020": 0.516, "informal_prob_2020": 0.0, "class_2021": "commercial", "conf_2021": 0.849, "imi_2021": 0.495, "informal_prob_2021": 0.0, "class_2022": "commercial", "conf_2022": 0.615, "imi_2022": 0.503, "informal_prob_2022": 0.011, "class_2023": "commercial", "conf_2023": 0.943, "imi_2023": 0.509, "informal_prob_2023": 0.0, "class_2024": "commercial", "conf_2024": 0.83, "imi_2024": 0.511, "informal_prob_2024": 0.0, "class_2025": "commercial", "conf_2025": 0.742, "imi_2025": 0.508, "informal_prob_2025": 0.0, "class_2026": "commercial", "conf_2026": 0.736, "imi_2026": 0.494, "informal_prob_2026": 0.003, "trajectory": "other", "cluster_last": 0, "emerging_score": 0.18163466102233161, "emerging_zone": 0, "building_count": 3.0, "building_density": 0.19093832889461024, "road_density": 100.0, "ndvi": 0.1375912189297378, "ndbi": 0.18838808473199606, "imi": 0.49371760047468116, "informal_probability": 0.0031971055849979611, "confidence": 0.73600433599557358, "explanation": "built-up intensity: 0.93; impervious surface: 0.76; building irregularity: 0.48; road structure: 0.47; building density: 0.18" }, "geometry": { "type": "Polygon", "coordinates": [ [ [ 80.284574939129953, 13.06917577730527 ], [ 80.284572334623647, 13.070079973217966 ], [ 80.283649990204012, 13.07007741821791 ], [ 80.283652598067405, 13.069173222488018 ], [ 80.284574939129953, 13.06917577730527 ] ] ] } },
{ "type": "Feature", "properties": { "cell_id": 1018, "row": 31, "col": 26, "class_2019": "informal", "conf_2019": 1.0, "imi_2019": 0.342, "informal_prob_2019": 1.0, "class_2020": "informal", "conf_2020": 1.0, "imi_2020": 0.342, "informal_prob_2020": 1.0, "class_2021": "commercial", "conf_2021": 0.776, "imi_2021": 0.382, "informal_prob_2021": 0.003, "class_2022": "commercial", "conf_2022": 0.711, "imi_2022": 0.38, "informal_prob_2022": 0.004, "class_2023": "commercial", "conf_2023": 0.686, "imi_2023": 0.398, "informal_prob_2023": 0.003, "class_2024": "commercial", "conf_2024": 0.542, "imi_2024": 0.384, "informal_prob_2024": 0.013, "class_2025": "commercial", "conf_2025": 0.589, "imi_2025": 0.385, "informal_prob_2025": 0.02, "class_2026": "commercial", "conf_2026": 0.704, "imi_2026": 0.397, "informal_prob_2026": 0.003, "trajectory": "lost_informal", "cluster_last": 0, "emerging_score": 0.27687445946203704, "emerging_zone": 0, "building_count": 3.0, "building_density": 0.24807706581836192, "road_density": 262.17535004283673, "ndvi": 0.092791466740891337, "ndbi": 0.18388123573735357, "imi": 0.39698488664637666, "informal_probability": 0.0028954802259887002, "confidence": 0.70441333272584739, "explanation": "impervious surface: 0.95; built-up intensity: 0.93; building density: 0.23; building irregularity: 0.19; road structure: 0.07" }, "geometry": { "type": "Polygon", "coordinates": [ [ [ 80.28088819379596, 13.068261343046883 ], [ 80.280885576058353, 13.069165538290617 ], [ 80.279963235782375, 13.069162970309614 ], [ 80.279965856876814, 13.068258775249621 ], [ 80.28088819379596, 13.068261343046883 ] ] ] } },
{ "type": "Feature", "properties": { "cell_id": 1023, "row": 31, "col": 31, "class_2019": "commercial", "conf_2019": 0.863, "imi_2019": 0.505, "informal_prob_2019": 0.001, "class_2020": "commercial", "conf_2020": 0.795, "imi_2020": 0.523, "informal_prob_2020": 0.0, "class_2021": "commercial", "conf_2021": 0.805, "imi_2021": 0.496, "informal_prob_2021": 0.001, "class_2022": "commercial", "conf_2022": 0.597, "imi_2022": 0.503, "informal_prob_2022": 0.0, "class_2023": "commercial", "conf_2023": 0.861, "imi_2023": 0.518, "informal_prob_2023": 0.0, "class_2024": "commercial", "conf_2024": 0.562, "imi_2024": 0.501, "informal_prob_2024": 0.0, "class_2025": "commercial", "conf_2025": 0.799, "imi_2025": 0.511, "informal_prob_2025": 0.0, "class_2026": "commercial", "conf_2026": 0.722, "imi_2026": 0.505, "informal_prob_2026": 0.0, "trajectory": "other", "cluster_last": 0, "emerging_score": 0.19988714890031012, "emerging_zone": 0, "building_count": 4.0, "building_density": 0.32278408704808315, "road_density": 100.0, "ndvi": 0.11307210023514927, "ndbi": 0.19515652792528271, "imi": 0.5049363164032018, "informal_probability": 0.0, "confidence": 0.72222787891363394, "explanation": "built-up intensity: 0.95; impervious surface: 0.83; road structure: 0.47; building irregularity: 0.37; building density: 0.30" }, "geometry": { "type": "Polygon", "coordinates": [ [ [ 80.285499881341977, 13.068274132672663 ], [ 80.285497280388512, 13.06917832883158 ], [ 80.284574939129953, 13.06917577730527 ], [ 80.28457754344025, 13.06827158132892 ], [ 80.285499881341977, 13.068274132672663 ] ] ] } }
]
}
